step,epoch,loss,grad_norm,lr
50,1,4.892862796783447,1.1040267944335938,2.8130170987313847e-07
100,1,4.886902332305908,1.0957303047180176,5.570876999448428e-07
150,1,4.875207901000977,1.0695403814315796,8.328736900165472e-07
200,1,4.863665580749512,1.1100586652755737,1.1086596800882514e-06
250,1,4.8409013748168945,1.1093919277191162,1.3844456701599557e-06
300,1,4.84405517578125,1.1072430610656738,1.6602316602316604e-06
350,1,4.816669464111328,1.099086880683899,1.936017650303365e-06
400,1,4.800736904144287,1.0970780849456787,2.211803640375069e-06
450,1,4.766838550567627,1.0763769149780273,2.4875896304467734e-06
500,1,4.741747856140137,1.1203255653381348,2.763375620518478e-06
550,1,4.705996990203857,1.1137341260910034,3.039161610590182e-06
600,1,4.657324314117432,1.128652572631836,3.3149476006618865e-06
650,1,4.6313347816467285,1.1231383085250854,3.5907335907335905e-06
700,1,4.578864097595215,1.187049150466919,3.866519580805295e-06
750,1,4.5599870681762695,1.1477874517440796,4.142305570876999e-06
800,1,4.479930877685547,1.202528715133667,4.418091560948703e-06
850,1,4.434365272521973,1.2529211044311523,4.693877551020409e-06
900,1,4.350029945373535,1.2558873891830444,4.969663541092113e-06
950,1,4.294970512390137,1.31771719455719,5.245449531163817e-06
1000,1,4.199064254760742,1.3553968667984009,5.521235521235522e-06
1050,1,4.118552207946777,1.3767385482788086,5.797021511307226e-06
1100,1,4.0437846183776855,1.3653922080993652,6.07280750137893e-06
1150,1,3.9462852478027344,1.3378431797027588,6.348593491450634e-06
1200,1,3.8678817749023438,1.2875677347183228,6.624379481522339e-06
1250,1,3.741769790649414,1.2924445867538452,6.900165471594043e-06
1300,1,3.7050399780273438,1.1663719415664673,7.175951461665747e-06
1350,1,3.614370822906494,1.107736349105835,7.451737451737452e-06
1400,1,3.5137367248535156,1.0464648008346558,7.727523441809156e-06
1450,1,3.4606950283050537,0.9327596426010132,8.003309431880861e-06
1500,1,3.3912665843963623,0.8725743293762207,8.279095421952566e-06
1550,1,3.3297812938690186,0.8352247476577759,8.554881412024269e-06
1600,1,3.308725118637085,0.7545159459114075,8.830667402095974e-06
1650,1,3.285496711730957,0.7217268943786621,9.106453392167677e-06
1700,1,3.2664008140563965,0.6571177244186401,9.382239382239382e-06
1750,1,3.193709373474121,0.6308308839797974,9.658025372311085e-06
1800,1,3.1934940814971924,0.5958092212677002,9.933811362382792e-06
1850,1,3.158205270767212,0.5639269351959229,1.0209597352454497e-05
1900,1,3.1148576736450195,0.562725841999054,1.04853833425262e-05
1950,1,3.1082563400268555,0.5354530811309814,1.0761169332597905e-05
2000,1,3.0754878520965576,0.5055950880050659,1.1036955322669608e-05
2050,1,3.0901966094970703,0.4821256995201111,1.1312741312741313e-05
2100,1,3.0691962242126465,0.4459434449672699,1.1588527302813016e-05
2150,1,3.011857509613037,0.47313418984413147,1.1864313292884723e-05
2200,1,3.011199951171875,0.42859119176864624,1.2140099282956426e-05
2250,1,2.966585874557495,0.43655627965927124,1.2415885273028131e-05
2300,1,2.996915817260742,0.38465243577957153,1.2691671263099834e-05
2350,1,2.9599313735961914,0.38220563530921936,1.296745725317154e-05
2400,1,2.903313159942627,0.391609787940979,1.3243243243243242e-05
2450,1,2.932379961013794,0.3582342565059662,1.3519029233314947e-05
2500,1,2.8854541778564453,0.3677706718444824,1.3794815223386654e-05
2550,1,2.8986451625823975,0.3544103503227234,1.4070601213458357e-05
2600,1,2.8431308269500732,0.35835695266723633,1.4346387203530062e-05
2650,1,2.8546833992004395,0.31217098236083984,1.4622173193601765e-05
2700,1,2.850491523742676,0.3084411919116974,1.489795918367347e-05
2750,1,2.765284299850464,0.32437336444854736,1.5173745173745173e-05
2800,1,2.7618560791015625,0.31811875104904175,1.5449531163816877e-05
2850,1,2.803436279296875,0.2888232469558716,1.5725317153888583e-05
2900,1,2.748059034347534,0.2783215641975403,1.6001103143960286e-05
2950,1,2.7395858764648438,0.27535685896873474,1.627688913403199e-05
3000,1,2.7473137378692627,0.283321350812912,1.6552675124103693e-05
3050,1,2.6618285179138184,0.2939116656780243,1.6828461114175403e-05
3100,1,2.6752214431762695,0.2727872133255005,1.7104247104247106e-05
3150,1,2.708439350128174,0.2590864598751068,1.738003309431881e-05
3200,1,2.706259250640869,0.22079598903656006,1.7655819084390516e-05
3250,1,2.6999928951263428,0.24029891192913055,1.793160507446222e-05
3300,1,2.6515300273895264,0.22853821516036987,1.8207391064533922e-05
3350,1,2.616669178009033,0.2690492272377014,1.8483177054605625e-05
3400,1,2.629699230194092,0.2420041710138321,1.8758963044677332e-05
3450,1,2.6764259338378906,0.21849827468395233,1.9034749034749035e-05
3500,1,2.6294307708740234,0.21981503069400787,1.931053502482074e-05
3550,1,2.6671085357666016,0.2244362086057663,1.9586321014892442e-05
3600,1,2.6122219562530518,0.20611271262168884,1.986210700496415e-05
3650,1,2.596510410308838,0.2157081663608551,2.013789299503585e-05
3700,1,2.6247267723083496,0.21628297865390778,2.0413678985107555e-05
3750,1,2.563932418823242,0.2270258367061615,2.068946497517926e-05
3800,1,2.585726022720337,0.20358212292194366,2.0965250965250968e-05
3850,1,2.5282633304595947,0.23407703638076782,2.124103695532267e-05
3900,1,2.609612226486206,0.23739352822303772,2.1516822945394374e-05
3950,1,2.514003276824951,0.21157538890838623,2.179260893546608e-05
4000,1,2.577385902404785,0.21383963525295258,2.2068394925537784e-05
4050,1,2.5003714561462402,0.21175098419189453,2.2344180915609487e-05
4100,1,2.497025728225708,0.19523756206035614,2.261996690568119e-05
4150,1,2.521759033203125,0.2069876343011856,2.2895752895752897e-05
4200,1,2.509096145629883,0.19835230708122253,2.31715388858246e-05
4250,1,2.4877049922943115,0.22098852694034576,2.3447324875896304e-05
4300,1,2.452061653137207,0.2023049145936966,2.3723110865968007e-05
4350,1,2.4714646339416504,0.19014374911785126,2.3998896856039713e-05
4400,1,2.52268648147583,0.20939861238002777,2.4274682846111417e-05
4450,1,2.5046188831329346,0.21120260655879974,2.455046883618312e-05
4500,1,2.4883809089660645,0.1879931390285492,2.482625482625483e-05
4550,1,2.463426113128662,0.1810663938522339,2.5102040816326533e-05
4600,1,2.4714674949645996,0.19297190010547638,2.5377826806398236e-05
4650,1,2.5058202743530273,0.20293301343917847,2.565361279646994e-05
4700,1,2.500523090362549,0.2154238224029541,2.5929398786541646e-05
4750,1,2.4545116424560547,0.16743548214435577,2.620518477661335e-05
4800,1,2.437602996826172,0.2400350719690323,2.6480970766685053e-05
4850,1,2.4498703479766846,0.19016923010349274,2.6756756756756756e-05
4900,1,2.470892906188965,0.19403046369552612,2.7032542746828462e-05
4950,1,2.4566197395324707,0.19285722076892853,2.7308328736900166e-05
5000,1,2.464773654937744,0.2092907577753067,2.758411472697187e-05
5050,1,2.4746179580688477,0.2019779235124588,2.7859900717043575e-05
5100,1,2.4421796798706055,0.1932252198457718,2.813568670711528e-05
5150,1,2.428584098815918,0.18052951991558075,2.8411472697186982e-05
5200,1,2.453751564025879,0.18312416970729828,2.868725868725869e-05
5250,1,2.4006717205047607,0.2207520753145218,2.8963044677330395e-05
5300,1,2.4031150341033936,0.18506701290607452,2.9238830667402098e-05
5350,1,2.406630754470825,0.21069538593292236,2.95146166574738e-05
5400,1,2.446310520172119,0.20734189450740814,2.9790402647545505e-05
5450,1,2.3851168155670166,0.22663640975952148,2.999999995633871e-05
5500,1,2.4045653343200684,0.16553173959255219,2.999999865732507e-05
5550,1,2.3882687091827393,0.17698000371456146,2.9999995554125987e-05
5600,1,2.3749945163726807,0.17678417265415192,2.9999990646741876e-05
5650,1,2.4097466468811035,0.2097434103488922,2.999998393517339e-05
5700,1,2.3889927864074707,0.21444644033908844,2.9999975419421434e-05
5750,1,2.4036052227020264,0.2017354518175125,2.9999965099487142e-05
5800,1,2.396040916442871,0.23005154728889465,2.999995297537189e-05
5850,1,2.4134888648986816,0.2217145711183548,2.9999939047077296e-05
5900,1,2.35919189453125,0.23372724652290344,2.999992331460523e-05
5950,1,2.3744421005249023,0.21388570964336395,2.999990577795779e-05
6000,1,2.4042553901672363,0.1747855395078659,2.999988643713732e-05
6050,1,2.3452277183532715,0.21231143176555634,2.999986529214641e-05
6100,1,2.383805751800537,0.1999782919883728,2.999984234298787e-05
6150,1,2.3242950439453125,0.20175212621688843,2.999981758966479e-05
6200,1,2.3766121864318848,0.207732155919075,2.9999791032180454e-05
6250,1,2.3583827018737793,0.21609486639499664,2.9999762670538433e-05
6300,1,2.379098415374756,0.20140527188777924,2.9999732504742503e-05
6350,1,2.3436384201049805,0.2124207466840744,2.9999700534796698e-05
6400,1,2.352985382080078,0.2115013748407364,2.9999666760705294e-05
6450,1,2.3445608615875244,0.1939307153224945,2.9999631182472806e-05
6500,1,2.3389785289764404,0.1925078183412552,2.9999593800103985e-05
6550,1,2.326545238494873,0.1994708776473999,2.9999554613603827e-05
6600,1,2.364464521408081,0.18839484453201294,2.999951362297757e-05
6650,1,2.3265647888183594,0.18885765969753265,2.999947082823069e-05
6700,1,2.3923935890197754,0.21894367039203644,2.999942622936891e-05
6750,1,2.365696430206299,0.1880069226026535,2.999937982639819e-05
6800,1,2.3645005226135254,0.19151969254016876,2.999933161932473e-05
6850,1,2.361250162124634,0.19005796313285828,2.999928160815497e-05
6900,1,2.324831485748291,0.1900014579296112,2.9999229792895597e-05
6950,1,2.35300612449646,0.2547530233860016,2.9999176173553537e-05
7000,1,2.3670432567596436,0.20345917344093323,2.999912075013595e-05
7050,1,2.3477706909179688,0.2125786691904068,2.999906352265025e-05
7100,1,2.3581900596618652,0.25925061106681824,2.999900449110408e-05
7150,1,2.3279471397399902,0.19761057198047638,2.9998943655505333e-05
7200,1,2.345538854598999,0.22232942283153534,2.999888101586214e-05
7250,1,2.3416268825531006,0.19970455765724182,2.9998816572182867e-05
7300,1,2.326292037963867,0.20419490337371826,2.9998750324476128e-05
7350,1,2.3516111373901367,0.19233305752277374,2.999868227275078e-05
7400,1,2.323801040649414,0.20801298320293427,2.9998612417015913e-05
7450,1,2.3219499588012695,0.19973696768283844,2.999854075728087e-05
7500,1,2.357609272003174,0.20594479143619537,2.9998467293555216e-05
7550,1,2.3104660511016846,0.1905953735113144,2.9998392025848778e-05
7600,1,2.3264057636260986,0.22971144318580627,2.9998314954171616e-05
7650,1,2.317903995513916,0.23467272520065308,2.999823607853403e-05
7700,1,2.3556277751922607,0.20452287793159485,2.9998155398946552e-05
7750,1,2.341491222381592,0.20326119661331177,2.9998072915419972e-05
7800,1,2.3191423416137695,0.2041744887828827,2.999798862796531e-05
7850,1,2.3211984634399414,0.24400979280471802,2.999790253659384e-05
7900,1,2.329533100128174,0.20542241632938385,2.9997814641317055e-05
7950,1,2.294440507888794,0.20812879502773285,2.999772494214671e-05
8000,1,2.309267997741699,0.22135260701179504,2.9997633439094784e-05
8050,1,2.3118114471435547,0.19814102351665497,2.9997540132173516e-05
8100,1,2.3277029991149902,0.2096254676580429,2.9997445021395366e-05
8150,1,2.301604747772217,0.21352159976959229,2.9997348106773053e-05
8200,1,2.3111724853515625,0.1919907182455063,2.9997249388319523e-05
8250,1,2.297158718109131,0.22112908959388733,2.9997148866047975e-05
8300,1,2.3374619483947754,0.24733863770961761,2.9997046539971842e-05
8350,1,2.2985520362854004,0.22313538193702698,2.9996942410104793e-05
8400,1,2.3184762001037598,0.23367343842983246,2.9996836476460755e-05
8450,1,2.318028450012207,0.21778787672519684,2.9996728739053872e-05
8500,1,2.351065158843994,0.26909270882606506,2.9996619197898554e-05
8550,1,2.306631088256836,0.23065581917762756,2.9996507853009435e-05
8600,1,2.295318603515625,0.2515820264816284,2.999639470440139e-05
8650,1,2.349012851715088,0.2786064147949219,2.9996279752089555e-05
8700,1,2.3108394145965576,0.24677908420562744,2.9996162996089284e-05
8750,1,2.322509765625,0.21320976316928864,2.9996044436416175e-05
8800,1,2.3179728984832764,0.23790158331394196,2.9995924073086086e-05
8850,1,2.30729341506958,0.21934114396572113,2.999580190611509e-05
8900,1,2.3274600505828857,0.23883509635925293,2.999567793551952e-05
8950,1,2.323157787322998,0.23636016249656677,2.9995552161315948e-05
9000,1,2.3271842002868652,0.22306251525878906,2.9995424583521173e-05
9050,1,2.3419737815856934,0.22016467154026031,2.9995295202152253e-05
9100,1,2.319948673248291,0.19234149158000946,2.9995164017226474e-05
9150,1,2.26804780960083,0.24968864023685455,2.999503102876137e-05
9200,1,2.30023193359375,0.21595390141010284,2.9994896236774717e-05
9250,1,2.2847278118133545,0.22388000786304474,2.9994759641284525e-05
9300,1,2.2896957397460938,0.21678854525089264,2.999462124230905e-05
9350,1,2.2940099239349365,0.24710847437381744,2.9994481039866785e-05
9400,1,2.327197551727295,0.23393405973911285,2.9994339033976472e-05
9450,1,2.307157516479492,0.2390335500240326,2.9994195224657093e-05
9500,1,2.275193691253662,0.20507977902889252,2.9994049611927855e-05
9550,1,2.2891507148742676,0.23936787247657776,2.999390219580823e-05
9600,1,2.3047773838043213,0.225591778755188,2.999375297631791e-05
9650,1,2.2681479454040527,0.2282961755990982,2.9993601953476843e-05
9700,1,2.287440299987793,0.2316928207874298,2.9993449127305207e-05
9750,1,2.2892422676086426,0.232572540640831,2.9993294497823435e-05
9800,1,2.24655818939209,0.23910821974277496,2.9993138065052188e-05
9850,1,2.2733187675476074,0.27014464139938354,2.9992979829012367e-05
9900,1,2.2767624855041504,0.230770543217659,2.9992819789725124e-05
9950,1,2.305229663848877,0.2216731458902359,2.9992657947211846e-05
10000,1,2.287930488586426,0.2473970353603363,2.9992494301494166e-05
10050,1,2.266552209854126,0.213128924369812,2.999232885259395e-05
10100,1,2.2700448036193848,0.2372589409351349,2.9992161600533306e-05
10150,1,2.289890766143799,0.21224148571491241,2.9991992545334595e-05
10200,1,2.2633938789367676,0.22957535088062286,2.9991821687020404e-05
10250,1,2.235358715057373,0.2689170837402344,2.9991649025613565e-05
10300,1,2.2598726749420166,0.20317746698856354,2.999147456113716e-05
10350,1,2.2812235355377197,0.2693418264389038,2.99912982936145e-05
10400,1,2.2783102989196777,0.23501022160053253,2.9991120223069145e-05
10450,1,2.2602744102478027,0.27085795998573303,2.999094034952489e-05
10500,1,2.2580792903900146,0.27800026535987854,2.9990758673005772e-05
10550,1,2.2840723991394043,0.2821456789970398,2.999057519353608e-05
10600,1,2.2405176162719727,0.24949006736278534,2.9990389911140327e-05
10650,1,2.269439220428467,0.22750471532344818,2.9990202825843275e-05
10700,1,2.284409999847412,0.2674741744995117,2.999001393766993e-05
10750,1,2.232869863510132,0.23705309629440308,2.9989823246645533e-05
10800,1,2.269030809402466,0.23928137123584747,2.998963075279557e-05
10850,1,2.2730860710144043,0.25932058691978455,2.9989436456145768e-05
10900,1,2.2889695167541504,0.2850072681903839,2.9989240356722088e-05
10950,1,2.2883739471435547,0.30250996351242065,2.9989042454550743e-05
11000,1,2.2508487701416016,0.26080891489982605,2.9988842749658183e-05
11050,1,2.237514019012451,0.22973433136940002,2.998864124207109e-05
11100,1,2.2419939041137695,0.2551496624946594,2.9988437931816395e-05
11150,1,2.2531251907348633,0.24689587950706482,2.998823281892128e-05
11200,1,2.2524166107177734,0.2963376045227051,2.998802590341314e-05
11250,1,2.25811505317688,0.25608494877815247,2.9987817185319643e-05
11300,1,2.284243583679199,0.25795868039131165,2.9987606664668672e-05
11350,1,2.269150733947754,0.3044058680534363,2.998739434148837e-05
11400,1,2.204432725906372,0.26589682698249817,2.9987180215807107e-05
11450,1,2.2287302017211914,0.23144616186618805,2.9986964287653498e-05
11500,1,2.2452046871185303,0.2799540162086487,2.9986746557056406e-05
11550,1,2.254305601119995,0.26770055294036865,2.998652702404493e-05
11600,1,2.250483989715576,0.26003801822662354,2.9986305688648403e-05
11650,1,2.19387149810791,0.27142906188964844,2.9986082550896407e-05
11700,1,2.2513318061828613,0.2727659046649933,2.9985857610818765e-05
11750,1,2.256195545196533,0.2857464551925659,2.998563086844554e-05
11800,1,2.230774164199829,0.2375687062740326,2.998540232380703e-05
11850,1,2.261749744415283,0.2502414882183075,2.998517197693378e-05
11900,1,2.230231761932373,0.2589839994907379,2.9984939827856573e-05
11950,1,2.247870445251465,0.2460695207118988,2.9984705876606443e-05
12000,1,2.2282443046569824,0.22500596940517426,2.9984470123214646e-05
12050,1,2.216054916381836,0.2670334279537201,2.998423256771269e-05
12100,1,2.2405972480773926,0.2638103663921356,2.9983993210132324e-05
12150,1,2.221571445465088,0.26454222202301025,2.9983752050505543e-05
12200,1,2.1912965774536133,0.2995832562446594,2.9983509088864567e-05
12250,1,2.1884331703186035,0.24419933557510376,2.9983264325241874e-05
12300,1,2.272568702697754,0.2683374285697937,2.9983017759670166e-05
12350,1,2.2426586151123047,0.2321997731924057,2.9982769392182403e-05
12400,1,2.2414140701293945,0.28207114338874817,2.998251922281177e-05
12450,1,2.219106674194336,0.2848886251449585,2.9982267251591712e-05
12500,1,2.1867218017578125,0.22148412466049194,2.9982013478555893e-05
12550,1,2.185847520828247,0.29918143153190613,2.9981757903738233e-05
12600,1,2.210005283355713,0.2594156563282013,2.9981500527172884e-05
12650,1,2.188375949859619,0.26161080598831177,2.9981241348894246e-05
12700,1,2.181384563446045,0.27163365483283997,2.998098036893696e-05
12750,1,2.1859521865844727,0.2568395137786865,2.998071758733589e-05
12800,1,2.1686840057373047,0.28174301981925964,2.9980453004126172e-05
12850,1,2.2073259353637695,0.28143200278282166,2.9980186619343155e-05
12900,1,2.239826202392578,0.26855430006980896,2.9979918433022443e-05
12950,1,2.1851093769073486,0.28419774770736694,2.997964844519988e-05
13000,1,2.194723129272461,0.26159176230430603,2.9979376655911547e-05
13050,1,2.217151165008545,0.3333246111869812,2.997910306519376e-05
13100,1,2.210456609725952,0.3284120559692383,2.9978827673083092e-05
13150,1,2.1938745975494385,0.2930566370487213,2.9978550479616344e-05
13200,1,2.1785402297973633,0.26718729734420776,2.9978271484830557e-05
13250,1,2.177691698074341,0.3244052827358246,2.9977990688763024e-05
13300,1,2.218202590942383,0.32998088002204895,2.9977708091451265e-05
13350,1,2.1735477447509766,0.29856666922569275,2.9977423692933048e-05
13400,1,2.187473773956299,0.2617756724357605,2.9977137493246387e-05
13450,1,2.1760494709014893,0.27534523606300354,2.9976849492429527e-05
13500,1,2.239396810531616,0.3218807578086853,2.9976559690520955e-05
13550,1,2.2000420093536377,0.28734397888183594,2.9976268087559397e-05
13600,1,2.151054859161377,0.2679765224456787,2.997597468358384e-05
13650,1,2.1798694133758545,0.2713052034378052,2.997567947863348e-05
13700,1,2.2141530513763428,0.29677098989486694,2.9975382472747775e-05
13750,1,2.1558961868286133,0.2564467191696167,2.997508366596642e-05
13800,1,2.218141555786133,0.2510969638824463,2.9974783058329345e-05
13850,1,2.175896644592285,0.2941996455192566,2.9974480649876726e-05
13900,1,2.178699254989624,0.25982537865638733,2.9974176440648975e-05
13950,1,2.1421494483947754,0.30979442596435547,2.9973870430686756e-05
14000,1,2.1573989391326904,0.29293093085289,2.997356262003095e-05
14050,1,2.2039971351623535,0.30543646216392517,2.9973253008722706e-05
14100,1,2.160297155380249,0.2584594786167145,2.9972941596803397e-05
14150,1,2.1631455421447754,0.2973518967628479,2.9972628384314645e-05
14200,1,2.1825242042541504,0.28714266419410706,2.9972313371298305e-05
14250,1,2.1552634239196777,0.27478837966918945,2.997199655779648e-05
14300,1,2.16861629486084,0.27527156472206116,2.9971677943851503e-05
14350,1,2.1721386909484863,0.326194167137146,2.9971357529505965e-05
14400,1,2.183440685272217,0.2680358290672302,2.997103531480268e-05
14450,1,2.148253917694092,0.2857326865196228,2.9970711299784707e-05
14500,1,2.159921884536743,0.2988818883895874,2.9970385484495354e-05
14550,1,2.13706636428833,0.3203265070915222,2.9970057868978167e-05
14600,1,2.137667417526245,0.2900654673576355,2.9969728453276924e-05
14650,1,2.1771225929260254,0.28005221486091614,2.9969397237435647e-05
14700,1,2.1174561977386475,0.27466127276420593,2.9969064221498606e-05
14750,1,2.1186540126800537,0.2878044843673706,2.9968729405510304e-05
14800,1,2.1483654975891113,0.2872024476528168,2.996839278951549e-05
14850,1,2.10237979888916,0.2932777404785156,2.9968054373559154e-05
14900,1,2.138510227203369,0.2752705216407776,2.996771415768651e-05
14950,1,2.133934259414673,0.27086368203163147,2.9967372141943034e-05
15000,1,2.0808463096618652,0.32010167837142944,2.996702832637444e-05
15050,1,2.158402919769287,0.3192940950393677,2.996668271102666e-05
15100,1,2.138275146484375,0.28115737438201904,2.9966335295945896e-05
15150,1,2.105114221572876,0.2924579381942749,2.9965986081178576e-05
15200,1,2.1536622047424316,0.3038589060306549,2.996563506677137e-05
15250,1,2.110926628112793,0.34158724546432495,2.9965282252771186e-05
15300,1,2.112609624862671,0.35942554473876953,2.9964927639225176e-05
15350,1,2.052682876586914,0.32093241810798645,2.9964571226180736e-05
15400,1,2.1044652462005615,0.3514062166213989,2.9964213013685493e-05
15450,1,2.121904134750366,0.2901720404624939,2.996385300178732e-05
15500,1,2.1211440563201904,0.3932870626449585,2.9963491190534333e-05
15550,1,2.129608631134033,0.3103436231613159,2.996312757997489e-05
15600,1,2.145732879638672,0.297605037689209,2.9962762170157576e-05
15650,1,2.1339735984802246,0.30788031220436096,2.9962394961131226e-05
15700,1,2.0858397483825684,0.28945407271385193,2.996202595294492e-05
15750,1,2.1289830207824707,0.31173256039619446,2.9961655145647974e-05
15800,1,2.088141918182373,0.3055489659309387,2.9961282539289945e-05
15850,1,2.15173077583313,0.32695457339286804,2.996090813392062e-05
15900,1,2.061279535293579,0.28295838832855225,2.9960531929590047e-05
15950,1,2.0867650508880615,0.30593857169151306,2.9960153926348492e-05
16000,1,2.1150248050689697,0.389877587556839,2.9959774124246485e-05
16050,1,2.0776960849761963,0.37743768095970154,2.9959392523334774e-05
16100,1,2.1526832580566406,0.31342920660972595,2.9959009123664364e-05
16150,1,2.0327277183532715,0.35193535685539246,2.995862392528649e-05
16200,1,2.1046817302703857,0.3253190517425537,2.995823692825263e-05
16250,1,2.0892770290374756,0.27769237756729126,2.995784813261451e-05
16300,1,2.063173294067383,0.3066662549972534,2.9957457538424087e-05
16350,1,2.051534652709961,0.28545811772346497,2.9957065145733556e-05
16400,1,2.075575828552246,0.26895326375961304,2.9956670954595366e-05
16450,1,2.0564022064208984,0.31979918479919434,2.9956274965062193e-05
16500,1,2.110464572906494,0.34275490045547485,2.9955877177186956e-05
16550,1,2.0633392333984375,0.29903215169906616,2.995547759102282e-05
16600,1,2.061257839202881,0.2993168532848358,2.9955076206623193e-05
16650,1,2.108139991760254,0.32396090030670166,2.9954673024041708e-05
16700,1,2.087836503982544,0.32884547114372253,2.995426804333225e-05
16750,1,2.035367250442505,0.31125369668006897,2.9953861264548947e-05
16800,1,2.0847535133361816,0.3439544439315796,2.9953452687746154e-05
16850,1,2.0873935222625732,0.31596124172210693,2.9953042312978482e-05
16900,1,2.032465934753418,0.289431631565094,2.995263014030077e-05
16950,1,2.042875289916992,0.29747268557548523,2.9952216169768105e-05
17000,1,2.0969486236572266,0.3132651448249817,2.995180040143581e-05
17050,1,2.0859527587890625,0.29698702692985535,2.995138283535945e-05
17100,1,2.0838661193847656,0.36677101254463196,2.9950963471594833e-05
17150,1,2.0640106201171875,0.2825276255607605,2.9950542310198e-05
17200,1,2.02577805519104,0.34114694595336914,2.9950119351225236e-05
17250,1,2.0919349193573,0.3409014344215393,2.9949694594733067e-05
17300,1,2.092292308807373,0.3629813492298126,2.9949268040778267e-05
17350,1,2.061249256134033,0.29567790031433105,2.994883968941783e-05
17400,1,2.1153790950775146,0.2902565896511078,2.994840954070901e-05
17450,1,2.0433197021484375,0.3070724904537201,2.994797759470929e-05
17500,1,2.0297627449035645,0.31937840580940247,2.9947543851476396e-05
17550,1,2.1055285930633545,0.3070070147514343,2.9947108311068298e-05
17600,1,2.060678243637085,0.3119606077671051,2.9946670973543203e-05
17650,1,2.017601251602173,0.2752194106578827,2.994623183895956e-05
17700,1,2.0177018642425537,0.31982991099357605,2.9945790907376052e-05
17750,1,2.0635757446289062,0.318301796913147,2.9945348178851604e-05
17800,1,2.058882236480713,0.3160114288330078,2.9944903653445393e-05
17850,1,2.0780749320983887,0.3749197721481323,2.994445733121682e-05
17900,1,2.0206501483917236,0.31398236751556396,2.9944009212225533e-05
17950,1,2.015184164047241,0.32183945178985596,2.9943559296531426e-05
18000,1,2.051692008972168,0.3104337751865387,2.9943107584194623e-05
18050,1,2.0294435024261475,0.3306756913661957,2.9942654075275487e-05
18100,1,2.0270168781280518,0.2957497537136078,2.994219876983464e-05
18150,1,2.066835880279541,0.3154042661190033,2.994174166793292e-05
18200,1,2.0203137397766113,0.3009112775325775,2.9941282769631417e-05
18250,1,2.0579376220703125,0.3546706736087799,2.9940822074991466e-05
18300,1,2.0047616958618164,0.31727316975593567,2.9940359584074625e-05
18350,1,2.0202455520629883,0.3686313331127167,2.9939895296942708e-05
18400,1,2.0307044982910156,0.29301586747169495,2.9939429213657762e-05
18450,1,2.019540309906006,0.3156733214855194,2.9938961334282087e-05
18500,1,2.048410415649414,0.35022059082984924,2.9938491658878202e-05
18550,1,2.0199992656707764,0.31052350997924805,2.993802018750887e-05
18600,1,2.0089969635009766,0.3348805904388428,2.993754692023712e-05
18650,1,2.066490650177002,0.3564389646053314,2.9937071857126177e-05
18700,1,2.0136539936065674,0.33064720034599304,2.993659499823955e-05
18750,1,1.9381542205810547,0.28463518619537354,2.993611634364095e-05
18800,1,1.994749903678894,0.2986520826816559,2.9935635893394365e-05
18850,1,2.039741039276123,0.30786147713661194,2.993515364756399e-05
18900,1,2.0012238025665283,0.3718660771846771,2.9934669606214282e-05
18950,1,1.9896118640899658,0.39567646384239197,2.9934183769409925e-05
19000,1,1.9987740516662598,0.3081056773662567,2.9933696137215848e-05
19050,1,2.009685516357422,0.3064066469669342,2.9933206709697224e-05
19100,1,1.9730637073516846,0.30116719007492065,2.9932715486919454e-05
19150,1,2.009373426437378,0.36116260290145874,2.9932222468948195e-05
19200,1,2.021817684173584,0.3077753484249115,2.993172765584933e-05
19250,1,1.9907889366149902,0.32674741744995117,2.9931231047688996e-05
19300,1,1.9630701541900635,0.3390963673591614,2.993073264453355e-05
19350,1,2.038691520690918,0.32877281308174133,2.9930232446449604e-05
19400,1,2.0029807090759277,0.3441281318664551,2.992973045350401e-05
19450,1,1.9974769353866577,0.3279014825820923,2.9929226665763854e-05
19500,1,1.9295328855514526,0.3185536861419678,2.9928721083296466e-05
19550,1,1.962845802307129,0.3536006212234497,2.9928213706169404e-05
19600,1,1.9984205961227417,0.34070733189582825,2.9927704534450487e-05
19650,1,1.9685367345809937,0.3467217683792114,2.9927193568207758e-05
19700,1,2.00449538230896,0.31494978070259094,2.992668080750951e-05
19750,1,2.010176181793213,0.3200617730617523,2.9926166252424257e-05
19800,1,1.9476782083511353,0.33755600452423096,2.9925649903020776e-05
19850,1,1.9209270477294922,0.3343690037727356,2.992513175936807e-05
19900,1,1.9856928586959839,0.32535162568092346,2.992461182153539e-05
19950,1,1.9664852619171143,0.3720528185367584,2.9924090089592216e-05
20000,1,1.9017611742019653,0.33475199341773987,2.992356656360828e-05
20050,1,1.9833283424377441,0.3319147229194641,2.992304124365354e-05
20100,1,1.9321529865264893,0.3334766626358032,2.992251412979821e-05
20150,1,1.9282996654510498,0.30414533615112305,2.9921985222112728e-05
20200,1,2.006009578704834,0.3181092143058777,2.9921454520667787e-05
20250,1,2.027252674102783,0.352879136800766,2.9920922025534303e-05
20300,1,1.9259395599365234,0.31764712929725647,2.9920387736783447e-05
20350,1,1.9448186159133911,0.3258446455001831,2.991985165448662e-05
20400,1,1.99788498878479,0.332082599401474,2.9919313778715466e-05
20450,1,1.951683521270752,0.3076266348361969,2.9918774109541873e-05
20500,1,1.9418423175811768,0.3315000534057617,2.9918232647037957e-05
20550,1,1.9438656568527222,0.31909313797950745,2.9917689391276085e-05
20600,1,1.933001160621643,0.3180760443210602,2.991714434232886e-05
20650,1,1.9344879388809204,0.3769091069698334,2.991659750026912e-05
20700,1,1.9579051733016968,0.3791050612926483,2.9916048865169956e-05
20750,1,1.9556334018707275,0.3859077990055084,2.9915498437104677e-05
20800,1,1.9512287378311157,0.321704238653183,2.9914946216146856e-05
20850,1,1.9231375455856323,0.3210769295692444,2.9914392202370284e-05
20900,1,1.927178978919983,0.36017969250679016,2.9913836395849006e-05
20950,1,1.944477915763855,0.3324618935585022,2.99132787966573e-05
21000,1,1.9603798389434814,0.36355239152908325,2.991271940486969e-05
21050,1,1.9077171087265015,0.3181089758872986,2.991215822056093e-05
21100,1,1.8990437984466553,0.3649449050426483,2.991159524380602e-05
21150,1,1.897958755493164,0.3542775511741638,2.9911030474680195e-05
21200,1,1.9345927238464355,0.35851457715034485,2.9910463913258943e-05
21250,1,1.95895516872406,0.40017271041870117,2.990989555961797e-05
21300,1,1.9671320915222168,0.3439413011074066,2.9909325413833237e-05
21350,1,1.9388270378112793,0.35632115602493286,2.9908753475980938e-05
21400,1,1.9403539896011353,0.3272973299026489,2.9908179746137515e-05
21450,1,1.9123585224151611,0.3671901822090149,2.9907604224379637e-05
21500,1,1.9308083057403564,0.3736468255519867,2.990702691078422e-05
21550,1,1.8671090602874756,0.3551957905292511,2.990644780542842e-05
21600,1,1.9700443744659424,0.34484225511550903,2.9905866908389634e-05
21650,1,1.9227262735366821,0.37697431445121765,2.9905284219745482e-05
21700,1,1.9850373268127441,0.3477415442466736,2.9904699739573847e-05
21750,1,1.9371790885925293,0.34260672330856323,2.990411346795284e-05
21800,2,1.9422036409378052,0.348190039396286,2.9903525404960812e-05
21850,2,1.8699114322662354,0.3922119140625,2.9902935550676353e-05
21900,2,1.9092869758605957,0.3093835711479187,2.9902343905178294e-05
21950,2,1.9110631942749023,0.31351348757743835,2.9901750468545703e-05
22000,2,1.9319608211517334,0.34307828545570374,2.9901155240857886e-05
22050,2,1.8300468921661377,0.33612653613090515,2.99005582221944e-05
22100,2,1.873678207397461,0.34702298045158386,2.9899959412635024e-05
22150,2,1.8876240253448486,0.36409643292427063,2.9899358812259787e-05
22200,2,1.9054851531982422,0.33929258584976196,2.9898756421148958e-05
22250,2,1.9108927249908447,0.33051708340644836,2.9898152239383037e-05
22300,2,1.8926371335983276,0.3526580035686493,2.9897546267042775e-05
22350,2,1.8800561428070068,0.3341743052005768,2.9896938504209158e-05
22400,2,1.905336856842041,0.32124918699264526,2.9896328950963402e-05
22450,2,1.908015251159668,0.3574144244194031,2.9895717607386973e-05
22500,2,1.8693010807037354,0.3539857566356659,2.9895104473561578e-05
22550,2,1.8946123123168945,0.3212047815322876,2.989448954956915e-05
22600,2,1.8863099813461304,0.3185160458087921,2.989387283549187e-05
22650,2,1.877755045890808,0.32935830950737,2.9893254331412166e-05
22700,2,1.8978641033172607,0.3636136054992676,2.989263403741269e-05
22750,2,1.867363691329956,0.32032302021980286,2.9892011953576344e-05
22800,2,1.835329294204712,0.34348395466804504,2.989138807998626e-05
22850,2,1.8734337091445923,0.3329717814922333,2.989076241672582e-05
22900,2,1.8465831279754639,0.34974974393844604,2.9890134963878635e-05
22950,2,1.8508777618408203,0.32404768466949463,2.9889505721528566e-05
23000,2,1.8802030086517334,0.3439779281616211,2.98888746897597e-05
23050,2,1.8301894664764404,0.34606581926345825,2.9888241868656375e-05
23100,2,1.8515429496765137,0.3320431411266327,2.988760725830317e-05
23150,2,1.9082993268966675,0.4070335030555725,2.9886970858784884e-05
23200,2,1.8288021087646484,0.3350572884082794,2.988633267018657e-05
23250,2,1.851094126701355,0.3524262309074402,2.988569269259352e-05
23300,2,1.8672559261322021,0.3594450354576111,2.9885050926091265e-05
23350,2,1.8977854251861572,0.39601612091064453,2.9884407370765566e-05
23400,2,1.8356022834777832,0.3449780344963074,2.988376202670244e-05
23450,2,1.8563889265060425,0.3403474688529968,2.9883114893988127e-05
23500,2,1.9187548160552979,0.37336304783821106,2.9882465972709108e-05
23550,2,1.8306032419204712,0.3531230390071869,2.988181526295212e-05
23600,2,1.8780570030212402,0.356937050819397,2.9881162764804107e-05
23650,2,1.7927522659301758,0.35301050543785095,2.9880508478352287e-05
23700,2,1.8671283721923828,0.3539659082889557,2.98798524036841e-05
23750,2,1.8117409944534302,0.35242459177970886,2.9879194540887217e-05
23800,2,1.858830451965332,0.34525638818740845,2.987853489004956e-05
23850,2,1.8388214111328125,0.39011985063552856,2.9877873451259293e-05
23900,2,1.8192540407180786,0.3365676999092102,2.9877210224604806e-05
23950,2,1.8397860527038574,0.334341824054718,2.9876545210174737e-05
24000,2,1.8952580690383911,0.35159358382225037,2.9875878408057966e-05
24050,2,1.881516456604004,0.36164289712905884,2.9875209818343595e-05
24100,2,1.8282086849212646,0.35614997148513794,2.9874539441120986e-05
24150,2,1.8458611965179443,0.34260326623916626,2.987386727647973e-05
24200,2,1.857435941696167,0.3362571895122528,2.9873193324509657e-05
24250,2,1.8509466648101807,0.34809285402297974,2.987251758530083e-05
24300,2,1.862452745437622,0.37545445561408997,2.9871840058943566e-05
24350,2,1.8636009693145752,0.3531319200992584,2.9871160745528402e-05
24400,2,1.878565788269043,0.3611306846141815,2.987047964514613e-05
24450,2,1.7963359355926514,0.342090368270874,2.986979675788778e-05
24500,2,1.843182921409607,0.39446619153022766,2.9869112083844608e-05
24550,2,1.8315784931182861,0.36026519536972046,2.9868425623108114e-05
24600,2,1.7826956510543823,0.3897726535797119,2.9867737375770046e-05
24650,2,1.844367265701294,0.3699413537979126,2.9867047341922375e-05
24700,2,1.8037848472595215,0.34957659244537354,2.986635552165733e-05
24750,2,1.805281400680542,0.34876927733421326,2.9865661915067356e-05
24800,2,1.8562886714935303,0.3807287812232971,2.986496652224516e-05
24850,2,1.847131371498108,0.35382282733917236,2.9864269343283673e-05
24900,2,1.8254172801971436,0.3432154655456543,2.9863570378276062e-05
24950,2,1.8099744319915771,0.3395534157752991,2.9862869627315752e-05
25000,2,1.8774492740631104,0.3584466874599457,2.9862167090496383e-05
25050,2,1.82346510887146,0.3640213906764984,2.986146276791185e-05
25100,2,1.8116178512573242,0.3266047239303589,2.9860756659656276e-05
25150,2,1.8255951404571533,0.39846181869506836,2.986004876582403e-05
25200,2,1.7875720262527466,0.32361456751823425,2.9859339086509722e-05
25250,2,1.8473186492919922,0.3757479190826416,2.9858627621808187e-05
25300,2,1.868265986442566,0.37238219380378723,2.9857914371814513e-05
25350,2,1.8028557300567627,0.34198567271232605,2.9857199336624022e-05
25400,2,1.8204001188278198,0.36402496695518494,2.9856482516332272e-05
25450,2,1.8049392700195312,0.3419422507286072,2.9855763911035064e-05
25500,2,1.8013801574707031,0.37029820680618286,2.985504352082843e-05
25550,2,1.7695090770721436,0.3432217538356781,2.9854321345808645e-05
25600,2,1.858689308166504,0.32069122791290283,2.985359738607223e-05
25650,2,1.808592438697815,0.36855101585388184,2.985287164171593e-05
25700,2,1.817802906036377,0.3529888391494751,2.985214411283674e-05
25750,2,1.809204339981079,0.3726748824119568,2.985141479953189e-05
25800,2,1.8533613681793213,0.37901678681373596,2.9850683701898845e-05
25850,2,1.7958124876022339,0.34594467282295227,2.984995082003531e-05
25900,2,1.8514962196350098,0.3470289707183838,2.9849216154039236e-05
25950,2,1.777930498123169,0.3659527599811554,2.9848479704008805e-05
26000,2,1.792582631111145,0.37012335658073425,2.984774147004243e-05
26050,2,1.7956640720367432,0.37293940782546997,2.984700145223878e-05
26100,2,1.7651255130767822,0.34234920144081116,2.984625965069675e-05
26150,2,1.80033540725708,0.3646894097328186,2.984551606551548e-05
26200,2,1.8095601797103882,0.3845107853412628,2.984477069679434e-05
26250,2,1.8081750869750977,0.3462110161781311,2.9844023544632953e-05
26300,2,1.8500759601593018,0.37482762336730957,2.984327460913116e-05
26350,2,1.8360161781311035,0.36552613973617554,2.9842523890389058e-05
26400,2,1.7705295085906982,0.3578678071498871,2.984177138850697e-05
26450,2,1.8006501197814941,0.34918317198753357,2.9841017103585466e-05
26500,2,1.8318626880645752,0.3640615940093994,2.9840261035725352e-05
26550,2,1.7603240013122559,0.3542202115058899,2.9839503185027672e-05
26600,2,1.747039556503296,0.35456034541130066,2.983874355159371e-05
26650,2,1.853881597518921,0.36971476674079895,2.983798213552498e-05
26700,2,1.699162483215332,0.3727967441082001,2.983721893692324e-05
26750,2,1.8308515548706055,0.3431851267814636,2.9836453955890494e-05
26800,2,1.763068437576294,0.3678351044654846,2.983568719252897e-05
26850,2,1.7780656814575195,0.3472355306148529,2.9834918646941146e-05
26900,2,1.8184525966644287,0.35824722051620483,2.9834148319229724e-05
26950,2,1.7684739828109741,0.3591715693473816,2.9833376209497664e-05
27000,2,1.7734085321426392,0.34998971223831177,2.9832602317848146e-05
27050,2,1.775896430015564,0.3589710593223572,2.98318266443846e-05
27100,2,1.7811509370803833,0.35179203748703003,2.983104918921068e-05
27150,2,1.8214162588119507,0.3652932643890381,2.9830269952430307e-05
27200,2,1.8020596504211426,0.3443904221057892,2.98294889341476e-05
27250,2,1.7966407537460327,0.34661149978637695,2.982870613446695e-05
27300,2,1.8261446952819824,0.3986915946006775,2.9827921553492965e-05
27350,2,1.793257236480713,0.37564119696617126,2.982713519133051e-05
27400,2,1.7652254104614258,0.36831167340278625,2.9826347048084662e-05
27450,2,1.7350926399230957,0.38688379526138306,2.9825557123860764e-05
27500,2,1.7351229190826416,0.36906570196151733,2.9824765418764382e-05
27550,2,1.7493703365325928,0.34532472491264343,2.9823971932901314e-05
27600,2,1.765059471130371,0.40535396337509155,2.9823176666377615e-05
27650,2,1.763873815536499,0.39722010493278503,2.9822379619299557e-05
27700,2,1.7743198871612549,0.36970046162605286,2.9821580791773668e-05
27750,2,1.7810393571853638,0.3558875620365143,2.9820780183906702e-05
27800,2,1.7700189352035522,0.3359606862068176,2.9819977795805658e-05
27850,2,1.758734941482544,0.3531808853149414,2.9819173627577763e-05
27900,2,1.7665717601776123,0.39339104294776917,2.9818367679330495e-05
27950,2,1.7715041637420654,0.3851596713066101,2.9817559951171564e-05
28000,2,1.826770305633545,0.4324887692928314,2.9816750443208914e-05
28050,2,1.8018498420715332,0.3897591829299927,2.9815939155550733e-05
28100,2,1.7310829162597656,0.3456922769546509,2.9815126088305444e-05
28150,2,1.8563404083251953,0.38034000992774963,2.9814311241581708e-05
28200,2,1.703914999961853,0.3677988052368164,2.9813494615488423e-05
28250,2,1.7677419185638428,0.4194309413433075,2.9812676210134723e-05
28300,2,1.7460530996322632,0.37185823917388916,2.9811856025629985e-05
28350,2,1.763269066810608,0.3772236406803131,2.981103406208382e-05
28400,2,1.7088847160339355,0.3806210160255432,2.9810210319606085e-05
28450,2,1.7908576726913452,0.35898444056510925,2.980938479830686e-05
28500,2,1.7337369918823242,0.3677743375301361,2.9808557498296473e-05
28550,2,1.760713815689087,0.3631032407283783,2.980772841968549e-05
28600,2,1.7838249206542969,0.3686883747577667,2.98068975625847e-05
28650,2,1.7521307468414307,0.3799765706062317,2.9806064927105158e-05
28700,2,1.7205244302749634,0.3748153746128082,2.9805230513358127e-05
28750,2,1.6902477741241455,0.3486720621585846,2.980439432145513e-05
28800,2,1.740782380104065,0.36825960874557495,2.9803556351507916e-05
28850,2,1.7327680587768555,0.3739373981952667,2.980271660362847e-05
28900,2,1.7765343189239502,0.4117554724216461,2.980187507792902e-05
28950,2,1.7645535469055176,0.4115179479122162,2.980103177452204e-05
29000,2,1.7299686670303345,0.3688007891178131,2.9800186693520218e-05
29050,2,1.7059624195098877,0.3635319173336029,2.97993398350365e-05
29100,2,1.7666583061218262,0.3815109431743622,2.979849119918406e-05
29150,2,1.7892216444015503,0.35732489824295044,2.9797640786076316e-05
29200,2,1.6932951211929321,0.3790193200111389,2.9796788595826925e-05
29250,2,1.6847724914550781,0.3504864573478699,2.9795934628549767e-05
29300,2,1.745142936706543,0.3953791558742523,2.9795078884358974e-05
29350,2,1.7621607780456543,0.4076993465423584,2.9794221363368906e-05
29400,2,1.7426022291183472,0.3752812445163727,2.9793362065694172e-05
29450,2,1.7550463676452637,0.40927883982658386,2.9792500991449605e-05
29500,2,1.76552414894104,0.3673602044582367,2.9791638140750284e-05
29550,2,1.7149657011032104,0.3844362795352936,2.979077351371153e-05
29600,2,1.7306411266326904,0.3843555450439453,2.978990711044888e-05
29650,2,1.7770460844039917,0.3681580424308777,2.978903893107814e-05
29700,2,1.7474842071533203,0.38217079639434814,2.9788168975715324e-05
29750,2,1.7602685689926147,0.3686687648296356,2.97872972444767e-05
29800,2,1.7711005210876465,0.3843333423137665,2.978642373747877e-05
29850,2,1.7556700706481934,0.3821658194065094,2.978554845483827e-05
29900,2,1.7279889583587646,0.3572766184806824,2.9784671396672177e-05
29950,2,1.745668649673462,0.37450966238975525,2.9783792563097707e-05
30000,2,1.706339955329895,0.3743615746498108,2.9782911954232308e-05
30050,2,1.6882216930389404,0.35441088676452637,2.9782029570193662e-05
30100,2,1.7357922792434692,0.3731991648674011,2.97811454110997e-05
30150,2,1.7281357049942017,0.359250545501709,2.9780259477068585e-05
30200,2,1.6927719116210938,0.3955003619194031,2.9779371768218716e-05
30250,2,1.725343942642212,0.39074090123176575,2.9778482284668722e-05
30300,2,1.7166343927383423,0.3657737970352173,2.9777591026537488e-05
30350,2,1.7491862773895264,0.37561294436454773,2.9776697993944114e-05
30400,2,1.6834558248519897,0.380115807056427,2.9775803187007956e-05
30450,2,1.7413694858551025,0.4137742817401886,2.9774906605848594e-05
30500,2,1.7196687459945679,0.34520065784454346,2.977400825058585e-05
30550,2,1.7257239818572998,0.38794413208961487,2.9773108121339787e-05
30600,2,1.725854516029358,0.37025880813598633,2.97722062182307e-05
30650,2,1.755975604057312,0.379281610250473,2.9771302541379122e-05
30700,2,1.7182214260101318,0.3599742352962494,2.9770397090905823e-05
30750,2,1.6902210712432861,0.40806329250335693,2.9769489866931808e-05
30800,2,1.735592007637024,0.3693713843822479,2.9768580869578325e-05
30850,2,1.6807522773742676,0.3668922483921051,2.9767670098966856e-05
30900,2,1.7290253639221191,0.3424156904220581,2.976675755521912e-05
30950,2,1.6966129541397095,0.40941861271858215,2.9765843238457067e-05
31000,2,1.7125133275985718,0.3630511164665222,2.9764927148802897e-05
31050,2,1.7416598796844482,0.3515828549861908,2.9764009286379034e-05
31100,2,1.6471120119094849,0.3632456064224243,2.976308965130814e-05
31150,2,1.767193078994751,0.38702017068862915,2.9762168243713124e-05
31200,2,1.6771198511123657,0.3747786283493042,2.9761245063717134e-05
31250,2,1.6932588815689087,0.3917520344257355,2.976032011144353e-05
31300,2,1.7024420499801636,0.37899497151374817,2.9759393387015936e-05
31350,2,1.8054325580596924,0.38815897703170776,2.9758464890558208e-05
31400,2,1.7110933065414429,0.3831803500652313,2.975753462219442e-05
31450,2,1.6962982416152954,0.39071404933929443,2.9756602582048903e-05
31500,2,1.671627163887024,0.3723022937774658,2.975566877024622e-05
31550,2,1.6682103872299194,0.38206228613853455,2.9754733186911157e-05
31600,2,1.7009905576705933,0.40111789107322693,2.975379583216877e-05
31650,2,1.6574244499206543,0.3826560080051422,2.9752856706144308e-05
31700,2,1.6975780725479126,0.3905070126056671,2.9751915808963295e-05
31750,2,1.7425804138183594,0.3879116177558899,2.9750973140751465e-05
31800,2,1.6445529460906982,0.3962879776954651,2.975002870163481e-05
31850,2,1.6415345668792725,0.3678322434425354,2.974908249173954e-05
31900,2,1.6862280368804932,0.36604732275009155,2.974813451119211e-05
31950,2,1.7109549045562744,0.37383636832237244,2.9747184760119217e-05
32000,2,1.6902830600738525,0.3656986653804779,2.974623323864778e-05
32050,2,1.70694899559021,0.3827369511127472,2.974527994690497e-05
32100,2,1.7124567031860352,0.40690359473228455,2.974432488501819e-05
32150,2,1.7085442543029785,0.38098078966140747,2.974336805311507e-05
32200,2,1.721085786819458,0.39936211705207825,2.9742409451323488e-05
32250,2,1.639883041381836,0.3848690092563629,2.9741449079771557e-05
32300,2,1.6888145208358765,0.36353951692581177,2.9740486938587623e-05
32350,2,1.7118873596191406,0.4231351315975189,2.9739523027900274e-05
32400,2,1.672973394393921,0.4018286466598511,2.973855734783832e-05
32450,2,1.717578649520874,0.3649882674217224,2.9737589898530824e-05
32500,2,1.7245038747787476,0.36415424942970276,2.9736620680107077e-05
32550,2,1.7818561792373657,0.3862810432910919,2.9735649692696613e-05
32600,2,1.6684974431991577,0.39440980553627014,2.9734676936429194e-05
32650,2,1.7565323114395142,0.43847084045410156,2.973370241143483e-05
32700,2,1.6299984455108643,0.3842616081237793,2.9732726117843745e-05
32750,2,1.631305456161499,0.4005776345729828,2.973174805578643e-05
32800,2,1.7021145820617676,0.4140497148036957,2.9730768225393583e-05
32850,2,1.6796324253082275,0.3768366873264313,2.9729786626796164e-05
32900,2,1.6984113454818726,0.393742173910141,2.9728803260125347e-05
32950,2,1.7152827978134155,0.4021243751049042,2.972781812551256e-05
33000,2,1.6974899768829346,0.36041268706321716,2.972683122308945e-05
33050,2,1.6881158351898193,0.36558428406715393,2.9725842552987924e-05
33100,2,1.7407021522521973,0.4089648127555847,2.97248521153401e-05
33150,2,1.635495901107788,0.3821263015270233,2.972385991027835e-05
33200,2,1.699310541152954,0.37061241269111633,2.9722865937935274e-05
33250,2,1.7004543542861938,0.37636178731918335,2.97218701984437e-05
33300,2,1.6688079833984375,0.3885630667209625,2.9720872691936717e-05
33350,2,1.6910054683685303,0.390109121799469,2.971987341854763e-05
33400,2,1.6539398431777954,0.3973678946495056,2.9718872378409978e-05
33450,2,1.728240966796875,0.38479211926460266,2.9717869571657553e-05
33500,2,1.6619293689727783,0.400011271238327,2.971686499842437e-05
33550,2,1.6934789419174194,0.41819673776626587,2.9715858658844683e-05
33600,2,1.667608618736267,0.3900561034679413,2.9714850553052984e-05
33650,2,1.671351432800293,0.4034225046634674,2.9713840681184e-05
33700,2,1.666749119758606,0.4067111015319824,2.971282904337269e-05
33750,2,1.6430251598358154,0.37757736444473267,2.971181563975425e-05
33800,2,1.751264214515686,0.37772756814956665,2.971080047046413e-05
33850,2,1.670731782913208,0.40788283944129944,2.9709783535637986e-05
33900,2,1.6989362239837646,0.39376911520957947,2.9708764835411724e-05
33950,2,1.7066624164581299,0.3990395665168762,2.9707744369921498e-05
34000,2,1.6856110095977783,0.39717546105384827,2.9706722139303674e-05
34050,2,1.6503255367279053,0.3968869149684906,2.9705698143694878e-05
34100,2,1.7006155252456665,0.40780365467071533,2.9704672383231956e-05
34150,2,1.653477668762207,0.397113174200058,2.9703644858051987e-05
34200,2,1.7088335752487183,0.3957051932811737,2.9702615568292304e-05
34250,2,1.6202046871185303,0.39958053827285767,2.9701584514090452e-05
34300,2,1.6456491947174072,0.412185937166214,2.970055169558424e-05
34350,2,1.6474400758743286,0.36565345525741577,2.9699517112911686e-05
34400,2,1.6732817888259888,0.39280468225479126,2.9698480766211055e-05
34450,2,1.692531704902649,0.3760247230529785,2.9697442655620858e-05
34500,2,1.6928943395614624,0.3889230787754059,2.969640278127982e-05
34550,2,1.6773078441619873,0.40312373638153076,2.969536114332692e-05
34600,2,1.6319332122802734,0.37654975056648254,2.9694317741901367e-05
34650,2,1.6683146953582764,0.39118894934654236,2.9693272577142598e-05
34700,2,1.589040994644165,0.4056946933269501,2.9692225649190298e-05
34750,2,1.674167513847351,0.3844210207462311,2.969117695818438e-05
34800,2,1.7020456790924072,0.39571112394332886,2.9690126504264995e-05
34850,2,1.7347221374511719,0.4124393165111542,2.968907428757253e-05
34900,2,1.668480634689331,0.3906763792037964,2.96880203082476e-05
34950,2,1.6436727046966553,0.37028712034225464,2.968696456643107e-05
35000,2,1.560157060623169,0.3843952715396881,2.968590706226404e-05
35050,2,1.6710890531539917,0.37889614701271057,2.9684847795887823e-05
35100,2,1.6356054544448853,0.404363751411438,2.968378676744399e-05
35150,2,1.638262152671814,0.38336560130119324,2.9682723977074344e-05
35200,2,1.6868271827697754,0.39745044708251953,2.9681659424920907e-05
35250,2,1.7224483489990234,0.40725788474082947,2.9680593111125965e-05
35300,2,1.629108190536499,0.37977203726768494,2.9679525035832016e-05
35350,2,1.6111621856689453,0.37480297684669495,2.96784551991818e-05
35400,2,1.6238763332366943,0.36670374870300293,2.96773836013183e-05
35450,2,1.6322455406188965,0.3878573179244995,2.967631024238472e-05
35500,2,1.6600372791290283,0.37441229820251465,2.967523512252451e-05
35550,2,1.635511040687561,0.40050041675567627,2.9674158241881354e-05
35600,2,1.6166701316833496,0.37625178694725037,2.9673079600599175e-05
35650,2,1.5934836864471436,0.405234158039093,2.9671999198822116e-05
35700,2,1.645671010017395,0.3943633437156677,2.9670917036694572e-05
35750,2,1.6699600219726562,0.38937491178512573,2.9669833114361166e-05
35800,2,1.716727375984192,0.4083097577095032,2.9668747431966757e-05
35850,2,1.6283636093139648,0.3977021276950836,2.9667659989656438e-05
35900,2,1.6505932807922363,0.39652782678604126,2.966657078757554e-05
35950,2,1.664562702178955,0.3969888389110565,2.9665479825869624e-05
36000,2,1.6324717998504639,0.36591842770576477,2.9664387104684488e-05
36050,2,1.6338207721710205,0.43889743089675903,2.9663292624166177e-05
36100,2,1.7136785984039307,0.42180299758911133,2.966219638446096e-05
36150,2,1.6936495304107666,0.40214887261390686,2.9661098385715332e-05
36200,2,1.619239091873169,0.39585721492767334,2.965999862807604e-05
36250,2,1.6316264867782593,0.4013059735298157,2.9658897111690056e-05
36300,2,1.5989437103271484,0.39400097727775574,2.9657793836704597e-05
36350,2,1.6453031301498413,0.3890228271484375,2.96566888032671e-05
36400,2,1.6315956115722656,0.3788461685180664,2.9655582011525257e-05
36450,2,1.625976800918579,0.3881746232509613,2.965447346162697e-05
36500,2,1.6655151844024658,0.3840404152870178,2.9653363153720395e-05
36550,2,1.6259350776672363,0.3695506453514099,2.9652251087953916e-05
36600,2,1.6205036640167236,0.37924689054489136,2.9651137264476157e-05
36650,2,1.6099685430526733,0.4025837182998657,2.965002168343597e-05
36700,2,1.5845310688018799,0.42361482977867126,2.964890434498245e-05
36750,2,1.6487712860107422,0.40762484073638916,2.9647785249264913e-05
36800,2,1.6721692085266113,0.3776613473892212,2.9646664396432924e-05
36850,2,1.6962058544158936,0.4180373251438141,2.964554178663628e-05
36900,2,1.634120225906372,0.38461899757385254,2.9644417420025004e-05
36950,2,1.6469447612762451,0.4203115999698639,2.9643291296749367e-05
37000,2,1.6228115558624268,0.3971061110496521,2.9642163416959864e-05
37050,2,1.6351900100708008,0.39436596632003784,2.9641033780807226e-05
37100,2,1.669668197631836,0.3885180354118347,2.9639902388442428e-05
37150,2,1.562530755996704,0.40376347303390503,2.9638769240016665e-05
37200,2,1.6215890645980835,0.3925378620624542,2.9637634335681385e-05
37250,2,1.6269795894622803,0.40664345026016235,2.9636497675588253e-05
37300,2,1.6524795293807983,0.4108518362045288,2.9635359259889175e-05
37350,2,1.589645504951477,0.3985311686992645,2.96342190887363e-05
37400,2,1.6560958623886108,0.4016861021518707,2.9633077162281995e-05
37450,2,1.6350255012512207,0.39408811926841736,2.9631933480678882e-05
37500,2,1.6559958457946777,0.4167565107345581,2.96307880440798e-05
37550,2,1.625550627708435,0.37330904603004456,2.9629640852637826e-05
37600,2,1.6697490215301514,0.3673233389854431,2.962849190650628e-05
37650,2,1.6630185842514038,0.3923882842063904,2.962734120583871e-05
37700,2,1.6077229976654053,0.37126776576042175,2.9626188750788895e-05
37750,2,1.5993103981018066,0.3832342326641083,2.9625034541510858e-05
37800,2,1.639264702796936,0.39739760756492615,2.962387857815885e-05
37850,2,1.6337522268295288,0.40798187255859375,2.9622720860887362e-05
37900,2,1.668102741241455,0.421039342880249,2.962156138985111e-05
37950,2,1.574587345123291,0.3672809600830078,2.9620400165205044e-05
38000,2,1.6680299043655396,0.41091063618659973,2.9619237187104368e-05
38050,2,1.7040725946426392,0.39513248205184937,2.9618072455704495e-05
38100,2,1.6370642185211182,0.4219569265842438,2.9616905971161087e-05
38150,2,1.6427948474884033,0.39763057231903076,2.9615737733630038e-05
38200,2,1.6723735332489014,0.431153804063797,2.961456774326748e-05
38250,2,1.60768723487854,0.39277908205986023,2.9613396000229765e-05
38300,2,1.5518156290054321,0.39406508207321167,2.961222250467349e-05
38350,2,1.6086184978485107,0.4245677888393402,2.9611047256755493e-05
38400,2,1.5927507877349854,0.4053462743759155,2.960987025663283e-05
38450,2,1.6307344436645508,0.3987385928630829,2.9608691504462803e-05
38500,2,1.6119502782821655,0.4144405722618103,2.960751100040294e-05
38550,2,1.596459150314331,0.37858763337135315,2.9606328744611026e-05
38600,2,1.624388337135315,0.38800567388534546,2.960514473724503e-05
38650,2,1.5850803852081299,0.41585293412208557,2.960395897846321e-05
38700,2,1.6607134342193604,0.4451156556606293,2.960277146842403e-05
38750,2,1.6196532249450684,0.4005672335624695,2.960158220728619e-05
38800,2,1.5238945484161377,0.3898903727531433,2.9600391195208627e-05
38850,2,1.6068497896194458,0.40189680457115173,2.9599198432350516e-05
38900,2,1.6281696557998657,0.4102427661418915,2.959800391887126e-05
38950,2,1.628136396408081,0.39546021819114685,2.959680765493049e-05
39000,2,1.6000279188156128,0.37817519903182983,2.959560964068809e-05
39050,2,1.5627832412719727,0.41619834303855896,2.9594409876304163e-05
39100,2,1.5729299783706665,0.4124630391597748,2.9593208361939047e-05
39150,2,1.5806039571762085,0.4166549742221832,2.9592005097753315e-05
39200,2,1.6151618957519531,0.4114464223384857,2.9590800083907783e-05
39250,2,1.5624327659606934,0.44589149951934814,2.9589593320563488e-05
39300,2,1.5708651542663574,0.3928498923778534,2.9588384807881705e-05
39350,2,1.611691951751709,0.43233418464660645,2.958717454602395e-05
39400,2,1.5902310609817505,0.37887969613075256,2.9585962535151957e-05
39450,2,1.6140236854553223,0.38866478204727173,2.958474877542771e-05
39500,2,1.6364927291870117,0.3900393545627594,2.9583533267013414e-05
39550,2,1.619847297668457,0.4256342053413391,2.958231601007152e-05
39600,2,1.5773934125900269,0.419808954000473,2.9581097004764708e-05
39650,2,1.5847187042236328,0.3893662691116333,2.957987625125588e-05
39700,2,1.609882116317749,0.37951138615608215,2.9578653749708187e-05
39750,2,1.6049635410308838,0.3899621069431305,2.9577429500285016e-05
39800,2,1.5683414936065674,0.41801905632019043,2.9576203503149966e-05
39850,2,1.647560477256775,0.4020669460296631,2.9574975758466893e-05
39900,2,1.5903217792510986,0.4260580539703369,2.9573746266399875e-05
39950,2,1.612565279006958,0.40194663405418396,2.9572515027113223e-05
40000,2,1.5556492805480957,0.3998302221298218,2.9571282040771484e-05
40050,2,1.5979671478271484,0.3716903328895569,2.9570047307539437e-05
40100,2,1.6149022579193115,0.3807539641857147,2.9568810827582104e-05
40150,2,1.6444745063781738,0.41054508090019226,2.9567572601064728e-05
40200,2,1.5356237888336182,0.3896268606185913,2.9566332628152782e-05
40250,2,1.6368145942687988,0.41861382126808167,2.9565090909011993e-05
40300,2,1.642301321029663,0.3772955536842346,2.95638474438083e-05
40350,2,1.6513336896896362,0.403761625289917,2.956260223270789e-05
40400,2,1.6078991889953613,0.38961586356163025,2.956135527587717e-05
40450,2,1.6375172138214111,0.39967086911201477,2.9560106573482795e-05
40500,2,1.545498251914978,0.37784209847450256,2.9558856125691638e-05
40550,2,1.5127314329147339,0.40180835127830505,2.9557603932670822e-05
40600,2,1.547885775566101,0.3976864814758301,2.9556349994587683e-05
40650,2,1.5913114547729492,0.4217468202114105,2.9555094311609812e-05
40700,2,1.5842878818511963,0.3884068727493286,2.955383688390502e-05
40750,2,1.6029380559921265,0.4153768718242645,2.9552577711641347e-05
40800,2,1.6376240253448486,0.42391085624694824,2.9551316794987082e-05
40850,2,1.5543620586395264,0.38678449392318726,2.9550054134110738e-05
40900,2,1.6130611896514893,0.3930981755256653,2.9548789729181053e-05
40950,2,1.6234550476074219,0.42936238646507263,2.9547523580367017e-05
41000,2,1.6659555435180664,0.4334045648574829,2.954625568783783e-05
41050,2,1.6426950693130493,0.420767217874527,2.9544986051762947e-05
41100,2,1.6659716367721558,0.443494975566864,2.9543714672312044e-05
41150,2,1.5971771478652954,0.39425691962242126,2.9542441549655034e-05
41200,2,1.6163251399993896,0.40249451994895935,2.9541166683962057e-05
41250,2,1.6281211376190186,0.3919467329978943,2.9539890075403494e-05
41300,2,1.5530726909637451,0.39746618270874023,2.953861172414995e-05
41350,2,1.5257346630096436,0.4004300832748413,2.9537331630372278e-05
41400,2,1.5896104574203491,0.40361636877059937,2.9536049794241548e-05
41450,2,1.5577195882797241,0.397888720035553,2.9534766215929065e-05
41500,2,1.5499982833862305,0.38440874218940735,2.953348089560638e-05
41550,2,1.5562645196914673,0.4034733474254608,2.9532193833445264e-05
41600,2,1.5714902877807617,0.3988921642303467,2.9530905029617716e-05
41650,2,1.5409965515136719,0.3975452482700348,2.9529614484295984e-05
41700,2,1.5611565113067627,0.4178839325904846,2.9528322197652543e-05
41750,2,1.616135835647583,0.3966195583343506,2.9527028169860098e-05
41800,2,1.5470236539840698,0.3787677586078644,2.9525732401091583e-05
41850,2,1.592005729675293,0.41297394037246704,2.952443489152017e-05
41900,2,1.5619335174560547,0.3766874670982361,2.9523135641319264e-05
41950,2,1.5431268215179443,0.39252594113349915,2.9521834650662493e-05
42000,2,1.5795605182647705,0.3872329890727997,2.9520531919723737e-05
42050,2,1.5497348308563232,0.4092886447906494,2.9519227448677104e-05
42100,2,1.5308864116668701,0.4256889820098877,2.9517921237696905e-05
42150,2,1.5587518215179443,0.3868485391139984,2.9516613286957724e-05
42200,2,1.5249388217926025,0.3999249339103699,2.951530359663435e-05
42250,2,1.601987361907959,0.40426868200302124,2.9513992166901825e-05
42300,2,1.562441349029541,0.4463116228580475,2.9512678997935403e-05
42350,2,1.576222538948059,0.43071702122688293,2.951136408991059e-05
42400,2,1.6009677648544312,0.3847537934780121,2.9510047443003106e-05
42450,2,1.5976383686065674,0.4148169457912445,2.950872905738892e-05
42500,2,1.6275479793548584,0.41331687569618225,2.9507408933244208e-05
42550,2,1.6044882535934448,0.43178483843803406,2.9506087070745418e-05
42600,2,1.5950278043746948,0.42145389318466187,2.95047634700692e-05
42650,2,1.5277726650238037,0.4224223494529724,2.9503438131392445e-05
42700,2,1.5828206539154053,0.4158271253108978,2.9502111054892272e-05
42750,2,1.606147289276123,0.4109251797199249,2.9500782240746033e-05
42800,2,1.5104050636291504,0.40205931663513184,2.9499451689131322e-05
42850,2,1.6038391590118408,0.4516999125480652,2.949811940022596e-05
42900,2,1.5655992031097412,0.3985735774040222,2.9496785374207996e-05
42950,2,1.5405505895614624,0.42606252431869507,2.9495449611255712e-05
43000,2,1.5398445129394531,0.39409637451171875,2.949411211154762e-05
43050,2,1.5753896236419678,0.39038506150245667,2.9492772875262482e-05
43100,2,1.524680495262146,0.397239089012146,2.949143190257927e-05
43150,2,1.5523567199707031,0.44990164041519165,2.9490089193677188e-05
43200,2,1.5158870220184326,0.4342312216758728,2.9488744748735687e-05
43250,2,1.5614367723464966,0.39103856682777405,2.9487398567934445e-05
43300,2,1.5795024633407593,0.3978811502456665,2.948605065145337e-05
43350,2,1.5644209384918213,0.3985053300857544,2.9484700999472602e-05
43400,2,1.5174022912979126,0.40453705191612244,2.9483349612172507e-05
43450,2,1.5422296524047852,0.42213505506515503,2.9481996489733697e-05
43500,2,1.5916835069656372,0.3753449320793152,2.9480641632337003e-05
43550,3,1.5432310104370117,0.42147281765937805,2.9479285040163497e-05
43600,3,1.5835847854614258,0.38512733578681946,2.9477926713394474e-05
43650,3,1.583545207977295,0.401366651058197,2.9476566652211468e-05
43700,3,1.5398786067962646,0.4475572109222412,2.9475204856796238e-05
43750,3,1.5992321968078613,0.387174516916275,2.9473841327330788e-05
43800,3,1.5902295112609863,0.39672231674194336,2.9472476063997334e-05
43850,3,1.525766134262085,0.4067256450653076,2.9471109066978345e-05
43900,3,1.5683567523956299,0.41939860582351685,2.9469740336456502e-05
43950,3,1.532047152519226,0.403251975774765,2.946836987261473e-05
44000,3,1.554099202156067,0.42767369747161865,2.9466997675636186e-05
44050,3,1.5638259649276733,0.4268031716346741,2.946562374570425e-05
44100,3,1.556067943572998,0.3844244182109833,2.9464248083002537e-05
44150,3,1.5493509769439697,0.4201672673225403,2.9462870687714903e-05
44200,3,1.5017220973968506,0.4136548340320587,2.9461491560025423e-05
44250,3,1.6539956331253052,0.40836167335510254,2.946011070011841e-05
44300,3,1.585991621017456,0.411737859249115,2.9458728108178403e-05
44350,3,1.562633991241455,0.44644850492477417,2.9457343784390176e-05
44400,3,1.523073673248291,0.41718590259552,2.9455957728938743e-05
44450,3,1.570583462715149,0.4212128818035126,2.945456994200933e-05
44500,3,1.4861516952514648,0.38404524326324463,2.945318042378742e-05
44550,3,1.5528128147125244,0.42940977215766907,2.9451789174458695e-05
44600,3,1.520007610321045,0.38115936517715454,2.94503961942091e-05
44650,3,1.5952779054641724,0.3908267319202423,2.9449001483224793e-05
44700,3,1.5374544858932495,0.40965545177459717,2.9447605041692167e-05
44750,3,1.5451897382736206,0.4122393727302551,2.9446206869797848e-05
44800,3,1.5414743423461914,0.41771575808525085,2.944480696772869e-05
44850,3,1.626694917678833,0.4369773268699646,2.944340533567178e-05
44900,3,1.5032908916473389,0.4031394124031067,2.9442001973814447e-05
44950,3,1.5361151695251465,0.39043062925338745,2.9440596882344233e-05
45000,3,1.4847649335861206,0.3886277973651886,2.943919006144892e-05
45050,3,1.506813406944275,0.3979242742061615,2.943778151131652e-05
45100,3,1.5382461547851562,0.3987273871898651,2.9436371232135273e-05
45150,3,1.5345737934112549,0.40631452202796936,2.9434959224093662e-05
45200,3,1.5622997283935547,0.4066868722438812,2.9433545487380385e-05
45250,3,1.6030406951904297,0.4051753878593445,2.9432130022184383e-05
45300,3,1.5283095836639404,0.39871272444725037,2.943071282869482e-05
45350,3,1.5572019815444946,0.40877005457878113,2.94292939071011e-05
45400,3,1.5472395420074463,0.3990819454193115,2.9427873257592846e-05
45450,3,1.5566902160644531,0.4280315339565277,2.942645088035992e-05
45500,3,1.5555882453918457,0.4078276753425598,2.9425026775592415e-05
45550,3,1.5520498752593994,0.42185768485069275,2.9423600943480656e-05
45600,3,1.6026570796966553,0.4366665482521057,2.942217338421519e-05
45650,3,1.5253373384475708,0.40817975997924805,2.9420744097986802e-05
45700,3,1.4680484533309937,0.4330376386642456,2.9419313084986512e-05
45750,3,1.5485973358154297,0.4122768044471741,2.941788034540556e-05
45800,3,1.5447912216186523,0.43235456943511963,2.9416445879435422e-05
45850,3,1.6071643829345703,0.4384091794490814,2.941500968726781e-05
45900,3,1.5789122581481934,0.41080328822135925,2.9413571769094657e-05
45950,3,1.5788601636886597,0.41493281722068787,2.9412132125108132e-05
46000,3,1.5553127527236938,0.4051472544670105,2.9410690755500635e-05
46050,3,1.5428940057754517,0.4088473320007324,2.9409247660464794e-05
46100,3,1.5483767986297607,0.4276980757713318,2.9407802840193473e-05
46150,3,1.5065991878509521,0.41148921847343445,2.9406356294879755e-05
46200,3,1.6046631336212158,0.4132861793041229,2.940490802471697e-05
46250,3,1.5732884407043457,0.4808562695980072,2.9403458029898663e-05
46300,3,1.499936580657959,0.41352012753486633,2.940200631061862e-05
46350,3,1.5882301330566406,0.444607138633728,2.940055286707085e-05
46400,3,1.5363339185714722,0.42827069759368896,2.9399097699449606e-05
46450,3,1.5287532806396484,0.3867153525352478,2.9397640807949347e-05
46500,3,1.570432424545288,0.4173062741756439,2.939618219276479e-05
46550,3,1.4871745109558105,0.40018144249916077,2.9394721854090852e-05
46600,3,1.500990629196167,0.46023979783058167,2.9393259792122718e-05
46650,3,1.5334733724594116,0.4376540184020996,2.9391796007055772e-05
46700,3,1.587124228477478,0.4457705318927765,2.939033049908564e-05
46750,3,1.5449726581573486,0.4039815366268158,2.9388863268408178e-05
46800,3,1.5312931537628174,0.43009307980537415,2.9387394315219475e-05
46850,3,1.5537216663360596,0.3993135392665863,2.9385923639715842e-05
46900,3,1.4877121448516846,0.40791165828704834,2.938445124209383e-05
46950,3,1.4453977346420288,0.4088081419467926,2.9382977122550204e-05
47000,3,1.5732077360153198,0.4184674918651581,2.9381501281281985e-05
47050,3,1.5205212831497192,0.3943682312965393,2.9380023718486403e-05
47100,3,1.5680605173110962,0.41867369413375854,2.937854443436092e-05
47150,3,1.6288526058197021,0.48501840233802795,2.937706342910324e-05
47200,3,1.5214264392852783,0.44230252504348755,2.937558070291129e-05
47250,3,1.486344575881958,0.41684773564338684,2.9374096255983216e-05
47300,3,1.4995869398117065,0.3882315456867218,2.9372610088517418e-05
47350,3,1.5119082927703857,0.4149322807788849,2.93711222007125e-05
47400,3,1.546160101890564,0.3992079496383667,2.936963259276732e-05
47450,3,1.515238881111145,0.4198596477508545,2.9368141264880945e-05
47500,3,1.6063964366912842,0.4273144602775574,2.9366648217252684e-05
47550,3,1.5477139949798584,0.42003801465034485,2.9365153450082076e-05
47600,3,1.5566012859344482,0.40610256791114807,2.9363656963568883e-05
47650,3,1.5228602886199951,0.4241533875465393,2.9362158757913104e-05
47700,3,1.5958340167999268,0.424062043428421,2.9360658833314957e-05
47750,3,1.5624470710754395,0.3987351655960083,2.9359157189974905e-05
47800,3,1.5399192571640015,0.4162214994430542,2.9357653828093633e-05
47850,3,1.5611330270767212,0.41420990228652954,2.9356148747872043e-05
47900,3,1.5549304485321045,0.42053312063217163,2.93546419495113e-05
47950,3,1.467166543006897,0.3790188133716583,2.9353133433212753e-05
48000,3,1.5766469240188599,0.4611952006816864,2.9351623199178027e-05
48050,3,1.4704570770263672,0.4484240710735321,2.9350111247608946e-05
48100,3,1.5275596380233765,0.381026953458786,2.934859757870757e-05
48150,3,1.5102689266204834,0.3979325294494629,2.934708219267619e-05
48200,3,1.5228910446166992,0.435152530670166,2.9345565089717333e-05
48250,3,1.6089239120483398,0.4316735565662384,2.9344046270033746e-05
48300,3,1.463295578956604,0.41386863589286804,2.9342525733828414e-05
48350,3,1.53518545627594,0.43170976638793945,2.9341003481304538e-05
48400,3,1.4803853034973145,0.39824843406677246,2.9339479512665565e-05
48450,3,1.5084514617919922,0.3889797627925873,2.933795382811516e-05
48500,3,1.5343797206878662,0.4189533591270447,2.9336426427857216e-05
48550,3,1.5349117517471313,0.42963045835494995,2.933489731209587e-05
48600,3,1.5057965517044067,0.3887398838996887,2.933336648103547e-05
48650,3,1.5809317827224731,0.43419474363327026,2.9331833934880604e-05
48700,3,1.499556303024292,0.3847494423389435,2.9330299673836092e-05
48750,3,1.5361882448196411,0.4128331243991852,2.9328763698106966e-05
48800,3,1.5043755769729614,0.4317565858364105,2.9327226007898508e-05
48850,3,1.4947792291641235,0.4031801223754883,2.932568660341622e-05
48900,3,1.533538818359375,0.43266788125038147,2.932414548486583e-05
48950,3,1.5121269226074219,0.4147566854953766,2.9322602652453292e-05
49000,3,1.411823034286499,0.37499162554740906,2.9321058106384815e-05
49050,3,1.4761130809783936,0.40860995650291443,2.93195118468668e-05
49100,3,1.5799320936203003,0.43124690651893616,2.9317963874105897e-05
49150,3,1.5306196212768555,0.4237545132637024,2.9316414188308988e-05
49200,3,1.537416934967041,0.43626102805137634,2.931486278968317e-05
49250,3,1.6200454235076904,0.43765488266944885,2.9313309678435787e-05
49300,3,1.5380107164382935,0.43207910656929016,2.9311754854774395e-05
49350,3,1.4774396419525146,0.39495742321014404,2.9310198318906787e-05
49400,3,1.5314862728118896,0.43849343061447144,2.9308640071040987e-05
49450,3,1.5479562282562256,0.4058118760585785,2.9307080111385244e-05
49500,3,1.4836409091949463,0.43122971057891846,2.9305518440148032e-05
49550,3,1.508195161819458,0.3930280804634094,2.930395505753806e-05
49600,3,1.502594232559204,0.4141472280025482,2.9302389963764264e-05
49650,3,1.5712405443191528,0.43063676357269287,2.9300823159035808e-05
49700,3,1.5717706680297852,0.4297159016132355,2.9299254643562088e-05
49750,3,1.4893229007720947,0.3978150486946106,2.9297684417552727e-05
49800,3,1.5472371578216553,0.3989904820919037,2.929611248121757e-05
49850,3,1.547219157218933,0.4440269470214844,2.929453883476669e-05
49900,3,1.5031286478042603,0.40911948680877686,2.9292963478410407e-05
49950,3,1.5099177360534668,0.39126056432724,2.929138641235925e-05
50000,3,1.5459978580474854,0.4202972948551178,2.9289807636823992e-05
50050,3,1.540507197380066,0.4079120457172394,2.9288227152015616e-05
50100,3,1.5148519277572632,0.4126571714878082,2.9286644958145346e-05
50150,3,1.5711982250213623,0.4564771354198456,2.9285061055424634e-05
50200,3,1.5228991508483887,0.43046724796295166,2.9283475444065154e-05
50250,3,1.511768102645874,0.4026859700679779,2.9281888124278817e-05
50300,3,1.4511468410491943,0.43456828594207764,2.9280299096277755e-05
50350,3,1.5098204612731934,0.42547616362571716,2.927870836027433e-05
50400,3,1.49974524974823,0.44467422366142273,2.9277115916481137e-05
50450,3,1.5220084190368652,0.4177249073982239,2.9275521765111e-05
50500,3,1.4922876358032227,0.41354453563690186,2.9273925906376952e-05
50550,3,1.4664843082427979,0.4345051348209381,2.927232834049228e-05
50600,3,1.537628412246704,0.4259391129016876,2.9270729067670486e-05
50650,3,1.491139531135559,0.43772417306900024,2.92691280881253e-05
50700,3,1.5043221712112427,0.4566853940486908,2.926752540207069e-05
50750,3,1.4816410541534424,0.4095948040485382,2.9265921009720833e-05
50800,3,1.4696006774902344,0.42524904012680054,2.9264314911290153e-05
50850,3,1.5120091438293457,0.41396364569664,2.926270710699329e-05
50900,3,1.5389853715896606,0.385844349861145,2.9261097597045124e-05
50950,3,1.5147744417190552,0.41672348976135254,2.9259486381660742e-05
51000,3,1.512810230255127,0.4150031507015228,2.9257873461055486e-05
51050,3,1.462883472442627,0.4218441843986511,2.925625883544491e-05
51100,3,1.4878222942352295,0.42372244596481323,2.9254642505044788e-05
51150,3,1.4906377792358398,0.4076722264289856,2.925302447007114e-05
51200,3,1.4849469661712646,0.4123036563396454,2.9251404730740206e-05
51250,3,1.51261305809021,0.4242486357688904,2.9249783287268452e-05
51300,3,1.55630362033844,0.4275139272212982,2.9248160139872573e-05
51350,3,1.5485866069793701,0.4414610266685486,2.924653528876949e-05
51400,3,1.5418846607208252,0.44029539823532104,2.924490873417635e-05
51450,3,1.4588432312011719,0.39050009846687317,2.9243280476310543e-05
51500,3,1.5209382772445679,0.4316352307796478,2.9241650515389667e-05
51550,3,1.4740850925445557,0.44378456473350525,2.924001885163156e-05
51600,3,1.4100065231323242,0.38800492882728577,2.923838548525428e-05
51650,3,1.524641752243042,0.42322638630867004,2.9236750416476106e-05
51700,3,1.5753587484359741,0.43186116218566895,2.9235113645515572e-05
51750,3,1.5670592784881592,0.44452792406082153,2.9233475172591412e-05
51800,3,1.5014386177062988,0.41316670179367065,2.92318349979226e-05
51850,3,1.5762882232666016,0.4561450183391571,2.923019312172833e-05
51900,3,1.4402689933776855,0.4354112446308136,2.922854954422803e-05
51950,3,1.5125727653503418,0.4085384011268616,2.9226904265641354e-05
52000,3,1.4750401973724365,0.4173297584056854,2.9225257286188183e-05
52050,3,1.5115411281585693,0.41622498631477356,2.9223608606088626e-05
52100,3,1.483770728111267,0.4122941195964813,2.9221958225563015e-05
52150,3,1.5730609893798828,0.4293213188648224,2.9220306144831916e-05
52200,3,1.4581573009490967,0.414814829826355,2.9218652364116114e-05
52250,3,1.5784938335418701,0.4343392848968506,2.921699688363663e-05
52300,3,1.509106159210205,0.4169326424598694,2.9215339703614706e-05
52350,3,1.5124411582946777,0.44752511382102966,2.9213680824271813e-05
52400,3,1.497618556022644,0.40716803073883057,2.921202024582965e-05
52450,3,1.499200463294983,0.4053656756877899,2.9210357968510147e-05
52500,3,1.4992437362670898,0.44818732142448425,2.9208693992535448e-05
52550,3,1.6044976711273193,0.4403088092803955,2.9207028318127933e-05
52600,3,1.5218892097473145,0.4485529959201813,2.9205360945510215e-05
52650,3,1.4942553043365479,0.43233174085617065,2.9203691874905124e-05
52700,3,1.5096073150634766,0.43246719241142273,2.9202021106535715e-05
52750,3,1.4785386323928833,0.40852656960487366,2.9200348640625286e-05
52800,3,1.4962685108184814,0.4128737449645996,2.9198674477397338e-05
52850,3,1.483330249786377,0.43524065613746643,2.9196998617075628e-05
52900,3,1.4780325889587402,0.4151628613471985,2.9195321059884103e-05
52950,3,1.5079677104949951,0.40149253606796265,2.9193641806046978e-05
53000,3,1.4968081712722778,0.4360673427581787,2.9191960855788664e-05
53050,3,1.416604995727539,0.4177926182746887,2.919027820933381e-05
53100,3,1.469597339630127,0.41097208857536316,2.9188593866907286e-05
53150,3,1.4785130023956299,0.38716191053390503,2.9186907828734202e-05
53200,3,1.4782321453094482,0.4185962677001953,2.918522009503988e-05
53250,3,1.484630823135376,0.42969465255737305,2.9183530666049872e-05
53300,3,1.4614160060882568,0.42455044388771057,2.9181839541989968e-05
53350,3,1.534570336341858,0.4323199391365051,2.918014672308617e-05
53400,3,1.4994828701019287,0.4188895523548126,2.9178452209564713e-05
53450,3,1.5047693252563477,0.4320363700389862,2.9176756001652054e-05
53500,3,1.5377650260925293,0.44475236535072327,2.9175058099574886e-05
53550,3,1.431004285812378,0.43026551604270935,2.9173358503560117e-05
53600,3,1.4497363567352295,0.41819214820861816,2.917165721383489e-05
53650,3,1.4841961860656738,0.41491082310676575,2.9169954230626574e-05
53700,3,1.424410104751587,0.4227091073989868,2.9168249554162754e-05
53750,3,1.4745464324951172,0.4138548672199249,2.916654318467125e-05
53800,3,1.4784202575683594,0.43703120946884155,2.916483512238011e-05
53850,3,1.522817611694336,0.4075568914413452,2.916312536751761e-05
53900,3,1.537257194519043,0.4439845681190491,2.9161413920312235e-05
53950,3,1.4594917297363281,0.4164723753929138,2.9159700780992717e-05
54000,3,1.4534828662872314,0.44104301929473877,2.9157985949788008e-05
54050,3,1.4521819353103638,0.44849923253059387,2.9156269426927278e-05
54100,3,1.5137834548950195,0.4208460748195648,2.9154551212639933e-05
54150,3,1.4665448665618896,0.4300224184989929,2.9152831307155598e-05
54200,3,1.4630563259124756,0.4051395654678345,2.915110971070413e-05
54250,3,1.476455569267273,0.4054192900657654,2.91493864235156e-05
54300,3,1.5270559787750244,0.4275015890598297,2.9147661445820327e-05
54350,3,1.4675785303115845,0.4453158378601074,2.9145934777848836e-05
54400,3,1.5601513385772705,0.43292224407196045,2.9144206419831885e-05
54450,3,1.5203139781951904,0.4838149845600128,2.9142476372000454e-05
54500,3,1.4422271251678467,0.43088778853416443,2.914074463458576e-05
54550,3,1.487532138824463,0.43862101435661316,2.913901120781924e-05
54600,3,1.5638906955718994,0.4820686876773834,2.9137276091932545e-05
54650,3,1.4999154806137085,0.42638757824897766,2.913553928715756e-05
54700,3,1.4506080150604248,0.4053339958190918,2.913380079372641e-05
54750,3,1.5200814008712769,0.4589279890060425,2.9132060611871436e-05
54800,3,1.4599626064300537,0.43981626629829407,2.913031874182518e-05
54850,3,1.446823000907898,0.4441468119621277,2.912857518382045e-05
54900,3,1.4545559883117676,0.4433881640434265,2.9126829938090253e-05
54950,3,1.5167968273162842,0.4599815905094147,2.9125083004867834e-05
55000,3,1.502711296081543,0.4127160906791687,2.9123334384386654e-05
55050,3,1.5122296810150146,0.45852988958358765,2.9121584076880412e-05
55100,3,1.527496576309204,0.4464423358440399,2.9119832082583018e-05
55150,3,1.5081487894058228,0.42100852727890015,2.911807840172861e-05
55200,3,1.4729247093200684,0.43070998787879944,2.9116323034551572e-05
55250,3,1.418530821800232,0.3984861969947815,2.9114565981286485e-05
55300,3,1.4749715328216553,0.4229673743247986,2.911280724216817e-05
55350,3,1.462742567062378,0.43293601274490356,2.911104681743167e-05
55400,3,1.5160813331604004,0.46043774485588074,2.910928470731226e-05
55450,3,1.494475245475769,0.43148481845855713,2.9107520912045426e-05
55500,3,1.4933545589447021,0.43067067861557007,2.9105755431866892e-05
55550,3,1.3959107398986816,0.4183771014213562,2.91039882670126e-05
55600,3,1.489511489868164,0.4277525246143341,2.9102219417718732e-05
55650,3,1.462831735610962,0.41930970549583435,2.9100448884221663e-05
55700,3,1.4900736808776855,0.4245305061340332,2.909867666675802e-05
55750,3,1.551802396774292,0.4396580755710602,2.909690276556466e-05
55800,3,1.5155057907104492,0.43509426712989807,2.9095127180878644e-05
55850,3,1.4676865339279175,0.4192916750907898,2.9093349912937263e-05
55900,3,1.5123553276062012,0.4135749638080597,2.909157096197804e-05
55950,3,1.476260781288147,0.4787929654121399,2.9089790328238725e-05
56000,3,1.4496667385101318,0.4353763163089752,2.9088008011957285e-05
56050,3,1.4924570322036743,0.4336093068122864,2.9086224013371914e-05
56100,3,1.4631471633911133,0.42535510659217834,2.908443833272103e-05
56150,3,1.5300617218017578,0.4349321722984314,2.908265097024328e-05
56200,3,1.443981409072876,0.41854214668273926,2.9080861926177532e-05
56250,3,1.541813611984253,0.43642833828926086,2.907907120076288e-05
56300,3,1.4670639038085938,0.4149486720561981,2.9077278794238648e-05
56350,3,1.4508347511291504,0.4154607355594635,2.9075484706844372e-05
56400,3,1.539574146270752,0.4430229961872101,2.9073688938819816e-05
56450,3,1.5054662227630615,0.4416310787200928,2.907189149040498e-05
56500,3,1.5051358938217163,0.4504115581512451,2.9070092361840084e-05
56550,3,1.4504637718200684,0.38561949133872986,2.9068291553365564e-05
56600,3,1.4881829023361206,0.4519583284854889,2.9066489065222086e-05
56650,3,1.4200739860534668,0.4341762661933899,2.9064684897650544e-05
56700,3,1.4826648235321045,0.43231064081192017,2.9062879050892052e-05
56750,3,1.4393606185913086,0.41721397638320923,2.906107152518794e-05
56800,3,1.5071749687194824,0.407311350107193,2.9059262320779794e-05
56850,3,1.416742205619812,0.40624767541885376,2.9057451437909376e-05
56900,3,1.410776138305664,0.4106636047363281,2.9055638876818716e-05
56950,3,1.4509201049804688,0.4307882785797119,2.905382463775005e-05
57000,3,1.459449291229248,0.4121854305267334,2.905200872094583e-05
57050,3,1.5239486694335938,0.4279135763645172,2.9050191126648746e-05
57100,3,1.4434893131256104,0.41109907627105713,2.9048371855101707e-05
57150,3,1.4691622257232666,0.42906734347343445,2.9046550906547854e-05
57200,3,1.4399256706237793,0.4266825020313263,2.904472828123053e-05
57250,3,1.459998607635498,0.4499044120311737,2.904290397939333e-05
57300,3,1.5491230487823486,0.4412357211112976,2.9041078001280052e-05
57350,3,1.5074392557144165,0.42741280794143677,2.9039250347134727e-05
57400,3,1.478322148323059,0.3948196768760681,2.903742101720161e-05
57450,3,1.513851523399353,0.4235011041164398,2.9035590011725185e-05
57500,3,1.5111234188079834,0.44513604044914246,2.903375733095014e-05
57550,3,1.4364737272262573,0.41630539298057556,2.9031922975121414e-05
57600,3,1.476667881011963,0.4232840836048126,2.903008694448415e-05
57650,3,1.384606957435608,0.397938072681427,2.9028249239283723e-05
57700,3,1.4877408742904663,0.46025189757347107,2.9026409859765728e-05
57750,3,1.5186352729797363,0.43904417753219604,2.9024568806175987e-05
57800,3,1.485900640487671,0.4375200867652893,2.902272607876055e-05
57850,3,1.4581375122070312,0.42827722430229187,2.9020881677765674e-05
57900,3,1.449478268623352,0.4654693901538849,2.9019035603437863e-05
57950,3,1.4927822351455688,0.4674079418182373,2.901718785602382e-05
58000,3,1.5175080299377441,0.45746198296546936,2.9015338435770496e-05
58050,3,1.4792712926864624,0.43618014454841614,2.901348734292505e-05
58100,3,1.4765630960464478,0.44905415177345276,2.9011634577734863e-05
58150,3,1.473747968673706,0.4096621870994568,2.9009780140447553e-05
58200,3,1.414306640625,0.42147573828697205,2.9007924031310952e-05
58250,3,1.4866249561309814,0.45128339529037476,2.900606625057311e-05
58300,3,1.451913833618164,0.4373024106025696,2.9004206798482305e-05
58350,3,1.449221134185791,0.4287775754928589,2.9002345675287058e-05
58400,3,1.507368564605713,0.4518736004829407,2.900048288123608e-05
58450,3,1.443355917930603,0.414410799741745,2.899861841657832e-05
58500,3,1.4929968118667603,0.4590345025062561,2.8996752281562966e-05
58550,3,1.4988592863082886,0.4256335198879242,2.8994884476439396e-05
58600,3,1.4595084190368652,0.4275413751602173,2.899301500145725e-05
58650,3,1.4745750427246094,0.4317261874675751,2.8991143856866355e-05
58700,3,1.4053399562835693,0.4363194704055786,2.898927104291678e-05
58750,3,1.5000948905944824,0.43239954113960266,2.8987396559858816e-05
58800,3,1.4192535877227783,0.42873382568359375,2.898552040794298e-05
58850,3,1.4617074728012085,0.4597880244255066,2.898364258742e-05
58900,3,1.4441285133361816,0.4418394863605499,2.8981763098540838e-05
58950,3,1.529210090637207,0.44498565793037415,2.8979881941556676e-05
59000,3,1.407531976699829,0.4423805773258209,2.8977999116718914e-05
59050,3,1.4791839122772217,0.4308803379535675,2.8976114624279186e-05
59100,3,1.4991209506988525,0.4750917851924896,2.8974228464489332e-05
59150,3,1.4605863094329834,0.42826756834983826,2.8972340637601432e-05
59200,3,1.4349418878555298,0.4314931333065033,2.897045114386778e-05
59250,3,1.4884891510009766,0.4358867108821869,2.89685599835409e-05
59300,3,1.468546986579895,0.43736088275909424,2.8966667156873525e-05
59350,3,1.4572113752365112,0.4288296401500702,2.8964772664118616e-05
59400,3,1.3979575634002686,0.42967450618743896,2.896287650552937e-05
59450,3,1.436795949935913,0.4576677680015564,2.896097868135919e-05
59500,3,1.4436724185943604,0.42195039987564087,2.8959079191861705e-05
59550,3,1.4323444366455078,0.41223058104515076,2.895717803729077e-05
59600,3,1.5132646560668945,0.4239735007286072,2.895527521790047e-05
59650,3,1.4819958209991455,0.43074727058410645,2.8953370733945098e-05
59700,3,1.4347362518310547,0.4697149991989136,2.8951464585679173e-05
59750,3,1.4112812280654907,0.42338940501213074,2.8949556773357447e-05
59800,3,1.5024707317352295,0.4918401539325714,2.8947647297234875e-05
59850,3,1.502312183380127,0.4464764893054962,2.894573615756666e-05
59900,3,1.437065601348877,0.4438263177871704,2.89438233546082e-05
59950,3,1.4289400577545166,0.40900346636772156,2.8941908888615133e-05
60000,3,1.4053301811218262,0.47060590982437134,2.893999275984332e-05
60050,3,1.4820078611373901,0.47242671251296997,2.8938074968548835e-05
60100,3,1.4322881698608398,0.4405224919319153,2.8936155514987978e-05
60150,3,1.5403811931610107,0.44958269596099854,2.8934234399417266e-05
60200,3,1.4702709913253784,0.4599020481109619,2.8932311622093452e-05
60250,3,1.443300724029541,0.4255697429180145,2.89303871832735e-05
60300,3,1.4490481615066528,0.43641388416290283,2.8928461083214596e-05
60350,3,1.412292718887329,0.44238680601119995,2.8926533322174157e-05
60400,3,1.4187982082366943,0.4367105960845947,2.89246039004098e-05
60450,3,1.4191646575927734,0.4164290130138397,2.89226728181794e-05
60500,3,1.381714105606079,0.39554423093795776,2.8920740075741017e-05
60550,3,1.4735684394836426,0.4313093423843384,2.8918805673352957e-05
60600,3,1.4422969818115234,0.40515127778053284,2.8916869611273737e-05
60650,3,1.4856398105621338,0.4453703761100769,2.8914931889762105e-05
60700,3,1.4679113626480103,0.423896849155426,2.8912992509077014e-05
60750,3,1.4422695636749268,0.4186968207359314,2.891105146947766e-05
60800,3,1.5285859107971191,0.45731276273727417,2.890910877122345e-05
60850,3,1.4359872341156006,0.4427042305469513,2.8907164414573996e-05
60900,3,1.430647373199463,0.44728735089302063,2.890521839978917e-05
60950,3,1.4440314769744873,0.43511396646499634,2.8903270727129033e-05
61000,3,1.4499168395996094,0.4426523745059967,2.890132139685388e-05
61050,3,1.526545524597168,0.4621239900588989,2.8899370409224227e-05
61100,3,1.4160038232803345,0.4034673273563385,2.8897417764500807e-05
61150,3,1.4739845991134644,0.4147701859474182,2.8895463462944584e-05
61200,3,1.4379692077636719,0.4541413486003876,2.8893507504816735e-05
61250,3,1.514242172241211,0.4523901343345642,2.889154989037866e-05
61300,3,1.4236873388290405,0.42626458406448364,2.8889590619891977e-05
61350,3,1.3572906255722046,0.453319251537323,2.8887629693618537e-05
61400,3,1.459362268447876,0.42112091183662415,2.8885667111820404e-05
61450,3,1.4212009906768799,0.4204596281051636,2.8883702874759857e-05
61500,3,1.4267864227294922,0.4430968463420868,2.8881736982699416e-05
61550,3,1.5136773586273193,0.43889307975769043,2.8879769435901796e-05
61600,3,1.5155138969421387,0.45179283618927,2.8877800234629952e-05
61650,3,1.4090332984924316,0.41805315017700195,2.887582937914706e-05
61700,3,1.4320149421691895,0.45743709802627563,2.88738568697165e-05
61750,3,1.433095932006836,0.46959489583969116,2.8871882706601893e-05
61800,3,1.450282335281372,0.4264252781867981,2.8869906890067075e-05
61850,3,1.5288304090499878,0.4598039984703064,2.8867929420376093e-05
61900,3,1.5269503593444824,0.4350183606147766,2.886595029779323e-05
61950,3,1.5206490755081177,0.44857004284858704,2.886396952258298e-05
62000,3,1.4543744325637817,0.42240452766418457,2.8861987095010056e-05
62050,3,1.4948124885559082,0.4358885884284973,2.8860003015339407e-05
62100,3,1.4462605714797974,0.4356721043586731,2.885801728383618e-05
62150,3,1.3938915729522705,0.4206102192401886,2.8856029900765765e-05
62200,3,1.4326015710830688,0.4173623323440552,2.8854040866393753e-05
62250,3,1.4323174953460693,0.45739004015922546,2.8852050180985975e-05
62300,3,1.452148199081421,0.4409162402153015,2.8850057844808465e-05
62350,3,1.441598892211914,0.41983866691589355,2.8848063858127488e-05
62400,3,1.4348740577697754,0.41112279891967773,2.884606822120953e-05
62450,3,1.443688154220581,0.4278375506401062,2.8844070934321287e-05
62500,3,1.5073232650756836,0.46521440148353577,2.8842071997729697e-05
62550,3,1.479049801826477,0.4411650002002716,2.884007141170189e-05
62600,3,1.3755229711532593,0.42257624864578247,2.883806917650524e-05
62650,3,1.4670344591140747,0.44130900502204895,2.883606529240733e-05
62700,3,1.5054450035095215,0.44903233647346497,2.8834059759675966e-05
62750,3,1.4658682346343994,0.4501519203186035,2.8832052578579177e-05
62800,3,1.4459574222564697,0.42998915910720825,2.88300437493852e-05
62850,3,1.4363751411437988,0.4673706889152527,2.882803327236251e-05
62900,3,1.4464178085327148,0.43694356083869934,2.8826021147779794e-05
62950,3,1.4138596057891846,0.4191313683986664,2.8824007375905957e-05
63000,3,1.4038500785827637,0.42918604612350464,2.8821991957010128e-05
63050,3,1.473866581916809,0.4491824805736542,2.881997489136164e-05
63100,3,1.4588342905044556,0.4428783059120178,2.881795617923009e-05
63150,3,1.4459526538848877,0.4197404086589813,2.881593582088524e-05
63200,3,1.4740231037139893,0.43613746762275696,2.8813913816597106e-05
63250,3,1.3917946815490723,0.40385815501213074,2.881189016663592e-05
63300,3,1.4280266761779785,0.43228816986083984,2.8809864871272125e-05
63350,3,1.4649434089660645,0.42650794982910156,2.8807837930776388e-05
63400,3,1.4241247177124023,0.45122361183166504,2.880580934541959e-05
63450,3,1.4924379587173462,0.42710426449775696,2.8803779115472854e-05
63500,3,1.4015965461730957,0.4329020380973816,2.8801747241207493e-05
63550,3,1.509960651397705,0.4736233353614807,2.8799713722895058e-05
63600,3,1.46664559841156,0.46679362654685974,2.8797678560807318e-05
63650,3,1.504824161529541,0.49097105860710144,2.8795641755216254e-05
63700,3,1.5156023502349854,0.4429921805858612,2.8793603306394073e-05
63750,3,1.4734035730361938,0.4403670132160187,2.8791563214613205e-05
63800,3,1.4815142154693604,0.4703121781349182,2.8789521480146288e-05
63850,3,1.405144453048706,0.4336901903152466,2.878747810326619e-05
63900,3,1.42487370967865,0.40984150767326355,2.8785433084245993e-05
63950,3,1.407341718673706,0.4625883996486664,2.8783386423358998e-05
64000,3,1.4747923612594604,0.4194847345352173,2.8781338120878733e-05
64050,3,1.4336559772491455,0.42205196619033813,2.8779288177078937e-05
64100,3,1.427654504776001,0.4396812319755554,2.877723659223358e-05
64150,3,1.4547935724258423,0.4350118637084961,2.8775183366616824e-05
64200,3,1.3716509342193604,0.4454066753387451,2.877312850050309e-05
64250,3,1.4589344263076782,0.41676878929138184,2.877107199416698e-05
64300,3,1.43272066116333,0.4280443489551544,2.876901384788334e-05
64350,3,1.3981281518936157,0.43689990043640137,2.8766954061927228e-05
64400,3,1.4665812253952026,0.45594120025634766,2.8764892636573925e-05
64450,3,1.4828929901123047,0.46995389461517334,2.8762829572098915e-05
64500,3,1.4393855333328247,0.456765353679657,2.8760764868777925e-05
64550,3,1.4802378416061401,0.45027270913124084,2.8758698526886878e-05
64600,3,1.4625612497329712,0.42695581912994385,2.875663054670194e-05
64650,3,1.4553661346435547,0.4662463068962097,2.8754560928499473e-05
64700,3,1.356056809425354,0.4315970540046692,2.875248967255607e-05
64750,3,1.4393281936645508,0.45859503746032715,2.8750416779148537e-05
64800,3,1.349514126777649,0.40156012773513794,2.8748342248553913e-05
64850,3,1.44984769821167,0.43781355023384094,2.874626608104943e-05
64900,3,1.3599982261657715,0.41790273785591125,2.8744188276912572e-05
64950,3,1.3838801383972168,0.4510389566421509,2.8742108836421013e-05
65000,3,1.4137769937515259,0.4434904158115387,2.8740027759852654e-05
65050,3,1.4119677543640137,0.43501144647598267,2.873794504748562e-05
65100,3,1.4487905502319336,0.48291561007499695,2.8735860699598258e-05
65150,3,1.445617437362671,0.4356870949268341,2.8733774716469122e-05
65200,3,1.4153528213500977,0.4657665193080902,2.8731687098376984e-05
65250,3,1.4182792901992798,0.446295827627182,2.8729597845600854e-05
65300,4,1.4311518669128418,0.45675623416900635,2.872750695841993e-05
65350,4,1.3932247161865234,0.41238340735435486,2.8725414437113663e-05
65400,4,1.4468480348587036,0.4450937509536743,2.872332028196169e-05
65450,4,1.4707611799240112,0.5254012942314148,2.8721224493243888e-05
65500,4,1.4570305347442627,0.4452771544456482,2.8719127071240348e-05
65550,4,1.3865607976913452,0.4495067298412323,2.871702801623137e-05
65600,4,1.3369715213775635,0.42338255047798157,2.8714927328497482e-05
65650,4,1.407073974609375,0.4218333661556244,2.871282500831943e-05
65700,4,1.4088852405548096,0.43863290548324585,2.8710721055978165e-05
65750,4,1.3909242153167725,0.4283580183982849,2.8708615471754877e-05
65800,4,1.4084800481796265,0.4456463158130646,2.8706508255930956e-05
65850,4,1.4167218208312988,0.4390302300453186,2.8704399408788027e-05
65900,4,1.4880897998809814,0.4652615487575531,2.8702288930607915e-05
65950,4,1.4571397304534912,0.46307605504989624,2.870017682167267e-05
66000,4,1.4209420680999756,0.432079941034317,2.869806308226457e-05
66050,4,1.4989051818847656,0.4640222191810608,2.8695947712666094e-05
66100,4,1.349170446395874,0.44892847537994385,2.8693830713159947e-05
66150,4,1.4038649797439575,0.45440205931663513,2.8691712084029068e-05
66200,4,1.458033800125122,0.4517463147640228,2.8689591825556575e-05
66250,4,1.496982216835022,0.4580700397491455,2.868746993802584e-05
66300,4,1.5088862180709839,0.49013927578926086,2.8685346421720432e-05
66350,4,1.4095518589019775,0.41741761565208435,2.868322127692415e-05
66400,4,1.370971441268921,0.42328062653541565,2.8681094503921014e-05
66450,4,1.4616363048553467,0.45871078968048096,2.8678966102995233e-05
66500,4,1.4218556880950928,0.4208419620990753,2.8676836074431267e-05
66550,4,1.3836867809295654,0.4190562665462494,2.867470441851378e-05
66600,4,1.3765718936920166,0.4312349259853363,2.8672571135527648e-05
66650,4,1.3971178531646729,0.40150344371795654,2.8670436225757975e-05
66700,4,1.4786241054534912,0.4579484164714813,2.8668299689490076e-05
66750,4,1.464808464050293,0.452910840511322,2.8666161527009487e-05
66800,4,1.398918628692627,0.404000461101532,2.8664021738601952e-05
66850,4,1.415579080581665,0.4260962903499603,2.866188032455345e-05
66900,4,1.4850788116455078,0.4510345160961151,2.8659737285150156e-05
66950,4,1.4489188194274902,0.4469236433506012,2.865759262067848e-05
67000,4,1.449976921081543,0.4709170460700989,2.8655446331425045e-05
67050,4,1.4728763103485107,0.46247684955596924,2.8653298417676676e-05
67100,4,1.4187633991241455,0.4234030842781067,2.8651148879720442e-05
67150,4,1.4443199634552002,0.43345949053764343,2.8648997717843606e-05
67200,4,1.4572981595993042,0.46679526567459106,2.864684493233366e-05
67250,4,1.4167993068695068,0.4537346661090851,2.8644690523478304e-05
67300,4,1.408466100692749,0.4382043480873108,2.864253449156547e-05
67350,4,1.3996504545211792,0.44010481238365173,2.864037683688329e-05
67400,4,1.4679417610168457,0.4389781355857849,2.8638217559720123e-05
67450,4,1.4418060779571533,0.4343186318874359,2.8636056660364536e-05
67500,4,1.4410450458526611,0.4411633312702179,2.8633894139105328e-05
67550,4,1.4538832902908325,0.4574744403362274,2.8631729996231504e-05
67600,4,1.3653944730758667,0.42667844891548157,2.8629564232032285e-05
67650,4,1.4698388576507568,0.44574299454689026,2.862739684679711e-05
67700,4,1.4487035274505615,0.4240458905696869,2.8625227840815633e-05
67750,4,1.4444993734359741,0.41706350445747375,2.8623057214377733e-05
67800,4,1.3956573009490967,0.4259440302848816,2.8620884967773498e-05
67850,4,1.391244649887085,0.4280373454093933,2.8618711101293236e-05
67900,4,1.4206392765045166,0.4304676055908203,2.8616535615227472e-05
67950,4,1.4108455181121826,0.4444590210914612,2.861435850986694e-05
68000,4,1.3513154983520508,0.4487898349761963,2.8612179785502593e-05
68050,4,1.3802403211593628,0.4547126293182373,2.8609999442425606e-05
68100,4,1.462834119796753,0.45655831694602966,2.8607817480927375e-05
68150,4,1.4290621280670166,0.4733797311782837,2.86056339012995e-05
68200,4,1.4282357692718506,0.44208765029907227,2.8603448703833797e-05
68250,4,1.4959343671798706,0.4455869495868683,2.8601261888822304e-05
68300,4,1.4140088558197021,0.47291886806488037,2.859907345655728e-05
68350,4,1.4850960969924927,0.4585234522819519,2.859688340733119e-05
68400,4,1.5003716945648193,0.42633354663848877,2.8594691741436722e-05
68450,4,1.420430064201355,0.4370046854019165,2.8592498459166775e-05
68500,4,1.4580512046813965,0.4613756239414215,2.859030356081447e-05
68550,4,1.4199576377868652,0.46922507882118225,2.8588107046673142e-05
68600,4,1.4692065715789795,0.45572182536125183,2.8585908917036336e-05
68650,4,1.470546007156372,0.45237863063812256,2.858370917219782e-05
68700,4,1.3660643100738525,0.46419045329093933,2.858150781245157e-05
68750,4,1.3460849523544312,0.42727768421173096,2.857930483809179e-05
68800,4,1.4466146230697632,0.4458584785461426,2.8577100249412888e-05
68850,4,1.4581871032714844,0.4528777301311493,2.85748940467095e-05
68900,4,1.373516321182251,0.4489005208015442,2.857268623027646e-05
68950,4,1.4051544666290283,0.4461677670478821,2.857047680040884e-05
69000,4,1.42205011844635,0.5037593245506287,2.8568265757401906e-05
69050,4,1.4184489250183105,0.4520985782146454,2.856605310155115e-05
69100,4,1.3862483501434326,0.4477691948413849,2.856383883315229e-05
69150,4,1.4212872982025146,0.44649162888526917,2.856162295250123e-05
69200,4,1.4550472497940063,0.45310497283935547,2.855940545989412e-05
69250,4,1.3897373676300049,0.4272656738758087,2.8557186355627315e-05
69300,4,1.3904401063919067,0.41850268840789795,2.8554965639997374e-05
69350,4,1.4354071617126465,0.42394548654556274,2.855274331330109e-05
69400,4,1.4144343137741089,0.4568079113960266,2.8550519375835457e-05
69450,4,1.4705599546432495,0.47302159667015076,2.854829382789769e-05
69500,4,1.4344253540039062,0.43464037775993347,2.854606666978522e-05
69550,4,1.4198945760726929,0.44549041986465454,2.854383790179569e-05
69600,4,1.4339168071746826,0.42213448882102966,2.8541607524226967e-05
69650,4,1.4821805953979492,0.4538673460483551,2.853937553737712e-05
69700,4,1.3710834980010986,0.41960787773132324,2.8537141941544437e-05
69750,4,1.4141559600830078,0.4377228617668152,2.8534906737027426e-05
69800,4,1.3896982669830322,0.4321151375770569,2.853266992412481e-05
69850,4,1.4206782579421997,0.43122735619544983,2.8530431503135523e-05
69900,4,1.3904014825820923,0.4440211355686188,2.8528191474358713e-05
69950,4,1.415419340133667,0.47165584564208984,2.8525949838093742e-05
70000,4,1.4121685028076172,0.4378923177719116,2.8523706594640198e-05
70050,4,1.4090101718902588,0.45385879278182983,2.852146174429787e-05
70100,4,1.4087930917739868,0.4672062397003174,2.8519215287366773e-05
70150,4,1.4350154399871826,0.44569870829582214,2.851696722414712e-05
70200,4,1.4869719743728638,0.462164044380188,2.8514717554939368e-05
70250,4,1.4137792587280273,0.43505021929740906,2.851246628004415e-05
70300,4,1.3818285465240479,0.43937164545059204,2.8510213399762345e-05
70350,4,1.4847464561462402,0.47012707591056824,2.8507958914395035e-05
70400,4,1.4236352443695068,0.43886443972587585,2.8505702824243515e-05
70450,4,1.4383559226989746,0.45124369859695435,2.85034451296093e-05
70500,4,1.3802902698516846,0.4387226700782776,2.8501185830794112e-05
70550,4,1.3900141716003418,0.4258907735347748,2.849892492809989e-05
70600,4,1.4884012937545776,0.4616745114326477,2.849666242182879e-05
70650,4,1.4012196063995361,0.44102242588996887,2.849439831228319e-05
70700,4,1.4524176120758057,0.45778515934944153,2.849213259976566e-05
70750,4,1.440324068069458,0.46392256021499634,2.8489865284579005e-05
70800,4,1.4174000024795532,0.45667555928230286,2.8487596367026234e-05
70850,4,1.399648904800415,0.42050084471702576,2.8485325847410576e-05
70900,4,1.3880329132080078,0.44291672110557556,2.8483053726035466e-05
70950,4,1.3799726963043213,0.41902342438697815,2.8480780003204558e-05
71000,4,1.486139178276062,0.4514820873737335,2.8478504679221727e-05
71050,4,1.4711334705352783,0.5003662109375,2.8476227754391044e-05
71100,4,1.3794387578964233,0.4260600507259369,2.8473949229016814e-05
71150,4,1.4571032524108887,0.4484485685825348,2.8471669103403545e-05
71200,4,1.4038527011871338,0.4426628351211548,2.8469387377855963e-05
71250,4,1.4846456050872803,0.4856940507888794,2.8467104052679e-05
71300,4,1.3888635635375977,0.45434001088142395,2.846481912817781e-05
71350,4,1.4256768226623535,0.4641714096069336,2.8462532604657757e-05
71400,4,1.4708542823791504,0.4468207061290741,2.8460244482424423e-05
71450,4,1.4435946941375732,0.43393397331237793,2.8457954761783593e-05
71500,4,1.4159001111984253,0.44387924671173096,2.845566344304128e-05
71550,4,1.357365608215332,0.4281215965747833,2.8453370526503702e-05
71600,4,1.3930182456970215,0.4305473864078522,2.8451076012477287e-05
71650,4,1.4514580965042114,0.4821473956108093,2.844877990126869e-05
71700,4,1.3941622972488403,0.46167317032814026,2.844648219318477e-05
71750,4,1.4355818033218384,0.45673492550849915,2.8444182888532593e-05
71800,4,1.4525238275527954,0.4496927857398987,2.8441881987619455e-05
71850,4,1.4038255214691162,0.43800783157348633,2.8439579490752845e-05
71900,4,1.3957695960998535,0.4523504972457886,2.843727539824049e-05
71950,4,1.3925601243972778,0.4463152587413788,2.8434969710390307e-05
72000,4,1.3503196239471436,0.4272403120994568,2.843266242751044e-05
72050,4,1.4095642566680908,0.46918419003486633,2.843035354990924e-05
72100,4,1.4736888408660889,0.44884270429611206,2.8428043077895268e-05
72150,4,1.3833236694335938,0.46275922656059265,2.8425731011777318e-05
72200,4,1.4832079410552979,0.4821561276912689,2.842341735186437e-05
72250,4,1.391913890838623,0.4123390316963196,2.8421102098465632e-05
72300,4,1.4443717002868652,0.46850740909576416,2.8418785251890528e-05
72350,4,1.4187731742858887,0.4730146825313568,2.841646681244868e-05
72400,4,1.3728770017623901,0.4372442662715912,2.841414678044994e-05
72450,4,1.3574416637420654,0.43742311000823975,2.8411825156204358e-05
72500,4,1.4063208103179932,0.4614414572715759,2.8409501940022205e-05
72550,4,1.3380968570709229,0.4482153356075287,2.840717713221397e-05
72600,4,1.4205735921859741,0.4675650894641876,2.8404850733090342e-05
72650,4,1.3375494480133057,0.4525831639766693,2.8402522742962232e-05
72700,4,1.4086194038391113,0.4699867069721222,2.8400193162140758e-05
72750,4,1.4169679880142212,0.4805182218551636,2.8397861990937256e-05
72800,4,1.4062588214874268,0.47600439190864563,2.839552922966327e-05
72850,4,1.3783478736877441,0.43754273653030396,2.8393194878630554e-05
72900,4,1.3554089069366455,0.43128207325935364,2.8390858938151085e-05
72950,4,1.4272502660751343,0.4809860587120056,2.838852140853704e-05
73000,4,1.3963619470596313,0.4535469114780426,2.8386182290100822e-05
73050,4,1.4607690572738647,0.47030147910118103,2.8383841583155038e-05
73100,4,1.3844302892684937,0.504127025604248,2.8381499288012496e-05
73150,4,1.4183173179626465,0.4800645112991333,2.8379155404986247e-05
73200,4,1.4399583339691162,0.4883153438568115,2.8376809934389512e-05
73250,4,1.40507173538208,0.44919517636299133,2.837446287653577e-05
73300,4,1.4019368886947632,0.4379308223724365,2.8372114231738677e-05
73350,4,1.3999292850494385,0.4734402596950531,2.836976400031212e-05
73400,4,1.3978784084320068,0.4509681165218353,2.8367412182570184e-05
73450,4,1.3338310718536377,0.4248686730861664,2.8365058778827187e-05
73500,4,1.4212960004806519,0.45705464482307434,2.8362703789397634e-05
73550,4,1.3487998247146606,0.4579786956310272,2.8360347214596257e-05
73600,4,1.3836250305175781,0.42615872621536255,2.8357989054737995e-05
73650,4,1.4335986375808716,0.4798315167427063,2.835562931013801e-05
73700,4,1.449828863143921,0.438143789768219,2.835326798111165e-05
73750,4,1.3896781206130981,0.4442736804485321,2.8350905067974503e-05
73800,4,1.3994019031524658,0.4269982576370239,2.8348540571042356e-05
73850,4,1.4178333282470703,0.4917222261428833,2.8346174490631202e-05
73900,4,1.3811216354370117,0.4754621088504791,2.8343806827057265e-05
73950,4,1.3511362075805664,0.4377981126308441,2.8341437580636952e-05
74000,4,1.3762612342834473,0.45937320590019226,2.8339066751686902e-05
74050,4,1.4055310487747192,0.44834303855895996,2.833669434052396e-05
74100,4,1.3956903219223022,0.44963058829307556,2.833432034746519e-05
74150,4,1.4617390632629395,0.49699294567108154,2.833194477282786e-05
74200,4,1.3993858098983765,0.4400029480457306,2.8329567616929437e-05
74250,4,1.2650783061981201,0.407115638256073,2.8327188880087625e-05
74300,4,1.3688220977783203,0.45451971888542175,2.8324808562620323e-05
74350,4,1.3987585306167603,0.4566524028778076,2.832242666484564e-05
74400,4,1.4142228364944458,0.4704058766365051,2.832004318708191e-05
74450,4,1.425027847290039,0.49111461639404297,2.831765812964766e-05
74500,4,1.4212634563446045,0.46928948163986206,2.8315271492861642e-05
74550,4,1.4309439659118652,0.4530635476112366,2.831288327704281e-05
74600,4,1.3573331832885742,0.4691805839538574,2.8310493482510343e-05
74650,4,1.450447678565979,0.43999990820884705,2.8308102109583607e-05
74700,4,1.3923373222351074,0.45820656418800354,2.8305709158582203e-05
74750,4,1.4446899890899658,0.4814107418060303,2.8303314629825933e-05
74800,4,1.3743820190429688,0.4596860408782959,2.830091852363481e-05
74850,4,1.4129974842071533,0.4507305920124054,2.8298520840329052e-05
74900,4,1.3895964622497559,0.43845605850219727,2.8296121580229098e-05
74950,4,1.3762928247451782,0.47135254740715027,2.8293720743655586e-05
75000,4,1.3768486976623535,0.4451851546764374,2.8291318330929383e-05
75050,4,1.4147529602050781,0.45503827929496765,2.828891434237155e-05
75100,4,1.3465569019317627,0.46684184670448303,2.8286508778303365e-05
75150,4,1.3536182641983032,0.46055305004119873,2.8284101639046316e-05
75200,4,1.3918079137802124,0.47697508335113525,2.8281692924922098e-05
75250,4,1.4443743228912354,0.456962913274765,2.8279282636252626e-05
75300,4,1.3439586162567139,0.46878471970558167,2.8276870773360015e-05
75350,4,1.334829330444336,0.4686605632305145,2.8274457336566594e-05
75400,4,1.388802170753479,0.4536318778991699,2.82720423261949e-05
75450,4,1.3865129947662354,0.44801077246665955,2.8269625742567692e-05
75500,4,1.4432462453842163,0.4622592329978943,2.8267207586007925e-05
75550,4,1.4038634300231934,0.4506004750728607,2.826478785683877e-05
75600,4,1.3376915454864502,0.43750235438346863,2.8262366555383606e-05
75650,4,1.398247480392456,0.44444048404693604,2.8259943681966027e-05
75700,4,1.4981226921081543,0.47821810841560364,2.8257519236909827e-05
75750,4,1.4000167846679688,0.44553837180137634,2.8255093220539035e-05
75800,4,1.3842757940292358,0.4393392503261566,2.825266563317785e-05
75850,4,1.3366121053695679,0.4521466791629791,2.8250236475150716e-05
75900,4,1.4461207389831543,0.4595925509929657,2.8247805746782266e-05
75950,4,1.4187066555023193,0.4436907470226288,2.824537344839736e-05
76000,4,1.3989148139953613,0.43495362997055054,2.8242939580321053e-05
76050,4,1.3758208751678467,0.44879305362701416,2.8240504142878618e-05
76100,4,1.4388082027435303,0.464160293340683,2.8238067136395526e-05
76150,4,1.3673624992370605,0.44360390305519104,2.8235628561197482e-05
76200,4,1.3462591171264648,0.4273228943347931,2.823318841761038e-05
76250,4,1.4298189878463745,0.4790278673171997,2.823074670596032e-05
76300,4,1.3656929731369019,0.43393951654434204,2.822830342657363e-05
76350,4,1.4038944244384766,0.4399557113647461,2.8225858579776833e-05
76400,4,1.4300270080566406,0.4768621325492859,2.822341216589667e-05
76450,4,1.4284285306930542,0.4710756242275238,2.822096418526009e-05
76500,4,1.3645968437194824,0.4276270270347595,2.821851463819424e-05
76550,4,1.4544262886047363,0.47344446182250977,2.8216063525026496e-05
76600,4,1.3486236333847046,0.43834298849105835,2.821361084608443e-05
76650,4,1.3466129302978516,0.44207248091697693,2.8211156601695825e-05
76700,4,1.4205212593078613,0.47287923097610474,2.8208700792188675e-05
76750,4,1.4123961925506592,0.4822635054588318,2.820624341789118e-05
76800,4,1.4137693643569946,0.453337162733078,2.8203784479131758e-05
76850,4,1.3285517692565918,0.4324508011341095,2.8201323976239024e-05
76900,4,1.4375262260437012,0.4470343589782715,2.8198861909541812e-05
76950,4,1.3918204307556152,0.435362309217453,2.8196398279369157e-05
77000,4,1.3882429599761963,0.44396108388900757,2.8193933086050312e-05
77050,4,1.4261970520019531,0.4705037772655487,2.8191466329914728e-05
77100,4,1.4216914176940918,0.4474138617515564,2.8188998011292073e-05
77150,4,1.3697277307510376,0.43488556146621704,2.8186528130512224e-05
77200,4,1.3945300579071045,0.4376068711280823,2.8184056687905265e-05
77250,4,1.3762940168380737,0.43434441089630127,2.818158368380148e-05
77300,4,1.4442014694213867,0.4881564676761627,2.8179109118531375e-05
77350,4,1.4371336698532104,0.45003125071525574,2.817663299242566e-05
77400,4,1.3875166177749634,0.4493926465511322,2.8174155305815254e-05
77450,4,1.3888461589813232,0.4777461290359497,2.8171676059031275e-05
77500,4,1.3703298568725586,0.42782047390937805,2.8169195252405065e-05
77550,4,1.3421125411987305,0.46151629090309143,2.8166712886268173e-05
77600,4,1.4091805219650269,0.4505886435508728,2.816422896095234e-05
77650,4,1.462172269821167,0.47579482197761536,2.816174347678953e-05
77700,4,1.477245807647705,0.4562201499938965,2.8159256434111917e-05
77750,4,1.3894966840744019,0.44718801975250244,2.8156767833251864e-05
77800,4,1.3990981578826904,0.45462149381637573,2.8154277674541975e-05
77850,4,1.386134386062622,0.4784678816795349,2.815178595831502e-05
77900,4,1.4400806427001953,0.4538426995277405,2.8149292684904024e-05
77950,4,1.336594820022583,0.4186617136001587,2.8146797854642184e-05
78000,4,1.424315094947815,0.4699056148529053,2.8144301467862918e-05
78050,4,1.3643145561218262,0.44012585282325745,2.8141803524899853e-05
78100,4,1.298043966293335,0.4260779917240143,2.8139304026086817e-05
78150,4,1.430285930633545,0.456862211227417,2.8136802971757868e-05
78200,4,1.3174772262573242,0.4123601019382477,2.8134300362247236e-05
78250,4,1.4016973972320557,0.45446041226387024,2.813179619788939e-05
78300,4,1.3513401746749878,0.4558280408382416,2.812929047901899e-05
78350,4,1.4066253900527954,0.46659305691719055,2.8126783205970915e-05
78400,4,1.3694289922714233,0.4377346932888031,2.8124274379080234e-05
78450,4,1.366969347000122,0.4730255603790283,2.8121763998682244e-05
78500,4,1.4159893989562988,0.4697883129119873,2.811925206511244e-05
78550,4,1.4056791067123413,0.45267730951309204,2.811673857870652e-05
78600,4,1.3924955129623413,0.4679551124572754,2.81142235398004e-05
78650,4,1.3747460842132568,0.48455750942230225,2.81117069487302e-05
78700,4,1.3826093673706055,0.45858028531074524,2.8109188805832244e-05
78750,4,1.3966608047485352,0.47843196988105774,2.810666911144306e-05
78800,4,1.3683340549468994,0.4848088324069977,2.8104147865899396e-05
78850,4,1.4053223133087158,0.4548235833644867,2.810162506953819e-05
78900,4,1.3621245622634888,0.45104771852493286,2.8099100722696608e-05
78950,4,1.365044116973877,0.4328661262989044,2.8096574825712003e-05
79000,4,1.3392397165298462,0.44824618101119995,2.8094047378921952e-05
79050,4,1.4073355197906494,0.45095717906951904,2.809151838266423e-05
79100,4,1.368807077407837,0.45013856887817383,2.8088987837276814e-05
79150,4,1.4491840600967407,0.4530482292175293,2.8086455743097905e-05
79200,4,1.3736867904663086,0.44732823967933655,2.8083922100465887e-05
79250,4,1.377921223640442,0.44036832451820374,2.8081386909719376e-05
79300,4,1.415979027748108,0.4895942211151123,2.8078850171197183e-05
79350,4,1.362943172454834,0.4422776997089386,2.8076311885238322e-05
79400,4,1.3205931186676025,0.45844361186027527,2.8073772052182023e-05
79450,4,1.354682207107544,0.43204227089881897,2.8071230672367708e-05
79500,4,1.4080225229263306,0.4502989649772644,2.806868774613503e-05
79550,4,1.375399112701416,0.44954749941825867,2.8066143273823817e-05
79600,4,1.3178822994232178,0.43553540110588074,2.8063597255774133e-05
79650,4,1.3736435174942017,0.4664865732192993,2.8061049692326234e-05
79700,4,1.4117157459259033,0.4705594778060913,2.8058500583820585e-05
79750,4,1.3642499446868896,0.4662838876247406,2.805594993059786e-05
79800,4,1.4056313037872314,0.4644605815410614,2.805339773299893e-05
79850,4,1.401806354522705,0.4547416865825653,2.8050843991364888e-05
79900,4,1.3292295932769775,0.4363102614879608,2.8048288706037016e-05
79950,4,1.3724966049194336,0.46356576681137085,2.8045731877356814e-05
80000,4,1.379103422164917,0.47497597336769104,2.804317350566599e-05
80050,4,1.437190055847168,0.44338157773017883,2.804061359130645e-05
80100,4,1.417924165725708,0.4725261926651001,2.8038052134620305e-05
80150,4,1.3022544384002686,0.43656495213508606,2.8035489135949885e-05
80200,4,1.3996989727020264,0.4406799077987671,2.8032924595637712e-05
80250,4,1.3859949111938477,0.45900261402130127,2.8030358514026518e-05
80300,4,1.3359824419021606,0.43527743220329285,2.8027790891459248e-05
80350,4,1.4416844844818115,0.47997358441352844,2.8025221728279045e-05
80400,4,1.3507375717163086,0.45671072602272034,2.8022651024829264e-05
80450,4,1.3370985984802246,0.4468410313129425,2.8020078781453464e-05
80500,4,1.4633878469467163,0.46560239791870117,2.80175049984954e-05
80550,4,1.4029631614685059,0.4647270143032074,2.8014929676299048e-05
80600,4,1.339303731918335,0.43566420674324036,2.801235281520858e-05
80650,4,1.4361275434494019,0.4548337161540985,2.8009774415568373e-05
80700,4,1.4219486713409424,0.4678060710430145,2.800719447772302e-05
80750,4,1.3993420600891113,0.4675745964050293,2.800461300201731e-05
80800,4,1.351934790611267,0.43542414903640747,2.800202998879624e-05
80850,4,1.437507152557373,0.5221635699272156,2.799944543840501e-05
80900,4,1.3990778923034668,0.4612640142440796,2.799685935118903e-05
80950,4,1.423476219177246,0.4725622534751892,2.7994271727493916e-05
81000,4,1.40842604637146,0.49843519926071167,2.7991682567665485e-05
81050,4,1.3305885791778564,0.471344530582428,2.798909187204976e-05
81100,4,1.3918516635894775,0.4664647877216339,2.798649964099297e-05
81150,4,1.3464269638061523,0.43838420510292053,2.798390587484155e-05
81200,4,1.3698346614837646,0.4671494960784912,2.7981310573942135e-05
81250,4,1.4242111444473267,0.46062836050987244,2.7978713738641583e-05
81300,4,1.4504709243774414,0.4806085228919983,2.7976115369286933e-05
81350,4,1.3555312156677246,0.42444470524787903,2.7973515466225444e-05
81400,4,1.3776395320892334,0.48407986760139465,2.797091402980457e-05
81450,4,1.389594554901123,0.4588048756122589,2.7968311060371983e-05
81500,4,1.3540353775024414,0.432873010635376,2.796570655827555e-05
81550,4,1.4046471118927002,0.4679448902606964,2.7963100523863345e-05
81600,4,1.3956844806671143,0.4476427137851715,2.7960492957483644e-05
81650,4,1.3897124528884888,0.47893303632736206,2.795788385948494e-05
81700,4,1.3857052326202393,0.48981326818466187,2.7955273230215914e-05
81750,4,1.444941520690918,0.47867926955223083,2.7952661070025465e-05
81800,4,1.34353768825531,0.45751431584358215,2.7950047379262682e-05
81850,4,1.3875410556793213,0.4682253897190094,2.794743215827688e-05
81900,4,1.3986155986785889,0.4748796224594116,2.7944815407417547e-05
81950,4,1.3632330894470215,0.44760072231292725,2.7942197127034413e-05
82000,4,1.362985372543335,0.44047418236732483,2.7939577317477388e-05
82050,4,1.353472113609314,0.43224236369132996,2.793695597909659e-05
82100,4,1.3397566080093384,0.44033005833625793,2.7934333112242343e-05
82150,4,1.3859364986419678,0.4597635567188263,2.7931708717265183e-05
82200,4,1.373406171798706,0.4808599650859833,2.792908279451583e-05
82250,4,1.3640652894973755,0.4542933702468872,2.7926455344345234e-05
82300,4,1.351561188697815,0.45000600814819336,2.792382636710453e-05
82350,4,1.3537153005599976,0.4468851387500763,2.7921195863145065e-05
82400,4,1.3654282093048096,0.4819011092185974,2.791856383281839e-05
82450,4,1.4174604415893555,0.5006392598152161,2.791593027647625e-05
82500,4,1.3293325901031494,0.41655904054641724,2.7913295194470612e-05
82550,4,1.3697940111160278,0.450001984834671,2.7910658587153636e-05
82600,4,1.404512882232666,0.4649569094181061,2.790802045487768e-05
82650,4,1.4010627269744873,0.4493372440338135,2.7905380797995324e-05
82700,4,1.3813107013702393,0.46181583404541016,2.7902739616859336e-05
82750,4,1.402502179145813,0.47474050521850586,2.7900096911822687e-05
82800,4,1.4044883251190186,0.4741711914539337,2.789745268323856e-05
82850,4,1.3151575326919556,0.4252007305622101,2.789480693146034e-05
82900,4,1.3856587409973145,0.49612995982170105,2.7892159656841614e-05
82950,4,1.3714354038238525,0.45771467685699463,2.7889510859736173e-05
83000,4,1.400655746459961,0.454916775226593,2.7886860540498015e-05
83050,4,1.3897860050201416,0.46225506067276,2.7884208699481327e-05
83100,4,1.4324921369552612,0.47399237751960754,2.788155533704052e-05
83150,4,1.405836820602417,0.47235843539237976,2.7878900453530193e-05
83200,4,1.385296106338501,0.4464714825153351,2.7876244049305157e-05
83250,4,1.3639519214630127,0.4596472978591919,2.7873586124720423e-05
83300,4,1.4142634868621826,0.4602845311164856,2.78709266801312e-05
83350,4,1.3826709985733032,0.450448215007782,2.786826571589291e-05
83400,4,1.3760039806365967,0.4897134304046631,2.7865603232361173e-05
83450,4,1.3576476573944092,0.5072090029716492,2.7862939229891807e-05
83500,4,1.3867467641830444,0.4660450518131256,2.7860273708840844e-05
83550,4,1.3331269025802612,0.4505174458026886,2.7857606669564514e-05
83600,4,1.3599612712860107,0.464540034532547,2.7854938112419243e-05
83650,4,1.3002554178237915,0.45170044898986816,2.7852268037761674e-05
83700,4,1.3507086038589478,0.4617433249950409,2.784959644594864e-05
83750,4,1.3315551280975342,0.4509430527687073,2.784692333733718e-05
83800,4,1.3482861518859863,0.47187066078186035,2.7844248712284535e-05
83850,4,1.3205914497375488,0.4401422142982483,2.7841572571148158e-05
83900,4,1.4234344959259033,0.49657484889030457,2.7838894914285702e-05
83950,4,1.427858591079712,0.4516684412956238,2.7836215742055008e-05
84000,4,1.4188295602798462,0.48390063643455505,2.7833535054814127e-05
84050,4,1.3774209022521973,0.4663683772087097,2.783085285292132e-05
84100,4,1.4017069339752197,0.4480908513069153,2.7828169136735056e-05
84150,4,1.3830184936523438,0.47562023997306824,2.7825483906613973e-05
84200,4,1.4036610126495361,0.5013330578804016,2.7822797162916954e-05
84250,4,1.4278690814971924,0.49091818928718567,2.7820108906003056e-05
84300,4,1.3632179498672485,0.4545450210571289,2.7817419136231552e-05
84350,4,1.3683079481124878,0.4867094159126282,2.781472785396191e-05
84400,4,1.360936164855957,0.4773753881454468,2.7812035059553795e-05
84450,4,1.311716079711914,0.447070837020874,2.7809340753367093e-05
84500,4,1.361788034439087,0.4755541980266571,2.7806644935761864e-05
84550,4,1.3597761392593384,0.4376066327095032,2.7803947607098402e-05
84600,4,1.381473422050476,0.4798886179924011,2.780124876773718e-05
84650,4,1.334928274154663,0.4465300440788269,2.779854841803888e-05
84700,4,1.3618638515472412,0.46217313408851624,2.779584655836439e-05
84750,4,1.4043993949890137,0.4747087061405182,2.7793143189074794e-05
84800,4,1.4014756679534912,0.4830826222896576,2.7790438310531374e-05
84850,4,1.433285117149353,0.500045657157898,2.7787731923095625e-05
84900,4,1.3703348636627197,0.44491493701934814,2.7785024027129233e-05
84950,4,1.3645333051681519,0.4845048189163208,2.77823146229941e-05
85000,4,1.331472635269165,0.44751179218292236,2.777960371105231e-05
85050,4,1.4133021831512451,0.5140503644943237,2.7776891291666157e-05
85100,4,1.3322319984436035,0.47286519408226013,2.7774177365198143e-05
85150,4,1.32444429397583,0.44921571016311646,2.7771461932010975e-05
85200,4,1.3833767175674438,0.49333369731903076,2.7768744992467536e-05
85250,4,1.3104808330535889,0.4535640478134155,2.776602654693094e-05
85300,4,1.365566611289978,0.44891616702079773,2.7763306595764474e-05
85350,4,1.4550074338912964,0.5018982291221619,2.7760585139331657e-05
85400,4,1.373887538909912,0.4858037531375885,2.7757862177996188e-05
85450,4,1.31868314743042,0.43487828969955444,2.775513771212197e-05
85500,4,1.3516639471054077,0.45986586809158325,2.775241174207312e-05
85550,4,1.3673827648162842,0.4590661823749542,2.7749684268213934e-05
85600,4,1.2979434728622437,0.43617960810661316,2.7746955290908923e-05
85650,4,1.3561381101608276,0.4257056713104248,2.77442248105228e-05
85700,4,1.3257653713226318,0.441046804189682,2.7741492827420472e-05
85750,4,1.3215928077697754,0.45537975430488586,2.773875934196706e-05
85800,4,1.3754193782806396,0.494867205619812,2.7736024354527862e-05
85850,4,1.3696489334106445,0.4671078622341156,2.7733287865468398e-05
85900,4,1.3627806901931763,0.4474882483482361,2.7730549875154382e-05
85950,4,1.3101561069488525,0.4563417434692383,2.7727810383951734e-05
86000,4,1.3766584396362305,0.46083593368530273,2.7725069392226557e-05
86050,4,1.4223530292510986,0.4500636160373688,2.7722326900345176e-05
86100,4,1.3400075435638428,0.45793160796165466,2.7719582908674102e-05
86150,4,1.398440957069397,0.5239014625549316,2.7716837417580057e-05
86200,4,1.39365816116333,0.4739699065685272,2.7714090427429948e-05
86250,4,1.3669567108154297,0.44508999586105347,2.7711341938590892e-05
86300,4,1.3275444507598877,0.4680976867675781,2.770859195143022e-05
86350,4,1.3381235599517822,0.4388365149497986,2.770584046631544e-05
86400,4,1.3680721521377563,0.4687701463699341,2.7703087483614268e-05
86450,4,1.3944417238235474,0.474788099527359,2.7700333003694626e-05
86500,4,1.3477795124053955,0.46149858832359314,2.7697577026924637e-05
86550,4,1.3015542030334473,0.4693511724472046,2.76948195536726e-05
86600,4,1.345159888267517,0.4533942639827728,2.7692060584307057e-05
86650,4,1.373767614364624,0.4797983467578888,2.768930011919671e-05
86700,4,1.3567545413970947,0.4642397165298462,2.7686538158710485e-05
86750,4,1.3616492748260498,0.46714353561401367,2.7683774703217493e-05
86800,4,1.3616012334823608,0.46195992827415466,2.768100975308706e-05
86850,4,1.3644483089447021,0.4674042761325836,2.767824330868869e-05
86900,4,1.3382103443145752,0.45872342586517334,2.7675475370392117e-05
86950,4,1.3139569759368896,0.461387038230896,2.7672705938567245e-05
87000,4,1.3356826305389404,0.48467424511909485,2.7669935013584196e-05
87050,5,1.3751237392425537,0.49813634157180786,2.7667162595813283e-05
87100,5,1.3840662240982056,0.4681989550590515,2.766438868562502e-05
87150,5,1.3495428562164307,0.47759005427360535,2.7661613283390128e-05
87200,5,1.3374617099761963,0.47154298424720764,2.7658836389479514e-05
87250,5,1.34572434425354,0.4464559555053711,2.7656058004264295e-05
87300,5,1.3725523948669434,0.4751202166080475,2.7653278128115785e-05
87350,5,1.3658711910247803,0.42890268564224243,2.765049676140549e-05
87400,5,1.3512043952941895,0.47098270058631897,2.7647713904505127e-05
87450,5,1.3386781215667725,0.4420873522758484,2.764492955778661e-05
87500,5,1.3486748933792114,0.46563172340393066,2.7642143721622044e-05
87550,5,1.3422515392303467,0.44912266731262207,2.7639356396383733e-05
87600,5,1.3513617515563965,0.4507121741771698,2.7636567582444194e-05
87650,5,1.3453691005706787,0.4512211084365845,2.763377728017612e-05
87700,5,1.3595525026321411,0.46700263023376465,2.7630985489952428e-05
87750,5,1.3923156261444092,0.4572599530220032,2.7628192212146218e-05
87800,5,1.3292118310928345,0.46321743726730347,2.76253974471308e-05
87850,5,1.36008620262146,0.46913689374923706,2.7622601195279663e-05
87900,5,1.334822177886963,0.46985265612602234,2.7619803456966514e-05
87950,5,1.3658950328826904,0.457180380821228,2.761700423256526e-05
88000,5,1.3929109573364258,0.4994331896305084,2.7614203522449985e-05
88050,5,1.3721197843551636,0.46069490909576416,2.7611401326994996e-05
88100,5,1.3839993476867676,0.5077909827232361,2.760859764657478e-05
88150,5,1.4300085306167603,0.4806232452392578,2.7605792481564035e-05
88200,5,1.3948440551757812,0.48095184564590454,2.7602985832337656e-05
88250,5,1.3463436365127563,0.4638575315475464,2.7600177699270727e-05
88300,5,1.3317877054214478,0.45080986618995667,2.759736808273853e-05
88350,5,1.3870066404342651,0.47731783986091614,2.759455698311657e-05
88400,5,1.3151334524154663,0.4686698019504547,2.7591744400780516e-05
88450,5,1.359618067741394,0.4367810785770416,2.758893033610626e-05
88500,5,1.358130693435669,0.46776309609413147,2.7586114789469877e-05
88550,5,1.2981600761413574,0.4776591956615448,2.7583297761247652e-05
88600,5,1.3798705339431763,0.4586547613143921,2.7580479251816055e-05
88650,5,1.34590744972229,0.4834638237953186,2.757765926155177e-05
88700,5,1.3817644119262695,0.4757012724876404,2.7574837790831664e-05
88750,5,1.4179086685180664,0.4691959619522095,2.757201484003281e-05
88800,5,1.368812918663025,0.46636784076690674,2.7569190409532474e-05
88850,5,1.3510349988937378,0.4582820534706116,2.7566364499708123e-05
88900,5,1.3723533153533936,0.4477159380912781,2.7563537110937426e-05
88950,5,1.338709831237793,0.4621318578720093,2.756070824359824e-05
89000,5,1.3539881706237793,0.4666583240032196,2.7557877898068623e-05
89050,5,1.3624348640441895,0.45837435126304626,2.7555046074726838e-05
89100,5,1.4065115451812744,0.46657446026802063,2.7552212773951334e-05
89150,5,1.4156222343444824,0.5068988800048828,2.7549377996120766e-05
89200,5,1.378466248512268,0.46930742263793945,2.7546541741613985e-05
89250,5,1.4009599685668945,0.5148414969444275,2.754370401081003e-05
89300,5,1.4024220705032349,0.49436381459236145,2.7540864804088154e-05
89350,5,1.3174221515655518,0.453355997800827,2.753802412182779e-05
89400,5,1.34573233127594,0.4500446021556854,2.7535181964408585e-05
89450,5,1.3200557231903076,0.43459653854370117,2.7532338332210365e-05
89500,5,1.3979129791259766,0.4954736828804016,2.7529493225613164e-05
89550,5,1.349227786064148,0.4501224458217621,2.7526646644997227e-05
89600,5,1.3261487483978271,0.45391663908958435,2.752379859074296e-05
89650,5,1.3300485610961914,0.4834817945957184,2.7520949063231e-05
89700,5,1.401129961013794,0.46174222230911255,2.751809806284216e-05
89750,5,1.3072702884674072,0.46283677220344543,2.751524558995746e-05
89800,5,1.4057190418243408,0.4486128091812134,2.7512391644958116e-05
89850,5,1.382660150527954,0.4825884997844696,2.7509536228225533e-05
89900,5,1.288703441619873,0.4582631289958954,2.7506679340141328e-05
89950,5,1.375369906425476,0.45984897017478943,2.7503820981087296e-05
90000,5,1.341684341430664,0.45290660858154297,2.7500961151445445e-05
90050,5,1.3220198154449463,0.45947399735450745,2.749809985159797e-05
90100,5,1.391235113143921,0.4981628656387329,2.749523708192726e-05
90150,5,1.3989226818084717,0.4441465139389038,2.7492372842815904e-05
90200,5,1.3766238689422607,0.4679979681968689,2.7489507134646703e-05
90250,5,1.3787682056427002,0.46071940660476685,2.7486639957802626e-05
90300,5,1.3897329568862915,0.4882832467556,2.748377131266686e-05
90350,5,1.37361741065979,0.4711124897003174,2.7480901199622775e-05
90400,5,1.3307199478149414,0.4474249482154846,2.7478029619053944e-05
90450,5,1.4021313190460205,0.4959178566932678,2.7475156571344137e-05
90500,5,1.4185926914215088,0.5024017095565796,2.7472282056877316e-05
90550,5,1.3557393550872803,0.476033478975296,2.746940607603764e-05
90600,5,1.430915355682373,0.4756421148777008,2.7466528629209465e-05
90650,5,1.3800084590911865,0.4808093309402466,2.746364971677735e-05
90700,5,1.3352082967758179,0.4896441102027893,2.7460769339126027e-05
90750,5,1.3476958274841309,0.4370185434818268,2.7457887496640453e-05
90800,5,1.3947389125823975,0.4479407072067261,2.745500418970576e-05
90850,5,1.2535462379455566,0.4399621784687042,2.745211941870729e-05
90900,5,1.3620693683624268,0.47493818402290344,2.7449233184030568e-05
90950,5,1.3497248888015747,0.4507928192615509,2.744634548606132e-05
91000,5,1.2960352897644043,0.4295559227466583,2.744345632518547e-05
91050,5,1.3647866249084473,0.45567774772644043,2.7440565701789132e-05
91100,5,1.3601396083831787,0.4478023946285248,2.7437673616258627e-05
91150,5,1.3580353260040283,0.4712787866592407,2.743478006898045e-05
91200,5,1.3005050420761108,0.4805361330509186,2.7431885060341316e-05
91250,5,1.3593195676803589,0.480835884809494,2.742898859072812e-05
91300,5,1.3465094566345215,0.46423840522766113,2.7426090660527945e-05
91350,5,1.3255510330200195,0.4772356450557709,2.7423191270128105e-05
91400,5,1.336714267730713,0.4611755609512329,2.742029041991606e-05
91450,5,1.3411961793899536,0.4589911997318268,2.7417388110279502e-05
91500,5,1.336767315864563,0.46222689747810364,2.74144843416063e-05
91550,5,1.3439780473709106,0.4450257122516632,2.7411579114284534e-05
91600,5,1.3335199356079102,0.4416634738445282,2.7408672428702454e-05
91650,5,1.3164328336715698,0.4676135778427124,2.740576428524853e-05
91700,5,1.3633455038070679,0.4614652693271637,2.7402854684311405e-05
91750,5,1.3415380716323853,0.46885499358177185,2.7399943626279938e-05
91800,5,1.3762626647949219,0.4882323145866394,2.7397031111543174e-05
91850,5,1.3296551704406738,0.47769519686698914,2.739411714049034e-05
91900,5,1.3266966342926025,0.45219844579696655,2.739120171351088e-05
91950,5,1.3870742321014404,0.4903794825077057,2.7388284830994412e-05
92000,5,1.3499399423599243,0.4746323525905609,2.738536649333077e-05
92050,5,1.3317654132843018,0.46467867493629456,2.7382446700909962e-05
92100,5,1.2905585765838623,0.4623757302761078,2.7379525454122196e-05
92150,5,1.2738916873931885,0.4464869201183319,2.7376602753357887e-05
92200,5,1.398662805557251,0.48249316215515137,2.7373678599007628e-05
92250,5,1.3781006336212158,0.4720555245876312,2.737075299146221e-05
92300,5,1.3204882144927979,0.4760265648365021,2.736782593111263e-05
92350,5,1.3585011959075928,0.45808154344558716,2.7364897418350065e-05
92400,5,1.3928462266921997,0.47649475932121277,2.7361967453565892e-05
92450,5,1.3812028169631958,0.4709392786026001,2.735903603715168e-05
92500,5,1.3997429609298706,0.44050100445747375,2.7356103169499203e-05
92550,5,1.3690630197525024,0.4686218798160553,2.7353168851000402e-05
92600,5,1.3365777730941772,0.49655333161354065,2.735023308204744e-05
92650,5,1.358181357383728,0.4625808596611023,2.7347295863032662e-05
92700,5,1.3246842622756958,0.4422801733016968,2.734435719434861e-05
92750,5,1.3638603687286377,0.4802193343639374,2.7341417076388015e-05
92800,5,1.3675981760025024,0.45046672224998474,2.73384755095438e-05
92850,5,1.340714693069458,0.47615256905555725,2.7335532494209095e-05
92900,5,1.3415168523788452,0.46456438302993774,2.7332588030777203e-05
92950,5,1.341583490371704,0.4455391466617584,2.7329642119641644e-05
93000,5,1.3490686416625977,0.4427308440208435,2.7326694761196116e-05
93050,5,1.3118029832839966,0.4711366593837738,2.732374595583451e-05
93100,5,1.332817554473877,0.4678618013858795,2.7320795703950916e-05
93150,5,1.3335676193237305,0.45879432559013367,2.7317844005939617e-05
93200,5,1.3470697402954102,0.45358288288116455,2.7314890862195085e-05
93250,5,1.3892626762390137,0.45939046144485474,2.7311936273111995e-05
93300,5,1.3130381107330322,0.44760772585868835,2.7308980239085198e-05
93350,5,1.3441879749298096,0.4546293318271637,2.7306022760509757e-05
93400,5,1.390242099761963,0.4649757146835327,2.7303063837780913e-05
93450,5,1.3602633476257324,0.45949268341064453,2.7300103471294114e-05
93500,5,1.386687159538269,0.4924761652946472,2.7297141661444988e-05
93550,5,1.3448727130889893,0.4586920142173767,2.729417840862936e-05
93600,5,1.3143692016601562,0.4677935540676117,2.729121371324326e-05
93650,5,1.3527061939239502,0.4624418020248413,2.7288247575682882e-05
93700,5,1.3409602642059326,0.4503493905067444,2.728527999634464e-05
93750,5,1.3564445972442627,0.4621606767177582,2.7282310975625138e-05
93800,5,1.3805656433105469,0.4723668098449707,2.7279340513921155e-05
93850,5,1.3896104097366333,0.507178544998169,2.727636861162968e-05
93900,5,1.3034310340881348,0.47250306606292725,2.7273395269147882e-05
93950,5,1.3174843788146973,0.48966842889785767,2.7270420486873136e-05
94000,5,1.3464479446411133,0.48991096019744873,2.7267444265202997e-05
94050,5,1.35805082321167,0.4796123802661896,2.7264466604535217e-05
94100,5,1.353137731552124,0.4441750943660736,2.7261487505267748e-05
94150,5,1.3180346488952637,0.46137547492980957,2.7258506967798713e-05
94200,5,1.3715556859970093,0.46053072810173035,2.7255524992526457e-05
94250,5,1.3538082838058472,0.46668562293052673,2.7252541579849495e-05
94300,5,1.3185913562774658,0.5014500021934509,2.724955673016653e-05
94350,5,1.3352460861206055,0.46970438957214355,2.724657044387648e-05
94400,5,1.328096866607666,0.4488728940486908,2.7243582721378444e-05
94450,5,1.3592934608459473,0.4595189392566681,2.7240593563071703e-05
94500,5,1.4257898330688477,0.5169471502304077,2.723760296935574e-05
94550,5,1.3361096382141113,0.4538291394710541,2.723461094063023e-05
94600,5,1.3617777824401855,0.4647477865219116,2.7231617477295038e-05
94650,5,1.3385556936264038,0.457457959651947,2.722862257975022e-05
94700,5,1.3343935012817383,0.4715433120727539,2.7225626248396024e-05
94750,5,1.3577492237091064,0.4491438567638397,2.7222628483632888e-05
94800,5,1.3234999179840088,0.4395441710948944,2.7219629285861445e-05
94850,5,1.378901720046997,0.48816847801208496,2.721662865548252e-05
94900,5,1.3327674865722656,0.45069077610969543,2.7213626592897128e-05
94950,5,1.3097267150878906,0.46389341354370117,2.7210623098506465e-05
95000,5,1.373292326927185,0.4474526643753052,2.7207618172711945e-05
95050,5,1.3189778327941895,0.4676826298236847,2.7204611815915143e-05
95100,5,1.321351408958435,0.4656555950641632,2.720160402851784e-05
95150,5,1.364105224609375,0.4791126251220703,2.719859481092201e-05
95200,5,1.2942732572555542,0.460079550743103,2.719558416352982e-05
95250,5,1.3536758422851562,0.48535147309303284,2.7192572086743612e-05
95300,5,1.3410210609436035,0.49637195467948914,2.718955858096594e-05
95350,5,1.3150643110275269,0.4594246447086334,2.7186543646599526e-05
95400,5,1.322770357131958,0.4874766767024994,2.7183527284047314e-05
95450,5,1.3572359085083008,0.46595999598503113,2.7180509493712408e-05
95500,5,1.3434867858886719,0.47036927938461304,2.717749027599812e-05
95550,5,1.4056909084320068,0.5076921582221985,2.7174469631307947e-05
95600,5,1.3100872039794922,0.46485069394111633,2.717144756004558e-05
95650,5,1.3533613681793213,0.47038504481315613,2.71684240626149e-05
95700,5,1.3582708835601807,0.4881494641304016,2.7165399139419976e-05
95750,5,1.3267593383789062,0.46270430088043213,2.716237279086506e-05
95800,5,1.3667988777160645,0.47917598485946655,2.7159345017354617e-05
95850,5,1.3442597389221191,0.4736005365848541,2.7156315819293286e-05
95900,5,1.3502676486968994,0.4848410487174988,2.7153285197085897e-05
95950,5,1.3403429985046387,0.46492186188697815,2.715025315113747e-05
96000,5,1.3265125751495361,0.4785155653953552,2.7147219681853217e-05
96050,5,1.3194468021392822,0.4655379354953766,2.714418478963855e-05
96100,5,1.3481214046478271,0.4771749973297119,2.7141148474899056e-05
96150,5,1.3247060775756836,0.43921658396720886,2.7138110738040516e-05
96200,5,1.3212907314300537,0.4546385705471039,2.7135071579468905e-05
96250,5,1.3837800025939941,0.49373558163642883,2.713203099959039e-05
96300,5,1.3353296518325806,0.4802103340625763,2.7128988998811325e-05
96350,5,1.3771382570266724,0.48927977681159973,2.712594557753825e-05
96400,5,1.3403692245483398,0.47971588373184204,2.71229007361779e-05
96450,5,1.284705400466919,0.4669172465801239,2.711985447513719e-05
96500,5,1.290572166442871,0.47525089979171753,2.711680679482324e-05
96550,5,1.3515278100967407,0.47411975264549255,2.7113757695643355e-05
96600,5,1.3339788913726807,0.45716333389282227,2.7110707178005024e-05
96650,5,1.2764742374420166,0.47636425495147705,2.7107655242315924e-05
96700,5,1.3130749464035034,0.45098677277565,2.7104601888983932e-05
96750,5,1.323718786239624,0.5172578692436218,2.7101547118417107e-05
96800,5,1.3224592208862305,0.4562307298183441,2.70984909310237e-05
96850,5,1.3500089645385742,0.47415950894355774,2.709543332721214e-05
96900,5,1.302984595298767,0.5044548511505127,2.7092374307391073e-05
96950,5,1.2902392148971558,0.45949387550354004,2.7089313871969303e-05
97000,5,1.3425583839416504,0.4693109393119812,2.7086252021355846e-05
97050,5,1.3042924404144287,0.4616623520851135,2.708318875595989e-05
97100,5,1.2530930042266846,0.4791008234024048,2.708012407619082e-05
97150,5,1.4031646251678467,0.480803519487381,2.7077057982458223e-05
97200,5,1.3091421127319336,0.4641243517398834,2.7073990475171844e-05
97250,5,1.3429896831512451,0.45303112268447876,2.7070921554741646e-05
97300,5,1.4395263195037842,0.4818224310874939,2.706785122157777e-05
97350,5,1.3072060346603394,0.47995221614837646,2.706477947609054e-05
97400,5,1.3090537786483765,0.4939758777618408,2.7061706318690487e-05
97450,5,1.3803404569625854,0.47114911675453186,2.7058631749788303e-05
97500,5,1.3079195022583008,0.46675926446914673,2.7055555769794892e-05
97550,5,1.353249192237854,0.47546979784965515,2.705247837912133e-05
97600,5,1.3045086860656738,0.45385444164276123,2.7049399578178902e-05
97650,5,1.3593699932098389,0.4683982729911804,2.7046319367379064e-05
97700,5,1.3164719343185425,0.4683229625225067,2.7043237747133468e-05
97750,5,1.3248705863952637,0.4701819121837616,2.7040154717853945e-05
97800,5,1.3452733755111694,0.46180346608161926,2.7037070279952524e-05
97850,5,1.359031081199646,0.451080322265625,2.7033984433841424e-05
97900,5,1.3351149559020996,0.4799268841743469,2.7030897179933048e-05
97950,5,1.3664116859436035,0.4676322937011719,2.702780851863998e-05
98000,5,1.295766830444336,0.45680880546569824,2.702471845037501e-05
98050,5,1.3479890823364258,0.4658412039279938,2.7021626975551095e-05
98100,5,1.30938720703125,0.4781731963157654,2.7018534094581395e-05
98150,5,1.3030662536621094,0.43894657492637634,2.701543980787925e-05
98200,5,1.34584379196167,0.4747444987297058,2.7012344115858196e-05
98250,5,1.3684241771697998,0.48832857608795166,2.7009247018931946e-05
98300,5,1.3352960348129272,0.45252856612205505,2.7006148517514413e-05
98350,5,1.4033771753311157,0.46547049283981323,2.7003048612019685e-05
98400,5,1.3687870502471924,0.49032101035118103,2.699994730286205e-05
98450,5,1.3308868408203125,0.46512261033058167,2.699684459045597e-05
98500,5,1.3526101112365723,0.4866519570350647,2.6993740475216107e-05
98550,5,1.3551042079925537,0.4444778859615326,2.69906349575573e-05
98600,5,1.3891907930374146,0.47940996289253235,2.6987528037894592e-05
98650,5,1.372352957725525,0.5190219879150391,2.698441971664319e-05
98700,5,1.3115065097808838,0.48034706711769104,2.6981309994218508e-05
98750,5,1.3789937496185303,0.47061848640441895,2.6978198871036143e-05
98800,5,1.3745694160461426,0.4658057391643524,2.6975086347511862e-05
98850,5,1.291292428970337,0.4593554735183716,2.697197242406165e-05
98900,5,1.3247125148773193,0.4830477237701416,2.6968857101101647e-05
98950,5,1.3155910968780518,0.47674423456192017,2.6965740379048204e-05
99000,5,1.3198914527893066,0.4886051118373871,2.6962622258317847e-05
99050,5,1.3425679206848145,0.47083455324172974,2.6959502739327298e-05
99100,5,1.3280644416809082,0.46636131405830383,2.6956381822493457e-05
99150,5,1.3241647481918335,0.4740123748779297,2.6953259508233412e-05
99200,5,1.3792122602462769,0.49495577812194824,2.695013579696444e-05
99250,5,1.295433759689331,0.48149341344833374,2.6947010689104002e-05
99300,5,1.4040875434875488,0.5071151852607727,2.694388418506975e-05
99350,5,1.3438985347747803,0.45717719197273254,2.6940756285279525e-05
99400,5,1.3025660514831543,0.45042839646339417,2.6937626990151343e-05
99450,5,1.315361499786377,0.45116961002349854,2.6934496300103428e-05
99500,5,1.3681294918060303,0.49709564447402954,2.693136421555415e-05
99550,5,1.2793943881988525,0.45814353227615356,2.6928230736922116e-05
99600,5,1.3405048847198486,0.46942368149757385,2.692509586462608e-05
99650,5,1.3487389087677002,0.4795457720756531,2.6921959599085003e-05
99700,5,1.3409703969955444,0.4470541775226593,2.6918821940718028e-05
99750,5,1.2962419986724854,0.4689747393131256,2.6915682889944478e-05
99800,5,1.3977546691894531,0.49511784315109253,2.6912542447183867e-05
99850,5,1.3123109340667725,0.47495144605636597,2.6909400612855897e-05
99900,5,1.245321273803711,0.42696207761764526,2.6906257387380448e-05
99950,5,1.3263580799102783,0.4771847724914551,2.6903112771177592e-05
100000,5,1.3233709335327148,0.45598623156547546,2.6899966764667596e-05
100050,5,1.3110854625701904,0.4463490843772888,2.689681936827089e-05
100100,5,1.3960974216461182,0.4565870761871338,2.6893670582408116e-05
100150,5,1.3709702491760254,0.4866403043270111,2.6890520407500074e-05
100200,5,1.3480510711669922,0.4591517150402069,2.6887368843967774e-05
100250,5,1.302834391593933,0.4716639816761017,2.6884215892232394e-05
100300,5,1.4177112579345703,0.5353283286094666,2.6881061552715316e-05
100350,5,1.3450607061386108,0.4693395495414734,2.6877905825838085e-05
100400,5,1.3483333587646484,0.49059736728668213,2.687474871202245e-05
100450,5,1.319953441619873,0.47271960973739624,2.687159021169034e-05
100500,5,1.3283039331436157,0.4820230007171631,2.6868430325263864e-05
100550,5,1.3831785917282104,0.4913592040538788,2.6865269053165317e-05
100600,5,1.294909954071045,0.4705720543861389,2.6862106395817186e-05
100650,5,1.3600611686706543,0.4818347990512848,2.685894235364214e-05
100700,5,1.3698639869689941,0.4916726052761078,2.6855776927063028e-05
100750,5,1.320214033126831,0.45469343662261963,2.6852610116502892e-05
100800,5,1.34907865524292,0.45212897658348083,2.6849441922384957e-05
100850,5,1.3669826984405518,0.4753987193107605,2.6846272345132625e-05
100900,5,1.2722117900848389,0.49786877632141113,2.6843101385169496e-05
100950,5,1.2629928588867188,0.47412750124931335,2.683992904291934e-05
101000,5,1.4023336172103882,0.4886360466480255,2.6836755318806126e-05
101050,5,1.4127787351608276,0.508161723613739,2.6833580213253997e-05
101100,5,1.3842570781707764,0.47443854808807373,2.683040372668729e-05
101150,5,1.4024651050567627,0.4768764078617096,2.682722585953052e-05
101200,5,1.3743040561676025,0.45767250657081604,2.682404661220838e-05
101250,5,1.3464510440826416,0.470258504152298,2.6820865985145766e-05
101300,5,1.2945094108581543,0.47338059544563293,2.6817683978767742e-05
101350,5,1.3404769897460938,0.46627646684646606,2.6814500593499566e-05
101400,5,1.3550958633422852,0.4976850152015686,2.6811315829766668e-05
101450,5,1.3821303844451904,0.47795069217681885,2.6808129687994682e-05
101500,5,1.3488668203353882,0.4710898697376251,2.6804942168609402e-05
101550,5,1.3177175521850586,0.4519648849964142,2.6801753272036838e-05
101600,5,1.360546588897705,0.454346239566803,2.6798562998703142e-05
101650,5,1.3352521657943726,0.45267367362976074,2.6795371349034686e-05
101700,5,1.37297785282135,0.4883025586605072,2.6792178323458014e-05
101750,5,1.3395204544067383,0.4835968613624573,2.6788983922399846e-05
101800,5,1.4204224348068237,0.4990764856338501,2.67857881462871e-05
101850,5,1.3616478443145752,0.471883624792099,2.6782590995546862e-05
101900,5,1.3330912590026855,0.47513723373413086,2.6779392470606414e-05
101950,5,1.3104252815246582,0.48190030455589294,2.677619257189322e-05
102000,5,1.3181512355804443,0.4936506450176239,2.6772991299834926e-05
102050,5,1.3495988845825195,0.4830029010772705,2.6769788654859352e-05
102100,5,1.2866379022598267,0.46386921405792236,2.676658463739452e-05
102150,5,1.3141789436340332,0.4589652121067047,2.676337924786862e-05
102200,5,1.30438232421875,0.4675165116786957,2.6760172486710036e-05
102250,5,1.3018499612808228,0.4764356315135956,2.6756964354347326e-05
102300,5,1.3473474979400635,0.506313681602478,2.675375485120924e-05
102350,5,1.3660004138946533,0.4706364870071411,2.67505439777247e-05
102400,5,1.301416039466858,0.4896904528141022,2.6747331734322822e-05
102450,5,1.331315279006958,0.4926268458366394,2.6744118121432906e-05
102500,5,1.2894147634506226,0.46765634417533875,2.6740903139484417e-05
102550,5,1.322144627571106,0.490641713142395,2.6737686788907027e-05
102600,5,1.337066650390625,0.46660614013671875,2.6734469070130582e-05
102650,5,1.3614118099212646,0.481616735458374,2.6731249983585104e-05
102700,5,1.2781624794006348,0.4893651604652405,2.67280295297008e-05
102750,5,1.2793841361999512,0.47658368945121765,2.672480770890806e-05
102800,5,1.3603627681732178,0.47534045577049255,2.672158452163747e-05
102850,5,1.334026575088501,0.4786507189273834,2.6718359968319777e-05
102900,5,1.3296610116958618,0.4840516149997711,2.671513404938593e-05
102950,5,1.2764484882354736,0.4616714119911194,2.6711906765267045e-05
103000,5,1.3124349117279053,0.46361568570137024,2.6708678116394433e-05
103050,5,1.3347547054290771,0.4978555142879486,2.670544810319958e-05
103100,5,1.3471267223358154,0.49780353903770447,2.6702216726114146e-05
103150,5,1.3037174940109253,0.4584103226661682,2.669898398557e-05
103200,5,1.324785828590393,0.464677095413208,2.6695749881999162e-05
103250,5,1.336486577987671,0.44977006316185,2.6692514415833855e-05
103300,5,1.33823823928833,0.45557114481925964,2.6689277587506476e-05
103350,5,1.3904026746749878,0.4804442822933197,2.668603939744961e-05
103400,5,1.2675825357437134,0.4660103917121887,2.6682799846096016e-05
103450,5,1.4146255254745483,0.49243369698524475,2.6679558933878635e-05
103500,5,1.354872703552246,0.47535938024520874,2.6676316661230596e-05
103550,5,1.3334240913391113,0.48694896697998047,2.6673073028585214e-05
103600,5,1.3236124515533447,0.46467044949531555,2.6669828036375965e-05
103650,5,1.3521668910980225,0.48074963688850403,2.666658168503654e-05
103700,5,1.3005188703536987,0.4888996183872223,2.6663333975000774e-05
103750,5,1.3245266675949097,0.4893331527709961,2.666008490670271e-05
103800,5,1.2916852235794067,0.48328980803489685,2.665683448057657e-05
103850,5,1.3272477388381958,0.47452351450920105,2.6653582697056737e-05
103900,5,1.3629591464996338,0.49437227845191956,2.6650329556577805e-05
103950,5,1.2758795022964478,0.4593559205532074,2.6647075059574527e-05
104000,5,1.3736103773117065,0.5118898153305054,2.664381920648185e-05
104050,5,1.3078581094741821,0.4677262306213379,2.664056199773489e-05
104100,5,1.3160524368286133,0.5097239017486572,2.663730343376896e-05
104150,5,1.376753568649292,0.4799636900424957,2.663404351501954e-05
104200,5,1.3176956176757812,0.4706380367279053,2.6630782241922293e-05
104250,5,1.3418902158737183,0.49666067957878113,2.6627519614913073e-05
104300,5,1.334482192993164,0.45864832401275635,2.662425563442791e-05
104350,5,1.3445953130722046,0.4888075292110443,2.6620990300903007e-05
104400,5,1.354386806488037,0.5109208822250366,2.661772361477476e-05
104450,5,1.311794400215149,0.5111004114151001,2.6614455576479735e-05
104500,5,1.296297311782837,0.4981715679168701,2.6611186186454685e-05
104550,5,1.3475311994552612,0.49853286147117615,2.6607915445136543e-05
104600,5,1.3620034456253052,0.5099943280220032,2.660464335296242e-05
104650,5,1.3047785758972168,0.484379380941391,2.6601369910369617e-05
104700,5,1.2889893054962158,0.47330787777900696,2.6598095117795603e-05
104750,5,1.3679804801940918,0.5059602856636047,2.659481897567803e-05
104800,5,1.3599114418029785,0.5094318389892578,2.659154148445473e-05
104850,5,1.3658987283706665,0.48019930720329285,2.6588262644563725e-05
104900,5,1.3422136306762695,0.47842878103256226,2.6584982456443214e-05
104950,5,1.3416744470596313,0.5065363645553589,2.6581700920531565e-05
105000,5,1.3296194076538086,0.5006772875785828,2.6578418037267327e-05
105050,5,1.315603494644165,0.4747888743877411,2.6575133807089248e-05
105100,5,1.3365362882614136,0.4934258759021759,2.6571848230436238e-05
105150,5,1.2999656200408936,0.46318286657333374,2.6568561307747393e-05
105200,5,1.389190912246704,0.5060729384422302,2.656527303946199e-05
105250,5,1.3441139459609985,0.4674196243286133,2.656198342601948e-05
105300,5,1.2991243600845337,0.46143803000450134,2.6558692467859507e-05
105350,5,1.3856613636016846,0.4968501925468445,2.655540016542188e-05
105400,5,1.3571786880493164,0.49352020025253296,2.655210651914659e-05
105450,5,1.2699613571166992,0.44985389709472656,2.654881152947382e-05
105500,5,1.327186107635498,0.45608294010162354,2.654551519684391e-05
105550,5,1.3418962955474854,0.5017688870429993,2.6542217521697406e-05
105600,5,1.3379446268081665,0.4634944796562195,2.6538918504475012e-05
105650,5,1.2873351573944092,0.500075101852417,2.653561814561763e-05
105700,5,1.2620348930358887,0.46511319279670715,2.6532316445566324e-05
105750,5,1.3802330493927002,0.46680542826652527,2.652901340476234e-05
105800,5,1.2958943843841553,0.47323906421661377,2.6525709023647114e-05
105850,5,1.3263986110687256,0.5064886808395386,2.6522403302662253e-05
105900,5,1.352615475654602,0.4637797474861145,2.6519096242249547e-05
105950,5,1.2917497158050537,0.4250830113887787,2.6515787842850958e-05
106000,5,1.324357509613037,0.49339190125465393,2.6512478104908633e-05
106050,5,1.3312861919403076,0.5357711911201477,2.65091670288649e-05
106100,5,1.2825043201446533,0.4547356963157654,2.6505854615162263e-05
106150,5,1.2896912097930908,0.5045108199119568,2.6502540864243398e-05
106200,5,1.4261960983276367,0.4980276823043823,2.649922577655117e-05
106250,5,1.3052194118499756,0.4875274896621704,2.6495909352528614e-05
106300,5,1.3038628101348877,0.4723725914955139,2.649259159261896e-05
106350,5,1.3783785104751587,0.5065078139305115,2.648927249726559e-05
106400,5,1.3242214918136597,0.4773028492927551,2.6485952066912085e-05
106450,5,1.3187501430511475,0.46816784143447876,2.6482630302002203e-05
106500,5,1.3651418685913086,0.4968283176422119,2.647930720297987e-05
106550,5,1.3318758010864258,0.49499931931495667,2.64759827702892e-05
106600,5,1.2932310104370117,0.47263631224632263,2.6472657004374482e-05
106650,5,1.3154940605163574,0.4649674594402313,2.646932990568017e-05
106700,5,1.285323143005371,0.471209317445755,2.6466001474650927e-05
106750,5,1.300581693649292,0.4792037904262543,2.6462671711731567e-05
106800,5,1.3137322664260864,0.4882908761501312,2.645934061736709e-05
106850,5,1.3194739818572998,0.46118873357772827,2.6456008192002678e-05
106900,5,1.3280826807022095,0.49674585461616516,2.6452674436083685e-05
106950,5,1.3180203437805176,0.5027302503585815,2.6449339350055645e-05
107000,5,1.3023399114608765,0.47415995597839355,2.6446002934364273e-05
107050,5,1.3340494632720947,0.4673873484134674,2.6442665189455457e-05
107100,5,1.3563008308410645,0.4866393506526947,2.6439326115775266e-05
107150,5,1.3158951997756958,0.4488603174686432,2.6435985713769943e-05
107200,5,1.3553411960601807,0.4720557630062103,2.643264398388591e-05
107250,5,1.3479373455047607,0.479511022567749,2.6429300926569766e-05
107300,5,1.3302546739578247,0.5040988326072693,2.6425956542268298e-05
107350,5,1.3698598146438599,0.5136752724647522,2.6422610831428446e-05
107400,5,1.3068783283233643,0.49697497487068176,2.6419263794497353e-05
107450,5,1.3068668842315674,0.47433793544769287,2.6415915431922327e-05
107500,5,1.334603190422058,0.4965803623199463,2.6412565744150854e-05
107550,5,1.2726025581359863,0.4454600214958191,2.6409214731630593e-05
107600,5,1.3340951204299927,0.5128717422485352,2.640586239480939e-05
107650,5,1.2840220928192139,0.4751298129558563,2.6402508734135258e-05
107700,5,1.3120841979980469,0.4759421646595001,2.6399153750056397e-05
107750,5,1.3066082000732422,0.4685288071632385,2.6395797443021173e-05
107800,5,1.2991299629211426,0.44502800703048706,2.639243981347814e-05
107850,5,1.3322837352752686,0.4687289893627167,2.6389080861876014e-05
107900,5,1.2817741632461548,0.46902450919151306,2.6385720588663712e-05
107950,5,1.2858173847198486,0.45590823888778687,2.6382358994290294e-05
108000,5,1.3766274452209473,0.5183776617050171,2.6378996079205026e-05
108050,5,1.2837295532226562,0.4817276895046234,2.637563184385734e-05
108100,5,1.367771863937378,0.47176432609558105,2.6372266288696833e-05
108150,5,1.3048688173294067,0.4717066287994385,2.6368899414173302e-05
108200,5,1.4144566059112549,0.5149530172348022,2.63655312207367e-05
108250,5,1.3186419010162354,0.46921443939208984,2.636216170883717e-05
108300,5,1.3129756450653076,0.47590744495391846,2.635879087892502e-05
108350,5,1.344430923461914,0.5202538371086121,2.635541873145074e-05
108400,5,1.3093454837799072,0.495385080575943,2.635204526686499e-05
108450,5,1.2746710777282715,0.4835313856601715,2.634867048561862e-05
108500,5,1.3208422660827637,0.4603360593318939,2.6345294388162643e-05
108550,5,1.3131523132324219,0.47459667921066284,2.6341916974948258e-05
108600,5,1.3477482795715332,0.480796217918396,2.6338538246426824e-05
108650,5,1.34495210647583,0.47920092940330505,2.6335158203049888e-05
108700,5,1.3365401029586792,0.4788767695426941,2.6331776845269176e-05
108750,5,1.35256028175354,0.48535338044166565,2.632839417353658e-05
108800,6,1.3455307483673096,0.49055179953575134,2.6325010188304173e-05
108850,6,1.270359754562378,0.4680255651473999,2.6321624890024197e-05
108900,6,1.32271409034729,0.4760037362575531,2.6318238279149085e-05
108950,6,1.2685539722442627,0.49419301748275757,2.6314850356131426e-05
109000,6,1.3029735088348389,0.4664769768714905,2.6311461121424003e-05
109050,6,1.307426929473877,0.46979889273643494,2.6308070575479752e-05
109100,6,1.3280029296875,0.4591192305088043,2.6304678718751805e-05
109150,6,1.3911248445510864,0.5160380601882935,2.6301285551693467e-05
109200,6,1.3297311067581177,0.4743216335773468,2.6297891074758196e-05
109250,6,1.3164145946502686,0.4646371006965637,2.6294495288399655e-05
109300,6,1.3021564483642578,0.5375697016716003,2.6291098193071664e-05
109350,6,1.2994319200515747,0.4785839915275574,2.6287699789228224e-05
109400,6,1.2993240356445312,0.45258069038391113,2.62843000773235e-05
109450,6,1.2916101217269897,0.466361939907074,2.6280899057811857e-05
109500,6,1.2621431350708008,0.4556220769882202,2.6277496731147808e-05
109550,6,1.3305420875549316,0.47621411085128784,2.627409309778605e-05
109600,6,1.283215045928955,0.4723794162273407,2.6270688158181468e-05
109650,6,1.2722668647766113,0.46326425671577454,2.626728191278909e-05
109700,6,1.3122458457946777,0.46175411343574524,2.626387436206416e-05
109750,6,1.3070636987686157,0.4873301088809967,2.6260465506462058e-05
109800,6,1.309321641921997,0.5013126134872437,2.6257055346438363e-05
109850,6,1.3273613452911377,0.46918895840644836,2.6253643882448818e-05
109900,6,1.304774284362793,0.49741655588150024,2.625023111494934e-05
109950,6,1.3338336944580078,0.4991907775402069,2.624681704439603e-05
110000,6,1.3011682033538818,0.47112610936164856,2.624340167124515e-05
110050,6,1.313900351524353,0.4642782509326935,2.6239984995953146e-05
110100,6,1.300802230834961,0.47981318831443787,2.623656701897663e-05
110150,6,1.3260061740875244,0.4832703769207001,2.6233147740772393e-05
110200,6,1.3193198442459106,0.4926016926765442,2.62297271617974e-05
110250,6,1.329488754272461,0.4747822880744934,2.6226305282508792e-05
110300,6,1.3157250881195068,0.4639572203159332,2.622288210336387e-05
110350,6,1.3257920742034912,0.49658405780792236,2.6219457624820133e-05
110400,6,1.2922565937042236,0.5061365365982056,2.6216031847335225e-05
110450,6,1.326714038848877,0.47366148233413696,2.6212604771366994e-05
110500,6,1.2775132656097412,0.5006849765777588,2.6209176397373436e-05
110550,6,1.3283758163452148,0.49025648832321167,2.6205746725812732e-05
110600,6,1.2655895948410034,0.4760994613170624,2.6202315757143235e-05
110650,6,1.3279987573623657,0.46669450402259827,2.6198883491823478e-05
110700,6,1.3317413330078125,0.489371120929718,2.6195449930312143e-05
110750,6,1.3421952724456787,0.4786387085914612,2.6192015073068125e-05
110800,6,1.297677755355835,0.4796111583709717,2.618857892055046e-05
110850,6,1.2928751707077026,0.4677462875843048,2.6185141473218354e-05
110900,6,1.3325302600860596,0.5086121559143066,2.6181702731531225e-05
110950,6,1.3116815090179443,0.4849727749824524,2.6178262695948618e-05
111000,6,1.321855068206787,0.4806421995162964,2.6174821366930278e-05
111050,6,1.2323706150054932,0.5007684230804443,2.6171378744936117e-05
111100,6,1.3635965585708618,0.5019552707672119,2.6167934830426216e-05
111150,6,1.4044568538665771,0.510755717754364,2.6164489623860833e-05
111200,6,1.3526227474212646,0.4938245117664337,2.6161043125700394e-05
111250,6,1.3401117324829102,0.4996497333049774,2.6157595336405503e-05
111300,6,1.3466691970825195,0.4980034828186035,2.6154146256436938e-05
111350,6,1.3084518909454346,0.5021716952323914,2.615069588625564e-05
111400,6,1.3110216856002808,0.49976134300231934,2.614724422632273e-05
111450,6,1.3355650901794434,0.5002548694610596,2.61437912770995e-05
111500,6,1.3177709579467773,0.4626482427120209,2.6140337039047415e-05
111550,6,1.3086318969726562,0.4830925762653351,2.6136881512628106e-05
111600,6,1.298802137374878,0.47503671050071716,2.6133424698303386e-05
111650,6,1.254960298538208,0.4621417224407196,2.6129966596535238e-05
111700,6,1.2574492692947388,0.45093920826911926,2.6126507207785802e-05
111750,6,1.3099366426467896,0.45599931478500366,2.6123046532517416e-05
111800,6,1.2835513353347778,0.4893445670604706,2.611958457119257e-05
111850,6,1.315601110458374,0.4855230152606964,2.6116121324273936e-05
111900,6,1.304786205291748,0.4928266406059265,2.611265679222435e-05
111950,6,1.3001502752304077,0.48384496569633484,2.6109190975506825e-05
112000,6,1.3366456031799316,0.5096057057380676,2.6105723874584543e-05
112050,6,1.2698557376861572,0.4636304974555969,2.6102255489920864e-05
112100,6,1.3700530529022217,0.5241738557815552,2.609878582197931e-05
112150,6,1.336387276649475,0.5000103712081909,2.609531487122358e-05
112200,6,1.436943531036377,0.5152727365493774,2.609184263811754e-05
112250,6,1.3097915649414062,0.5066829323768616,2.6088369123125246e-05
112300,6,1.2864329814910889,0.47862112522125244,2.6084894326710886e-05
112350,6,1.2700672149658203,0.45658332109451294,2.6081418249338866e-05
112400,6,1.286585807800293,0.452205091714859,2.6077940891473726e-05
112450,6,1.345476508140564,0.4697929620742798,2.6074462253580202e-05
112500,6,1.284838080406189,0.5024986267089844,2.6070982336123184e-05
112550,6,1.3666191101074219,0.48827916383743286,2.6067501139567747e-05
112600,6,1.3244255781173706,0.48071780800819397,2.606401866437912e-05
112650,6,1.3324251174926758,0.48455891013145447,2.6060534911022717e-05
112700,6,1.3347594738006592,0.4670111835002899,2.6057049879964123e-05
112750,6,1.3280017375946045,0.4800812304019928,2.6053563571669085e-05
112800,6,1.3358964920043945,0.4843668043613434,2.6050075986603528e-05
112850,6,1.3073768615722656,0.5151154398918152,2.604658712523354e-05
112900,6,1.282179355621338,0.47512882947921753,2.6043096988025383e-05
112950,6,1.3487401008605957,0.47783878445625305,2.60396055754455e-05
113000,6,1.3345153331756592,0.5005565881729126,2.6036112887960487e-05
113050,6,1.2963677644729614,0.4648905098438263,2.6032618926037124e-05
113100,6,1.255645513534546,0.46601518988609314,2.6029123690142355e-05
113150,6,1.2809162139892578,0.46115604043006897,2.6025627180743286e-05
113200,6,1.268465280532837,0.48656797409057617,2.6022129398307213e-05
113250,6,1.2472679615020752,0.4671699106693268,2.601863034330159e-05
113300,6,1.3020310401916504,0.5168442130088806,2.6015130016194036e-05
113350,6,1.3279027938842773,0.4805874228477478,2.6011628417452355e-05
113400,6,1.3042933940887451,0.474751740694046,2.6008125547544504e-05
113450,6,1.3014655113220215,0.5372889041900635,2.6004621406938625e-05
113500,6,1.274669885635376,0.4641161561012268,2.6001115996103026e-05
113550,6,1.3488229513168335,0.47253575921058655,2.5997609315506174e-05
113600,6,1.345340371131897,0.48818066716194153,2.599410136561672e-05
113650,6,1.2667591571807861,0.498454213142395,2.5990592146903468e-05
113700,6,1.2991483211517334,0.48664480447769165,2.5987081659835412e-05
113750,6,1.3222837448120117,0.4848719537258148,2.5983569904881704e-05
113800,6,1.3705668449401855,0.48193204402923584,2.5980056882511663e-05
113850,6,1.2817846536636353,0.4725974500179291,2.5976542593194784e-05
113900,6,1.3070203065872192,0.47000136971473694,2.5973027037400724e-05
113950,6,1.2821991443634033,0.4608708322048187,2.5969510215599325e-05
114000,6,1.348588228225708,0.5248878598213196,2.596599212826057e-05
114050,6,1.2929905652999878,0.4920582175254822,2.596247277585465e-05
114100,6,1.25220787525177,0.4680686593055725,2.5958952158851883e-05
114150,6,1.363722324371338,0.4776853621006012,2.5955430277722782e-05
114200,6,1.2983404397964478,0.48230621218681335,2.5951907132938027e-05
114250,6,1.2766073942184448,0.4964110851287842,2.594838272496846e-05
114300,6,1.2984542846679688,0.4802331030368805,2.5944857054285097e-05
114350,6,1.334518313407898,0.4715086817741394,2.5941330121359124e-05
114400,6,1.3232976198196411,0.48207926750183105,2.5937801926661878e-05
114450,6,1.3495216369628906,0.4920733869075775,2.5934272470664896e-05
114500,6,1.268800973892212,0.46581119298934937,2.5930741753839853e-05
114550,6,1.3473858833312988,0.49926790595054626,2.5927209776658613e-05
114600,6,1.3651832342147827,0.5172262191772461,2.5923676539593203e-05
114650,6,1.31141197681427,0.4985239505767822,2.592014204311581e-05
114700,6,1.3439888954162598,0.4893481731414795,2.5916606287698805e-05
114750,6,1.3088617324829102,0.4787954092025757,2.5913069273814706e-05
114800,6,1.2755420207977295,0.4669685959815979,2.5909531001936227e-05
114850,6,1.2876176834106445,0.4689663350582123,2.590599147253622e-05
114900,6,1.3241827487945557,0.5108999609947205,2.5902450686087727e-05
114950,6,1.2890642881393433,0.4780160188674927,2.589890864306395e-05
115000,6,1.28987717628479,0.47055181860923767,2.589536534393826e-05
115050,6,1.3242313861846924,0.5079473853111267,2.5891820789184195e-05
115100,6,1.3172085285186768,0.4972081780433655,2.588827497927546e-05
115150,6,1.361544132232666,0.4991918206214905,2.5884727914685933e-05
115200,6,1.382763147354126,0.515193521976471,2.5881179595889648e-05
115250,6,1.3044233322143555,0.4849783182144165,2.587763002336082e-05
115300,6,1.2016456127166748,0.4796983301639557,2.587407919757383e-05
115350,6,1.2268180847167969,0.4572661817073822,2.5870527119003206e-05
115400,6,1.2684532403945923,0.45740827918052673,2.586697378812368e-05
115450,6,1.311675786972046,0.5186364650726318,2.5863419205410117e-05
115500,6,1.3178496360778809,0.46676400303840637,2.5859863371337575e-05
115550,6,1.3211984634399414,0.5273271799087524,2.5856306286381258e-05
115600,6,1.3551498651504517,0.4756409525871277,2.5852747951016547e-05
115650,6,1.2403781414031982,0.5045500993728638,2.5849188365718998e-05
115700,6,1.235290765762329,0.4735942482948303,2.5845627530964317e-05
115750,6,1.3201968669891357,0.4826591908931732,2.5842065447228394e-05
115800,6,1.298306941986084,0.5054176449775696,2.5838502114987273e-05
115850,6,1.3254916667938232,0.4829399287700653,2.5834937534717168e-05
115900,6,1.300107479095459,0.4932264983654022,2.5831371706894465e-05
115950,6,1.355983853340149,0.46833956241607666,2.582780463199571e-05
116000,6,1.2550890445709229,0.4578075110912323,2.5824236310497627e-05
116050,6,1.2354588508605957,0.4542659521102905,2.582066674287709e-05
116100,6,1.2874374389648438,0.4598432779312134,2.5817095929611152e-05
116150,6,1.3333890438079834,0.45808160305023193,2.5813523871177027e-05
116200,6,1.3181779384613037,0.4961586594581604,2.58099505680521e-05
116250,6,1.268463134765625,0.47002747654914856,2.5806376020713915e-05
116300,6,1.2822309732437134,0.5051887631416321,2.5802800229640193e-05
116350,6,1.350074291229248,0.5101015567779541,2.5799223195308798e-05
116400,6,1.3997550010681152,0.4977652132511139,2.57956449181978e-05
116450,6,1.3177490234375,0.5045115351676941,2.57920653987854e-05
116500,6,1.322511911392212,0.4975188672542572,2.5788484637549975e-05
116550,6,1.3816460371017456,0.5026423931121826,2.5784902634970077e-05
116600,6,1.2937369346618652,0.4736032783985138,2.578131939152441e-05
116650,6,1.3292760848999023,0.48113811016082764,2.577773490769186e-05
116700,6,1.292205810546875,0.515967607498169,2.5774149183951458e-05
116750,6,1.3253017663955688,0.47133246064186096,2.577056222078242e-05
116800,6,1.288022518157959,0.48162025213241577,2.5766974018664118e-05
116850,6,1.3167316913604736,0.4883243441581726,2.5763384578076088e-05
116900,6,1.3739619255065918,0.5161401033401489,2.5759793899498044e-05
116950,6,1.3151416778564453,0.48404785990715027,2.5756201983409845e-05
117000,6,1.3320457935333252,0.4775787591934204,2.5752608830291538e-05
117050,6,1.281724214553833,0.4575069546699524,2.5749014440623312e-05
117100,6,1.2536782026290894,0.4528215825557709,2.574541881488554e-05
117150,6,1.3112337589263916,0.5067736506462097,2.5741821953558764e-05
117200,6,1.3437405824661255,0.47730037569999695,2.5738223857123657e-05
117250,6,1.2815903425216675,0.4674445390701294,2.5734624526061106e-05
117300,6,1.326590657234192,0.45862630009651184,2.5731023960852116e-05
117350,6,1.2808525562286377,0.4760850965976715,2.5727422161977894e-05
117400,6,1.2189443111419678,0.47409236431121826,2.572381912991979e-05
117450,6,1.2889206409454346,0.48033756017684937,2.5720214865159327e-05
117500,6,1.2917485237121582,0.4607108235359192,2.5716609368178187e-05
117550,6,1.2717351913452148,0.48292088508605957,2.5713002639458225e-05
117600,6,1.2709009647369385,0.4795258939266205,2.5709394679481457e-05
117650,6,1.3032751083374023,0.49468404054641724,2.5705785488730065e-05
117700,6,1.2597100734710693,0.511364221572876,2.570217506768639e-05
117750,6,1.4244953393936157,0.522939920425415,2.5698563416832937e-05
117800,6,1.2794861793518066,0.46830683946609497,2.569495053665238e-05
117850,6,1.3140699863433838,0.4904516041278839,2.569133642762757e-05
117900,6,1.2968053817749023,0.4655831456184387,2.568772109024149e-05
117950,6,1.2630507946014404,0.4459190368652344,2.5684104524977317e-05
118000,6,1.3180592060089111,0.4938471019268036,2.568048673231838e-05
118050,6,1.3121354579925537,0.5067486763000488,2.5676867712748167e-05
118100,6,1.3428993225097656,0.49048471450805664,2.5673247466750345e-05
118150,6,1.2882461547851562,0.4708326756954193,2.5669625994808732e-05
118200,6,1.2881817817687988,0.4463196396827698,2.5666003297407308e-05
118250,6,1.312132716178894,0.5196912288665771,2.5662379375030234e-05
118300,6,1.3002667427062988,0.47645944356918335,2.5658754228161812e-05
118350,6,1.3085575103759766,0.5023688673973083,2.5655127857286527e-05
118400,6,1.3015366792678833,0.47948259115219116,2.5651500262889015e-05
118450,6,1.329676866531372,0.4977925717830658,2.5647871445454078e-05
118500,6,1.3302888870239258,0.491638720035553,2.564424140546669e-05
118550,6,1.282865047454834,0.4906062185764313,2.564061014341198e-05
118600,6,1.3131303787231445,0.5076665282249451,2.5636977659775236e-05
118650,6,1.3106845617294312,0.5027809143066406,2.5633343955041925e-05
118700,6,1.3466060161590576,0.49517011642456055,2.5629709029697657e-05
118750,6,1.3254722356796265,0.5062550902366638,2.562607288422823e-05
118800,6,1.2620184421539307,0.4755609929561615,2.562243551911957e-05
118850,6,1.328124761581421,0.47057074308395386,2.5618796934857808e-05
118900,6,1.3055180311203003,0.48446714878082275,2.56151571319292e-05
118950,6,1.2710764408111572,0.48721301555633545,2.5611516110820198e-05
119000,6,1.2557895183563232,0.4705428183078766,2.5607873872017386e-05
119050,6,1.3019351959228516,0.5056754946708679,2.560423041600753e-05
119100,6,1.3014764785766602,0.47379806637763977,2.5600585743277556e-05
119150,6,1.283595323562622,0.47045084834098816,2.5596939854314546e-05
119200,6,1.3229424953460693,0.5165938138961792,2.5593292749605757e-05
119250,6,1.2893691062927246,0.5174784660339355,2.5589644429638587e-05
119300,6,1.2887619733810425,0.47739508748054504,2.5585994894900625e-05
119350,6,1.3100908994674683,0.48875242471694946,2.5582344145879596e-05
119400,6,1.3631782531738281,0.5035309195518494,2.5578692183063408e-05
119450,6,1.2859141826629639,0.47788384556770325,2.557503900694011e-05
119500,6,1.3389971256256104,0.4746069014072418,2.5571384617997935e-05
119550,6,1.2870638370513916,0.4950436055660248,2.556772901672526e-05
119600,6,1.3576278686523438,0.5302954316139221,2.5564072203610635e-05
119650,6,1.351535439491272,0.47997984290122986,2.5560414179142774e-05
119700,6,1.215960144996643,0.46540123224258423,2.555675494381054e-05
119750,6,1.3377124071121216,0.5648128390312195,2.555309449810297e-05
119800,6,1.328228235244751,0.49529412388801575,2.5549432842509257e-05
119850,6,1.277117371559143,0.4729275405406952,2.5545769977518756e-05
119900,6,1.2974488735198975,0.48622551560401917,2.554210590362099e-05
119950,6,1.3207378387451172,0.5090175271034241,2.5538440621305628e-05
120000,6,1.2302829027175903,0.4689410328865051,2.553477413106252e-05
120050,6,1.2962968349456787,0.4882386028766632,2.5531106433381663e-05
120100,6,1.320939540863037,0.472842812538147,2.5527437528753226e-05
120150,6,1.2963392734527588,0.5189874172210693,2.552376741766753e-05
120200,6,1.3106954097747803,0.4968031644821167,2.552009610061506e-05
120250,6,1.262817621231079,0.5032458901405334,2.5516423578086463e-05
120300,6,1.3142828941345215,0.503015398979187,2.551274985057255e-05
120350,6,1.2525789737701416,0.4959598183631897,2.5509074918564292e-05
120400,6,1.3065049648284912,0.4789086878299713,2.550539878255281e-05
120450,6,1.2949703931808472,0.47400158643722534,2.5501721443029407e-05
120500,6,1.279937982559204,0.4822008013725281,2.5498042900485524e-05
120550,6,1.2959227561950684,0.46523186564445496,2.5494363155412785e-05
120600,6,1.319740653038025,0.5009969472885132,2.549068220830296e-05
120650,6,1.3425025939941406,0.4819778501987457,2.5487000059647974e-05
120700,6,1.3132282495498657,0.5240072011947632,2.548331670993994e-05
120750,6,1.2445971965789795,0.5097628235816956,2.547963215967109e-05
120800,6,1.3115007877349854,0.4768238961696625,2.5475946409333863e-05
120850,6,1.2107081413269043,0.4545139670372009,2.5472259459420823e-05
120900,6,1.3679759502410889,0.514139711856842,2.5468571310424703e-05
120950,6,1.3208119869232178,0.5247573256492615,2.5464881962838406e-05
121000,6,1.35138738155365,0.4900553524494171,2.5461191417154987e-05
121050,6,1.259631633758545,0.4927629828453064,2.5457499673867668e-05
121100,6,1.2924069166183472,0.4559990465641022,2.5453806733469817e-05
121150,6,1.3688393831253052,0.4926016330718994,2.5450112596454975e-05
121200,6,1.2965302467346191,0.5382838845252991,2.5446417263316845e-05
121250,6,1.311422348022461,0.4722457230091095,2.5442720734549273e-05
121300,6,1.2808442115783691,0.4921092987060547,2.543902301064628e-05
121350,6,1.2980527877807617,0.4943597614765167,2.543532409210205e-05
121400,6,1.2982885837554932,0.5016056299209595,2.5431623979410904e-05
121450,6,1.351834774017334,0.4974879324436188,2.542792267306735e-05
121500,6,1.2874045372009277,0.49888864159584045,2.542422017356604e-05
121550,6,1.2711025476455688,0.495076447725296,2.5420516481401782e-05
121600,6,1.3396000862121582,0.46714457869529724,2.541681159706956e-05
121650,6,1.3028504848480225,0.48758748173713684,2.5413105521064507e-05
121700,6,1.305799961090088,0.5113460421562195,2.5409398253881906e-05
121750,6,1.2763152122497559,0.47891244292259216,2.5405689796017213e-05
121800,6,1.315712809562683,0.4990525245666504,2.5401980147966038e-05
121850,6,1.3224413394927979,0.49628251791000366,2.5398269310224156e-05
121900,6,1.3207814693450928,0.5611218810081482,2.5394557283287494e-05
121950,6,1.2762717008590698,0.46882760524749756,2.539084406765213e-05
122000,6,1.2714500427246094,0.4855852723121643,2.538712966381433e-05
122050,6,1.262134313583374,0.4529762268066406,2.5383414072270484e-05
122100,6,1.3065904378890991,0.4824107885360718,2.5379697293517156e-05
122150,6,1.2665657997131348,0.4700169861316681,2.5375979328051078e-05
122200,6,1.2247415781021118,0.4763268232345581,2.537226017636913e-05
122250,6,1.3344190120697021,0.5004012584686279,2.5368539838968346e-05
122300,6,1.3117127418518066,0.45450079441070557,2.5364818316345922e-05
122350,6,1.2817060947418213,0.49984145164489746,2.536109560899923e-05
122400,6,1.3698108196258545,0.5097935795783997,2.5357371717425772e-05
122450,6,1.315783977508545,0.47511422634124756,2.5353646642123222e-05
122500,6,1.3276753425598145,0.5047202110290527,2.5349920383589415e-05
122550,6,1.252557396888733,0.46347910165786743,2.5346192942322344e-05
122600,6,1.3229349851608276,0.47815024852752686,2.534246431882015e-05
122650,6,1.378658652305603,0.509432315826416,2.5338734513581146e-05
122700,6,1.3273298740386963,0.4874817430973053,2.5335003527103787e-05
122750,6,1.2773633003234863,0.48012980818748474,2.5331271359886705e-05
122800,6,1.2716479301452637,0.5335200428962708,2.532753801242867e-05
122850,6,1.2279459238052368,0.48413023352622986,2.5323803485228622e-05
122900,6,1.2573071718215942,0.5004407167434692,2.5320067778785664e-05
122950,6,1.3142783641815186,0.4816875159740448,2.531633089359903e-05
123000,6,1.324183464050293,0.5148349404335022,2.5312592830168146e-05
123050,6,1.2775461673736572,0.49922630190849304,2.530885358899258e-05
123100,6,1.2635749578475952,0.4999197721481323,2.5305113170572047e-05
123150,6,1.310328483581543,0.4821871817111969,2.5301371575406434e-05
123200,6,1.2676122188568115,0.4774368107318878,2.5297628803995782e-05
123250,6,1.3379261493682861,0.5235889554023743,2.5293884856840286e-05
123300,6,1.3607397079467773,0.5067906975746155,2.5290139734440297e-05
123350,6,1.3012614250183105,0.4776855409145355,2.5286393437296334e-05
123400,6,1.2127199172973633,0.4680347442626953,2.528264596590906e-05
123450,6,1.2931468486785889,0.4784487783908844,2.527889732077929e-05
123500,6,1.3331305980682373,0.4840938448905945,2.5275147502408014e-05
123550,6,1.283020257949829,0.49372395873069763,2.5271396511296377e-05
123600,6,1.2172234058380127,0.45945578813552856,2.5267644347945673e-05
123650,6,1.3046523332595825,0.4783652126789093,2.526389101285734e-05
123700,6,1.2966094017028809,0.5242188572883606,2.5260136506532998e-05
123750,6,1.301090955734253,0.506702184677124,2.5256380829474404e-05
123800,6,1.2779550552368164,0.48944923281669617,2.525262398218349e-05
123850,6,1.2587225437164307,0.4953024089336395,2.5248865965162333e-05
123900,6,1.367126226425171,0.5088066458702087,2.5245106778913158e-05
123950,6,1.284320592880249,0.4866139888763428,2.5241346423938358e-05
124000,6,1.3699184656143188,0.5499656796455383,2.5237584900740484e-05
124050,6,1.2709598541259766,0.47784578800201416,2.5233822209822234e-05
124100,6,1.2947274446487427,0.4910873770713806,2.523005835168647e-05
124150,6,1.3018436431884766,0.4646008312702179,2.5226293326836204e-05
124200,6,1.240527629852295,0.4632996916770935,2.522252713577461e-05
124250,6,1.256156086921692,0.5000438094139099,2.5218759779005008e-05
124300,6,1.3542146682739258,0.5205754637718201,2.5214991257030888e-05
124350,6,1.276719331741333,0.489195317029953,2.5211221570355887e-05
124400,6,1.2440531253814697,0.5056552290916443,2.520745071948379e-05
124450,6,1.2800043821334839,0.5200992226600647,2.5203678704918563e-05
124500,6,1.3460437059402466,0.5135411620140076,2.5199905527164293e-05
124550,6,1.28489351272583,0.49526530504226685,2.519613118672525e-05
124600,6,1.311519980430603,0.5152335166931152,2.5192355684105845e-05
124650,6,1.3129734992980957,0.5142136812210083,2.518857901981065e-05
124700,6,1.266332983970642,0.47277897596359253,2.51848011943444e-05
124750,6,1.3119330406188965,0.5201891660690308,2.5181022208211966e-05
124800,6,1.3520848751068115,0.5158659219741821,2.5177242061918388e-05
124850,6,1.2850923538208008,0.46917304396629333,2.5173460755968855e-05
124900,6,1.2908470630645752,0.47913309931755066,2.5169678290868712e-05
124950,6,1.3530426025390625,0.5053673386573792,2.516589466712347e-05
125000,6,1.3512448072433472,0.4911421835422516,2.5162109885238777e-05
125050,6,1.3635449409484863,0.5301535725593567,2.5158323945720447e-05
125100,6,1.29213285446167,0.5042350888252258,2.515453684907444e-05
125150,6,1.2540931701660156,0.46917563676834106,2.515074859580689e-05
125200,6,1.3348335027694702,0.5067732930183411,2.5146959186424053e-05
125250,6,1.2822129726409912,0.48805907368659973,2.5143168621432372e-05
125300,6,1.2476544380187988,0.4728539288043976,2.513937690133843e-05
125350,6,1.2577297687530518,0.4759437143802643,2.513558402664896e-05
125400,6,1.2754422426223755,0.4991494119167328,2.5131789997870862e-05
125450,6,1.3215032815933228,0.5741885304450989,2.5127994815511176e-05
125500,6,1.32674241065979,0.47560808062553406,2.5124198480077106e-05
125550,6,1.3019442558288574,0.4691551625728607,2.5120400992076007e-05
125600,6,1.276301383972168,0.4515450894832611,2.5116602352015385e-05
125650,6,1.2915623188018799,0.4832959473133087,2.5112802560402907e-05
125700,6,1.2804428339004517,0.5295358896255493,2.510900161774639e-05
125750,6,1.2918789386749268,0.5103129744529724,2.5105199524553798e-05
125800,6,1.3358547687530518,0.47442296147346497,2.5101396281333265e-05
125850,6,1.3290371894836426,0.48836931586265564,2.509759188859307e-05
125900,6,1.259925365447998,0.5062722563743591,2.5093786346841634e-05
125950,6,1.3221253156661987,0.49789929389953613,2.5089979656587548e-05
126000,6,1.227095603942871,0.48675090074539185,2.5086171818339555e-05
126050,6,1.3066761493682861,0.46509289741516113,2.508236283260654e-05
126100,6,1.3306660652160645,0.5274445414543152,2.507855269989756e-05
126150,6,1.3124074935913086,0.5072922706604004,2.5074741420721805e-05
126200,6,1.303377389907837,0.4902723729610443,2.507092899558862e-05
126250,6,1.2767913341522217,0.5021371245384216,2.5067115425007526e-05
126300,6,1.3014795780181885,0.49591490626335144,2.5063300709488174e-05
126350,6,1.3327431678771973,0.4743572175502777,2.5059484849540377e-05
126400,6,1.3058803081512451,0.5273555517196655,2.50556678456741e-05
126450,6,1.3019870519638062,0.4950698912143707,2.505184969839946e-05
126500,6,1.3140785694122314,0.4949493706226349,2.5048030408226723e-05
126550,6,1.3214900493621826,0.5061658620834351,2.5044209975666316e-05
126600,6,1.2365559339523315,0.4573636054992676,2.504038840122881e-05
126650,6,1.330847978591919,0.5171566009521484,2.503656568542494e-05
126700,6,1.3697967529296875,0.5057061910629272,2.5032741828765585e-05
126750,6,1.2940560579299927,0.49453702569007874,2.502891683176177e-05
126800,6,1.2901785373687744,0.49179819226264954,2.5025090694924693e-05
126850,6,1.2949306964874268,0.5237005352973938,2.5021263418765682e-05
126900,6,1.3413232564926147,0.49121251702308655,2.5017435003796233e-05
126950,6,1.308551549911499,0.5356006026268005,2.501360545052799e-05
127000,6,1.3007605075836182,0.4928693473339081,2.5009774759472737e-05
127050,6,1.3281869888305664,0.4878314137458801,2.500594293114243e-05
127100,6,1.3423891067504883,0.5377105474472046,2.500210996604916e-05
127150,6,1.3015410900115967,0.4759133458137512,2.4998275864705188e-05
127200,6,1.3434199094772339,0.5121819376945496,2.499444062762291e-05
127250,6,1.2573418617248535,0.47146445512771606,2.4990604255314882e-05
127300,6,1.2877185344696045,0.5099384784698486,2.49867667482938e-05
127350,6,1.322826623916626,0.46456122398376465,2.498292810707253e-05
127400,6,1.2629642486572266,0.4856199026107788,2.4979088332164092e-05
127450,6,1.349518060684204,0.4895935654640198,2.4975247424081627e-05
127500,6,1.2824790477752686,0.4895898103713989,2.4971405383338455e-05
127550,6,1.2789877653121948,0.4890899062156677,2.496756221044804e-05
127600,6,1.292820930480957,0.49394193291664124,2.4963717905923993e-05
127650,6,1.326843023300171,0.4930049180984497,2.495987247028009e-05
127700,6,1.288637638092041,0.5208350419998169,2.4956025904030233e-05
127750,6,1.3246657848358154,0.5208742618560791,2.4952178207688502e-05
127800,6,1.3190982341766357,0.49890244007110596,2.4948329381769112e-05
127850,6,1.2541944980621338,0.47787588834762573,2.494447942678643e-05
127900,6,1.333561897277832,0.49779176712036133,2.4940628343254982e-05
127950,6,1.316115379333496,0.49437838792800903,2.4936776131689438e-05
128000,6,1.2727042436599731,0.47355562448501587,2.493292279260462e-05
128050,6,1.3263863325119019,0.5135314464569092,2.49290683265155e-05
128100,6,1.282444715499878,0.4928726255893707,2.492521273393721e-05
128150,6,1.3293843269348145,0.49042439460754395,2.4921356015385013e-05
128200,6,1.2943968772888184,0.4882984459400177,2.491749817137434e-05
128250,6,1.324277400970459,0.4729751646518707,2.4913639202420764e-05
128300,6,1.276756763458252,0.4870889186859131,2.490977910904001e-05
128350,6,1.2848334312438965,0.47323471307754517,2.4905917891747957e-05
128400,6,1.289859652519226,0.5237244963645935,2.4902055551060635e-05
128450,6,1.2844356298446655,0.5010182857513428,2.4898192087494207e-05
128500,6,1.3035037517547607,0.46695154905319214,2.4894327501565014e-05
128550,6,1.353760004043579,0.47721198201179504,2.4890461793789525e-05
128600,6,1.289630651473999,0.4917963445186615,2.4886594964684363e-05
128650,6,1.2612645626068115,0.4735236167907715,2.4882727014766314e-05
128700,6,1.316375970840454,0.5304363965988159,2.4878857944552293e-05
128750,6,1.3006256818771362,0.5003578066825867,2.4874987754559385e-05
128800,6,1.1845331192016602,0.4833534359931946,2.4871116445304804e-05
128850,6,1.232741117477417,0.4965129494667053,2.4867244017305942e-05
128900,6,1.320133090019226,0.45803138613700867,2.4863370471080302e-05
128950,6,1.3432230949401855,0.46647560596466064,2.4859495807145577e-05
129000,6,1.2370543479919434,0.4597449004650116,2.485562002601958e-05
129050,6,1.212843418121338,0.5015228390693665,2.4851743128220285e-05
129100,6,1.2555298805236816,0.479617714881897,2.4847865114265813e-05
129150,6,1.274665117263794,0.4796881377696991,2.484398598467444e-05
129200,6,1.28336501121521,0.49012550711631775,2.484010573996458e-05
129250,6,1.3595679998397827,0.5018798112869263,2.4836224380654808e-05
129300,6,1.3473074436187744,0.5306085348129272,2.4832341907263832e-05
129350,6,1.3131022453308105,0.4875571131706238,2.4828458320310526e-05
129400,6,1.2798545360565186,0.5015508532524109,2.482457362031391e-05
129450,6,1.3389650583267212,0.48481252789497375,2.4820687807793135e-05
129500,6,1.2835043668746948,0.5126829147338867,2.4816800883267532e-05
129550,6,1.223397135734558,0.4722624123096466,2.4812912847256547e-05
129600,6,1.3594536781311035,0.5153616666793823,2.48090237002798e-05
129650,6,1.2736765146255493,0.5010234117507935,2.4805133442857046e-05
129700,6,1.3041566610336304,0.4823090136051178,2.480124207550819e-05
129750,6,1.2970354557037354,0.5088792443275452,2.4797349598753287e-05
129800,6,1.3165676593780518,0.4897461235523224,2.4793456013112546e-05
129850,6,1.2964802980422974,0.4637605845928192,2.4789561319106318e-05
129900,6,1.3430330753326416,0.497331440448761,2.4785665517255096e-05
129950,6,1.3244417905807495,0.5165256261825562,2.4781768608079538e-05
130000,6,1.2605029344558716,0.5040445923805237,2.4777870592100438e-05
130050,6,1.285367488861084,0.4904771149158478,2.4773971469838735e-05
130100,6,1.2669801712036133,0.4914749562740326,2.4770071241815525e-05
130150,6,1.3064155578613281,0.5429952144622803,2.476616990855204e-05
130200,6,1.2575652599334717,0.4521844685077667,2.476226747056968e-05
130250,6,1.2927097082138062,0.48065149784088135,2.4758363928389973e-05
130300,6,1.2931773662567139,0.47791388630867004,2.47544592825346e-05
130350,6,1.2749178409576416,0.49488699436187744,2.4750553533525397e-05
130400,6,1.276764154434204,0.5076771974563599,2.4746646681884335e-05
130450,6,1.2668362855911255,0.48194026947021484,2.474273872813354e-05
130500,6,1.2496490478515625,0.4967382252216339,2.473882967279529e-05
130550,7,1.2803630828857422,0.5525941848754883,2.4734919516391998e-05
130600,7,1.363067865371704,0.48342856764793396,2.4731008259446235e-05
130650,7,1.3135102987289429,0.5152988433837891,2.4727095902480712e-05
130700,7,1.3144973516464233,0.5033711194992065,2.4723182446018285e-05
130750,7,1.3347368240356445,0.5058306455612183,2.4719267890581973e-05
130800,7,1.3225452899932861,0.5178722739219666,2.4715352236694917e-05
130850,7,1.2724055051803589,0.4585021138191223,2.471143548488043e-05
130900,7,1.3029571771621704,0.4783554971218109,2.470751763566195e-05
130950,7,1.3340092897415161,0.48354554176330566,2.470359868956308e-05
131000,7,1.2652225494384766,0.47585663199424744,2.4699678647107557e-05
131050,7,1.2551186084747314,0.46847525238990784,2.4695757508819272e-05
131100,7,1.2893905639648438,0.4921792447566986,2.4691835275222257e-05
131150,7,1.3561465740203857,0.5172191262245178,2.468791194684069e-05
131200,7,1.2466504573822021,0.49145200848579407,2.4683987524198896e-05
131250,7,1.3243590593338013,0.5205050706863403,2.4680062007821357e-05
131300,7,1.2656400203704834,0.4797108471393585,2.467613539823269e-05
131350,7,1.3513104915618896,0.5103664994239807,2.4672207695957655e-05
131400,7,1.240342617034912,0.46525150537490845,2.4668278901521166e-05
131450,7,1.2547636032104492,0.5067901015281677,2.466434901544828e-05
131500,7,1.2725193500518799,0.47673407196998596,2.46604180382642e-05
131550,7,1.226305365562439,0.48920947313308716,2.465648597049428e-05
131600,7,1.2723618745803833,0.47483646869659424,2.465255281266401e-05
131650,7,1.3043352365493774,0.49758073687553406,2.4648618565299027e-05
131700,7,1.2894845008850098,0.4739774465560913,2.4644683228925123e-05
131750,7,1.2868523597717285,0.5025302171707153,2.464074680406823e-05
131800,7,1.2806817293167114,0.49857664108276367,2.4636809291254423e-05
131850,7,1.2567251920700073,0.47774091362953186,2.4632870691009923e-05
131900,7,1.1869866847991943,0.4767265021800995,2.46289310038611e-05
131950,7,1.1863657236099243,0.46803057193756104,2.462499023033447e-05
132000,7,1.2728604078292847,0.4860081970691681,2.4621048370956685e-05
132050,7,1.2811921834945679,0.4843904376029968,2.461710542625455e-05
132100,7,1.3088587522506714,0.4834405481815338,2.461316139675502e-05
132150,7,1.2856991291046143,0.5047505497932434,2.4609216282985175e-05
132200,7,1.2343246936798096,0.4766296446323395,2.460527008547227e-05
132250,7,1.2362293004989624,0.508945643901825,2.460132280474367e-05
132300,7,1.318599820137024,0.4842405617237091,2.4597374441326925e-05
132350,7,1.302518367767334,0.48651036620140076,2.4593424995749686e-05
132400,7,1.297595739364624,0.5154183506965637,2.458947446853978e-05
132450,7,1.323096752166748,0.49386975169181824,2.4585522860225174e-05
132500,7,1.2579243183135986,0.4815951883792877,2.4581570171333962e-05
132550,7,1.2552648782730103,0.47393104434013367,2.457761640239441e-05
132600,7,1.3269484043121338,0.5670626163482666,2.4573661553934897e-05
132650,7,1.3104047775268555,0.49734213948249817,2.456970562648397e-05
132700,7,1.2864692211151123,0.4949571192264557,2.456574862057032e-05
132750,7,1.2622120380401611,0.4922862648963928,2.4561790536722758e-05
132800,7,1.2968158721923828,0.5128688812255859,2.4557831375470263e-05
132850,7,1.1885724067687988,0.47759711742401123,2.455387113734196e-05
132900,7,1.2820513248443604,0.48987409472465515,2.45499098228671e-05
132950,7,1.2503358125686646,0.4915120005607605,2.454594743257508e-05
133000,7,1.2964937686920166,0.5338513851165771,2.454198396699546e-05
133050,7,1.3311645984649658,0.4647093117237091,2.4538019426657926e-05
133100,7,1.324877381324768,0.5255330801010132,2.453405381209231e-05
133150,7,1.1820250749588013,0.4799419641494751,2.45300871238286e-05
133200,7,1.3677585124969482,0.5156877040863037,2.45261193623969e-05
133250,7,1.2766554355621338,0.48949095606803894,2.4522150528327484e-05
133300,7,1.2752857208251953,0.49340158700942993,2.451818062215077e-05
133350,7,1.2468880414962769,0.46383917331695557,2.4514209644397294e-05
133400,7,1.2981806993484497,0.5103214383125305,2.4510237595597762e-05
133450,7,1.279119849205017,0.5212187767028809,2.4506264476283e-05
133500,7,1.278306007385254,0.5134657621383667,2.4502290286984006e-05
133550,7,1.29648756980896,0.5427853465080261,2.4498315028231893e-05
133600,7,1.298592448234558,0.496317058801651,2.4494338700557933e-05
133650,7,1.246617078781128,0.4693382680416107,2.4490361304493523e-05
133700,7,1.2811617851257324,0.49207204580307007,2.4486382840570236e-05
133750,7,1.2508124113082886,0.4886684715747833,2.4482403309319745e-05
133800,7,1.3316571712493896,0.49455127120018005,2.447842271127391e-05
133850,7,1.2665139436721802,0.49718186259269714,2.44744410469647e-05
133900,7,1.3094285726547241,0.5140452980995178,2.4470458316924242e-05
133950,7,1.2543798685073853,0.4802301824092865,2.4466474521684793e-05
134000,7,1.25233793258667,0.505905270576477,2.446248966177877e-05
134050,7,1.3258134126663208,0.4913610816001892,2.445850373773872e-05
134100,7,1.346459150314331,0.5077595710754395,2.445451675009733e-05
134150,7,1.316444993019104,0.4960657060146332,2.4450528699387446e-05
134200,7,1.319880723953247,0.5542960166931152,2.4446539586142036e-05
134250,7,1.3173179626464844,0.4834953844547272,2.444254941089422e-05
134300,7,1.2699313163757324,0.5075976848602295,2.4438558174177267e-05
134350,7,1.3128538131713867,0.5358409285545349,2.4434565876524567e-05
134400,7,1.2431541681289673,0.5026609301567078,2.443057251846967e-05
134450,7,1.3521710634231567,0.5348390340805054,2.4426578100546254e-05
134500,7,1.3042469024658203,0.48317915201187134,2.4422582623288164e-05
134550,7,1.2945183515548706,0.49529406428337097,2.4418586087229356e-05
134600,7,1.3058933019638062,0.46376848220825195,2.4414588492903938e-05
134650,7,1.241734504699707,0.4966481029987335,2.4410589840846174e-05
134700,7,1.2063050270080566,0.4610353112220764,2.4406590131590445e-05
134750,7,1.2747507095336914,0.47815099358558655,2.4402589365671295e-05
134800,7,1.3109285831451416,0.4879510700702667,2.4398587543623392e-05
134850,7,1.2574518918991089,0.5007274150848389,2.439458466598156e-05
134900,7,1.3182241916656494,0.49886953830718994,2.4390580733280754e-05
134950,7,1.29830002784729,0.48480504751205444,2.438657574605607e-05
135000,7,1.2720452547073364,0.515834391117096,2.4382569704842754e-05
135050,7,1.2699813842773438,0.5119066834449768,2.4378562610176186e-05
135100,7,1.2632856369018555,0.4825667142868042,2.437455446259189e-05
135150,7,1.278033971786499,0.49942663311958313,2.4370545262625513e-05
135200,7,1.3363406658172607,0.5553233027458191,2.4366535010812874e-05
135250,7,1.2497069835662842,0.5076743364334106,2.4362523707689914e-05
135300,7,1.2879960536956787,0.46128374338150024,2.4358511353792713e-05
135350,7,1.353853464126587,0.5045004487037659,2.4354497949657498e-05
135400,7,1.2897957563400269,0.48534515500068665,2.4350483495820633e-05
135450,7,1.2864406108856201,0.4761124551296234,2.4346467992818625e-05
135500,7,1.2356985807418823,0.4953080713748932,2.4342451441188117e-05
135550,7,1.227346420288086,0.5118749737739563,2.4338433841465895e-05
135600,7,1.275700569152832,0.5072283148765564,2.433441519418889e-05
135650,7,1.2949774265289307,0.49161139130592346,2.4330395499894152e-05
135700,7,1.295642614364624,0.5105466246604919,2.432637475911891e-05
135750,7,1.2637829780578613,0.4796586334705353,2.4322352972400493e-05
135800,7,1.226641058921814,0.45431357622146606,2.431833014027638e-05
135850,7,1.325108528137207,0.5229144096374512,2.431430626328422e-05
135900,7,1.2289166450500488,0.4976443350315094,2.431028134196175e-05
135950,7,1.3201427459716797,0.4917623698711395,2.4306255376846898e-05
136000,7,1.2860729694366455,0.4779970645904541,2.430222836847769e-05
136050,7,1.2338273525238037,0.49793410301208496,2.429820031739232e-05
136100,7,1.2759308815002441,0.5005439519882202,2.4294171224129108e-05
136150,7,1.3198952674865723,0.4917309582233429,2.4290141089226507e-05
136200,7,1.2342766523361206,0.48041167855262756,2.4286109913223126e-05
136250,7,1.242619276046753,0.5152645111083984,2.428207769665771e-05
136300,7,1.275009036064148,0.479681134223938,2.4278044440069128e-05
136350,7,1.253800392150879,0.4746117889881134,2.4274010143996403e-05
136400,7,1.2763087749481201,0.48082536458969116,2.4269974808978686e-05
136450,7,1.2954655885696411,0.5164429545402527,2.4265938435555283e-05
136500,7,1.2406315803527832,0.5059266090393066,2.4261901024265622e-05
136550,7,1.2484920024871826,0.47424188256263733,2.4257862575649276e-05
136600,7,1.270407795906067,0.5141707062721252,2.425382309024596e-05
136650,7,1.2557454109191895,0.5123669505119324,2.4249782568595525e-05
136700,7,1.2951934337615967,0.5074643492698669,2.424574101123795e-05
136750,7,1.2868552207946777,0.4928814172744751,2.4241698418713377e-05
136800,7,1.2240434885025024,0.46351391077041626,2.423765479156206e-05
136850,7,1.2324671745300293,0.4758913218975067,2.4233610130324413e-05
136900,7,1.2945220470428467,0.5306913256645203,2.422956443554097e-05
136950,7,1.3150885105133057,0.5251561999320984,2.4225517707752416e-05
137000,7,1.3010669946670532,0.47618600726127625,2.422146994749957e-05
137050,7,1.2681231498718262,0.4985733926296234,2.4217421155323383e-05
137100,7,1.2896089553833008,0.5034665465354919,2.421337133176495e-05
137150,7,1.2993345260620117,0.49187228083610535,2.420932047736551e-05
137200,7,1.2823891639709473,0.5127614140510559,2.4205268592666428e-05
137250,7,1.2752995491027832,0.4814411699771881,2.420121567820921e-05
137300,7,1.2410507202148438,0.4490430951118469,2.419716173453551e-05
137350,7,1.2466249465942383,0.48623815178871155,2.4193106762187094e-05
137400,7,1.3356225490570068,0.5039823651313782,2.4189050761705896e-05
137450,7,1.2729980945587158,0.5098860263824463,2.4184993733633973e-05
137500,7,1.2796449661254883,0.47243741154670715,2.4180935678513513e-05
137550,7,1.3061729669570923,0.5228835344314575,2.4176876596886852e-05
137600,7,1.2626079320907593,0.48849958181381226,2.417281648929646e-05
137650,7,1.2749375104904175,0.48072129487991333,2.416875535628494e-05
137700,7,1.2636198997497559,0.4964626431465149,2.4164693198395042e-05
137750,7,1.3088443279266357,0.5006690621376038,2.416063001616964e-05
137800,7,1.2988197803497314,0.5376261472702026,2.4156565810151763e-05
137850,7,1.3423703908920288,0.5141958594322205,2.4152500580884546e-05
137900,7,1.275782585144043,0.5084435343742371,2.4148434328911293e-05
137950,7,1.247911810874939,0.4947931468486786,2.414436705477543e-05
138000,7,1.3188889026641846,0.4998853802680969,2.414029875902052e-05
138050,7,1.3193873167037964,0.5081968307495117,2.4136229442190267e-05
138100,7,1.243569016456604,0.4549235999584198,2.4132159104828503e-05
138150,7,1.2733949422836304,0.5066626667976379,2.4128087747479208e-05
138200,7,1.3025109767913818,0.5045809149742126,2.4124015370686482e-05
138250,7,1.2975895404815674,0.49865543842315674,2.411994197499458e-05
138300,7,1.3049339056015015,0.5176001787185669,2.411586756094788e-05
138350,7,1.2280341386795044,0.4999263286590576,2.41117921290909e-05
138400,7,1.2842390537261963,0.5025627017021179,2.4107715679968303e-05
138450,7,1.3100402355194092,0.5127686858177185,2.410363821412487e-05
138500,7,1.2884925603866577,0.5072179436683655,2.4099559732105525e-05
138550,7,1.2915501594543457,0.5254918932914734,2.4095480234455344e-05
138600,7,1.2482433319091797,0.5188890695571899,2.409139972171951e-05
138650,7,1.2999526262283325,0.4850042462348938,2.4087318194443364e-05
138700,7,1.2399060726165771,0.48465657234191895,2.4083235653172377e-05
138750,7,1.3040826320648193,0.5172650814056396,2.4079152098452147e-05
138800,7,1.270687460899353,0.5123006701469421,2.407506753082842e-05
138850,7,1.2774635553359985,0.5072808861732483,2.4070981950847062e-05
138900,7,1.2371423244476318,0.46199584007263184,2.40668953590541e-05
138950,7,1.2857849597930908,0.4805087149143219,2.4062807755995667e-05
139000,7,1.2662410736083984,0.5161792039871216,2.4058719142218044e-05
139050,7,1.2494791746139526,0.4776436388492584,2.405462951826766e-05
139100,7,1.3190679550170898,0.48876944184303284,2.4050538884691046e-05
139150,7,1.2523648738861084,0.5042720437049866,2.4046447242034907e-05
139200,7,1.2727088928222656,0.5045462250709534,2.4042354590846053e-05
139250,7,1.3016102313995361,0.5019901394844055,2.4038260931671444e-05
139300,7,1.2469477653503418,0.4771627187728882,2.403416626505817e-05
139350,7,1.2170186042785645,0.4620662331581116,2.403007059155345e-05
139400,7,1.3056201934814453,0.5518879294395447,2.402597391170465e-05
139450,7,1.34146249294281,0.5517472624778748,2.4021876226059272e-05
139500,7,1.2626919746398926,0.47310855984687805,2.401777753516493e-05
139550,7,1.2820972204208374,0.4993031919002533,2.401367783956939e-05
139600,7,1.2801814079284668,0.49788787961006165,2.4009577139820554e-05
139650,7,1.2561957836151123,0.4812433123588562,2.4005475436466446e-05
139700,7,1.2601687908172607,0.5221327543258667,2.4001372730055245e-05
139750,7,1.300781011581421,0.5092406272888184,2.399726902113524e-05
139800,7,1.2492961883544922,0.48484086990356445,2.3993164310254864e-05
139850,7,1.2621383666992188,0.5440955758094788,2.3989058597962688e-05
139900,7,1.243442416191101,0.4806215465068817,2.398495188480741e-05
139950,7,1.2978954315185547,0.4714394509792328,2.3980844171337875e-05
140000,7,1.2170817852020264,0.4865175485610962,2.3976735458103037e-05
140050,7,1.2420772314071655,0.4660826325416565,2.397262574565201e-05
140100,7,1.3235275745391846,0.49734610319137573,2.3968515034534018e-05
140150,7,1.207810401916504,0.4852127432823181,2.3964403325298445e-05
140200,7,1.316474199295044,0.539341926574707,2.3960290618494782e-05
140250,7,1.2856950759887695,0.4672625660896301,2.3956176914672672e-05
140300,7,1.338578701019287,0.5215285420417786,2.395206221438188e-05
140350,7,1.294297456741333,0.5077001452445984,2.3947946518172308e-05
140400,7,1.3316502571105957,0.533071756362915,2.3943829826593997e-05
140450,7,1.2353123426437378,0.49678829312324524,2.3939712140197112e-05
140500,7,1.27427339553833,0.5381815433502197,2.3935593459531955e-05
140550,7,1.2292227745056152,0.45891886949539185,2.393147378514896e-05
140600,7,1.2574374675750732,0.5058127045631409,2.3927353117598695e-05
140650,7,1.303680658340454,0.48733678460121155,2.392323145743186e-05
140700,7,1.2949821949005127,0.4974465072154999,2.3919108805199282e-05
140750,7,1.276592493057251,0.48750969767570496,2.3914985161451937e-05
140800,7,1.328573226928711,0.520617663860321,2.391086052674091e-05
140850,7,1.3058985471725464,0.49219536781311035,2.3906734901617443e-05
140900,7,1.2269182205200195,0.4996606707572937,2.3902608286632892e-05
140950,7,1.230090618133545,0.5204305052757263,2.389848068233875e-05
141000,7,1.3113267421722412,0.5074033141136169,2.3894352089286656e-05
141050,7,1.3192505836486816,0.5427975058555603,2.3890222508028353e-05
141100,7,1.2145981788635254,0.49106359481811523,2.388609193911574e-05
141150,7,1.295438289642334,0.5092558860778809,2.3881960383100842e-05
141200,7,1.2582528591156006,0.5001616477966309,2.3877827840535812e-05
141250,7,1.2802660465240479,0.51203852891922,2.3873694311972933e-05
141300,7,1.2850456237792969,0.5447073578834534,2.386955979796463e-05
141350,7,1.3208374977111816,0.49380749464035034,2.386542429906345e-05
141400,7,1.2953143119812012,0.45604273676872253,2.3861287815822073e-05
141450,7,1.3062670230865479,0.49136459827423096,2.3857150348793323e-05
141500,7,1.3039908409118652,0.5153323411941528,2.385301189853013e-05
141550,7,1.2907779216766357,0.516724705696106,2.3848872465585583e-05
141600,7,1.2547311782836914,0.48983660340309143,2.384473205051288e-05
141650,7,1.2685744762420654,0.4716295301914215,2.3840590653865372e-05
141700,7,1.310371994972229,0.5125484466552734,2.3836448276196518e-05
141750,7,1.2966713905334473,0.5435575842857361,2.3832304918059926e-05
141800,7,1.2631261348724365,0.47281381487846375,2.3828160580009318e-05
141850,7,1.2989648580551147,0.5057579278945923,2.3824015262598573e-05
141900,7,1.201244831085205,0.49096208810806274,2.3819868966381676e-05
141950,7,1.2498352527618408,0.5001569390296936,2.381572169191275e-05
142000,7,1.2838287353515625,0.5127549171447754,2.381157343974606e-05
142050,7,1.3446214199066162,0.5116297602653503,2.3807424210435982e-05
142100,7,1.3665781021118164,0.5183455944061279,2.3803274004537036e-05
142150,7,1.2973568439483643,0.4984910488128662,2.3799122822603877e-05
142200,7,1.2497563362121582,0.5085636973381042,2.3794970665191277e-05
142250,7,1.2436226606369019,0.47472283244132996,2.3790817532854142e-05
142300,7,1.2248144149780273,0.4976601302623749,2.3786663426147513e-05
142350,7,1.2934224605560303,0.5134881734848022,2.378250834562656e-05
142400,7,1.3103232383728027,0.5091544985771179,2.3778352291846586e-05
142450,7,1.2837809324264526,0.499927818775177,2.3774195265363005e-05
142500,7,1.3034316301345825,0.5197036862373352,2.3770037266731396e-05
142550,7,1.3165736198425293,0.5409312844276428,2.376587829650743e-05
142600,7,1.2869763374328613,0.5062119960784912,2.376171835524694e-05
142650,7,1.31997549533844,0.526544451713562,2.3757557443505865e-05
142700,7,1.2157856225967407,0.50924152135849,2.375339556184029e-05
142750,7,1.21034574508667,0.4789890944957733,2.3749232710806414e-05
142800,7,1.2788771390914917,0.5175299048423767,2.3745068890960587e-05
142850,7,1.2760860919952393,0.49057653546333313,2.3740904102859266e-05
142900,7,1.1981201171875,0.4951642155647278,2.3736738347059055e-05
142950,7,1.2905983924865723,0.5170817375183105,2.3732571624116672e-05
143000,7,1.233567237854004,0.46803051233291626,2.3728403934588974e-05
143050,7,1.2494432926177979,0.4873066842556,2.3724235279032946e-05
143100,7,1.2399342060089111,0.5095429420471191,2.3720065658005705e-05
143150,7,1.3305823802947998,0.5056559443473816,2.371589507206449e-05
143200,7,1.2640072107315063,0.5210604071617126,2.371172352176667e-05
143250,7,1.2698014974594116,0.5059815645217896,2.370755100766975e-05
143300,7,1.2708232402801514,0.48731353878974915,2.370337753033135e-05
143350,7,1.2949504852294922,0.5388917326927185,2.3699203090309237e-05
143400,7,1.2849738597869873,0.5024901032447815,2.3695027688161296e-05
143450,7,1.2780392169952393,0.5123053789138794,2.3690851324445538e-05
143500,7,1.2446433305740356,0.4877903163433075,2.3686673999720107e-05
143550,7,1.291186809539795,0.4969065189361572,2.3682495714543278e-05
143600,7,1.3327503204345703,0.503510057926178,2.3678316469473453e-05
143650,7,1.3309295177459717,0.506035327911377,2.3674136265069148e-05
143700,7,1.274986743927002,0.5118449330329895,2.3669955101889033e-05
143750,7,1.2714672088623047,0.5141785740852356,2.3665772980491885e-05
143800,7,1.3498682975769043,0.5403302907943726,2.366158990143662e-05
143850,7,1.2331238985061646,0.47216904163360596,2.3657405865282284e-05
143900,7,1.31991708278656,0.5100671052932739,2.365322087258804e-05
143950,7,1.28085196018219,0.5076226592063904,2.3649034923913178e-05
144000,7,1.2763755321502686,0.5194020867347717,2.3644848019817134e-05
144050,7,1.2681342363357544,0.5120872855186462,2.3640660160859454e-05
144100,7,1.3267104625701904,0.47083765268325806,2.3636471347599818e-05
144150,7,1.2357876300811768,0.4764961898326874,2.3632281580598038e-05
144200,7,1.2648810148239136,0.4961463212966919,2.3628090860414043e-05
144250,7,1.265870213508606,0.49083825945854187,2.3623899187607894e-05
144300,7,1.2788670063018799,0.5238552689552307,2.3619706562739783e-05
144350,7,1.3371334075927734,0.5508483052253723,2.3615512986370027e-05
144400,7,1.2032685279846191,0.4916331470012665,2.3611318459059075e-05
144450,7,1.319238543510437,0.5262298583984375,2.3607122981367483e-05
144500,7,1.2179571390151978,0.47086411714553833,2.3602926553855967e-05
144550,7,1.2669386863708496,0.5211674571037292,2.3598729177085334e-05
144600,7,1.264737606048584,0.4869081676006317,2.3594530851616552e-05
144650,7,1.334533452987671,0.5394073724746704,2.3590331578010684e-05
144700,7,1.3253309726715088,0.5169559121131897,2.358613135682895e-05
144750,7,1.27510666847229,0.5060394406318665,2.358193018863267e-05
144800,7,1.2102304697036743,0.5069531202316284,2.3577728073983306e-05
144850,7,1.2729361057281494,0.48989391326904297,2.3573525013442446e-05
144900,7,1.2933543920516968,0.5010027885437012,2.35693210075718e-05
144950,7,1.2750747203826904,0.4894561469554901,2.35651160569332e-05
145000,7,1.2158658504486084,0.5064476132392883,2.3560910162088622e-05
145050,7,1.3025908470153809,0.5042726993560791,2.355670332360014e-05
145100,7,1.255297303199768,0.4753850996494293,2.355249554202998e-05
145150,7,1.2898542881011963,0.5370245575904846,2.354828681794049e-05
145200,7,1.2866177558898926,0.5192599296569824,2.3544077151894123e-05
145250,7,1.2577719688415527,0.5189850330352783,2.3539866544453485e-05
145300,7,1.2825748920440674,0.5118308067321777,2.3535654996181287e-05
145350,7,1.3085882663726807,0.504623532295227,2.3531442507640382e-05
145400,7,1.296502947807312,0.4917598366737366,2.352722907939374e-05
145450,7,1.2996363639831543,0.4883042573928833,2.352301471200445e-05
145500,7,1.2032203674316406,0.4682103097438812,2.3518799406035743e-05
145550,7,1.2226943969726562,0.4780791401863098,2.3514583162050962e-05
145600,7,1.2978718280792236,0.49950075149536133,2.3510365980613586e-05
145650,7,1.2661820650100708,0.5167360305786133,2.350614786228721e-05
145700,7,1.3240926265716553,0.49520862102508545,2.350192880763555e-05
145750,7,1.2532739639282227,0.4813365340232849,2.349770881722247e-05
145800,7,1.241135835647583,0.4926580786705017,2.349348789161193e-05
145850,7,1.2966090440750122,0.481677770614624,2.3489266031368038e-05
145900,7,1.2706637382507324,0.5009493827819824,2.348504323705501e-05
145950,7,1.2524333000183105,0.5057975053787231,2.34808195092372e-05
146000,7,1.2298613786697388,0.48849332332611084,2.347659484847908e-05
146050,7,1.2790004014968872,0.5031597018241882,2.3472369255345252e-05
146100,7,1.2773239612579346,0.4943029284477234,2.3468142730400425e-05
146150,7,1.2753796577453613,0.5223739743232727,2.3463915274209463e-05
146200,7,1.3285534381866455,0.5224813222885132,2.3459686887337326e-05
146250,7,1.3229637145996094,0.5168334245681763,2.3455457570349115e-05
146300,7,1.3829610347747803,0.5079594254493713,2.345122732381005e-05
146350,7,1.2747116088867188,0.5009538531303406,2.3446996148285474e-05
146400,7,1.326173186302185,0.5212963223457336,2.344276404434086e-05
146450,7,1.248969316482544,0.5167990922927856,2.3438531012541787e-05
146500,7,1.2337133884429932,0.5051795840263367,2.3434297053453988e-05
146550,7,1.2546347379684448,0.48297590017318726,2.3430062167643294e-05
146600,7,1.2455289363861084,0.4769187569618225,2.3425826355675677e-05
146650,7,1.2787699699401855,0.5090732574462891,2.342158961811722e-05
146700,7,1.247286319732666,0.504360020160675,2.341735195553413e-05
146750,7,1.3036404848098755,0.5253637433052063,2.341311336849275e-05
146800,7,1.3227324485778809,0.5215622186660767,2.340887385755954e-05
146850,7,1.2700352668762207,0.5199856162071228,2.3404633423301076e-05
146900,7,1.3384044170379639,0.5105481743812561,2.340039206628407e-05
146950,7,1.2823768854141235,0.49495890736579895,2.339614978707535e-05
147000,7,1.2654350996017456,0.47633883357048035,2.3391906586241862e-05
147050,7,1.2182729244232178,0.4714213013648987,2.3387662464350694e-05
147100,7,1.35966157913208,0.5426900386810303,2.3383417421969036e-05
147150,7,1.3069233894348145,0.5128394365310669,2.3379171459664213e-05
147200,7,1.2570066452026367,0.4788094162940979,2.337492457800367e-05
147250,7,1.2752580642700195,0.5015497207641602,2.3370676777554965e-05
147300,7,1.30327570438385,0.5625733733177185,2.3366428058885805e-05
147350,7,1.296314001083374,0.5014620423316956,2.3362178422563993e-05
147400,7,1.2423219680786133,0.5040567517280579,2.335792786915746e-05
147450,7,1.3107149600982666,0.5225361585617065,2.335367639923428e-05
147500,7,1.2934316396713257,0.518692672252655,2.3349424013362622e-05
147550,7,1.2328358888626099,0.5265963673591614,2.3345170712110786e-05
147600,7,1.24098539352417,0.5324143767356873,2.334091649604721e-05
147650,7,1.2407150268554688,0.48276618123054504,2.3336661365740427e-05
147700,7,1.2594352960586548,0.49452486634254456,2.3332405321759123e-05
147750,7,1.2809115648269653,0.49866393208503723,2.3328148364672088e-05
147800,7,1.3110020160675049,0.5082468390464783,2.3323890495048218e-05
147850,7,1.2871342897415161,0.5219190120697021,2.3319631713456567e-05
147900,7,1.208552598953247,0.503849983215332,2.331537202046629e-05
147950,7,1.3110185861587524,0.49152135848999023,2.3311111416646658e-05
148000,7,1.2598544359207153,0.5203542113304138,2.3306849902567083e-05
148050,7,1.2728986740112305,0.5251056551933289,2.3302587478797083e-05
148100,7,1.2672958374023438,0.48847442865371704,2.3298324145906307e-05
148150,7,1.2691339254379272,0.4930271506309509,2.3294059904464507e-05
148200,7,1.2740095853805542,0.5114923715591431,2.328979475504159e-05
148250,7,1.2867015600204468,0.5138610601425171,2.3285528698207553e-05
148300,7,1.2578612565994263,0.5009134411811829,2.328126173453254e-05
148350,7,1.2551560401916504,0.5035805702209473,2.3276993864586782e-05
148400,7,1.2452952861785889,0.5046597719192505,2.3272725088940662e-05
148450,7,1.254883050918579,0.5365650057792664,2.3268455408164672e-05
148500,7,1.2854957580566406,0.5022596120834351,2.326418482282943e-05
148550,7,1.3214619159698486,0.506687343120575,2.3259913333505673e-05
148600,7,1.265599250793457,0.5292702913284302,2.3255640940764252e-05
148650,7,1.2727257013320923,0.4926835894584656,2.3251367645176145e-05
148700,7,1.3151073455810547,0.4961778223514557,2.324709344731245e-05
148750,7,1.2683101892471313,0.510421097278595,2.3242818347744382e-05
148800,7,1.188272476196289,0.45929980278015137,2.323854234704329e-05
148850,7,1.3204617500305176,0.530311107635498,2.323426544578062e-05
148900,7,1.2841999530792236,0.5004684925079346,2.322998764452796e-05
148950,7,1.2613946199417114,0.49190640449523926,2.3225708943857008e-05
149000,7,1.277796745300293,0.49603980779647827,2.3221429344339585e-05
149050,7,1.2435636520385742,0.49421632289886475,2.3217148846547628e-05
149100,7,1.316612720489502,0.5323266386985779,2.3212867451053202e-05
149150,7,1.2279224395751953,0.5022744536399841,2.3208585158428482e-05
149200,7,1.2706776857376099,0.4876019358634949,2.3204301969245768e-05
149250,7,1.247619867324829,0.4987680912017822,2.320001788407749e-05
149300,7,1.2035654783248901,0.5058881640434265,2.3195732903496173e-05
149350,7,1.3116793632507324,0.5058078169822693,2.319144702807449e-05
149400,7,1.2741658687591553,0.4802762567996979,2.3187160258385203e-05
149450,7,1.2273513078689575,0.5264894962310791,2.318287259500123e-05
149500,7,1.2532126903533936,0.5074964165687561,2.3178584038495575e-05
149550,7,1.327749490737915,0.5173291563987732,2.3174294589441378e-05
149600,7,1.2559003829956055,0.5063410401344299,2.3170004248411895e-05
149650,7,1.261336326599121,0.49535924196243286,2.316571301598051e-05
149700,7,1.2633202075958252,0.5196191668510437,2.3161420892720705e-05
149750,7,1.2453367710113525,0.49352699518203735,2.3157127879206107e-05
149800,7,1.253659725189209,0.4777541160583496,2.3152833976010437e-05
149850,7,1.29476797580719,0.4939611256122589,2.3148539183707552e-05
149900,7,1.259797215461731,0.4917979836463928,2.314424350287142e-05
149950,7,1.2751927375793457,0.4801199734210968,2.313994693407614e-05
150000,7,1.2968149185180664,0.5320376753807068,2.313564947789591e-05
150050,7,1.234546184539795,0.5098224878311157,2.313135113490506e-05
150100,7,1.2606611251831055,0.4743446409702301,2.312705190567803e-05
150150,7,1.273071527481079,0.5135894417762756,2.312275179078939e-05
150200,7,1.165184497833252,0.49240928888320923,2.311845079081382e-05
150250,7,1.271747350692749,0.5065070986747742,2.3114148906326122e-05
150300,7,1.2595453262329102,0.49537917971611023,2.310984613790121e-05
150350,7,1.3124760389328003,0.4924263656139374,2.3105542486114122e-05
150400,7,1.3158867359161377,0.528032660484314,2.3101237951540014e-05
150450,7,1.2837690114974976,0.4977820813655853,2.3096932534754156e-05
150500,7,1.267319679260254,0.49597862362861633,2.3092626236331944e-05
150550,7,1.265916347503662,0.5036296844482422,2.308831905684888e-05
150600,7,1.2194124460220337,0.5042769908905029,2.3084010996880592e-05
150650,7,1.3370661735534668,0.5153487920761108,2.3079702057002824e-05
150700,7,1.2531847953796387,0.4902768135070801,2.3075392237791443e-05
150750,7,1.23635995388031,0.45800358057022095,2.3071081539822423e-05
150800,7,1.3146476745605469,0.495402455329895,2.3066769963671853e-05
150850,7,1.2820945978164673,0.48282694816589355,2.3062457509915952e-05
150900,7,1.284578561782837,0.5216074585914612,2.3058144179131055e-05
150950,7,1.2797996997833252,0.5129218101501465,2.3053829971893612e-05
151000,7,1.2782313823699951,0.50927734375,2.3049514888780174e-05
151050,7,1.2622816562652588,0.46539363265037537,2.3045198930367442e-05
151100,7,1.301703691482544,0.5211047530174255,2.30408820972322e-05
151150,7,1.2818001508712769,0.5282713174819946,2.303656438995137e-05
151200,7,1.2632646560668945,0.48390060663223267,2.303224580910199e-05
151250,7,1.263169288635254,0.5133935809135437,2.3027926355261205e-05
151300,7,1.2774052619934082,0.48343658447265625,2.3023606029006278e-05
151350,7,1.2021970748901367,0.514261782169342,2.3019284830914596e-05
151400,7,1.3002345561981201,0.498541921377182,2.301496276156366e-05
151450,7,1.2273344993591309,0.5042842030525208,2.3010639821531082e-05
151500,7,1.2428454160690308,0.4848984479904175,2.3006316011394596e-05
151550,7,1.283043622970581,0.5129085779190063,2.300199133173205e-05
151600,7,1.2129572629928589,0.4874083697795868,2.299766578312141e-05
151650,7,1.2606194019317627,0.4979259669780731,2.2993339366140758e-05
151700,7,1.204176425933838,0.4797670543193817,2.2989012081368285e-05
151750,7,1.2172677516937256,0.5096906423568726,2.298468392938231e-05
151800,7,1.2642778158187866,0.5040780901908875,2.298035491076127e-05
151850,7,1.264000654220581,0.4788753092288971,2.297602502608369e-05
151900,7,1.3189822435379028,0.5433259606361389,2.2971694275928236e-05
151950,7,1.2523987293243408,0.49298804998397827,2.29673626608737e-05
152000,7,1.2734365463256836,0.5382680296897888,2.2963030181498956e-05
152050,7,1.2266199588775635,0.5182923674583435,2.2958696838383016e-05
152100,7,1.2040305137634277,0.4896724820137024,2.295436263210501e-05
152150,7,1.2684940099716187,0.48119473457336426,2.2950027563244166e-05
152200,7,1.26104736328125,0.4889621138572693,2.2945691632379838e-05
152250,7,1.2252453565597534,0.520557165145874,2.2941354840091503e-05
152300,8,1.2365257740020752,0.514208197593689,2.2937017186958736e-05
152350,8,1.2733285427093506,0.5006288290023804,2.293267867356124e-05
152400,8,1.2386250495910645,0.4906899034976959,2.2928339300478828e-05
152450,8,1.2464395761489868,0.499011367559433,2.2923999068291425e-05
152500,8,1.2573387622833252,0.5001708269119263,2.291965797757908e-05
152550,8,1.2203805446624756,0.48509782552719116,2.2915316028921948e-05
152600,8,1.2399958372116089,0.482837051153183,2.2910973222900302e-05
152650,8,1.2192494869232178,0.495250940322876,2.2906629560094524e-05
152700,8,1.3070759773254395,0.5213326811790466,2.290228504108513e-05
152750,8,1.2853093147277832,0.4916602373123169,2.2897939666452722e-05
152800,8,1.2681657075881958,0.48113635182380676,2.2893593436778036e-05
152850,8,1.2040809392929077,0.4949699938297272,2.2889246352641917e-05
152900,8,1.2538825273513794,0.5087364912033081,2.2884898414625328e-05
152950,8,1.2320011854171753,0.4984380304813385,2.288054962330933e-05
153000,8,1.2404142618179321,0.49446558952331543,2.2876199979275123e-05
153050,8,1.2251137495040894,0.5079473853111267,2.2871849483103995e-05
153100,8,1.239926815032959,0.47957026958465576,2.2867498135377378e-05
153150,8,1.2715568542480469,0.4985779821872711,2.2863145936676786e-05
153200,8,1.3065083026885986,0.4938461184501648,2.285879288758387e-05
153250,8,1.2372316122055054,0.4822864234447479,2.2854438988680386e-05
153300,8,1.2074511051177979,0.4811784327030182,2.2850084240548195e-05
153350,8,1.2623733282089233,0.5147927403450012,2.2845728643769293e-05
153400,8,1.2548940181732178,0.49492722749710083,2.2841372198925767e-05
153450,8,1.2826461791992188,0.5133025050163269,2.283701490659983e-05
153500,8,1.2685697078704834,0.48587146401405334,2.283265676737381e-05
153550,8,1.3242918252944946,0.5261653661727905,2.282829778183013e-05
153600,8,1.2744406461715698,0.5037709474563599,2.282393795055136e-05
153650,8,1.2925670146942139,0.4951402544975281,2.2819577274120144e-05
153700,8,1.2649282217025757,0.5231559872627258,2.2815215753119266e-05
153750,8,1.2933838367462158,0.5176200866699219,2.2810853388131615e-05
153800,8,1.2722256183624268,0.47865498065948486,2.2806490179740183e-05
153850,8,1.2630834579467773,0.5094091892242432,2.2802126128528096e-05
153900,8,1.2696175575256348,0.5117005109786987,2.2797761235078576e-05
153950,8,1.3109840154647827,0.4901379942893982,2.2793395499974964e-05
154000,8,1.2930442094802856,0.5130155682563782,2.2789028923800707e-05
154050,8,1.2226498126983643,0.4977951645851135,2.278466150713937e-05
154100,8,1.2500933408737183,0.4955453872680664,2.2780293250574633e-05
154150,8,1.2430171966552734,0.506031334400177,2.2775924154690282e-05
154200,8,1.2538251876831055,0.5195602178573608,2.2771554220070217e-05
154250,8,1.2948044538497925,0.5040374994277954,2.276718344729845e-05
154300,8,1.2853405475616455,0.5205671191215515,2.276281183695911e-05
154350,8,1.285282015800476,0.5113152265548706,2.275843938963644e-05
154400,8,1.2302509546279907,0.47573697566986084,2.2754066105914768e-05
154450,8,1.2815334796905518,0.49278905987739563,2.274969198637857e-05
154500,8,1.2588002681732178,0.4873252809047699,2.2745317031612412e-05
154550,8,1.335668921470642,0.5847299098968506,2.2740941242200984e-05
154600,8,1.2804861068725586,0.48731729388237,2.2736564618729074e-05
154650,8,1.2633377313613892,0.5078128576278687,2.2732187161781602e-05
154700,8,1.2254778146743774,0.5380141735076904,2.2727808871943568e-05
154750,8,1.2170193195343018,0.49609148502349854,2.272342974980011e-05
154800,8,1.199059247970581,0.46952804923057556,2.2719049795936472e-05
154850,8,1.2972002029418945,0.526795506477356,2.2714669010938e-05
154900,8,1.275036096572876,0.5029431581497192,2.2710287395390165e-05
154950,8,1.2299466133117676,0.4768662452697754,2.2705904949878532e-05
155000,8,1.1789453029632568,0.5081612467765808,2.2701521674988785e-05
155050,8,1.2461241483688354,0.49907079339027405,2.269713757130673e-05
155100,8,1.2668542861938477,0.5082622170448303,2.2692752639418266e-05
155150,8,1.2798185348510742,0.49200546741485596,2.2688366879909408e-05
155200,8,1.265540599822998,0.5384372472763062,2.2683980293366287e-05
155250,8,1.2564151287078857,0.4682139754295349,2.267959288037515e-05
155300,8,1.2058120965957642,0.520915150642395,2.2675204641522324e-05
155350,8,1.2829923629760742,0.5505739450454712,2.2670815577394287e-05
155400,8,1.2653008699417114,0.48335015773773193,2.2666425688577608e-05
155450,8,1.232346534729004,0.4950127601623535,2.2662034975658956e-05
155500,8,1.2757298946380615,0.4897453784942627,2.2657643439225126e-05
155550,8,1.2747318744659424,0.500177800655365,2.2653251079863014e-05
155600,8,1.3293766975402832,0.5340678095817566,2.2648857898159644e-05
155650,8,1.255342960357666,0.5017433166503906,2.2644463894702114e-05
155700,8,1.2586019039154053,0.5072570443153381,2.264006907007767e-05
155750,8,1.2748057842254639,0.4865213632583618,2.263567342487364e-05
155800,8,1.2959619760513306,0.5089592337608337,2.2631276959677486e-05
155850,8,1.2441891431808472,0.5099089741706848,2.262687967507676e-05
155900,8,1.2994916439056396,0.5172073245048523,2.262248157165912e-05
155950,8,1.3005964756011963,0.5144041776657104,2.261808265001236e-05
156000,8,1.2729942798614502,0.494480699300766,2.261368291072435e-05
156050,8,1.299299716949463,0.5213674306869507,2.2609282354383106e-05
156100,8,1.2642492055892944,0.5086625814437866,2.2604880981576714e-05
156150,8,1.257925271987915,0.506597638130188,2.26004787928934e-05
156200,8,1.2665634155273438,0.4935285151004791,2.259607578892149e-05
156250,8,1.2396330833435059,0.49326616525650024,2.25916719702494e-05
156300,8,1.2404727935791016,0.5039944052696228,2.2587267337465688e-05
156350,8,1.1866669654846191,0.500788152217865,2.2582861891159e-05
156400,8,1.2143644094467163,0.4966810345649719,2.2578455631918086e-05
156450,8,1.18361496925354,0.47680193185806274,2.2574048560331823e-05
156500,8,1.261578917503357,0.4785834550857544,2.2569640676989183e-05
156550,8,1.2116281986236572,0.5129310488700867,2.2565231982479252e-05
156600,8,1.2386550903320312,0.5012321472167969,2.2560822477391224e-05
156650,8,1.2538151741027832,0.49666106700897217,2.2556412162314395e-05
156700,8,1.2816181182861328,0.5258926153182983,2.2552001037838178e-05
156750,8,1.2987399101257324,0.5130661129951477,2.254758910455209e-05
156800,8,1.2643473148345947,0.4699104130268097,2.2543176363045757e-05
156850,8,1.255505084991455,0.49933239817619324,2.253876281390891e-05
156900,8,1.3031635284423828,0.5055211186408997,2.2534348457731397e-05
156950,8,1.245896577835083,0.5084295272827148,2.252993329510316e-05
157000,8,1.2658169269561768,0.522253155708313,2.252551732661426e-05
157050,8,1.2774099111557007,0.5137468576431274,2.2521100552854868e-05
157100,8,1.2467238903045654,0.5008512735366821,2.2516682974415245e-05
157150,8,1.2850489616394043,0.46630576252937317,2.2512264591885776e-05
157200,8,1.326371431350708,0.4905177354812622,2.2507845405856953e-05
157250,8,1.2790549993515015,0.5051261186599731,2.2503425416919365e-05
157300,8,1.3018717765808105,0.5425434708595276,2.2499004625663712e-05
157350,8,1.3012151718139648,0.528891384601593,2.249458303268081e-05
157400,8,1.2618365287780762,0.5081409811973572,2.249016063856158e-05
157450,8,1.2366654872894287,0.5275035500526428,2.248573744389703e-05
157500,8,1.227696418762207,0.49937865138053894,2.2481313449278306e-05
157550,8,1.277712106704712,0.5126786828041077,2.2476888655296637e-05
157600,8,1.2281339168548584,0.47246065735816956,2.2472463062543365e-05
157650,8,1.2750204801559448,0.512859046459198,2.2468036671609955e-05
157700,8,1.284010887145996,0.490060031414032,2.2463609483087946e-05
157750,8,1.2202203273773193,0.5061322450637817,2.2459181497569018e-05
157800,8,1.221268653869629,0.49664315581321716,2.245475271564494e-05
157850,8,1.2937309741973877,0.5361756682395935,2.2450323137907583e-05
157900,8,1.2778856754302979,0.5047462582588196,2.2445892764948932e-05
157950,8,1.3124703168869019,0.5166136026382446,2.2441461597361074e-05
158000,8,1.2245197296142578,0.49093249440193176,2.2437029635736216e-05
158050,8,1.332642912864685,0.5231399536132812,2.243259688066665e-05
158100,8,1.287153720855713,0.4891161024570465,2.2428163332744786e-05
158150,8,1.2633110284805298,0.5013990998268127,2.242372899256315e-05
158200,8,1.2710528373718262,0.502259373664856,2.241929386071434e-05
158250,8,1.2411470413208008,0.4921812117099762,2.2414857937791105e-05
158300,8,1.2816134691238403,0.5228473544120789,2.241042122438626e-05
158350,8,1.2275440692901611,0.48133063316345215,2.2405983721092753e-05
158400,8,1.2574394941329956,0.5144236087799072,2.240154542850362e-05
158450,8,1.2595691680908203,0.5015964508056641,2.239710634721201e-05
158500,8,1.1989836692810059,0.4735080897808075,2.2392666477811188e-05
158550,8,1.2660421133041382,0.5035394430160522,2.23882258208945e-05
158600,8,1.280243158340454,0.49046456813812256,2.2383784377055416e-05
158650,8,1.2602297067642212,0.5503130555152893,2.23793421468875e-05
158700,8,1.2701056003570557,0.498209148645401,2.2374899130984432e-05
158750,8,1.1812797784805298,0.4796655476093292,2.2370455329939983e-05
158800,8,1.309432029724121,0.5090565085411072,2.2366010744348054e-05
158850,8,1.2776458263397217,0.5194056034088135,2.2361565374802623e-05
158900,8,1.291308879852295,0.5098370313644409,2.235711922189779e-05
158950,8,1.3577239513397217,0.5315623879432678,2.2352672286227748e-05
159000,8,1.201158046722412,0.48356693983078003,2.2348224568386805e-05
159050,8,1.3435453176498413,0.5482805371284485,2.2343776068969365e-05
159100,8,1.2505223751068115,0.5113577842712402,2.2339326788569943e-05
159150,8,1.2435399293899536,0.4998458921909332,2.2334876727783156e-05
159200,8,1.290343999862671,0.5194835662841797,2.2330425887203723e-05
159250,8,1.261541485786438,0.5143241286277771,2.2325974267426474e-05
159300,8,1.3074285984039307,0.49947822093963623,2.2321521869046334e-05
159350,8,1.2442495822906494,0.5096184015274048,2.231706869265834e-05
159400,8,1.2584521770477295,0.5246632695198059,2.2312614738857623e-05
159450,8,1.220036268234253,0.49816861748695374,2.230816000823943e-05
159500,8,1.258649468421936,0.5004391074180603,2.2303704501399106e-05
159550,8,1.2388029098510742,0.4964255392551422,2.22992482189321e-05
159600,8,1.286194920539856,0.5262169241905212,2.2294791161433967e-05
159650,8,1.2832742929458618,0.5267229676246643,2.2290333329500356e-05
159700,8,1.2359118461608887,0.5268194675445557,2.2285874723727032e-05
159750,8,1.2395050525665283,0.5126705765724182,2.228141534470986e-05
159800,8,1.2803640365600586,0.5052534937858582,2.2276955193044803e-05
159850,8,1.210590124130249,0.48210927844047546,2.2272494269327933e-05
159900,8,1.2465835809707642,0.5177707076072693,2.2268032574155413e-05
159950,8,1.2122704982757568,0.4701908528804779,2.2263570108123535e-05
160000,8,1.3009300231933594,0.5478558540344238,2.2259106871828663e-05
160050,8,1.2293815612792969,0.5171971917152405,2.2254642865867294e-05
160100,8,1.2602579593658447,0.5061560869216919,2.2250178090836e-05
160150,8,1.2871005535125732,0.5272131562232971,2.2245712547331473e-05
160200,8,1.2911343574523926,0.5089400410652161,2.2241246235950506e-05
160250,8,1.2262698411941528,0.49092167615890503,2.223677915728999e-05
160300,8,1.238915205001831,0.5100370645523071,2.223231131194692e-05
160350,8,1.2282172441482544,0.520487904548645,2.2227842700518398e-05
160400,8,1.2522704601287842,0.5581668615341187,2.2223373323601617e-05
160450,8,1.2894976139068604,0.5069157481193542,2.2218903181793887e-05
160500,8,1.2580897808074951,0.4771886467933655,2.22144322756926e-05
160550,8,1.2569329738616943,0.5159499049186707,2.2209960605895284e-05
160600,8,1.2575454711914062,0.49594351649284363,2.220548817299953e-05
160650,8,1.2310700416564941,0.48631221055984497,2.2201014977603057e-05
160700,8,1.2268688678741455,0.5043581128120422,2.2196541020303677e-05
160750,8,1.2147347927093506,0.4780144989490509,2.2192066301699306e-05
160800,8,1.2472407817840576,0.5286504030227661,2.218759082238795e-05
160850,8,1.2813100814819336,0.5055373311042786,2.2183114582967742e-05
160900,8,1.2864669561386108,0.5531702637672424,2.2178637584036897e-05
160950,8,1.2804994583129883,0.5352194905281067,2.2174159826193734e-05
161000,8,1.2341949939727783,0.49893122911453247,2.2169681310036675e-05
161050,8,1.2697076797485352,0.532491147518158,2.2165202036164246e-05
161100,8,1.256357192993164,0.48842546343803406,2.216072200517507e-05
161150,8,1.2877649068832397,0.5063880085945129,2.215624121766788e-05
161200,8,1.300241231918335,0.5330109596252441,2.2151759674241494e-05
161250,8,1.239955186843872,0.5039919018745422,2.214727737549485e-05
161300,8,1.2692482471466064,0.5791460275650024,2.214279432202697e-05
161350,8,1.24790358543396,0.5097898244857788,2.2138310514436985e-05
161400,8,1.22703218460083,0.4824765622615814,2.2133825953324133e-05
161450,8,1.2847108840942383,0.5042922496795654,2.212934063928774e-05
161500,8,1.2427494525909424,0.5308108925819397,2.2124854572927244e-05
161550,8,1.2497650384902954,0.4978332221508026,2.2120367754842168e-05
161600,8,1.1975563764572144,0.4876953959465027,2.2115880185632154e-05
161650,8,1.1930080652236938,0.5165122747421265,2.2111391865896935e-05
161700,8,1.2287676334381104,0.4831770360469818,2.2106902796236343e-05
161750,8,1.3310110569000244,0.5219574570655823,2.210241297725031e-05
161800,8,1.207089900970459,0.4804493486881256,2.2097922409538882e-05
161850,8,1.2453866004943848,0.503291666507721,2.209343109370218e-05
161900,8,1.2818129062652588,0.5074256658554077,2.2088939030340444e-05
161950,8,1.248397946357727,0.5189386606216431,2.208444622005401e-05
162000,8,1.2490181922912598,0.5384085178375244,2.2079952663443314e-05
162050,8,1.289455771446228,0.5489826798439026,2.207545836110888e-05
162100,8,1.203381896018982,0.502020001411438,2.2070963313651352e-05
162150,8,1.2340707778930664,0.5177006125450134,2.206646752167146e-05
162200,8,1.2738358974456787,0.5265975594520569,2.206197098577004e-05
162250,8,1.1998891830444336,0.4918087124824524,2.2057473706548016e-05
162300,8,1.3041985034942627,0.5219776630401611,2.205297568460643e-05
162350,8,1.234917402267456,0.5620732307434082,2.2048476920546403e-05
162400,8,1.2617859840393066,0.4854070246219635,2.2043977414969167e-05
162450,8,1.2920116186141968,0.5057322978973389,2.2039477168476068e-05
162500,8,1.3048338890075684,0.5163018703460693,2.203497618166851e-05
162550,8,1.2733595371246338,0.49419230222702026,2.203047445514803e-05
162600,8,1.257822871208191,0.5078449845314026,2.2025971989516255e-05
162650,8,1.2967250347137451,0.49704253673553467,2.202146878537491e-05
162700,8,1.2781494855880737,0.5215539336204529,2.2016964843325814e-05
162750,8,1.2216079235076904,0.48388922214508057,2.2012460163970895e-05
162800,8,1.2944425344467163,0.515834391117096,2.200795474791217e-05
162850,8,1.2682100534439087,0.5156958103179932,2.200344859575176e-05
162900,8,1.2332031726837158,0.5262629389762878,2.1998941708091882e-05
162950,8,1.271500825881958,0.5045377612113953,2.1994434085534848e-05
163000,8,1.277623176574707,0.522847056388855,2.1989925728683077e-05
163050,8,1.1979990005493164,0.5092693567276001,2.198541663813908e-05
163100,8,1.2724905014038086,0.48270535469055176,2.198090681450546e-05
163150,8,1.3091015815734863,0.521706759929657,2.197639625838494e-05
163200,8,1.2329692840576172,0.49684223532676697,2.197188497038031e-05
163250,8,1.2120944261550903,0.503007173538208,2.1967372951094485e-05
163300,8,1.2245550155639648,0.5334705710411072,2.196286020113046e-05
163350,8,1.2667291164398193,0.4985752999782562,2.1958346721091334e-05
163400,8,1.2507026195526123,0.5453598499298096,2.195383251158031e-05
163450,8,1.2432494163513184,0.5034700632095337,2.1949317573200677e-05
163500,8,1.316908836364746,0.5098288059234619,2.194480190655583e-05
163550,8,1.2334892749786377,0.4852910041809082,2.1940285512249253e-05
163600,8,1.24208402633667,0.48040759563446045,2.193576839088454e-05
163650,8,1.1832199096679688,0.4588039815425873,2.1931250543065363e-05
163700,8,1.2530090808868408,0.5096952319145203,2.1926731969395513e-05
163750,8,1.2353084087371826,0.5161862969398499,2.1922212670478865e-05
163800,8,1.2986531257629395,0.5200141072273254,2.1917692646919387e-05
163850,8,1.239283800125122,0.4873181879520416,2.1913171899321158e-05
163900,8,1.2226121425628662,0.5267942547798157,2.1908650428288345e-05
163950,8,1.2905017137527466,0.5277727842330933,2.1904128234425207e-05
164000,8,1.2830179929733276,0.5048465132713318,2.1899605318336113e-05
164050,8,1.289512276649475,0.5050068497657776,2.189508168062551e-05
164100,8,1.2324641942977905,0.4839882254600525,2.1890557321897967e-05
164150,8,1.2523572444915771,0.5362462997436523,2.1886032242758122e-05
164200,8,1.2373888492584229,0.48827052116394043,2.188150644381073e-05
164250,8,1.3184666633605957,0.5413818955421448,2.1876979925660627e-05
164300,8,1.2293235063552856,0.47766220569610596,2.1872452688912756e-05
164350,8,1.2205288410186768,0.5171705484390259,2.1867924734172153e-05
164400,8,1.292407751083374,0.5227387547492981,2.1863396062043944e-05
164450,8,1.2733019590377808,0.5364915132522583,2.1858866673133365e-05
164500,8,1.238874912261963,0.5170940160751343,2.1854336568045733e-05
164550,8,1.2266669273376465,0.5166803598403931,2.1849805747386466e-05
164600,8,1.1973578929901123,0.4978138208389282,2.184527421176108e-05
164650,8,1.2042841911315918,0.49019911885261536,2.1840741961775186e-05
164700,8,1.2779560089111328,0.5259789228439331,2.1836208998034488e-05
164750,8,1.257559061050415,0.5304076671600342,2.1831675321144788e-05
164800,8,1.2245776653289795,0.4714410901069641,2.1827140931711975e-05
164850,8,1.2091706991195679,0.49869123101234436,2.1822605830342048e-05
164900,8,1.1965851783752441,0.4998950660228729,2.181807001764109e-05
164950,8,1.2850120067596436,0.5067102909088135,2.1813533494215285e-05
165000,8,1.2457118034362793,0.5022088289260864,2.1808996260670903e-05
165050,8,1.262622594833374,0.5160278677940369,2.1804458317614326e-05
165100,8,1.219419240951538,0.48319172859191895,2.1799919665652005e-05
165150,8,1.2808611392974854,0.5231009125709534,2.1795380305390516e-05
165200,8,1.2498526573181152,0.49985527992248535,2.1790840237436502e-05
165250,8,1.2914047241210938,0.5384426116943359,2.1786299462396728e-05
165300,8,1.244422197341919,0.5225276350975037,2.1781757980878018e-05
165350,8,1.2401734590530396,0.5121740698814392,2.177721579348733e-05
165400,8,1.271966814994812,0.5005909204483032,2.177267290083169e-05
165450,8,1.2539647817611694,0.4927738308906555,2.176812930351822e-05
165500,8,1.2364331483840942,0.51207035779953,2.176358500215415e-05
165550,8,1.3071448802947998,0.5199919939041138,2.175903999734679e-05
165600,8,1.2536677122116089,0.505226731300354,2.1754494289703557e-05
165650,8,1.242830753326416,0.49800390005111694,2.1749947879831945e-05
165700,8,1.2042255401611328,0.4802124798297882,2.1745400768339558e-05
165750,8,1.2654218673706055,0.5037313103675842,2.1740852955834088e-05
165800,8,1.1824055910110474,0.48812609910964966,2.173630444292331e-05
165850,8,1.2364997863769531,0.47754907608032227,2.173175523021512e-05
165900,8,1.3168681859970093,0.5998290777206421,2.172720531831748e-05
165950,8,1.2510130405426025,0.5113162994384766,2.1722654707838453e-05
166000,8,1.2338050603866577,0.5126426219940186,2.1718103399386202e-05
166050,8,1.2494006156921387,0.5072492361068726,2.171355139356898e-05
166100,8,1.2726423740386963,0.5228453278541565,2.170899869099513e-05
166150,8,1.2327287197113037,0.5152075886726379,2.1704445292273094e-05
166200,8,1.2850005626678467,0.5416555404663086,2.1699891198011398e-05
166250,8,1.232129454612732,0.4846478998661041,2.1695336408818667e-05
166300,8,1.20207941532135,0.5382095575332642,2.1690780925303628e-05
166350,8,1.2420973777770996,0.5143689513206482,2.1686224748075086e-05
166400,8,1.2461626529693604,0.5033144354820251,2.1681667877741933e-05
166450,8,1.3033982515335083,0.49630579352378845,2.1677110314913176e-05
166500,8,1.2793879508972168,0.5193695425987244,2.1672552060197905e-05
166550,8,1.2709465026855469,0.5056933760643005,2.166799311420529e-05
166600,8,1.1883344650268555,0.48931461572647095,2.166343347754462e-05
166650,8,1.2231788635253906,0.48509591817855835,2.1658873150825244e-05
166700,8,1.2868483066558838,0.4964160621166229,2.165431213465663e-05
166750,8,1.2087538242340088,0.4736359417438507,2.1649750429648315e-05
166800,8,1.2182633876800537,0.5182765126228333,2.164518803640996e-05
166850,8,1.2741153240203857,0.5292778015136719,2.1640624955551288e-05
166900,8,1.208946704864502,0.5237755179405212,2.163606118768212e-05
166950,8,1.2327897548675537,0.5125011801719666,2.1631496733412378e-05
167000,8,1.2146227359771729,0.48273947834968567,2.162693159335207e-05
167050,8,1.2693181037902832,0.5105053186416626,2.1622365768111302e-05
167100,8,1.314713716506958,0.5069905519485474,2.161779925830026e-05
167150,8,1.2508645057678223,0.48753848671913147,2.161323206452923e-05
167200,8,1.2082819938659668,0.4785265624523163,2.1608664187408588e-05
167250,8,1.2302639484405518,0.5243699550628662,2.1604095627548796e-05
167300,8,1.2571452856063843,0.48424383997917175,2.159952638556042e-05
167350,8,1.287580966949463,0.5226799845695496,2.1594956462054107e-05
167400,8,1.247186303138733,0.47803443670272827,2.159038585764059e-05
167450,8,1.310666799545288,0.4928378164768219,2.1585814572930705e-05
167500,8,1.3329522609710693,0.5438663959503174,2.158124260853537e-05
167550,8,1.2304391860961914,0.506879985332489,2.1576669965065608e-05
167600,8,1.251848578453064,0.5041149258613586,2.157209664313251e-05
167650,8,1.2264097929000854,0.49881500005722046,2.1567522643347277e-05
167700,8,1.2464606761932373,0.4790053963661194,2.1562947966321195e-05
167750,8,1.2124271392822266,0.511093258857727,2.1558372612665636e-05
167800,8,1.2466824054718018,0.5117886662483215,2.155379658299207e-05
167850,8,1.2129011154174805,0.48530545830726624,2.1549219877912044e-05
167900,8,1.2235233783721924,0.5284586548805237,2.154464249803721e-05
167950,8,1.2471251487731934,0.5200814008712769,2.1540064443979308e-05
168000,8,1.2142117023468018,0.5084648132324219,2.153548571635016e-05
168050,8,1.2498672008514404,0.5295504927635193,2.1530906315761686e-05
168100,8,1.2553874254226685,0.509509265422821,2.152632624282589e-05
168150,8,1.1950695514678955,0.465558260679245,2.1521745498154866e-05
168200,8,1.2671399116516113,0.5344111919403076,2.1517164082360804e-05
168250,8,1.2397921085357666,0.5121574997901917,2.151258199605598e-05
168300,8,1.209040641784668,0.4993424415588379,2.150799923985276e-05
168350,8,1.2625690698623657,0.5180642008781433,2.1503415814363594e-05
168400,8,1.2212531566619873,0.5087682604789734,2.1498831720201035e-05
168450,8,1.2471435070037842,0.5213620662689209,2.1494246957977706e-05
168500,8,1.2013139724731445,0.5021954774856567,2.148966152830634e-05
168550,8,1.2275495529174805,0.5187844038009644,2.1485075431799745e-05
168600,8,1.255318284034729,0.5070418119430542,2.148048866907082e-05
168650,8,1.30221688747406,0.5132218599319458,2.147590124073256e-05
168700,8,1.2577285766601562,0.5101213455200195,2.147131314739804e-05
168750,8,1.2847702503204346,0.5265366435050964,2.1466724389680433e-05
168800,8,1.272064208984375,0.5063415765762329,2.1462134968192993e-05
168850,8,1.2153053283691406,0.48676177859306335,2.145754488354907e-05
168900,8,1.2194092273712158,0.5070138573646545,2.1452954136362096e-05
168950,8,1.2301760911941528,0.4935018718242645,2.1448362727245587e-05
169000,8,1.2683000564575195,0.512405276298523,2.1443770656813167e-05
169050,8,1.267967939376831,0.5077974796295166,2.1439177925678523e-05
169100,8,1.2268539667129517,0.49438270926475525,2.1434584534455454e-05
169150,8,1.279377818107605,0.51102215051651,2.1429990483757832e-05
169200,8,1.3228681087493896,0.5147326588630676,2.1425395774199616e-05
169250,8,1.283729076385498,0.5515883564949036,2.1420800406394868e-05
169300,8,1.2318484783172607,0.4990503191947937,2.141620438095772e-05
169350,8,1.2804758548736572,0.4936474561691284,2.1411607698502412e-05
169400,8,1.275315523147583,0.5220744609832764,2.140701035964325e-05
169450,8,1.3059872388839722,0.5316181778907776,2.140241236499464e-05
169500,8,1.2510719299316406,0.5055458545684814,2.1397813715171072e-05
169550,8,1.269569993019104,0.5143411159515381,2.1393214410787132e-05
169600,8,1.2207475900650024,0.4858678877353668,2.1388614452457477e-05
169650,8,1.2635166645050049,0.5042279362678528,2.1384013840796873e-05
169700,8,1.2122104167938232,0.5424463748931885,2.1379412576420148e-05
169750,8,1.24907386302948,0.5177006721496582,2.1374810659942236e-05
169800,8,1.30898916721344,0.5458187460899353,2.1370208091978162e-05
169850,8,1.2237451076507568,0.4970269799232483,2.136560487314301e-05
169900,8,1.2351609468460083,0.5054529905319214,2.1361001004051986e-05
169950,8,1.2888270616531372,0.5011115670204163,2.1356396485320355e-05
170000,8,1.2630912065505981,0.5054885745048523,2.135179131756349e-05
170050,8,1.2891602516174316,0.493846595287323,2.1347185501396837e-05
170100,8,1.321797490119934,0.5501739978790283,2.134257903743593e-05
170150,8,1.3065505027770996,0.5482013821601868,2.13379719262964e-05
170200,8,1.2231543064117432,0.48879119753837585,2.1333364168593952e-05
170250,8,1.2471015453338623,0.48271840810775757,2.132875576494438e-05
170300,8,1.295790672302246,0.556812584400177,2.132414671596357e-05
170350,8,1.2518823146820068,0.5051915645599365,2.1319537022267493e-05
170400,8,1.324187159538269,0.5643830895423889,2.1314926684472196e-05
170450,8,1.3141398429870605,0.550446629524231,2.1310315703193826e-05
170500,8,1.2334991693496704,0.5192831158638,2.1305704079048614e-05
170550,8,1.2801872491836548,0.49897125363349915,2.1301091812652866e-05
170600,8,1.2624030113220215,0.5229171514511108,2.129647890462298e-05
170650,8,1.350099802017212,0.5418228507041931,2.129186535557545e-05
170700,8,1.1780331134796143,0.4799608886241913,2.1287251166126835e-05
170750,8,1.1984336376190186,0.5140584111213684,2.1282636336893796e-05
170800,8,1.1673609018325806,0.474919855594635,2.1278020868493076e-05
170850,8,1.3166391849517822,0.5141980648040771,2.1273404761541498e-05
170900,8,1.24994957447052,0.49439945816993713,2.126878801665598e-05
170950,8,1.2213430404663086,0.5227492451667786,2.1264170634453515e-05
171000,8,1.246476173400879,0.5194553732872009,2.1259552615551187e-05
171050,8,1.2946829795837402,0.5393704771995544,2.1254933960566163e-05
171100,8,1.3167881965637207,0.5398369431495667,2.12503146701157e-05
171150,8,1.1642000675201416,0.49473196268081665,2.1245694744817117e-05
171200,8,1.2637561559677124,0.5221713781356812,2.1241074185287862e-05
171250,8,1.3099465370178223,0.560156524181366,2.123645299214543e-05
171300,8,1.2404632568359375,0.5051416158676147,2.1231831166007413e-05
171350,8,1.2284846305847168,0.49471303820610046,2.1227208707491487e-05
171400,8,1.162176251411438,0.4712630808353424,2.1222585617215414e-05
171450,8,1.2399084568023682,0.4950123727321625,2.1217961895797036e-05
171500,8,1.2203963994979858,0.4716239869594574,2.1213337543854292e-05
171550,8,1.274911642074585,0.5178369283676147,2.120871256200519e-05
171600,8,1.2917522192001343,0.5237046480178833,2.120408695086783e-05
171650,8,1.2636713981628418,0.5124931335449219,2.1199460711060385e-05
171700,8,1.2576942443847656,0.5114195346832275,2.1194833843201136e-05
171750,8,1.258624792098999,0.5181725025177002,2.1190206347908424e-05
171800,8,1.2715250253677368,0.5684582591056824,2.118557822580069e-05
171850,8,1.2983200550079346,0.5016456246376038,2.1180949477496447e-05
171900,8,1.2998015880584717,0.5072258114814758,2.1176320103614285e-05
171950,8,1.1644783020019531,0.44857701659202576,2.1171690104772912e-05
172000,8,1.2982127666473389,0.5405757427215576,2.1167059481591083e-05
172050,8,1.2305123805999756,0.5290153622627258,2.116242823468765e-05
172100,8,1.3048458099365234,0.541890025138855,2.115779636468156e-05
172150,8,1.2416945695877075,0.48625755310058594,2.1153163872191816e-05
172200,8,1.2632646560668945,0.5152168869972229,2.114853075783753e-05
172250,8,1.3236041069030762,0.531473696231842,2.1143897022237882e-05
172300,8,1.2905150651931763,0.5220633745193481,2.1139262666012146e-05
172350,8,1.249756097793579,0.5138338208198547,2.1134627689779668e-05
172400,8,1.254323959350586,0.4982507526874542,2.1129992094159883e-05
172450,8,1.2671436071395874,0.5142192840576172,2.1125355879772305e-05
172500,8,1.2033339738845825,0.4944852292537689,2.1120719047236542e-05
172550,8,1.2369122505187988,0.526515007019043,2.1116081597172266e-05
172600,8,1.2629300355911255,0.500569760799408,2.1111443530199247e-05
172650,8,1.2397782802581787,0.49693763256073,2.1106804846937328e-05
172700,8,1.2966556549072266,0.5333922505378723,2.110216554800644e-05
172750,8,1.2387733459472656,0.4978657066822052,2.1097525634026605e-05
172800,8,1.224400281906128,0.5045972466468811,2.10928851056179e-05
172850,8,1.245151400566101,0.5245556831359863,2.108824396340051e-05
172900,8,1.2188823223114014,0.4846421182155609,2.1083602207994688e-05
172950,8,1.2806341648101807,0.4956463873386383,2.107895984002078e-05
173000,8,1.2638654708862305,0.4890720844268799,2.1074316860099203e-05
173050,8,1.2605760097503662,0.5360684990882874,2.1069673268850465e-05
173100,8,1.2588210105895996,0.5247215628623962,2.1065029066895144e-05
173150,8,1.284666895866394,0.5315544605255127,2.1060384254853917e-05
173200,8,1.207939863204956,0.47532013058662415,2.1055738833347527e-05
173250,8,1.3209691047668457,0.5470643639564514,2.1051092802996796e-05
173300,8,1.3430242538452148,0.5319199562072754,2.1046446164422652e-05
173350,8,1.293757677078247,0.5358808636665344,2.104179891824607e-05
173400,8,1.2404032945632935,0.5023565888404846,2.103715106508814e-05
173450,8,1.1986624002456665,0.49020883440971375,2.1032502605570005e-05
173500,8,1.1754522323608398,0.5274770855903625,2.1027853540312902e-05
173550,8,1.1975537538528442,0.4904789924621582,2.1023203869938155e-05
173600,8,1.256894588470459,0.510466992855072,2.101855359506715e-05
173650,8,1.257619857788086,0.5810174942016602,2.101390271632138e-05
173700,8,1.2472763061523438,0.5016907453536987,2.1009251234322393e-05
173750,8,1.2473690509796143,0.498370885848999,2.1004599149691836e-05
173800,8,1.2595000267028809,0.5330827832221985,2.0999946463051426e-05
173850,8,1.234865665435791,0.5005517601966858,2.0995293175022956e-05
173900,8,1.204534649848938,0.4910586178302765,2.0990639286228322e-05
173950,8,1.177332878112793,0.5221929550170898,2.0985984797289472e-05
174000,8,1.2544399499893188,0.5334774851799011,2.098132970882846e-05
174050,9,1.2759428024291992,0.5127896666526794,2.09766740214674e-05
174100,9,1.2264633178710938,0.496398389339447,2.097201773582849e-05
174150,9,1.284316062927246,0.5174258947372437,2.0967360852534022e-05
174200,9,1.3035056591033936,0.5404497385025024,2.0962703372206348e-05
174250,9,1.2369921207427979,0.5159610509872437,2.095804529546792e-05
174300,9,1.2670000791549683,0.5073795318603516,2.0953386622941253e-05
174350,9,1.2501606941223145,0.5206544995307922,2.0948727355248944e-05
174400,9,1.2925231456756592,0.5263404250144958,2.094406749301368e-05
174450,9,1.2805367708206177,0.5281217694282532,2.0939407036858216e-05
174500,9,1.313425064086914,0.5484008193016052,2.0934745987405396e-05
174550,9,1.2310518026351929,0.5021724104881287,2.0930084345278132e-05
174600,9,1.1993072032928467,0.4884166419506073,2.0925422111099425e-05
174650,9,1.268383264541626,0.5141792297363281,2.0920759285492352e-05
174700,9,1.2593224048614502,0.5112952589988708,2.091609586908007e-05
174750,9,1.2459146976470947,0.49467727541923523,2.0911431862485816e-05
174800,9,1.2658534049987793,0.5210676193237305,2.0906767266332896e-05
174850,9,1.2739369869232178,0.5182010531425476,2.09021020812447e-05
174900,9,1.2782375812530518,0.5419893264770508,2.089743630784471e-05
174950,9,1.2008936405181885,0.49178794026374817,2.0892769946756473e-05
175000,9,1.2627544403076172,0.505851149559021,2.0888102998603614e-05
175050,9,1.2653120756149292,0.533259391784668,2.088343546400984e-05
175100,9,1.3158148527145386,0.5261066555976868,2.0878767343598943e-05
175150,9,1.2125756740570068,0.5219343304634094,2.0874098637994776e-05
175200,9,1.3225986957550049,0.523221492767334,2.0869429347821283e-05
175250,9,1.2416322231292725,0.5246219038963318,2.0864759473702493e-05
175300,9,1.2506686449050903,0.514165997505188,2.086008901626249e-05
175350,9,1.22805655002594,0.5263870358467102,2.0855417976125458e-05
175400,9,1.2772057056427002,0.5203129649162292,2.0850746353915647e-05
175450,9,1.267213225364685,0.5214455723762512,2.0846074150257393e-05
175500,9,1.2410492897033691,0.5053879618644714,2.0841401365775104e-05
175550,9,1.2750637531280518,0.5250301957130432,2.083672800109326e-05
175600,9,1.2267389297485352,0.49406301975250244,2.0832054056836433e-05
175650,9,1.2150800228118896,0.5230422616004944,2.0827379533629265e-05
175700,9,1.2656888961791992,0.5408754944801331,2.0822704432096467e-05
175750,9,1.221431016921997,0.5177367925643921,2.0818028752862842e-05
175800,9,1.1851415634155273,0.5211363434791565,2.0813352496553263e-05
175850,9,1.3054392337799072,0.505709707736969,2.080867566379268e-05
175900,9,1.2720181941986084,0.517385721206665,2.080399825520612e-05
175950,9,1.20957612991333,0.5083295702934265,2.0799320271418695e-05
176000,9,1.2483737468719482,0.497148722410202,2.0794641713055572e-05
176050,9,1.2413825988769531,0.4782043397426605,2.0789962580742016e-05
176100,9,1.2592597007751465,0.5439647436141968,2.0785282875103368e-05
176150,9,1.2361146211624146,0.48468026518821716,2.0780602596765033e-05
176200,9,1.2489041090011597,0.5072518587112427,2.0775921746352503e-05
176250,9,1.2804560661315918,0.5656839609146118,2.077124032449133e-05
176300,9,1.3162837028503418,0.5420166254043579,2.076655833180718e-05
176350,9,1.215986728668213,0.5112969279289246,2.0761875768925746e-05
176400,9,1.169372797012329,0.507110059261322,2.075719263647284e-05
176450,9,1.2850569486618042,0.5133354663848877,2.0752508935074318e-05
176500,9,1.2182101011276245,0.4843994975090027,2.074782466535613e-05
176550,9,1.2411036491394043,0.5092279314994812,2.0743139827944302e-05
176600,9,1.2101528644561768,0.4968528151512146,2.0738454423464925e-05
176650,9,1.2517461776733398,0.516703188419342,2.0733768452544178e-05
176700,9,1.2617727518081665,0.4892244040966034,2.072908191580831e-05
176750,9,1.2211923599243164,0.4967694580554962,2.0724394813883636e-05
176800,9,1.2218308448791504,0.5110641121864319,2.0719707147396567e-05
176850,9,1.212467908859253,0.5039995908737183,2.0715018916973576e-05
176900,9,1.2439476251602173,0.5078022480010986,2.071033012324121e-05
176950,9,1.2731304168701172,0.5105931758880615,2.0705640766826096e-05
177000,9,1.2393097877502441,0.498161256313324,2.070095084835494e-05
177050,9,1.2808457612991333,0.5352476239204407,2.0696260368454515e-05
177100,9,1.2418307065963745,0.49773845076560974,2.0691569327751673e-05
177150,9,1.2185252904891968,0.47867709398269653,2.0686877726873342e-05
177200,9,1.1792380809783936,0.517077624797821,2.0682185566446526e-05
177250,9,1.2726062536239624,0.5230562090873718,2.0677492847098295e-05
177300,9,1.2300775051116943,0.5034406185150146,2.06727995694558e-05
177350,9,1.248892068862915,0.5092849731445312,2.066810573414627e-05
177400,9,1.2223018407821655,0.5231282114982605,2.0663411341797008e-05
177450,9,1.2626416683197021,0.4905552268028259,2.065871639303538e-05
177500,9,1.3025245666503906,0.522333562374115,2.0654020888488837e-05
177550,9,1.2551918029785156,0.5410395860671997,2.0649324828784908e-05
177600,9,1.2449198961257935,0.5304731726646423,2.064462821455119e-05
177650,9,1.2720720767974854,0.5084714889526367,2.0639931046415346e-05
177700,9,1.2683017253875732,0.5373952984809875,2.0635233325005128e-05
177750,9,1.2057315111160278,0.518312931060791,2.0630535050948355e-05
177800,9,1.2178171873092651,0.503868818283081,2.0625836224872912e-05
177850,9,1.1985394954681396,0.5172512531280518,2.062113684740678e-05
177900,9,1.2533175945281982,0.5096556544303894,2.0616436919177992e-05
177950,9,1.2349399328231812,0.5138472318649292,2.0611736440814665e-05
178000,9,1.2246556282043457,0.5285838842391968,2.0607035412944977e-05
178050,9,1.219611406326294,0.4896683394908905,2.0602333836197205e-05
178100,9,1.2659173011779785,0.5238769054412842,2.0597631711199673e-05
178150,9,1.2676441669464111,0.5045287013053894,2.0592929038580792e-05
178200,9,1.3090821504592896,0.5353369116783142,2.058822581896904e-05
178250,9,1.1763701438903809,0.48187708854675293,2.0583522052992977e-05
178300,9,1.2262330055236816,0.5509379506111145,2.0578817741281226e-05
178350,9,1.2453926801681519,0.5491431951522827,2.0574112884462486e-05
178400,9,1.1923333406448364,0.509753942489624,2.0569407483165532e-05
178450,9,1.252772569656372,0.5088353753089905,2.0564701538019213e-05
178500,9,1.26753568649292,0.5158751606941223,2.0559995049652444e-05
178550,9,1.2775530815124512,0.5068423748016357,2.0555288018694214e-05
178600,9,1.2302823066711426,0.5219511389732361,2.0550580445773587e-05
178650,9,1.2169365882873535,0.5272536277770996,2.0545872331519706e-05
178700,9,1.2712520360946655,0.5143961906433105,2.0541163676561774e-05
178750,9,1.2854835987091064,0.5292313694953918,2.0536454481529065e-05
178800,9,1.2666083574295044,0.549388587474823,2.0531744747050942e-05
178850,9,1.297593593597412,0.5041316747665405,2.052703447375683e-05
178900,9,1.2156407833099365,0.5391373038291931,2.0522323662276215e-05
178950,9,1.2616705894470215,0.5125738382339478,2.0517612313238674e-05
179000,9,1.2891340255737305,0.5492622256278992,2.051290042727385e-05
179050,9,1.208856225013733,0.5008440613746643,2.050818800501145e-05
179100,9,1.2995185852050781,0.5389994382858276,2.0503475047081255e-05
179150,9,1.2799041271209717,0.5371782183647156,2.049876155411313e-05
179200,9,1.2604455947875977,0.5553317070007324,2.0494047526737e-05
179250,9,1.2638169527053833,0.5152062773704529,2.0489332965582853e-05
179300,9,1.2267370223999023,0.5078527331352234,2.0484617871280773e-05
179350,9,1.2595125436782837,0.5153447389602661,2.0479902244460897e-05
179400,9,1.26576566696167,0.5077176094055176,2.047518608575343e-05
179450,9,1.2282211780548096,0.49329960346221924,2.0470469395788666e-05
179500,9,1.2900558710098267,0.5481520295143127,2.046575217519695e-05
179550,9,1.218126893043518,0.5055209994316101,2.046103442460871e-05
179600,9,1.180359959602356,0.4932800233364105,2.0456316144654447e-05
179650,9,1.2325721979141235,0.5206584334373474,2.0451597335964727e-05
179700,9,1.2867045402526855,0.5291416645050049,2.0446877999170174e-05
179750,9,1.216874122619629,0.4798424541950226,2.0442158134901517e-05
179800,9,1.29231595993042,0.5446566939353943,2.0437437743789524e-05
179850,9,1.2538692951202393,0.5213229656219482,2.043271682646504e-05
179900,9,1.242405891418457,0.5007414221763611,2.0427995383558993e-05
179950,9,1.2393540143966675,0.5380595326423645,2.042327341570237e-05
180000,9,1.2428207397460938,0.5157089233398438,2.0418550923526227e-05
180050,9,1.2858606576919556,0.5205599665641785,2.0413827907661693e-05
180100,9,1.3019235134124756,0.5550869703292847,2.0409104368739976e-05
180150,9,1.2643799781799316,0.5554191470146179,2.040438030739234e-05
180200,9,1.2649414539337158,0.5179014205932617,2.0399655724250125e-05
180250,9,1.2984051704406738,0.5545781850814819,2.0394930619944734e-05
180300,9,1.2537124156951904,0.5052813291549683,2.0390204995107663e-05
180350,9,1.2462888956069946,0.5274534225463867,2.0385478850370443e-05
180400,9,1.2593021392822266,0.5272220969200134,2.03807521863647e-05
180450,9,1.2222518920898438,0.502679705619812,2.037602500372212e-05
180500,9,1.3260425329208374,0.5416454672813416,2.037129730307446e-05
180550,9,1.2301067113876343,0.5192934274673462,2.0366569085053547e-05
180600,9,1.2135183811187744,0.4909575879573822,2.0361840350291273e-05
180650,9,1.2667012214660645,0.5532093644142151,2.0357111099419603e-05
180700,9,1.2651697397232056,0.5207422375679016,2.0352381333070573e-05
180750,9,1.238275408744812,0.5598191618919373,2.0347651051876287e-05
180800,9,1.2474830150604248,0.5243604779243469,2.0342920256468904e-05
180850,9,1.2396016120910645,0.5257552862167358,2.033818894748068e-05
180900,9,1.2686936855316162,0.5259209275245667,2.0333457125543903e-05
180950,9,1.2398723363876343,0.5025060772895813,2.0328724791290966e-05
181000,9,1.2739360332489014,0.5054620504379272,2.032399194535431e-05
181050,9,1.3003864288330078,0.5562183260917664,2.0319258588366448e-05
181100,9,1.2508349418640137,0.5345782041549683,2.031452472095996e-05
181150,9,1.2293578386306763,0.5155021548271179,2.0309790343767498e-05
181200,9,1.187758445739746,0.5129343867301941,2.030505545742178e-05
181250,9,1.2702007293701172,0.4972691833972931,2.030032006255559e-05
181300,9,1.2501235008239746,0.5107293725013733,2.0295584159801784e-05
181350,9,1.26346755027771,0.5250534415245056,2.0290847749793288e-05
181400,9,1.2831907272338867,0.5219074487686157,2.0286110833163084e-05
181450,9,1.2602198123931885,0.5134910941123962,2.0281373410544233e-05
181500,9,1.278275728225708,0.5123217105865479,2.0276635482569867e-05
181550,9,1.2514559030532837,0.5086283087730408,2.0271897049873164e-05
181600,9,1.2844891548156738,0.5030494928359985,2.02671581130874e-05
181650,9,1.2634786367416382,0.5181015133857727,2.026241867284589e-05
181700,9,1.2929495573043823,0.5210751295089722,2.0257678729782033e-05
181750,9,1.2938003540039062,0.5361708402633667,2.0252938284529295e-05
181800,9,1.2690311670303345,0.5390139818191528,2.02481973377212e-05
181850,9,1.239837884902954,0.526608943939209,2.0243455889991352e-05
181900,9,1.2248963117599487,0.5445898771286011,2.02387139419734e-05
181950,9,1.309316635131836,0.5164417028427124,2.023397149430108e-05
182000,9,1.296093225479126,0.5784242153167725,2.0229228547608196e-05
182050,9,1.2481341361999512,0.5027939677238464,2.0224485102528607e-05
182100,9,1.291062355041504,0.512507438659668,2.0219741159696242e-05
182150,9,1.214857816696167,0.5243474841117859,2.02149967197451e-05
182200,9,1.2199242115020752,0.5098970532417297,2.0210251783309237e-05
182250,9,1.2616267204284668,0.49337658286094666,2.020550635102279e-05
182300,9,1.2890214920043945,0.5068728923797607,2.0200760423519952e-05
182350,9,1.237038254737854,0.5229747295379639,2.0196014001434985e-05
182400,9,1.2844288349151611,0.5194171071052551,2.0191267085402216e-05
182450,9,1.2979381084442139,0.5187591910362244,2.0186519676056036e-05
182500,9,1.1983375549316406,0.4877292513847351,2.0181771774030912e-05
182550,9,1.2604156732559204,0.5296887755393982,2.017702337996137e-05
182600,9,1.2454622983932495,0.5384122133255005,2.0172274494481987e-05
182650,9,1.2970471382141113,0.554994523525238,2.0167525118227437e-05
182700,9,1.1954659223556519,0.5210017561912537,2.0162775251832434e-05
182750,9,1.2214717864990234,0.49794501066207886,2.0158024895931768e-05
182800,9,1.2803621292114258,0.5520240664482117,2.0153274051160297e-05
182850,9,1.2832388877868652,0.5308300256729126,2.0148522718152936e-05
182900,9,1.2697300910949707,0.5426656007766724,2.0143770897544662e-05
182950,9,1.2224316596984863,0.5299537777900696,2.0139018589970537e-05
183000,9,1.2820911407470703,0.5727993845939636,2.013426579606567e-05
183050,9,1.2101972103118896,0.4942428469657898,2.0129512516465238e-05
183100,9,1.279350757598877,0.576651394367218,2.0124758751804488e-05
183150,9,1.2773730754852295,0.49000436067581177,2.0120004502718728e-05
183200,9,1.3020439147949219,0.52301424741745,2.0115249769843334e-05
183250,9,1.2605674266815186,0.4973142147064209,2.0110494553813746e-05
183300,9,1.2745400667190552,0.5222692489624023,2.010573885526546e-05
183350,9,1.2466800212860107,0.504382848739624,2.0100982674834053e-05
183400,9,1.2388579845428467,0.4933273494243622,2.0096226013155147e-05
183450,9,1.2621994018554688,0.5314114093780518,2.0091468870864448e-05
183500,9,1.1688482761383057,0.49975472688674927,2.0086711248597708e-05
183550,9,1.2177863121032715,0.5121323466300964,2.0081953146990757e-05
183600,9,1.2273319959640503,0.5072625279426575,2.0077194566679484e-05
183650,9,1.1999027729034424,0.5233952403068542,2.0072435508299837e-05
183700,9,1.2148562669754028,0.5423561334609985,2.0067675972487843e-05
183750,9,1.2303543090820312,0.5041874647140503,2.006291595987957e-05
183800,9,1.282874345779419,0.491275429725647,2.0058155471111168e-05
183850,9,1.1980905532836914,0.5111207962036133,2.0053394506818844e-05
183900,9,1.2595443725585938,0.509158730506897,2.004863306763887e-05
183950,9,1.2248879671096802,0.5173600912094116,2.0043871154207583e-05
184000,9,1.2501025199890137,0.5601087808609009,2.0039108767161377e-05
184050,9,1.2080228328704834,0.5007491111755371,2.0034345907136713e-05
184100,9,1.264068603515625,0.5756180882453918,2.002958257477012e-05
184150,9,1.3124866485595703,0.5423312783241272,2.002481877069818e-05
184200,9,1.268454909324646,0.525605320930481,2.0020054495557553e-05
184250,9,1.3137186765670776,0.5097755789756775,2.0015289749984948e-05
184300,9,1.2854280471801758,0.514371395111084,2.001052453461714e-05
184350,9,1.1922677755355835,0.48605960607528687,2.0005758850090966e-05
184400,9,1.2443900108337402,0.518235445022583,2.0000992697043336e-05
184450,9,1.249945878982544,0.5232794880867004,1.999622607611121e-05
184500,9,1.2578520774841309,0.5078651905059814,1.9991458987931618e-05
184550,9,1.269482970237732,0.5289512276649475,1.9986691433141646e-05
184600,9,1.2391841411590576,0.5215166211128235,1.9981923412378443e-05
184650,9,1.281920075416565,0.5065959095954895,1.9977154926279236e-05
184700,9,1.2092229127883911,0.5069082975387573,1.997238597548129e-05
184750,9,1.2775615453720093,0.5167606472969055,1.996761656062195e-05
184800,9,1.2427690029144287,0.5269666910171509,1.9962846682338606e-05
184850,9,1.309452772140503,0.5537329912185669,1.9958076341268736e-05
184900,9,1.2814016342163086,0.5078157186508179,1.9953305538049854e-05
184950,9,1.2014577388763428,0.4951135814189911,1.9948534273319555e-05
185000,9,1.3033170700073242,0.5555499196052551,1.994376254771548e-05
185050,9,1.265088677406311,0.5443968176841736,1.993899036187534e-05
185100,9,1.23666512966156,0.4972638487815857,1.9934217716436905e-05
185150,9,1.2910124063491821,0.5352028608322144,1.992944461203801e-05
185200,9,1.2979331016540527,0.5239928960800171,1.992467104931655e-05
185250,9,1.2648680210113525,0.4952152669429779,1.9919897028910472e-05
185300,9,1.2509608268737793,0.5088832378387451,1.9915122551457804e-05
185350,9,1.2397472858428955,0.5156934261322021,1.991034761759661e-05
185400,9,1.2598426342010498,0.5334072113037109,1.9905572227965038e-05
185450,9,1.2043015956878662,0.5340676307678223,1.990079638320129e-05
185500,9,1.2204761505126953,0.5277727246284485,1.9896020083943613e-05
185550,9,1.2350845336914062,0.48231956362724304,1.989124333083034e-05
185600,9,1.217864751815796,0.4934088885784149,1.9886466124499844e-05
185650,9,1.2027065753936768,0.5092069506645203,1.9881688465590576e-05
185700,9,1.211059808731079,0.5352311730384827,1.987691035474103e-05
185750,9,1.3131935596466064,0.5809724926948547,1.9872131792589776e-05
185800,9,1.270735263824463,0.5086924433708191,1.9867352779775432e-05
185850,9,1.2341456413269043,0.5375581979751587,1.9862573316936677e-05
185900,9,1.2439836263656616,0.5168983340263367,1.9857793404712267e-05
185950,9,1.2594189643859863,0.49521535634994507,1.9853013043740995e-05
186000,9,1.1865103244781494,0.5290018916130066,1.9848232234661735e-05
186050,9,1.259451150894165,0.5307652950286865,1.9843450978113394e-05
186100,9,1.2586697340011597,0.5086060166358948,1.9838669274734973e-05
186150,9,1.247070550918579,0.5184817314147949,1.98338871251655e-05
186200,9,1.1565204858779907,0.4811963438987732,1.9829104530044095e-05
186250,9,1.207446575164795,0.5259286165237427,1.9824321490009905e-05
186300,9,1.2353935241699219,0.5216583013534546,1.9819538005702158e-05
186350,9,1.2832309007644653,0.5339574813842773,1.981475407776013e-05
186400,9,1.2780064344406128,0.5131139755249023,1.980996970682317e-05
186450,9,1.2454712390899658,0.4965885281562805,1.9805184893530673e-05
186500,9,1.2678526639938354,0.5220234394073486,1.9800399638522097e-05
186550,9,1.247598648071289,0.5871375799179077,1.9795613942436958e-05
186600,9,1.2416565418243408,0.5255078077316284,1.979082780591483e-05
186650,9,1.2546751499176025,0.5317843556404114,1.978604122959536e-05
186700,9,1.2231090068817139,0.49615374207496643,1.9781254214118237e-05
186750,9,1.3006312847137451,0.5230730175971985,1.9776466760123206e-05
186800,9,1.3065667152404785,0.5441247224807739,1.977167886825008e-05
186850,9,1.2224221229553223,0.48916566371917725,1.9766890539138746e-05
186900,9,1.235931396484375,0.5448725819587708,1.976210177342911e-05
186950,9,1.208976149559021,0.5121671557426453,1.9757312571761172e-05
187000,9,1.2111635208129883,0.5073869824409485,1.975252293477498e-05
187050,9,1.2375245094299316,0.5307199358940125,1.9747732863110627e-05
187100,9,1.1903934478759766,0.4735569357872009,1.9742942357408278e-05
187150,9,1.1998660564422607,0.505862295627594,1.9738151418308152e-05
187200,9,1.2702627182006836,0.5431793332099915,1.973336004645053e-05
187250,9,1.2353205680847168,0.5337461233139038,1.972856824247575e-05
187300,9,1.277349829673767,0.529568612575531,1.972377600702419e-05
187350,9,1.1917943954467773,0.4975947439670563,1.9718983340736312e-05
187400,9,1.2935395240783691,0.5425092577934265,1.9714190244252624e-05
187450,9,1.2636244297027588,0.5053216814994812,1.9709396718213687e-05
187500,9,1.1876616477966309,0.5046063661575317,1.970460276326013e-05
187550,9,1.2318618297576904,0.5070644021034241,1.969980838003263e-05
187600,9,1.2664614915847778,0.5251004099845886,1.969501356917192e-05
187650,9,1.2726489305496216,0.5119672417640686,1.9690218331318803e-05
187700,9,1.2869300842285156,0.5336036682128906,1.968542266711413e-05
187750,9,1.1988513469696045,0.5056145191192627,1.9680626577198805e-05
187800,9,1.2404186725616455,0.515703558921814,1.967583006221379e-05
187850,9,1.2357861995697021,0.52867591381073,1.9671033122800118e-05
187900,9,1.215918779373169,0.500870943069458,1.9666235759598863e-05
187950,9,1.2067930698394775,0.4948747456073761,1.9661437973251162e-05
188000,9,1.2471213340759277,0.5356189012527466,1.9656639764398206e-05
188050,9,1.1923813819885254,0.5259066224098206,1.9651841133681243e-05
188100,9,1.2818899154663086,0.5196149945259094,1.964704208174158e-05
188150,9,1.2345612049102783,0.5509412288665771,1.9642242609220578e-05
188200,9,1.221503496170044,0.5187269449234009,1.963744271675965e-05
188250,9,1.3629426956176758,0.5600146055221558,1.9632642405000287e-05
188300,9,1.225599765777588,0.5266440510749817,1.9627841674583992e-05
188350,9,1.2720739841461182,0.5466209650039673,1.9623040526152375e-05
188400,9,1.267087697982788,0.5147336721420288,1.9618238960347065e-05
188450,9,1.2416346073150635,0.5221688747406006,1.9613436977809762e-05
188500,9,1.2620961666107178,0.5177021026611328,1.9608634579182224e-05
188550,9,1.2522116899490356,0.519938588142395,1.9603831765106252e-05
188600,9,1.2204797267913818,0.4917760193347931,1.9599028536223714e-05
188650,9,1.260188341140747,0.5280712246894836,1.959422489317653e-05
188700,9,1.253108024597168,0.5050039887428284,1.9589420836606674e-05
188750,9,1.228464126586914,0.5074389576911926,1.9584616367156178e-05
188800,9,1.251064658164978,0.5070638656616211,1.957981148546712e-05
188850,9,1.251306414604187,0.5150433778762817,1.9575006192181657e-05
188900,9,1.2608643770217896,0.5370116233825684,1.957020048794197e-05
188950,9,1.2054924964904785,0.48275226354599,1.956539437339031e-05
189000,9,1.2006642818450928,0.4934008717536926,1.956058784916899e-05
189050,9,1.3142765760421753,0.536318838596344,1.955578091592037e-05
189100,9,1.2100510597229004,0.49899935722351074,1.9550973574286864e-05
189150,9,1.3344929218292236,0.5589362382888794,1.954616582491093e-05
189200,9,1.2182512283325195,0.5410642027854919,1.954135766843511e-05
189250,9,1.2083598375320435,0.5116021037101746,1.9536549105501968e-05
189300,9,1.2313257455825806,0.5531536340713501,1.953174013675414e-05
189350,9,1.1806889772415161,0.5358940362930298,1.952693076283432e-05
189400,9,1.2065248489379883,0.5320531725883484,1.9522120984385244e-05
189450,9,1.2307720184326172,0.513302206993103,1.9517310802049705e-05
189500,9,1.2205252647399902,0.514214277267456,1.9512500216470552e-05
189550,9,1.2314791679382324,0.5283794403076172,1.950768922829069e-05
189600,9,1.2140363454818726,0.4911132752895355,1.9502877838153077e-05
189650,9,1.3060683012008667,0.5481460690498352,1.9498066046700717e-05
189700,9,1.236230492591858,0.49175015091896057,1.949325385457668e-05
189750,9,1.208108901977539,0.48892736434936523,1.9488441262424082e-05
189800,9,1.2234070301055908,0.4966907501220703,1.9483628270886098e-05
189850,9,1.184309720993042,0.48692065477371216,1.947881488060595e-05
189900,9,1.2034316062927246,0.5239202976226807,1.9474001092226915e-05
189950,9,1.2387185096740723,0.5413016080856323,1.946918690639232e-05
190000,9,1.2154316902160645,0.5228161811828613,1.9464372323745553e-05
190050,9,1.233832597732544,0.5435680150985718,1.9459557344930053e-05
190100,9,1.2278540134429932,0.5347179770469666,1.945474197058931e-05
190150,9,1.2171887159347534,0.5121469497680664,1.944992620136686e-05
190200,9,1.2355313301086426,0.5144332647323608,1.944511003790631e-05
190250,9,1.2552642822265625,0.5029895305633545,1.944029348085129e-05
190300,9,1.2081196308135986,0.5088411569595337,1.943547653084552e-05
190350,9,1.2235445976257324,0.5019006729125977,1.9430659188532744e-05
190400,9,1.2078611850738525,0.5028181076049805,1.9425841454556774e-05
190450,9,1.2313663959503174,0.4974280893802643,1.9421023329561464e-05
190500,9,1.2352190017700195,0.5227223038673401,1.9416204814190722e-05
190550,9,1.2796051502227783,0.522665798664093,1.9411385909088513e-05
190600,9,1.2421953678131104,0.5071854591369629,1.9406566614898854e-05
190650,9,1.2857872247695923,0.5237549543380737,1.9401746932265814e-05
190700,9,1.2159169912338257,0.4913964867591858,1.93969268618335e-05
190750,9,1.2237766981124878,0.5022456049919128,1.9392106404246098e-05
190800,9,1.207878828048706,0.4974989891052246,1.938728556014782e-05
190850,9,1.2714569568634033,0.5745830535888672,1.9382464330182937e-05
190900,9,1.2053337097167969,0.5250493288040161,1.9377642714995785e-05
190950,9,1.2010847330093384,0.5344910621643066,1.9372820715230734e-05
191000,9,1.2355332374572754,0.5480811595916748,1.9367998331532215e-05
191050,9,1.2553637027740479,0.5058857202529907,1.9363175564544704e-05
191100,9,1.2331578731536865,0.5044904351234436,1.935835241491274e-05
191150,9,1.215484380722046,0.4950212836265564,1.93535288832809e-05
191200,9,1.1662967205047607,0.4959973990917206,1.9348704970293813e-05
191250,9,1.2903828620910645,0.5431209206581116,1.9343880676596167e-05
191300,9,1.1638338565826416,0.4765903651714325,1.9339056002832697e-05
191350,9,1.2012951374053955,0.5095500349998474,1.933423094964819e-05
191400,9,1.2354543209075928,0.5133630037307739,1.9329405517687485e-05
191450,9,1.258245825767517,0.5103154182434082,1.9324579707595455e-05
191500,9,1.192389965057373,0.49444982409477234,1.9319753520017053e-05
191550,9,1.2471518516540527,0.4994080364704132,1.9314926955597263e-05
191600,9,1.1597356796264648,0.5282494425773621,1.931010001498112e-05
191650,9,1.2363042831420898,0.5257508158683777,1.9305272698813714e-05
191700,9,1.2131824493408203,0.524552047252655,1.930044500774018e-05
191750,9,1.1704578399658203,0.4999881684780121,1.929561694240572e-05
191800,9,1.2115806341171265,0.5278838872909546,1.9290788503455556e-05
191850,9,1.2674158811569214,0.534339427947998,1.9285959691534994e-05
191900,9,1.2108163833618164,0.5089200735092163,1.9281130507289356e-05
191950,9,1.2346148490905762,0.4978490471839905,1.9276300951364042e-05
192000,9,1.2520142793655396,0.5241332054138184,1.9271471024404487e-05
192050,9,1.2153377532958984,0.5117228031158447,1.9266640727056177e-05
192100,9,1.265750765800476,0.5534095764160156,1.926181005996465e-05
192150,9,1.2770785093307495,0.5034357309341431,1.92569790237755e-05
192200,9,1.3052916526794434,0.5496352314949036,1.925214761913435e-05
192250,9,1.2567579746246338,0.5075346231460571,1.924731584668689e-05
192300,9,1.231278896331787,0.5034458637237549,1.9242483707078857e-05
192350,9,1.218400001525879,0.522042453289032,1.923765120095604e-05
192400,9,1.249957799911499,0.5551093220710754,1.9232818328964255e-05
192450,9,1.2170233726501465,0.5103415846824646,1.92279850917494e-05
192500,9,1.262146234512329,0.5098300576210022,1.9223151489957394e-05
192550,9,1.211188793182373,0.49742233753204346,1.9218317524234222e-05
192600,9,1.2035548686981201,0.49794328212738037,1.921348319522591e-05
192650,9,1.2087725400924683,0.48926839232444763,1.9208648503578535e-05
192700,9,1.267061471939087,0.5136287212371826,1.920381344993822e-05
192750,9,1.2379437685012817,0.5061634182929993,1.9198978034951138e-05
192800,9,1.249862790107727,0.520950436592102,1.919414225926351e-05
192850,9,1.2632864713668823,0.5349000692367554,1.9189306123521604e-05
192900,9,1.202318549156189,0.49343040585517883,1.9184469628371745e-05
192950,9,1.1984689235687256,0.5271708369255066,1.9179632774460285e-05
193000,9,1.2514623403549194,0.5214946269989014,1.9174795562433652e-05
193050,9,1.178763508796692,0.4860786199569702,1.91699579929383e-05
193100,9,1.1911309957504272,0.5269835591316223,1.9165120066620736e-05
193150,9,1.3024475574493408,0.5398714542388916,1.9160281784127525e-05
193200,9,1.2793076038360596,0.5124348402023315,1.9155443146105256e-05
193250,9,1.2198100090026855,0.5240873098373413,1.9150604153200596e-05
193300,9,1.2171149253845215,0.49800828099250793,1.9145764806060243e-05
193350,9,1.2786126136779785,0.5714430809020996,1.9140925105330942e-05
193400,9,1.2549923658370972,0.5453730821609497,1.913608505165948e-05
193450,9,1.260267734527588,0.5140607357025146,1.9131244645692702e-05
193500,9,1.2408742904663086,0.5124619603157043,1.9126403888077503e-05
193550,9,1.1899555921554565,0.525061845779419,1.912156277946081e-05
193600,9,1.227340579032898,0.5296269655227661,1.911672132048961e-05
193650,9,1.2779748439788818,0.5298805236816406,1.9111879511810922e-05
193700,9,1.2032185792922974,0.5046248435974121,1.9107037354071837e-05
193750,9,1.3041787147521973,0.5256631374359131,1.910219484791947e-05
193800,9,1.2330950498580933,0.5106041431427002,1.9097351994000987e-05
193850,9,1.2763375043869019,0.543893575668335,1.9092508792963608e-05
193900,9,1.262847661972046,0.5338119268417358,1.9087665245454588e-05
193950,9,1.2698734998703003,0.5190916061401367,1.908282135212124e-05
194000,9,1.220415711402893,0.5361948609352112,1.907797711361092e-05
194050,9,1.270241618156433,0.5368601083755493,1.907313253057103e-05
194100,9,1.1798917055130005,0.5225622057914734,1.906828760364901e-05
194150,9,1.2217549085617065,0.5095308423042297,1.9063442333492358e-05
194200,9,1.2603864669799805,0.5353635549545288,1.90585967207486e-05
194250,9,1.266638994216919,0.5019401907920837,1.9053750766065343e-05
194300,9,1.2999058961868286,0.5257264971733093,1.9048904470090198e-05
194350,9,1.2718029022216797,0.5500824451446533,1.9044057833470847e-05
194400,9,1.209498405456543,0.5008357763290405,1.9039210856855005e-05
194450,9,1.2299606800079346,0.5213687419891357,1.9034363540890446e-05
194500,9,1.2548484802246094,0.5160534977912903,1.902951588622498e-05
194550,9,1.210591435432434,0.5101818442344666,1.9024667893506458e-05
194600,9,1.2108896970748901,0.5361073017120361,1.901981956338279e-05
194650,9,1.23078191280365,0.5213186740875244,1.9014970896501922e-05
194700,9,1.2784900665283203,0.5229353308677673,1.9010121893511844e-05
194750,9,1.2810693979263306,0.5173162221908569,1.900527255506059e-05
194800,9,1.2441909313201904,0.5115134716033936,1.900042288179625e-05
194850,9,1.2569518089294434,0.5255900621414185,1.8995572874366943e-05
194900,9,1.2793183326721191,0.5377427339553833,1.8990722533420843e-05
194950,9,1.2120206356048584,0.4922488033771515,1.898587185960617e-05
195000,9,1.2237558364868164,0.5035696029663086,1.898102085357118e-05
195050,9,1.2241475582122803,0.515487551689148,1.897616951596418e-05
195100,9,1.2272874116897583,0.5387823581695557,1.897131784743351e-05
195150,9,1.2832376956939697,0.575481653213501,1.8966465848627575e-05
195200,9,1.242962121963501,0.5067524313926697,1.8961613520194812e-05
195250,9,1.274213433265686,0.5296456813812256,1.8956760862783696e-05
195300,9,1.2534425258636475,0.5273792147636414,1.895190787704276e-05
195350,9,1.2496131658554077,0.5198246836662292,1.8947054563620562e-05
195400,9,1.2646960020065308,0.5096879005432129,1.894220092316573e-05
195450,9,1.2199153900146484,0.5054968595504761,1.8937346956326908e-05
195500,9,1.167607069015503,0.49948614835739136,1.8932492663752805e-05
195550,9,1.1884989738464355,0.4949338734149933,1.8927638046092164e-05
195600,9,1.2618682384490967,0.5372666120529175,1.892278310399377e-05
195650,9,1.2235345840454102,0.5267944931983948,1.891792783810645e-05
195700,9,1.218446135520935,0.5340152382850647,1.8913072249079085e-05
195750,9,1.2017487287521362,0.5194852352142334,1.8908216337560593e-05
195800,9,1.2151236534118652,0.5307074785232544,1.8903360104199926e-05
195850,10,1.2159554958343506,0.5375364422798157,1.8898503549646097e-05
195900,10,1.2198967933654785,0.5111592411994934,1.8893646674548142e-05
195950,10,1.2093192338943481,0.5013874769210815,1.888878947955516e-05
196000,10,1.2304129600524902,0.49464330077171326,1.8883931965316282e-05
196050,10,1.2047994136810303,0.49636411666870117,1.887907413248068e-05
196100,10,1.2618155479431152,0.5435875058174133,1.8874215981697563e-05
196150,10,1.1887834072113037,0.5104137063026428,1.8869357513616207e-05
196200,10,1.2564287185668945,0.5365123152732849,1.8864498728885905e-05
196250,10,1.2633612155914307,0.5353737473487854,1.8859639628156e-05
196300,10,1.2596726417541504,0.5296478867530823,1.885478021207588e-05
196350,10,1.2768127918243408,0.5169673562049866,1.8849920481294975e-05
196400,10,1.2145923376083374,0.49815693497657776,1.8845060436462756e-05
196450,10,1.1778202056884766,0.5067142248153687,1.8840200078228737e-05
196500,10,1.2676137685775757,0.5348588824272156,1.8835339407242473e-05
196550,10,1.2544186115264893,0.5083193182945251,1.8830478424153556e-05
196600,10,1.1918495893478394,0.505569338798523,1.882561712961162e-05
196650,10,1.2659316062927246,0.5323286652565002,1.882075552426636e-05
196700,10,1.1890580654144287,0.474006325006485,1.881589360876749e-05
196750,10,1.1509795188903809,0.5072546601295471,1.8811031383764768e-05
196800,10,1.300780177116394,0.5294555425643921,1.8806168849908003e-05
196850,10,1.2240266799926758,0.5251767635345459,1.8801306007847037e-05
196900,10,1.2022225856781006,0.4993463158607483,1.8796442858231763e-05
196950,10,1.2325093746185303,0.5169763565063477,1.87915794017121e-05
197000,10,1.2683314085006714,0.5377026200294495,1.8786715638938025e-05
197050,10,1.2627310752868652,0.5356687903404236,1.8781851570559547e-05
197100,10,1.2442736625671387,0.5189928412437439,1.877698719722671e-05
197150,10,1.2525334358215332,0.5228421092033386,1.877212251958961e-05
197200,10,1.2142735719680786,0.519788384437561,1.8767257538298377e-05
197250,10,1.2078266143798828,0.504821240901947,1.8762392254003185e-05
197300,10,1.2304736375808716,0.5610058903694153,1.8757526667354246e-05
197350,10,1.2265409231185913,0.5325624942779541,1.8752660779001817e-05
197400,10,1.2328662872314453,0.5083107948303223,1.8747794589596183e-05
197450,10,1.2270255088806152,0.5005531311035156,1.8742928099787687e-05
197500,10,1.2362477779388428,0.501816987991333,1.87380613102267e-05
197550,10,1.2238881587982178,0.5437272787094116,1.8733194221563642e-05
197600,10,1.177297830581665,0.4977763593196869,1.8728326834448954e-05
197650,10,1.2528598308563232,0.5334947109222412,1.872345914953314e-05
197700,10,1.2390446662902832,0.5113327503204346,1.871859116746673e-05
197750,10,1.2217259407043457,0.4986688196659088,1.8713722888900302e-05
197800,10,1.2328338623046875,0.5244893431663513,1.8708854314484465e-05
197850,10,1.1813236474990845,0.5265747308731079,1.8703985444869864e-05
197900,10,1.2644917964935303,0.5292606353759766,1.8699116280707212e-05
197950,10,1.2699072360992432,0.5121495723724365,1.8694246822647225e-05
198000,10,1.2417538166046143,0.48989030718803406,1.8689377071340674e-05
198050,10,1.2712857723236084,0.5531980395317078,1.868450702743837e-05
198100,10,1.263932466506958,0.5574103593826294,1.867963669159117e-05
198150,10,1.2395458221435547,0.498137503862381,1.8674766064449958e-05
198200,10,1.2472407817840576,0.5132740139961243,1.8669895146665658e-05
198250,10,1.2867772579193115,0.5408316254615784,1.8665023938889237e-05
198300,10,1.2362802028656006,0.5052161812782288,1.86601524417717e-05
198350,10,1.2450497150421143,0.5497000217437744,1.865528065596409e-05
198400,10,1.2250385284423828,0.514652669429779,1.8650408582117493e-05
198450,10,1.2502424716949463,0.49649670720100403,1.8645536220883026e-05
198500,10,1.2821564674377441,0.5208101272583008,1.8640663572911843e-05
198550,10,1.180019736289978,0.5114718079566956,1.863579063885515e-05
198600,10,1.3090070486068726,0.5647813677787781,1.8630917419364174e-05
198650,10,1.259550929069519,0.527978241443634,1.8626043915090197e-05
198700,10,1.265129566192627,0.5020199418067932,1.8621170126684526e-05
198750,10,1.2408210039138794,0.5264442563056946,1.8616296054798508e-05
198800,10,1.1611539125442505,0.48777076601982117,1.8611421700083536e-05
198850,10,1.175779938697815,0.4924440383911133,1.8606547063191027e-05
198900,10,1.229001522064209,0.5174833536148071,1.8601672144772458e-05
198950,10,1.193467140197754,0.5411922335624695,1.8596796945479318e-05
199000,10,1.2233946323394775,0.5175679326057434,1.8591921465963146e-05
199050,10,1.227630853652954,0.5113690495491028,1.8587045706875523e-05
199100,10,1.1775438785552979,0.5073657631874084,1.858216966886806e-05
199150,10,1.2442126274108887,0.5295045971870422,1.8577293352592403e-05
199200,10,1.1868782043457031,0.48640480637550354,1.8572416758700244e-05
199250,10,1.2886332273483276,0.5301865339279175,1.8567539887843304e-05
199300,10,1.2550649642944336,0.5345997214317322,1.8562662740673345e-05
199350,10,1.2217448949813843,0.5163238644599915,1.855778531784217e-05
199400,10,1.2096389532089233,0.5262381434440613,1.855290762000161e-05
199450,10,1.1973426342010498,0.5227434635162354,1.8548029647803536e-05
199500,10,1.2132580280303955,0.523260235786438,1.8543151401899862e-05
199550,10,1.2410683631896973,0.5397012233734131,1.8538272882942528e-05
199600,10,1.2259844541549683,0.5248334407806396,1.8533394091583518e-05
199650,10,1.2322335243225098,0.543058454990387,1.852851502847485e-05
199700,10,1.272093415260315,0.5618951320648193,1.852363569426858e-05
199750,10,1.2758312225341797,0.5134287476539612,1.8518756089616797e-05
199800,10,1.2544894218444824,0.5216879844665527,1.8513876215171624e-05
199850,10,1.1925082206726074,0.5214211940765381,1.850899607158523e-05
199900,10,1.1795095205307007,0.5082172155380249,1.8504115659509813e-05
199950,10,1.2119066715240479,0.5095928907394409,1.849923497959761e-05
200000,10,1.2474591732025146,0.5443884134292603,1.8494354032500882e-05
200050,10,1.2694731950759888,0.5169298648834229,1.848947281887194e-05
200100,10,1.262054681777954,0.5296779274940491,1.848459133936313e-05
200150,10,1.3048529624938965,0.5306258201599121,1.847970959462683e-05
200200,10,1.2943651676177979,0.5141072869300842,1.8474827585315445e-05
200250,10,1.2250012159347534,0.5010319352149963,1.846994531208143e-05
200300,10,1.2273284196853638,0.5270839929580688,1.8465062775577265e-05
200350,10,1.2313814163208008,0.5259063839912415,1.846017997645547e-05
200400,10,1.2194876670837402,0.5377307534217834,1.8455296915368603e-05
200450,10,1.267738699913025,0.5338938236236572,1.8450413592969244e-05
200500,10,1.2149579524993896,0.5108181238174438,1.844553000991002e-05
200550,10,1.2218782901763916,0.5583087205886841,1.8440646166843593e-05
200600,10,1.2514595985412598,0.5338388085365295,1.8435762064422653e-05
200650,10,1.2610523700714111,0.5339982509613037,1.8430877703299934e-05
200700,10,1.2959966659545898,0.5481022596359253,1.8425993084128187e-05
200750,10,1.2523154020309448,0.5201737284660339,1.8421108207560217e-05
200800,10,1.246140718460083,0.512478768825531,1.8416223074248856e-05
200850,10,1.234779715538025,0.5078622698783875,1.8411337684846967e-05
200900,10,1.2647995948791504,0.5469431281089783,1.840645204000745e-05
200950,10,1.1782302856445312,0.5618467926979065,1.840156614038324e-05
201000,10,1.281677484512329,0.5516679883003235,1.8396679986627303e-05
201050,10,1.2448499202728271,0.5201188921928406,1.8391793579392643e-05
201100,10,1.246143102645874,0.520228922367096,1.83869069193323e-05
201150,10,1.2542258501052856,0.5481439232826233,1.8382020007099335e-05
201200,10,1.2008161544799805,0.5548625588417053,1.837713284334686e-05
201250,10,1.2453807592391968,0.5438363552093506,1.8372245428728003e-05
201300,10,1.2213915586471558,0.520784854888916,1.8367357763895944e-05
201350,10,1.2334842681884766,0.5018838047981262,1.8362469849503882e-05
201400,10,1.2506084442138672,0.5067262649536133,1.8357581686205057e-05
201450,10,1.1450855731964111,0.48014819622039795,1.835269327465274e-05
201500,10,1.2102301120758057,0.5086971521377563,1.8347804615500227e-05
201550,10,1.197637677192688,0.5267289876937866,1.8342915709400862e-05
201600,10,1.2099413871765137,0.5126705169677734,1.8338026557008013e-05
201650,10,1.245255947113037,0.5087903141975403,1.8333137158975084e-05
201700,10,1.1755743026733398,0.5136380195617676,1.832824751595551e-05
201750,10,1.2055243253707886,0.48866838216781616,1.8323357628602758e-05
201800,10,1.2854666709899902,0.5153356194496155,1.8318467497570335e-05
201850,10,1.2479603290557861,0.5152861475944519,1.831357712351177e-05
201900,10,1.2198214530944824,0.5191887021064758,1.830868650708063e-05
201950,10,1.1716445684432983,0.5207488536834717,1.830379564893051e-05
202000,10,1.2176666259765625,0.523249626159668,1.829890454971504e-05
202050,10,1.2557106018066406,0.5370952486991882,1.8294013210087895e-05
202100,10,1.1981384754180908,0.5119603872299194,1.8289121630702757e-05
202150,10,1.2128901481628418,0.5165284276008606,1.828422981221336e-05
202200,10,1.237298607826233,0.5026708841323853,1.8279337755273462e-05
202250,10,1.20469331741333,0.5205698609352112,1.827444546053685e-05
202300,10,1.2426581382751465,0.539158821105957,1.826955292865735e-05
202350,10,1.1828134059906006,0.5142953395843506,1.8264660160288817e-05
202400,10,1.2309857606887817,0.5129488110542297,1.8259767156085144e-05
202450,10,1.2521886825561523,0.5384306311607361,1.825487391670023e-05
202500,10,1.2209348678588867,0.5064309239387512,1.8249980442788044e-05
202550,10,1.2723972797393799,0.5486626029014587,1.8245086735002555e-05
202600,10,1.200864315032959,0.5106714963912964,1.8240192793997775e-05
202650,10,1.287236213684082,0.5364019274711609,1.8235298620427754e-05
202700,10,1.2203359603881836,0.5315492749214172,1.8230404214946555e-05
202750,10,1.1883654594421387,0.5037458539009094,1.8225509578208293e-05
202800,10,1.2208952903747559,0.5605407953262329,1.82206147108671e-05
202850,10,1.2552634477615356,0.5165889263153076,1.821571961357714e-05
202900,10,1.2609928846359253,0.5138617753982544,1.8210824286992615e-05
202950,10,1.2015585899353027,0.4822627902030945,1.820592873176775e-05
203000,10,1.2344186305999756,0.5149403214454651,1.82010329485568e-05
203050,10,1.1965103149414062,0.5225077867507935,1.819613693801406e-05
203100,10,1.1941088438034058,0.48791858553886414,1.8191240700793856e-05
203150,10,1.1971226930618286,0.503383994102478,1.818634423755052e-05
203200,10,1.2434136867523193,0.5198441743850708,1.818144754893844e-05
203250,10,1.251060128211975,0.537621259689331,1.8176550635612034e-05
203300,10,1.2510675191879272,0.5774735808372498,1.8171653498225734e-05
203350,10,1.2941607236862183,0.5345259308815002,1.816675613743401e-05
203400,10,1.2916932106018066,0.554871678352356,1.8161858553891363e-05
203450,10,1.2283363342285156,0.5218740701675415,1.8156960748252324e-05
203500,10,1.2309324741363525,0.5400233268737793,1.815206272117145e-05
203550,10,1.2779426574707031,0.564521312713623,1.814716447330333e-05
203600,10,1.2436463832855225,0.5045073628425598,1.8142266005302587e-05
203650,10,1.2620066404342651,0.5093450546264648,1.8137367317823858e-05
203700,10,1.1705737113952637,0.4980955719947815,1.8132468411521835e-05
203750,10,1.2381576299667358,0.5059618353843689,1.8127569287051213e-05
203800,10,1.1929597854614258,0.49227777123451233,1.812266994506673e-05
203850,10,1.2123968601226807,0.5006604790687561,1.8117770386223154e-05
203900,10,1.226729154586792,0.5221003293991089,1.811287061117528e-05
203950,10,1.2042627334594727,0.4953933358192444,1.810797062057792e-05
204000,10,1.2709310054779053,0.5173693895339966,1.8103070415085935e-05
204050,10,1.1912293434143066,0.49344632029533386,1.8098169995354204e-05
204100,10,1.2334418296813965,0.5127707123756409,1.8093269362037633e-05
204150,10,1.2012593746185303,0.5194537043571472,1.8088368515791162e-05
204200,10,1.247494101524353,0.5108758807182312,1.808346745726975e-05
204250,10,1.2054352760314941,0.5300650000572205,1.80785661871284e-05
204300,10,1.2155367136001587,0.5124393701553345,1.807366470602213e-05
204350,10,1.1768622398376465,0.52760249376297,1.8068763014605986e-05
204400,10,1.1945106983184814,0.5075648427009583,1.8063861113535058e-05
204450,10,1.220787525177002,0.5257564783096313,1.8058959003464438e-05
204500,10,1.253296136856079,0.5239012241363525,1.805405668504927e-05
204550,10,1.2376465797424316,0.5082997679710388,1.804915415894472e-05
204600,10,1.203128695487976,0.4921272099018097,1.8044251425805972e-05
204650,10,1.248618483543396,0.5206190347671509,1.8039348486288245e-05
204700,10,1.265360713005066,0.5232722759246826,1.803444534104678e-05
204750,10,1.2665472030639648,0.5298289060592651,1.8029541990736857e-05
204800,10,1.3233997821807861,0.5540646314620972,1.802463843601377e-05
204850,10,1.25642991065979,0.5479137897491455,1.8019734677532858e-05
204900,10,1.1625237464904785,0.5200906991958618,1.801483071594946e-05
204950,10,1.2183027267456055,0.5248906016349792,1.800992655191897e-05
205000,10,1.2126356363296509,0.501886785030365,1.8005022186096792e-05
205050,10,1.2318949699401855,0.5168265104293823,1.800011761913836e-05
205100,10,1.2679541110992432,0.5736618041992188,1.7995212851699146e-05
205150,10,1.2368683815002441,0.5254414677619934,1.799030788443463e-05
205200,10,1.2580726146697998,0.5283472537994385,1.798540271800033e-05
205250,10,1.1896400451660156,0.5104579329490662,1.7980497353051796e-05
205300,10,1.2536485195159912,0.5064762830734253,1.797559179024459e-05
205350,10,1.2351901531219482,0.5021465420722961,1.797068603023431e-05
205400,10,1.2900999784469604,0.5327760577201843,1.7965780073676578e-05
205450,10,1.2172508239746094,0.5192660093307495,1.7960873921227042e-05
205500,10,1.15557062625885,0.5187565088272095,1.7955967573541382e-05
205550,10,1.2062715291976929,0.5195648670196533,1.7951061031275294e-05
205600,10,1.263931155204773,0.5319244861602783,1.794615429508451e-05
205650,10,1.2515475749969482,0.534855306148529,1.794124736562477e-05
205700,10,1.2801151275634766,0.5470072031021118,1.7936340243551865e-05
205750,10,1.2512459754943848,0.5242931246757507,1.7931432929521603e-05
205800,10,1.232102632522583,0.5375795960426331,1.7926525424189797e-05
205850,10,1.2419462203979492,0.5219565033912659,1.792161772821232e-05
205900,10,1.208035945892334,0.5385351777076721,1.7916709842245035e-05
205950,10,1.2384190559387207,0.5421819686889648,1.791180176694387e-05
206000,10,1.2197058200836182,0.5442683100700378,1.7906893502964743e-05
206050,10,1.2313908338546753,0.5172244906425476,1.7901985050963612e-05
206100,10,1.2118747234344482,0.5180827975273132,1.7897076411596463e-05
206150,10,1.250636339187622,0.522861659526825,1.78921675855193e-05
206200,10,1.2366306781768799,0.517529308795929,1.7887258573388158e-05
206250,10,1.270185112953186,0.5312828421592712,1.7882349375859087e-05
206300,10,1.2551050186157227,0.5113580226898193,1.787743999358818e-05
206350,10,1.2149896621704102,0.5234144926071167,1.7872530427231534e-05
206400,10,1.2155334949493408,0.5257007479667664,1.7867620677445282e-05
206450,10,1.2607777118682861,0.5362881422042847,1.786271074488558e-05
206500,10,1.2033226490020752,0.5388460159301758,1.7857800630208614e-05
206550,10,1.2157516479492188,0.5505826473236084,1.785289033407058e-05
206600,10,1.2343119382858276,0.5337727069854736,1.7847979857127708e-05
206650,10,1.2401881217956543,0.5428593754768372,1.7843069200036253e-05
206700,10,1.1887168884277344,0.5314246416091919,1.7838158363452496e-05
206750,10,1.238097906112671,0.505703330039978,1.7833247348032732e-05
206800,10,1.3082636594772339,0.5356184840202332,1.7828336154433285e-05
206850,10,1.2199102640151978,0.5103247761726379,1.7823424783310505e-05
206900,10,1.265800952911377,0.532019317150116,1.7818513235320767e-05
206950,10,1.230433702468872,0.5605971217155457,1.781360151112046e-05
207000,10,1.1677470207214355,0.5039483308792114,1.7808689611366014e-05
207050,10,1.166892170906067,0.4871974289417267,1.780377753671386e-05
207100,10,1.1931250095367432,0.5214374661445618,1.7798865287820475e-05
207150,10,1.2204970121383667,0.5204311013221741,1.7793952865342335e-05
207200,10,1.2182462215423584,0.5411465764045715,1.7789040269935968e-05
207250,10,1.2684112787246704,0.509021520614624,1.7784127502257902e-05
207300,10,1.205815315246582,0.5119049549102783,1.7779214562964696e-05
207350,10,1.223456859588623,0.4945792257785797,1.7774301452712937e-05
207400,10,1.217321753501892,0.5119643211364746,1.776938817215922e-05
207450,10,1.2072234153747559,0.5166947841644287,1.7764474721960182e-05
207500,10,1.1789493560791016,0.5016470551490784,1.7759561102772464e-05
207550,10,1.2561982870101929,0.5415696501731873,1.775464731525275e-05
207600,10,1.2243421077728271,0.5442603230476379,1.774973336005772e-05
207650,10,1.204129934310913,0.5047751665115356,1.7744819237844113e-05
207700,10,1.2880232334136963,0.539000928401947,1.7739904949268645e-05
207750,10,1.2266933917999268,0.554815411567688,1.77349904949881e-05
207800,10,1.243350863456726,0.4991496205329895,1.7730075875659245e-05
207850,10,1.191514015197754,0.5518170595169067,1.772516109193889e-05
207900,10,1.2236192226409912,0.5310378074645996,1.7720246144483874e-05
207950,10,1.2252178192138672,0.5157362222671509,1.7715331033951033e-05
208000,10,1.1578316688537598,0.5309374332427979,1.771041576099725e-05
208050,10,1.2304579019546509,0.526476263999939,1.770550032627941e-05
208100,10,1.1650288105010986,0.49656492471694946,1.770058473045443e-05
208150,10,1.2238606214523315,0.5105248093605042,1.7695668974179257e-05
208200,10,1.2245967388153076,0.492300808429718,1.769075305811084e-05
208250,10,1.2180678844451904,0.5093334317207336,1.768583698290616e-05
208300,10,1.2584121227264404,0.5197197198867798,1.7680920749222218e-05
208350,10,1.2519824504852295,0.4981112778186798,1.7676004357716033e-05
208400,10,1.238579511642456,0.5362585186958313,1.767108780904465e-05
208450,10,1.2578775882720947,0.5453746318817139,1.7666171103865143e-05
208500,10,1.2735531330108643,0.5495942234992981,1.7661254242834585e-05
208550,10,1.2591054439544678,0.5478289723396301,1.7656337226610086e-05
208600,10,1.2191301584243774,0.5124393105506897,1.7651420055848768e-05
208650,10,1.1868699789047241,0.500301718711853,1.7646502731207785e-05
208700,10,1.2748808860778809,0.535374104976654,1.7641585253344305e-05
208750,10,1.2185039520263672,0.5612429976463318,1.763666762291551e-05
208800,10,1.2379260063171387,0.511413037776947,1.7631749840578617e-05
208850,10,1.2714614868164062,0.5633453726768494,1.7626831906990845e-05
208900,10,1.2254798412322998,0.5401895642280579,1.7621913822809455e-05
208950,10,1.1670479774475098,0.5225383639335632,1.7616995588691707e-05
209000,10,1.2854092121124268,0.5551663637161255,1.7612077205294895e-05
209050,10,1.2768597602844238,0.517996609210968,1.7607158673276327e-05
209100,10,1.2083147764205933,0.5049874782562256,1.760223999329333e-05
209150,10,1.1945810317993164,0.531907320022583,1.7597321166003258e-05
209200,10,1.1932153701782227,0.5313178896903992,1.7592402192063477e-05
209250,10,1.2263243198394775,0.49728646874427795,1.758748307213137e-05
209300,10,1.2061049938201904,0.5229364037513733,1.7582563806864357e-05
209350,10,1.2394421100616455,0.5229756236076355,1.7577644396919856e-05
209400,10,1.1924118995666504,0.501551628112793,1.7572724842955315e-05
209450,10,1.1985352039337158,0.5198205709457397,1.7567805145628205e-05
209500,10,1.1727690696716309,0.5134966969490051,1.7562885305596002e-05
209550,10,1.2118756771087646,0.5326178669929504,1.755796532351622e-05
209600,10,1.229353904724121,0.4788777232170105,1.7553045200046372e-05
209650,10,1.194906234741211,0.49407073855400085,1.7548124935844007e-05
209700,10,1.250520944595337,0.5324435830116272,1.7543204531566682e-05
209750,10,1.194297194480896,0.5332958698272705,1.753828398787198e-05
209800,10,1.2757540941238403,0.5665405988693237,1.7533363305417498e-05
209850,10,1.2483199834823608,0.552467942237854,1.7528442484860847e-05
209900,10,1.2413358688354492,0.5687591433525085,1.752352152685967e-05
209950,10,1.1993800401687622,0.49961012601852417,1.7518600432071617e-05
210000,10,1.18760085105896,0.4749155640602112,1.7513679201154357e-05
210050,10,1.2768266201019287,0.5669746994972229,1.750875783476559e-05
210100,10,1.287957787513733,0.5424150228500366,1.750383633356301e-05
210150,10,1.2927424907684326,0.5701711773872375,1.749891469820435e-05
210200,10,1.140040636062622,0.5003507137298584,1.749399292934736e-05
210250,10,1.2633028030395508,0.5169130563735962,1.748907102764979e-05
210300,10,1.2947778701782227,0.5203508734703064,1.7484148993769427e-05
210350,10,1.2815793752670288,0.5229326486587524,1.7479226828364068e-05
210400,10,1.2747220993041992,0.5541592836380005,1.747430453209153e-05
210450,10,1.2918903827667236,0.5356698036193848,1.7469382105609633e-05
210500,10,1.226332187652588,0.530422031879425,1.7464459549576243e-05
210550,10,1.2326908111572266,0.5428142547607422,1.7459536864649213e-05
210600,10,1.1874884366989136,0.5158128142356873,1.7454614051486443e-05
210650,10,1.2349506616592407,0.5389054417610168,1.7449691110745816e-05
210700,10,1.291367530822754,0.5550663471221924,1.744476804308526e-05
210750,10,1.2087030410766602,0.5248650908470154,1.7439844849162716e-05
210800,10,1.1661546230316162,0.48743560910224915,1.743492152963612e-05
210850,10,1.1329782009124756,0.5013870000839233,1.7429998085163463e-05
210900,10,1.1960734128952026,0.5463052988052368,1.7425074516402716e-05
210950,10,1.2781219482421875,0.5451035499572754,1.7420150824011882e-05
211000,10,1.172226905822754,0.5113294124603271,1.7415227008648985e-05
211050,10,1.229111909866333,0.5276764631271362,1.7410303070972054e-05
211100,10,1.2235257625579834,0.5678007006645203,1.7405379011639148e-05
211150,10,1.2408777475357056,0.5113734006881714,1.7400454831308327e-05
211200,10,1.2881494760513306,0.5520628094673157,1.7395530530637686e-05
211250,10,1.2098817825317383,0.5510204434394836,1.739060611028531e-05
211300,10,1.1685035228729248,0.4964081048965454,1.7385681570909327e-05
211350,10,1.2544245719909668,0.5518637299537659,1.738075691316787e-05
211400,10,1.217025876045227,0.5214322209358215,1.7375832137719078e-05
211450,10,1.2209937572479248,0.5166354775428772,1.7370907245221123e-05
211500,10,1.2226451635360718,0.5025922060012817,1.736598223633218e-05
211550,10,1.1942493915557861,0.5132237672805786,1.7361057111710437e-05
211600,10,1.2320575714111328,0.5442076325416565,1.735613187201412e-05
211650,10,1.1564970016479492,0.48276662826538086,1.7351206517901444e-05
211700,10,1.282033920288086,0.5146867036819458,1.7346281050030653e-05
211750,10,1.2597644329071045,0.5268422365188599,1.7341355469060002e-05
211800,10,1.2148467302322388,0.5175362825393677,1.733642977564776e-05
211850,10,1.2696692943572998,0.5215442180633545,1.733150397045222e-05
211900,10,1.2493398189544678,0.5215993523597717,1.7326578054131678e-05
211950,10,1.2658164501190186,0.5278254747390747,1.7321652027344456e-05
212000,10,1.242976188659668,0.5195501446723938,1.7316725890748875e-05
212050,10,1.2283934354782104,0.5196738839149475,1.7311799645003287e-05
212100,10,1.1740903854370117,0.4803507328033447,1.730687329076605e-05
212150,10,1.226137638092041,0.5354295969009399,1.7301946828695538e-05
212200,10,1.2603566646575928,0.5115734934806824,1.7297020259450144e-05
212250,10,1.2585357427597046,0.5099671483039856,1.729209358368827e-05
212300,10,1.1757957935333252,0.5051036477088928,1.7287166802068332e-05
212350,10,1.2349886894226074,0.538646936416626,1.7282239915248765e-05
212400,10,1.2222211360931396,0.5042147636413574,1.7277312923888008e-05
212450,10,1.282901644706726,0.5458384156227112,1.7272385828644526e-05
212500,10,1.1903806924819946,0.5084794163703918,1.7267458630176794e-05
212550,10,1.247455358505249,0.5153654217720032,1.7262531329143296e-05
212600,10,1.2429441213607788,0.5321128964424133,1.7257603926202536e-05
212650,10,1.253663182258606,0.5334168672561646,1.7252676422013023e-05
212700,10,1.2463290691375732,0.5150588154792786,1.724774881723329e-05
212750,10,1.2919535636901855,0.5532374978065491,1.724282111252188e-05
212800,10,1.235338568687439,0.5265507698059082,1.7237893308537345e-05
212850,10,1.2828400135040283,0.5111232399940491,1.7232965405938253e-05
212900,10,1.2713569402694702,0.5372880697250366,1.722803740538319e-05
212950,10,1.199187159538269,0.5193099975585938,1.722310930753075e-05
213000,10,1.2141180038452148,0.500805139541626,1.721818111303953e-05
213050,10,1.1635993719100952,0.5034993886947632,1.7213252822568164e-05
213100,10,1.2227824926376343,0.5116637945175171,1.7208324436775285e-05
213150,10,1.1776546239852905,0.5425668954849243,1.7203395956319532e-05
213200,10,1.149906039237976,0.5050578713417053,1.7198467381859564e-05
213250,10,1.1730287075042725,0.5391491055488586,1.7193538714054055e-05
213300,10,1.1823792457580566,0.49389970302581787,1.7188609953561687e-05
213350,10,1.2538666725158691,0.5598551034927368,1.7183681101041162e-05
213400,10,1.2327213287353516,0.5264442563056946,1.7178752157151182e-05
213450,10,1.1978986263275146,0.5603278279304504,1.7173823122550466e-05
213500,10,1.2335188388824463,0.5440237522125244,1.716889399789776e-05
213550,10,1.1897094249725342,0.4934440553188324,1.7163964783851793e-05
213600,10,1.2218976020812988,0.4994438588619232,1.7159035481071328e-05
213650,10,1.1736282110214233,0.5109465718269348,1.715410609021514e-05
213700,10,1.2298963069915771,0.5264028906822205,1.7149176611941998e-05
213750,10,1.2817952632904053,0.5515989661216736,1.71442470469107e-05
213800,10,1.1861615180969238,0.5188202261924744,1.713931739578005e-05
213850,10,1.194848656654358,0.5251070857048035,1.7134387659208864e-05
213900,10,1.221693754196167,0.5148724317550659,1.712945783785597e-05
213950,10,1.266631007194519,0.5143972039222717,1.71245279323802e-05
214000,10,1.2339329719543457,0.5398092269897461,1.7119597943440404e-05
214050,10,1.2285022735595703,0.5387817025184631,1.7114667871695447e-05
214100,10,1.1901514530181885,0.5600581169128418,1.71097377178042e-05
214150,10,1.1970727443695068,0.5124688744544983,1.7104807482425543e-05
214200,10,1.2116243839263916,0.5292323231697083,1.709987716621837e-05
214250,10,1.1896140575408936,0.5475187301635742,1.7094946769841585e-05
214300,10,1.2097316980361938,0.5210387706756592,1.7090016293954102e-05
214350,10,1.2368526458740234,0.5297751426696777,1.708508573921485e-05
214400,10,1.2140185832977295,0.4966277480125427,1.7080155106282767e-05
214450,10,1.2745282649993896,0.5598366856575012,1.7075224395816786e-05
214500,10,1.2261333465576172,0.5002699494361877,1.7070293608475878e-05
214550,10,1.2913084030151367,0.5485916137695312,1.7065362744919002e-05
214600,10,1.1941957473754883,0.5066058039665222,1.706043180580514e-05
214650,10,1.2123595476150513,0.5184253454208374,1.705550079179328e-05
214700,10,1.2531044483184814,0.5188980102539062,1.7050569703542413e-05
214750,10,1.1862480640411377,0.5071154832839966,1.7045638541711548e-05
214800,10,1.268934965133667,0.5140013098716736,1.704070730695971e-05
214850,10,1.2325447797775269,0.5180822014808655,1.703577599994592e-05
214900,10,1.2803914546966553,0.5319398641586304,1.703084462132921e-05
214950,10,1.1754530668258667,0.513623058795929,1.7025913171768634e-05
215000,10,1.272565484046936,0.5535770654678345,1.7020981651923245e-05
215050,10,1.223607063293457,0.5257329344749451,1.7016050062452106e-05
215100,10,1.2227835655212402,0.5289815664291382,1.7011118404014292e-05
215150,10,1.1606848239898682,0.49428731203079224,1.7006186677268888e-05
215200,10,1.19675612449646,0.5144306421279907,1.7001254882874984e-05
215250,10,1.2409136295318604,0.5342028737068176,1.6996323021491684e-05
215300,10,1.2111084461212158,0.5246485471725464,1.6991391093778104e-05
215350,10,1.223555326461792,0.5908302068710327,1.6986459100393352e-05
215400,10,1.1911721229553223,0.5161285400390625,1.6981527041996565e-05
215450,10,1.1749660968780518,0.5376267433166504,1.6976594919246873e-05
215500,10,1.2283686399459839,0.5457337498664856,1.697166273280343e-05
215550,10,1.2437219619750977,0.5313190817832947,1.6966730483325382e-05
215600,10,1.2238600254058838,0.5152298808097839,1.6961798171471895e-05
215650,10,1.2549991607666016,0.5103719830513,1.695686579790214e-05
215700,10,1.2650175094604492,0.5642094612121582,1.6951933363275297e-05
215750,10,1.2191722393035889,0.48277518153190613,1.6947000868250552e-05
215800,10,1.2278294563293457,0.5146345496177673,1.6942068313487098e-05
215850,10,1.2105917930603027,0.5204129815101624,1.6937135699644146e-05
215900,10,1.2616757154464722,0.5603636503219604,1.6932203027380898e-05
215950,10,1.3022475242614746,0.5620011687278748,1.6927270297356575e-05
216000,10,1.170690655708313,0.5031629800796509,1.6922337510230408e-05
216050,10,1.2893853187561035,0.5462499260902405,1.6917404666661627e-05
216100,10,1.2541215419769287,0.5212940573692322,1.691247176730948e-05
216150,10,1.2330042123794556,0.4915865659713745,1.690753881283321e-05
216200,10,1.2437138557434082,0.524341344833374,1.6902605803892075e-05
216250,10,1.1881346702575684,0.5064722895622253,1.6897672741145337e-05
216300,10,1.240095853805542,0.4920181334018707,1.6892739625252273e-05
216350,10,1.2318296432495117,0.5378177762031555,1.688780645687216e-05
216400,10,1.2130398750305176,0.5261935591697693,1.6882873236664282e-05
216450,10,1.252770185470581,0.5564459562301636,1.6877939965287925e-05
216500,10,1.2299634218215942,0.5583027005195618,1.68730066434024e-05
216550,10,1.2173110246658325,0.4834703207015991,1.6868073271667e-05
216600,10,1.2987143993377686,0.5784891843795776,1.6863139850741052e-05
216650,10,1.2111618518829346,0.4876401126384735,1.6858206381283865e-05
216700,10,1.2141588926315308,0.5146402716636658,1.685327286395476e-05
216750,10,1.2419373989105225,0.570263147354126,1.6848339299413085e-05
216800,10,1.3042553663253784,0.5326406955718994,1.6843405688318166e-05
216850,10,1.235818862915039,0.5253788232803345,1.6838472031329348e-05
216900,10,1.2361550331115723,0.544725239276886,1.6833538329105983e-05
216950,10,1.2288296222686768,0.5332802534103394,1.682860458230743e-05
217000,10,1.247119426727295,0.5173354148864746,1.6823670791593053e-05
217050,10,1.2146050930023193,0.5229394435882568,1.681873695762221e-05
217100,10,1.2416613101959229,0.5322188138961792,1.681380308105429e-05
217150,10,1.237298846244812,0.5243398547172546,1.680886916254866e-05
217200,10,1.2240910530090332,0.5201836824417114,1.6803935202764715e-05
217250,10,1.2254576683044434,0.5106927752494812,1.6799001202361845e-05
217300,10,1.2581197023391724,0.5413058400154114,1.679406716199944e-05
217350,10,1.193511724472046,0.5040151476860046,1.678913308233691e-05
217400,10,1.2027664184570312,0.5466035008430481,1.678419896403365e-05
217450,10,1.2406281232833862,0.5244530439376831,1.6779264807749086e-05
217500,10,1.2429430484771729,0.5283657312393188,1.6774330614142633e-05
217550,10,1.2596912384033203,0.5476347804069519,1.6769396383873703e-05
217600,11,1.241297960281372,0.5195545554161072,1.676446211760173e-05
217650,11,1.2475459575653076,0.5441961288452148,1.675952781598615e-05
217700,11,1.1979269981384277,0.5026875138282776,1.6754593479686387e-05
217750,11,1.276004672050476,0.5226824879646301,1.67496591093619e-05
217800,11,1.2618005275726318,0.549494206905365,1.674472470567212e-05
217850,11,1.2560869455337524,0.5372259020805359,1.6739790269276512e-05
217900,11,1.2226412296295166,0.5215858817100525,1.6734855800834515e-05
217950,11,1.250020980834961,0.5237252116203308,1.6729921301005594e-05
218000,11,1.2600493431091309,0.5210791230201721,1.6724986770449217e-05
218050,11,1.2639133930206299,0.5219641327857971,1.6720052209824848e-05
218100,11,1.2798631191253662,0.5606592297554016,1.6715117619791956e-05
218150,11,1.2106670141220093,0.5061355233192444,1.6710183001010017e-05
218200,11,1.2549924850463867,0.5175442695617676,1.6705248354138514e-05
218250,11,1.2332756519317627,0.5341582894325256,1.6700313679836926e-05
218300,11,1.1880849599838257,0.5065621733665466,1.6695378978764744e-05
218350,11,1.2173783779144287,0.5172271132469177,1.669044425158145e-05
218400,11,1.1995432376861572,0.5367451310157776,1.6685509498946546e-05
218450,11,1.2123198509216309,0.5168558359146118,1.668057472151952e-05
218500,11,1.2185784578323364,0.5504929423332214,1.667563991995989e-05
218550,11,1.2217464447021484,0.5256136655807495,1.6670705094927138e-05
218600,11,1.231724739074707,0.5311087369918823,1.666577024708078e-05
218650,11,1.2225337028503418,0.5128875970840454,1.666083537708033e-05
218700,11,1.2714099884033203,0.5274561047554016,1.6655900485585297e-05
218750,11,1.2237884998321533,0.5041763782501221,1.6650965573255193e-05
218800,11,1.193742036819458,0.5206652879714966,1.6646030640749543e-05
218850,11,1.1956827640533447,0.5110172629356384,1.664109568872786e-05
218900,11,1.1975356340408325,0.5425707101821899,1.6636160717849675e-05
218950,11,1.1796735525131226,0.5167871713638306,1.6631225728774513e-05
219000,11,1.1893925666809082,0.5190096497535706,1.66262907221619e-05
219050,11,1.2454142570495605,0.5307758450508118,1.6621355698671366e-05
219100,11,1.2066690921783447,0.5250381231307983,1.6616420658962448e-05
219150,11,1.2205384969711304,0.5219246745109558,1.661148560369468e-05
219200,11,1.1956257820129395,0.5484937429428101,1.6606550533527596e-05
219250,11,1.2173621654510498,0.533296525478363,1.6601615449120743e-05
219300,11,1.2487564086914062,0.5571401119232178,1.6596680351133658e-05
219350,11,1.226799488067627,0.5354911684989929,1.6591745240225878e-05
219400,11,1.2330899238586426,0.5280410051345825,1.658681011705696e-05
219450,11,1.2114512920379639,0.524105966091156,1.6581874982286447e-05
219500,11,1.1942989826202393,0.5110331177711487,1.6576939836573883e-05
219550,11,1.2330825328826904,0.540328323841095,1.6572004680578814e-05
219600,11,1.215193271636963,0.5181916952133179,1.65670695149608e-05
219650,11,1.2216987609863281,0.5694055557250977,1.656213434037939e-05
219700,11,1.216670036315918,0.5261558294296265,1.6557199157494133e-05
219750,11,1.2489664554595947,0.5060945153236389,1.6552263966964592e-05
219800,11,1.2764769792556763,0.5347498059272766,1.6547328769450313e-05
219850,11,1.2099149227142334,0.5428947806358337,1.6542393565610862e-05
219900,11,1.135277271270752,0.47109532356262207,1.6537458356105787e-05
219950,11,1.198683261871338,0.4888829290866852,1.6532523141594657e-05
220000,11,1.2839770317077637,0.5488311648368835,1.652758792273702e-05
220050,11,1.181803584098816,0.528556227684021,1.652265270019244e-05
220100,11,1.1878604888916016,0.5031029582023621,1.6517717474620474e-05
220150,11,1.2535340785980225,0.536956787109375,1.651278224668069e-05
220200,11,1.164231300354004,0.5124183297157288,1.650784701703264e-05
220250,11,1.221865177154541,0.5340629816055298,1.6502911786335895e-05
220300,11,1.2197482585906982,0.5249506831169128,1.6497976555249997e-05
220350,11,1.1914258003234863,0.5055873990058899,1.6493041324434525e-05
220400,11,1.2919235229492188,0.5198904275894165,1.648810609454904e-05
220450,11,1.1746474504470825,0.5114492774009705,1.648317086625309e-05
220500,11,1.2072346210479736,0.5318127274513245,1.647823564020624e-05
220550,11,1.2763597965240479,0.5451529622077942,1.6473300417068056e-05
220600,11,1.2302651405334473,0.5083929300308228,1.64683651974981e-05
220650,11,1.253693699836731,0.5275214910507202,1.646342998215592e-05
220700,11,1.2505240440368652,0.533624529838562,1.645849477170107e-05
220750,11,1.1743714809417725,0.5013002753257751,1.6453559566793136e-05
220800,11,1.256183385848999,0.5394419431686401,1.644862436809165e-05
220850,11,1.2116997241973877,0.5153899192810059,1.6443689176256182e-05
220900,11,1.3005316257476807,0.5580715537071228,1.6438753991946282e-05
220950,11,1.2570010423660278,0.5285404920578003,1.6433818815821505e-05
221000,11,1.2400968074798584,0.5095312595367432,1.6428883648541406e-05
221050,11,1.2239593267440796,0.5251802802085876,1.6423948490765535e-05
221100,11,1.236275315284729,0.525358259677887,1.6419013343153442e-05
221150,11,1.247995138168335,0.5368338227272034,1.6414078206364682e-05
221200,11,1.2361363172531128,0.5254754424095154,1.64091430810588e-05
221250,11,1.2178900241851807,0.5475472211837769,1.6404207967895344e-05
221300,11,1.1633849143981934,0.5194433331489563,1.639927286753386e-05
221350,11,1.2673630714416504,0.5232544541358948,1.6394337780633887e-05
221400,11,1.2039068937301636,0.5088286399841309,1.6389402707854973e-05
221450,11,1.2625912427902222,0.5426186919212341,1.6384467649856656e-05
221500,11,1.1994519233703613,0.5055083632469177,1.637953260729847e-05
221550,11,1.2410495281219482,0.55135577917099,1.6374597580839958e-05
221600,11,1.2303085327148438,0.5170778632164001,1.6369662571140645e-05
221650,11,1.2154059410095215,0.5133053064346313,1.6364727578860066e-05
221700,11,1.24204683303833,0.5179246068000793,1.635979260465775e-05
221750,11,1.197469711303711,0.5487380623817444,1.6354857649193224e-05
221800,11,1.1914128065109253,0.5288430452346802,1.6349922713126018e-05
221850,11,1.2358521223068237,0.5025639533996582,1.6344987797115644e-05
221900,11,1.2134937047958374,0.5156776309013367,1.6340052901821625e-05
221950,11,1.226435661315918,0.5396311283111572,1.6335118027903472e-05
222000,11,1.2754215002059937,0.5330735445022583,1.6330183176020712e-05
222050,11,1.214629888534546,0.5289645195007324,1.6325248346832838e-05
222100,11,1.2109813690185547,0.5119010210037231,1.6320313540999373e-05
222150,11,1.2231028079986572,0.5101869106292725,1.6315378759179808e-05
222200,11,1.2881522178649902,0.5530266165733337,1.6310444002033647e-05
222250,11,1.1975247859954834,0.5190081596374512,1.6305509270220393e-05
222300,11,1.3242663145065308,0.6092906594276428,1.630057456439954e-05
222350,11,1.1387884616851807,0.4963299036026001,1.629563988523058e-05
222400,11,1.1960728168487549,0.5004021525382996,1.629070523337299e-05
222450,11,1.2266167402267456,0.5271874666213989,1.6285770609486264e-05
222500,11,1.1969172954559326,0.5266708135604858,1.6280836014229872e-05
222550,11,1.2294120788574219,0.557811439037323,1.6275901448263297e-05
222600,11,1.2805461883544922,0.5288407206535339,1.6270966912246015e-05
222650,11,1.1790287494659424,0.5610474944114685,1.626603240683748e-05
222700,11,1.1981724500656128,0.5164932608604431,1.6261097932697175e-05
222750,11,1.264702558517456,0.532773494720459,1.625616349048454e-05
222800,11,1.2199453115463257,0.5490691661834717,1.6251229080859043e-05
222850,11,1.2672027349472046,0.5179681777954102,1.6246294704480136e-05
222900,11,1.2049121856689453,0.5020216107368469,1.6241360362007263e-05
222950,11,1.3036620616912842,0.5558475852012634,1.6236426054099866e-05
223000,11,1.2240222692489624,0.528461754322052,1.6231491781417378e-05
223050,11,1.2538695335388184,0.5488160848617554,1.6226557544619234e-05
223100,11,1.1811096668243408,0.5116810202598572,1.6221623344364867e-05
223150,11,1.2212188243865967,0.5154712200164795,1.621668918131369e-05
223200,11,1.2279727458953857,0.5387219786643982,1.6211755056125138e-05
223250,11,1.187913417816162,0.5166329145431519,1.620682096945861e-05
223300,11,1.204310417175293,0.5510350465774536,1.620188692197352e-05
223350,11,1.2168962955474854,0.5155910849571228,1.6196952914329264e-05
223400,11,1.2237097024917603,0.5030329823493958,1.6192018947185248e-05
223450,11,1.2269234657287598,0.4957674741744995,1.6187085021200864e-05
223500,11,1.228905439376831,0.542540431022644,1.6182151137035492e-05
223550,11,1.188734769821167,0.5233938097953796,1.6177217295348518e-05
223600,11,1.1839340925216675,0.49983322620391846,1.6172283496799316e-05
223650,11,1.2155251502990723,0.5199058651924133,1.616734974204725e-05
223700,11,1.2093193531036377,0.5383294820785522,1.616241603175169e-05
223750,11,1.169809341430664,0.5156077742576599,1.6157482366571993e-05
223800,11,1.1767666339874268,0.5228987336158752,1.6152548747167515e-05
223850,11,1.233782172203064,0.5208995938301086,1.6147615174197593e-05
223900,11,1.260382890701294,0.5498837232589722,1.614268164832157e-05
223950,11,1.2130539417266846,0.526943027973175,1.6137748170198783e-05
224000,11,1.204357624053955,0.5445134043693542,1.6132814740488546e-05
224050,11,1.2189218997955322,0.5235232710838318,1.6127881359850194e-05
224100,11,1.2136096954345703,0.5106597542762756,1.6122948028943037e-05
224150,11,1.2007112503051758,0.5294587016105652,1.611801474842637e-05
224200,11,1.221938133239746,0.5026561617851257,1.6113081518959507e-05
224250,11,1.1760320663452148,0.5027604699134827,1.610814834120174e-05
224300,11,1.2287330627441406,0.5245082378387451,1.6103215215812353e-05
224350,11,1.2399804592132568,0.5412299036979675,1.6098282143450626e-05
224400,11,1.177687644958496,0.4942571222782135,1.609334912477583e-05
224450,11,1.2092416286468506,0.5068947076797485,1.608841616044723e-05
224500,11,1.3028597831726074,0.5316939949989319,1.608348325112409e-05
224550,11,1.2603156566619873,0.5322604775428772,1.607855039746565e-05
224600,11,1.242708683013916,0.5252953171730042,1.607361760013116e-05
224650,11,1.2643094062805176,0.5473222732543945,1.606868485977985e-05
224700,11,1.2257566452026367,0.5214093327522278,1.6063752177070963e-05
224750,11,1.205338716506958,0.5117522478103638,1.6058819552663704e-05
224800,11,1.233119010925293,0.5271203517913818,1.6053886987217294e-05
224850,11,1.1791555881500244,0.5247523188591003,1.604895448139093e-05
224900,11,1.248447060585022,0.5455132126808167,1.6044022035843816e-05
224950,11,1.2760095596313477,0.534395158290863,1.603908965123514e-05
225000,11,1.1751937866210938,0.5122213363647461,1.603415732822408e-05
225050,11,1.195013403892517,0.5213335156440735,1.6029225067469804e-05
225100,11,1.1902393102645874,0.5153279900550842,1.602429286963148e-05
225150,11,1.195835828781128,0.5557543039321899,1.601936073536827e-05
225200,11,1.2554936408996582,0.5422412753105164,1.601442866533932e-05
225250,11,1.185131311416626,0.5210857391357422,1.6009496660203756e-05
225300,11,1.1836838722229004,0.5149953961372375,1.6004564720620718e-05
225350,11,1.2199790477752686,0.5432108044624329,1.599963284724933e-05
225400,11,1.252418041229248,0.5519933104515076,1.599470104074869e-05
225450,11,1.22575044631958,0.5472747087478638,1.5989769301777916e-05
225500,11,1.2636172771453857,0.5192022323608398,1.5984837630996097e-05
225550,11,1.190810203552246,0.5277416110038757,1.597990602906232e-05
225600,11,1.206897258758545,0.5171286463737488,1.597497449663565e-05
225650,11,1.1737306118011475,0.5123646855354309,1.597004303437517e-05
225700,11,1.198310375213623,0.509035050868988,1.5965111642939926e-05
225750,11,1.1485556364059448,0.5222572088241577,1.5960180322988976e-05
225800,11,1.3041682243347168,0.5454344749450684,1.5955249075181347e-05
225850,11,1.1819546222686768,0.5343002080917358,1.5950317900176074e-05
225900,11,1.2646002769470215,0.5553269386291504,1.5945386798632177e-05
225950,11,1.2074588537216187,0.5215345621109009,1.5940455771208656e-05
226000,11,1.2114485502243042,0.5322316884994507,1.593552481856452e-05
226050,11,1.2131885290145874,0.5452151298522949,1.5930593941358757e-05
226100,11,1.185547113418579,0.5198529362678528,1.5925663140250338e-05
226150,11,1.210636854171753,0.4986521303653717,1.592073241589824e-05
226200,11,1.2663297653198242,0.5156087279319763,1.5915801768961426e-05
226250,11,1.1371583938598633,0.4933335781097412,1.591087120009883e-05
226300,11,1.216181755065918,0.5295518040657043,1.5905940709969402e-05
226350,11,1.2599358558654785,0.5293521285057068,1.5901010299232064e-05
226400,11,1.247230052947998,0.527389645576477,1.5896079968545733e-05
226450,11,1.1899031400680542,0.5075176954269409,1.5891149718569317e-05
226500,11,1.2132718563079834,0.528193473815918,1.588621954996171e-05
226550,11,1.227785587310791,0.5370003581047058,1.58812894633818e-05
226600,11,1.2989826202392578,0.5716935396194458,1.5876359459488446e-05
226650,11,1.2485992908477783,0.5077260732650757,1.587142953894053e-05
226700,11,1.175763487815857,0.5296675562858582,1.5866499702396896e-05
226750,11,1.2011646032333374,0.5151763558387756,1.5861569950516378e-05
226800,11,1.2113929986953735,0.5499277710914612,1.5856640283957813e-05
226850,11,1.226890206336975,0.5115848779678345,1.5851710703380012e-05
226900,11,1.2067290544509888,0.5430963039398193,1.584678120944178e-05
226950,11,1.2295725345611572,0.5342922806739807,1.5841851802801924e-05
227000,11,1.2151678800582886,0.5349171161651611,1.5836922484119212e-05
227050,11,1.197624921798706,0.5298975110054016,1.5831993254052423e-05
227100,11,1.2224525213241577,0.5306035876274109,1.5827064113260304e-05
227150,11,1.2874860763549805,0.5561611652374268,1.5822135062401616e-05
227200,11,1.2015008926391602,0.5415990948677063,1.5817206102135092e-05
227250,11,1.3124465942382812,0.5340791940689087,1.581227723311945e-05
227300,11,1.2005139589309692,0.5095441937446594,1.5807348456013406e-05
227350,11,1.2187550067901611,0.5557367205619812,1.5802419771475652e-05
227400,11,1.2114019393920898,0.5163480043411255,1.579749118016488e-05
227450,11,1.2608740329742432,0.5458004474639893,1.579256268273975e-05
227500,11,1.258892297744751,0.557481050491333,1.5787634279858945e-05
227550,11,1.251094102859497,0.5488898754119873,1.5782705972181097e-05
227600,11,1.2381327152252197,0.5707690119743347,1.577777776036485e-05
227650,11,1.204491138458252,0.523132860660553,1.577284964506882e-05
227700,11,1.2071192264556885,0.5241968035697937,1.5767921626951625e-05
227750,11,1.2505004405975342,0.5278224349021912,1.576299370667186e-05
227800,11,1.2109596729278564,0.49810001254081726,1.5758065884888098e-05
227850,11,1.2185615301132202,0.5259968042373657,1.5753138162258926e-05
227900,11,1.3160946369171143,0.5704745650291443,1.5748210539442894e-05
227950,11,1.2012217044830322,0.5215246677398682,1.574328301709854e-05
228000,11,1.2137722969055176,0.5174303650856018,1.5738355595884407e-05
228050,11,1.2736501693725586,0.5529783368110657,1.5733428276459e-05
228100,11,1.2045912742614746,0.5347363948822021,1.5728501059480832e-05
228150,11,1.263691782951355,0.5804567933082581,1.572357394560839e-05
228200,11,1.20923912525177,0.5351871252059937,1.5718646935500153e-05
228250,11,1.2433316707611084,0.5442395806312561,1.5713720029814574e-05
228300,11,1.2676117420196533,0.5195945501327515,1.570879322921011e-05
228350,11,1.2075127363204956,0.5068567395210266,1.5703866534345193e-05
228400,11,1.2416326999664307,0.5258088707923889,1.5698939945878243e-05
228450,11,1.233626365661621,0.5427290797233582,1.5694013464467665e-05
228500,11,1.2347753047943115,0.5266976952552795,1.5689087090771852e-05
228550,11,1.2240769863128662,0.5366805791854858,1.5684160825449174e-05
228600,11,1.1983323097229004,0.5181074738502502,1.5679234669158007e-05
228650,11,1.2590285539627075,0.5133233666419983,1.5674308622556692e-05
228700,11,1.1971205472946167,0.5340744256973267,1.5669382686303567e-05
228750,11,1.2092492580413818,0.5696923136711121,1.566445686105694e-05
228800,11,1.1228522062301636,0.5057805180549622,1.5659531147475127e-05
228850,11,1.2647628784179688,0.5298722982406616,1.5654605546216407e-05
228900,11,1.2825582027435303,0.5411971211433411,1.564968005793906e-05
228950,11,1.1643283367156982,0.5312626957893372,1.5644754683301344e-05
229000,11,1.1919492483139038,0.5180389881134033,1.5639829422961506e-05
229050,11,1.2096408605575562,0.544784665107727,1.5634904277577765e-05
229100,11,1.2879748344421387,0.554336667060852,1.562997924780834e-05
229150,11,1.1866731643676758,0.5280788540840149,1.562505433431143e-05
229200,11,1.2379071712493896,0.5244724154472351,1.562012953774522e-05
229250,11,1.2265849113464355,0.5204855799674988,1.5615204858767867e-05
229300,11,1.2707602977752686,0.5453744530677795,1.5610280298037532e-05
229350,11,1.2147525548934937,0.5206390619277954,1.560535585621234e-05
229400,11,1.2812013626098633,0.5238583087921143,1.560043153395042e-05
229450,11,1.225834608078003,0.5054625272750854,1.5595507331909863e-05
229500,11,1.2186391353607178,0.5085073113441467,1.5590583250748762e-05
229550,11,1.1929165124893188,0.5657680630683899,1.5585659291125194e-05
229600,11,1.2341771125793457,0.530809760093689,1.5580735453697203e-05
229650,11,1.2800036668777466,0.5940868854522705,1.5575811739122835e-05
229700,11,1.2207598686218262,0.5204125046730042,1.557088814806011e-05
229750,11,1.257770299911499,0.5474445819854736,1.5565964681167035e-05
229800,11,1.2155234813690186,0.5353348255157471,1.5561041339101595e-05
229850,11,1.2805275917053223,0.5626177191734314,1.555611812252176e-05
229900,11,1.17454195022583,0.5282370448112488,1.5551195032085497e-05
229950,11,1.1921348571777344,0.5202011466026306,1.5546272068450732e-05
230000,11,1.1690161228179932,0.5042033195495605,1.5541349232275384e-05
230050,11,1.267304539680481,0.5467793941497803,1.5536426524217368e-05
230100,11,1.285529613494873,0.5696317553520203,1.5531503944934574e-05
230150,11,1.2307212352752686,0.569028913974762,1.5526581495084862e-05
230200,11,1.18732488155365,0.5279254913330078,1.5521659175326088e-05
230250,11,1.2349472045898438,0.5329204797744751,1.5516736986316093e-05
230300,11,1.1709493398666382,0.5263895392417908,1.551181492871268e-05
230350,11,1.1677178144454956,0.5087441802024841,1.5506893003173666e-05
230400,11,1.2538577318191528,0.540477454662323,1.5501971210356827e-05
230450,11,1.1831035614013672,0.5069880485534668,1.549704955091993e-05
230500,11,1.2138690948486328,0.5172535181045532,1.549212802552071e-05
230550,11,1.2442538738250732,0.5461742281913757,1.5487206634816912e-05
230600,11,1.2918598651885986,0.574306309223175,1.548228537946625e-05
230650,11,1.2115558385849,0.5206641554832458,1.5477364260126403e-05
230700,11,1.1847870349884033,0.5163887143135071,1.5472443277455053e-05
230750,11,1.2274540662765503,0.5382654666900635,1.5467522432109854e-05
230800,11,1.1947121620178223,0.5249703526496887,1.546260172474845e-05
230850,11,1.2773199081420898,0.5371198058128357,1.5457681156028454e-05
230900,11,1.2494874000549316,0.5542498826980591,1.5452760726607474e-05
230950,11,1.1832482814788818,0.5282753109931946,1.5447840437143086e-05
231000,11,1.2615829706192017,0.5409883260726929,1.5442920288292856e-05
231050,11,1.2246088981628418,0.5156173706054688,1.5438000280714335e-05
231100,11,1.2153270244598389,0.5510281920433044,1.5433080415065045e-05
231150,11,1.2576358318328857,0.547684907913208,1.5428160692002492e-05
231200,11,1.2189058065414429,0.5373266339302063,1.5423241112184168e-05
231250,11,1.2421059608459473,0.5416440963745117,1.541832167626754e-05
231300,11,1.204683542251587,0.5321627855300903,1.541340238491006e-05
231350,11,1.1487253904342651,0.5062463879585266,1.5408483238769155e-05
231400,11,1.2439098358154297,0.5417713522911072,1.5403564238502243e-05
231450,11,1.218117594718933,0.5330547094345093,1.539864538476671e-05
231500,11,1.295485496520996,0.5398799777030945,1.539372667821992e-05
231550,11,1.243211269378662,0.5218241810798645,1.538880811951924e-05
231600,11,1.2207072973251343,0.5558024048805237,1.538388970932201e-05
231650,11,1.1984769105911255,0.5166059732437134,1.537897144828552e-05
231700,11,1.119063138961792,0.5172075033187866,1.537405333706708e-05
231750,11,1.1999036073684692,0.4880211055278778,1.5369135376323946e-05
231800,11,1.2188892364501953,0.5197304487228394,1.536421756671339e-05
231850,11,1.2212998867034912,0.5207497477531433,1.5359299908892642e-05
231900,11,1.2456891536712646,0.566470742225647,1.53543824035189e-05
231950,11,1.240426778793335,0.5349871516227722,1.5349465051249366e-05
232000,11,1.2296051979064941,0.5273815989494324,1.534454785274121e-05
232050,11,1.1822422742843628,0.5255170464515686,1.533963080865159e-05
232100,11,1.2329280376434326,0.5269637107849121,1.5334713919637626e-05
232150,11,1.2486917972564697,0.5441910028457642,1.5329797186356436e-05
232200,11,1.2072443962097168,0.5111154913902283,1.53248806094651e-05
232250,11,1.2038218975067139,0.5090295672416687,1.5319964189620692e-05
232300,11,1.198976993560791,0.5217873454093933,1.531504792748026e-05
232350,11,1.2273143529891968,0.516090989112854,1.531013182370082e-05
232400,11,1.2778925895690918,0.5020959973335266,1.5305215878939392e-05
232450,11,1.2242980003356934,0.5404002666473389,1.5300300093852944e-05
232500,11,1.2055597305297852,0.5252925157546997,1.5295384469098453e-05
232550,11,1.1870547533035278,0.4926283359527588,1.5290469005332845e-05
232600,11,1.181412935256958,0.5154204964637756,1.528555370321305e-05
232650,11,1.223555564880371,0.5144293904304504,1.5280638563395967e-05
232700,11,1.22674560546875,0.5262201428413391,1.5275723586538464e-05
232750,11,1.1712369918823242,0.5085179209709167,1.52708087732974e-05
232800,11,1.1583091020584106,0.5295387506484985,1.5265894124329603e-05
232850,11,1.1953612565994263,0.52450031042099,1.5260979640291884e-05
232900,11,1.2039687633514404,0.5590022802352905,1.5256065321841038e-05
232950,11,1.203397274017334,0.5672357678413391,1.5251151169633816e-05
233000,11,1.2411818504333496,0.536199688911438,1.5246237184326983e-05
233050,11,1.235227108001709,0.529150664806366,1.5241323366577246e-05
233100,11,1.2145259380340576,0.5248337984085083,1.5236409717041308e-05
233150,11,1.264405608177185,0.547356903553009,1.5231496236375846e-05
233200,11,1.1700174808502197,0.529746949672699,1.5226582925237512e-05
233250,11,1.2109005451202393,0.5045883059501648,1.5221669784282943e-05
233300,11,1.2113821506500244,0.5171239376068115,1.521675681416874e-05
233350,11,1.2283343076705933,0.5446382164955139,1.5211844015551495e-05
233400,11,1.2359232902526855,0.5265319347381592,1.5206931389087769e-05
233450,11,1.1576354503631592,0.5056936740875244,1.5202018935434095e-05
233500,11,1.2156705856323242,0.5360043048858643,1.5197106655247006e-05
233550,11,1.2772245407104492,0.5403784513473511,1.5192194549182987e-05
233600,11,1.2600929737091064,0.5315684080123901,1.5187282617898504e-05
233650,11,1.2303440570831299,0.5330063700675964,1.518237086205001e-05
233700,11,1.249067783355713,0.5275942087173462,1.5177459282293924e-05
233750,11,1.1980082988739014,0.5221547484397888,1.5172547879286653e-05
233800,11,1.2433404922485352,0.620072066783905,1.5167636653684564e-05
233850,11,1.2236298322677612,0.5535727143287659,1.5162725606144019e-05
233900,11,1.2354521751403809,0.5208858251571655,1.5157814737321344e-05
233950,11,1.203850507736206,0.5339341163635254,1.515290404787284e-05
234000,11,1.2382514476776123,0.5425395965576172,1.5147993538454791e-05
234050,11,1.2117568254470825,0.5423679947853088,1.5143083209723456e-05
234100,11,1.267440676689148,0.5308540463447571,1.5138173062335069e-05
234150,11,1.2208256721496582,0.5321409106254578,1.5133263096945835e-05
234200,11,1.2174499034881592,0.5558229684829712,1.5128353314211941e-05
234250,11,1.2395000457763672,0.5164167881011963,1.5123443714789541e-05
234300,11,1.1615514755249023,0.535933792591095,1.511853429933478e-05
234350,11,1.245766282081604,0.5223999619483948,1.5113625068503761e-05
234400,11,1.1307249069213867,0.5171738862991333,1.5108716022952567e-05
234450,11,1.1963868141174316,0.511803925037384,1.5103807163337275e-05
234500,11,1.2483078241348267,0.5486832857131958,1.5098898490313907e-05
234550,11,1.2340102195739746,0.5491175055503845,1.5093990004538481e-05
234600,11,1.1915993690490723,0.5228487253189087,1.508908170666698e-05
234650,11,1.1808907985687256,0.5429454445838928,1.5084173597355371e-05
234700,11,1.2323808670043945,0.5523788928985596,1.5079265677259586e-05
234750,11,1.2692244052886963,0.5766989588737488,1.507435794703554e-05
234800,11,1.2460715770721436,0.5246239304542542,1.5069450407339115e-05
234850,11,1.1861504316329956,0.514018714427948,1.5064543058826171e-05
234900,11,1.242510199546814,0.5308423042297363,1.5059635902152535e-05
234950,11,1.2646735906600952,0.5312952399253845,1.5054728937974033e-05
235000,11,1.2050772905349731,0.5290279388427734,1.5049822166946441e-05
235050,11,1.236562967300415,0.5212839841842651,1.5044915589725515e-05
235100,11,1.2560157775878906,0.5573145151138306,1.5040009206966984e-05
235150,11,1.22182035446167,0.5629690885543823,1.5035103019326559e-05
235200,11,1.1727206707000732,0.531110942363739,1.5030197027459918e-05
235250,11,1.2340435981750488,0.5358417630195618,1.502529123202271e-05
235300,11,1.2643885612487793,0.5289086103439331,1.5020385633670567e-05
235350,11,1.2001004219055176,0.542425274848938,1.5015480233059088e-05
235400,11,1.2089595794677734,0.5349291563034058,1.5010575030843844e-05
235450,11,1.234402060508728,0.555974543094635,1.5005670027680389e-05
235500,11,1.193221926689148,0.5391139388084412,1.5000765224224244e-05
235550,11,1.1962590217590332,0.5366056561470032,1.4995860621130897e-05
235600,11,1.1835730075836182,0.5324158668518066,1.4990956219055824e-05
235650,11,1.2380030155181885,0.5125594735145569,1.498605201865446e-05
235700,11,1.2253620624542236,0.5153158903121948,1.498114802058222e-05
235750,11,1.2387242317199707,0.5590032935142517,1.4976244225494495e-05
235800,11,1.220475673675537,0.5313355326652527,1.4971340634046636e-05
235850,11,1.1807650327682495,0.5099316239356995,1.4966437246893979e-05
235900,11,1.2122201919555664,0.5172911286354065,1.4961534064691832e-05
235950,11,1.1819915771484375,0.5297744870185852,1.4956631088095474e-05
236000,11,1.250990629196167,0.5653889179229736,1.495172831776015e-05
236050,11,1.2645817995071411,0.5312177538871765,1.4946825754341087e-05
236100,11,1.235438585281372,0.511814534664154,1.4941923398493482e-05
236150,11,1.2422780990600586,0.5559026002883911,1.4937021250872499e-05
236200,11,1.249586582183838,0.5306406021118164,1.4932119312133278e-05
236250,11,1.1362175941467285,0.516446053981781,1.4927217582930927e-05
236300,11,1.2517216205596924,0.5021876096725464,1.4922316063920538e-05
236350,11,1.1611804962158203,0.5107616186141968,1.4917414755757162e-05
236400,11,1.2282395362854004,0.5337122678756714,1.4912513659095819e-05
236450,11,1.1836676597595215,0.5151643753051758,1.4907612774591519e-05
236500,11,1.2501680850982666,0.5482662320137024,1.4902712102899233e-05
236550,11,1.2118468284606934,0.5039017200469971,1.4897811644673896e-05
236600,11,1.2204442024230957,0.5126857757568359,1.4892911400570425e-05
236650,11,1.1933646202087402,0.5298349857330322,1.4888011371243706e-05
236700,11,1.230722188949585,0.5208516716957092,1.4883111557348596e-05
236750,11,1.178314208984375,0.5239508748054504,1.487821195953992e-05
236800,11,1.2024719715118408,0.5304147005081177,1.487331257847248e-05
236850,11,1.294007658958435,0.6202163696289062,1.486841341480104e-05
236900,11,1.2227853536605835,0.5293788313865662,1.486351446918035e-05
236950,11,1.2400052547454834,0.5271812081336975,1.4858615742265115e-05
237000,11,1.2247180938720703,0.5083528757095337,1.485371723471002e-05
237050,11,1.1485486030578613,0.5100454688072205,1.4848818947169716e-05
237100,11,1.1708462238311768,0.5128322839736938,1.484392088029883e-05
237150,11,1.2636139392852783,0.5491079688072205,1.4839023034751954e-05
237200,11,1.2441308498382568,0.5492488741874695,1.4834125411183653e-05
237250,11,1.1659313440322876,0.5428875684738159,1.4829228010248462e-05
237300,11,1.2330536842346191,0.523425817489624,1.4824330832600881e-05
237350,11,1.2403590679168701,0.5426604151725769,1.4819433878895389e-05
237400,11,1.1751892566680908,0.5133457779884338,1.4814537149786438e-05
237450,11,1.2847912311553955,0.5476998090744019,1.4809640645928436e-05
237500,11,1.2333881855010986,0.5342143774032593,1.4804744367975774e-05
237550,11,1.2312562465667725,0.528562605381012,1.4799848316582799e-05
237600,11,1.2076528072357178,0.5622241497039795,1.4794952492403846e-05
237650,11,1.265571117401123,0.5530890226364136,1.4790056896093201e-05
237700,11,1.1880896091461182,0.5154324173927307,1.4785161528305132e-05
237750,11,1.2477649450302124,0.5572569966316223,1.4780266389693872e-05
237800,11,1.196350336074829,0.5244587063789368,1.4775371480913622e-05
237850,11,1.254845142364502,0.5394403338432312,1.477047680261855e-05
237900,11,1.2929588556289673,0.5282164812088013,1.476558235546281e-05
237950,11,1.1606359481811523,0.5230415463447571,1.4760688140100503e-05
238000,11,1.1921091079711914,0.5323686003684998,1.475579415718571e-05
238050,11,1.2086708545684814,0.5508553385734558,1.4750900407372483e-05
238100,11,1.18601655960083,0.5077970623970032,1.4746006891314834e-05
238150,11,1.256353497505188,0.5491049289703369,1.4741113609666754e-05
238200,11,1.2502963542938232,0.5835630297660828,1.4736220563082195e-05
238250,11,1.2785810232162476,0.5482394695281982,1.4731327752215078e-05
238300,11,1.3005681037902832,0.5772925019264221,1.4726435177719297e-05
238350,11,1.2146905660629272,0.5196645259857178,1.472154284024871e-05
238400,11,1.2108651399612427,0.5229490399360657,1.4716650740457152e-05
238450,11,1.216031789779663,0.5076979398727417,1.4711758878998418e-05
238500,11,1.2091264724731445,0.563869833946228,1.470686725652627e-05
238550,11,1.213937759399414,0.5369129180908203,1.470197587369444e-05
238600,11,1.2329621315002441,0.5088081955909729,1.4697084731156627e-05
238650,11,1.2204651832580566,0.5421864986419678,1.4692193829566512e-05
238700,11,1.2045814990997314,0.5327125191688538,1.4687303169577715e-05
238750,11,1.2324765920639038,0.5467116832733154,1.4682412751843849e-05
238800,11,1.2606077194213867,0.5569587349891663,1.4677522577018488e-05
238850,11,1.209906816482544,0.5161783695220947,1.4672632645755166e-05
238900,11,1.2081365585327148,0.5148431062698364,1.4667742958707392e-05
238950,11,1.2440576553344727,0.5446930527687073,1.4662853516528644e-05
239000,11,1.2123430967330933,0.5209914445877075,1.4657964319872363e-05
239050,11,1.1972750425338745,0.5030127167701721,1.4653075369391953e-05
239100,11,1.2157714366912842,0.5470533967018127,1.464818666574079e-05
239150,11,1.2377828359603882,0.5515154004096985,1.4643298209572223e-05
239200,11,1.2615169286727905,0.5655787587165833,1.4638410001539553e-05
239250,11,1.2702178955078125,0.5513999462127686,1.4633522042296065e-05
239300,11,1.220381259918213,0.546265184879303,1.4628634332494993e-05
239350,12,1.2752654552459717,0.5484620928764343,1.4623746872789557e-05
239400,12,1.1845178604125977,0.5210562944412231,1.4618859663832932e-05
239450,12,1.1723737716674805,0.5248587131500244,1.4613972706278256e-05
239500,12,1.2151155471801758,0.5002383589744568,1.4609086000778639e-05
239550,12,1.208648681640625,0.5365952849388123,1.4604199547987161e-05
239600,12,1.173135757446289,0.5376471877098083,1.4599313348556866e-05
239650,12,1.2408195734024048,0.5473859906196594,1.4594427403140755e-05
239700,12,1.2199511528015137,0.5138841271400452,1.4589541712391806e-05
239750,12,1.193413257598877,0.5262964963912964,1.458465627696296e-05
239800,12,1.271554946899414,0.5320090651512146,1.4579771097507117e-05
239850,12,1.2023606300354004,0.5479721426963806,1.4574886174677157e-05
239900,12,1.2619421482086182,0.527980387210846,1.4570001509125915e-05
239950,12,1.2531013488769531,0.5443153977394104,1.4565117101506194e-05
240000,12,1.199310064315796,0.5046192407608032,1.4560232952470762e-05
240050,12,1.2250570058822632,0.5469949245452881,1.4555349062672352e-05
240100,12,1.183009386062622,0.5306065678596497,1.4550465432763666e-05
240150,12,1.251391053199768,0.5274749398231506,1.4545582063397368e-05
240200,12,1.2517664432525635,0.5524089932441711,1.4540698955226088e-05
240250,12,1.2835434675216675,0.577507495880127,1.4535816108902422e-05
240300,12,1.2119637727737427,0.5104745030403137,1.4530933525078921e-05
240350,12,1.2693474292755127,0.5964275002479553,1.4526051204408126e-05
240400,12,1.1777756214141846,0.5184022784233093,1.4521169147542519e-05
240450,12,1.2747526168823242,0.5560746192932129,1.4516287355134555e-05
240500,12,1.1581647396087646,0.5135728716850281,1.451140582783665e-05
240550,12,1.1670515537261963,0.5178382396697998,1.4506524566301192e-05
240600,12,1.2483646869659424,0.5577083826065063,1.4501643571180526e-05
240650,12,1.1983797550201416,0.5314169526100159,1.4496762843126966e-05
240700,12,1.200580358505249,0.5316080451011658,1.4491882382792793e-05
240750,12,1.2656679153442383,0.5783061981201172,1.448700219083024e-05
240800,12,1.2122972011566162,0.5363755822181702,1.4482122267891515e-05
240850,12,1.255338430404663,0.541007399559021,1.4477242614628795e-05
240900,12,1.2430020570755005,0.5350222587585449,1.4472363231694209e-05
240950,12,1.197697639465332,0.5030904412269592,1.4467484119739845e-05
241000,12,1.2275054454803467,0.5410328507423401,1.4462605279417777e-05
241050,12,1.2397172451019287,0.5178142189979553,1.4457726711380026e-05
241100,12,1.2247800827026367,0.5461025238037109,1.4452848416278578e-05
241150,12,1.1816402673721313,0.5174428820610046,1.4447970394765388e-05
241200,12,1.1679388284683228,0.5012176036834717,1.4443092647492367e-05
241250,12,1.2436777353286743,0.5783652663230896,1.4438215175111391e-05
241300,12,1.237607479095459,0.5438455939292908,1.443333797827431e-05
241350,12,1.114243984222412,0.4943472445011139,1.4428461057632926e-05
241400,12,1.2287057638168335,0.5371466875076294,1.442358441383901e-05
241450,12,1.1513426303863525,0.512047529220581,1.4418708047544286e-05
241500,12,1.1378974914550781,0.5071574449539185,1.4413831959400457e-05
241550,12,1.2131505012512207,0.526424765586853,1.4408956150059168e-05
241600,12,1.2343097925186157,0.5414356589317322,1.4404080620172047e-05
241650,12,1.2483103275299072,0.5459727048873901,1.439920537039068e-05
241700,12,1.1816916465759277,0.49220144748687744,1.4394330401366604e-05
241750,12,1.2064504623413086,0.5206857323646545,1.4389455713751322e-05
241800,12,1.2046442031860352,0.5424087643623352,1.438458130819632e-05
241850,12,1.1877477169036865,0.5027778744697571,1.437970718535302e-05
241900,12,1.186885118484497,0.534626841545105,1.4374833345872814e-05
241950,12,1.2341041564941406,0.5481904745101929,1.4369959790407064e-05
242000,12,1.1994221210479736,0.5228551030158997,1.4365086519607085e-05
242050,12,1.2204068899154663,0.5269821882247925,1.4360213534124161e-05
242100,12,1.2336772680282593,0.5514559149742126,1.4355340834609528e-05
242150,12,1.237955093383789,0.5822784900665283,1.4350468421714396e-05
242200,12,1.1952883005142212,0.5432456731796265,1.434559629608992e-05
242250,12,1.2669105529785156,0.5286716818809509,1.434072445838724e-05
242300,12,1.1957404613494873,0.5408779382705688,1.4335852909257444e-05
242350,12,1.1905449628829956,0.5446376800537109,1.4330981649351577e-05
242400,12,1.2329052686691284,0.5445932149887085,1.4326110679320653e-05
242450,12,1.1476311683654785,0.48716792464256287,1.4321239999815644e-05
242500,12,1.218344807624817,0.518423318862915,1.4316369611487485e-05
242550,12,1.1940932273864746,0.5200846195220947,1.431149951498707e-05
242600,12,1.1911429166793823,0.525506854057312,1.4306629710965255e-05
242650,12,1.181689977645874,0.5187259316444397,1.4301760200072858e-05
242700,12,1.1532232761383057,0.4986035227775574,1.4296890982960659e-05
242750,12,1.2364948987960815,0.536678671836853,1.4292022060279388e-05
242800,12,1.1904451847076416,0.5110102891921997,1.4287153432679753e-05
242850,12,1.145963191986084,0.5029236674308777,1.4282285100812414e-05
242900,12,1.2753758430480957,0.5482866168022156,1.427741706532799e-05
242950,12,1.2276780605316162,0.5519288778305054,1.4272549326877057e-05
243000,12,1.236605167388916,0.541650116443634,1.4267681886110157e-05
243050,12,1.2197928428649902,0.5357819199562073,1.4262814743677799e-05
243100,12,1.196770429611206,0.5412870049476624,1.425794790023044e-05
243150,12,1.1957371234893799,0.534088134765625,1.4253081356418498e-05
243200,12,1.1722829341888428,0.5182706713676453,1.4248215112892356e-05
243250,12,1.1980843544006348,0.5122960805892944,1.424334917030235e-05
243300,12,1.2332680225372314,0.5786235332489014,1.4238483529298794e-05
243350,12,1.2464165687561035,0.5829521417617798,1.4233618190531943e-05
243400,12,1.1570541858673096,0.48924610018730164,1.4228753154652014e-05
243450,12,1.2863703966140747,0.5737016797065735,1.4223888422309189e-05
243500,12,1.2840940952301025,0.5526819229125977,1.421902399415361e-05
243550,12,1.1773658990859985,0.5196148157119751,1.421415987083537e-05
243600,12,1.2238359451293945,0.5499799847602844,1.4209296053004525e-05
243650,12,1.2479379177093506,0.5246583819389343,1.4204432541311103e-05
243700,12,1.2721474170684814,0.547165036201477,1.419956933640507e-05
243750,12,1.2529534101486206,0.5703190565109253,1.4194706438936367e-05
243800,12,1.1774005889892578,0.5170209407806396,1.4189843849554885e-05
243850,12,1.2044787406921387,0.5312929153442383,1.4184981568910479e-05
243900,12,1.2000209093093872,0.5307247638702393,1.4180119597652961e-05
243950,12,1.2109570503234863,0.5407000780105591,1.4175257936432101e-05
244000,12,1.1810390949249268,0.539883553981781,1.4170396585897624e-05
244050,12,1.2521477937698364,0.517497718334198,1.4165535546699219e-05
244100,12,1.2256193161010742,0.5538411140441895,1.4160674819486537e-05
244150,12,1.217411994934082,0.5662031173706055,1.4155814404909175e-05
244200,12,1.211390733718872,0.5208645462989807,1.415095430361669e-05
244250,12,1.1831607818603516,0.519871711730957,1.4146094516258618e-05
244300,12,1.2284860610961914,0.5480509400367737,1.414123504348443e-05
244350,12,1.173459768295288,0.5233153700828552,1.413637588594356e-05
244400,12,1.2335999011993408,0.5304803252220154,1.4131517044285407e-05
244450,12,1.1946125030517578,0.5332329869270325,1.4126658519159316e-05
244500,12,1.283621072769165,0.537348747253418,1.4121800311214607e-05
244550,12,1.2565710544586182,0.5659657716751099,1.4116942421100536e-05
244600,12,1.23262357711792,0.5016458034515381,1.4112084849466339e-05
244650,12,1.248818039894104,0.5664762258529663,1.4107227596961186e-05
244700,12,1.158621072769165,0.5529191493988037,1.4102370664234222e-05
244750,12,1.2490867376327515,0.5353848338127136,1.409751405193455e-05
244800,12,1.2712491750717163,0.5440011620521545,1.4092657760711219e-05
244850,12,1.2424540519714355,0.5445365309715271,1.4087801791213237e-05
244900,12,1.171690583229065,0.4909120798110962,1.408294614408958e-05
244950,12,1.219191074371338,0.5192678570747375,1.4078090819989168e-05
245000,12,1.2544152736663818,0.5497459769248962,1.407323581956088e-05
245050,12,1.1630414724349976,0.5178581476211548,1.4068381143453558e-05
245100,12,1.2321970462799072,0.5265992879867554,1.4063526792315999e-05
245150,12,1.285813570022583,0.5553727149963379,1.4058672766796957e-05
245200,12,1.285771369934082,0.5634101033210754,1.4053819067545126e-05
245250,12,1.1599246263504028,0.5198832750320435,1.4048965695209188e-05
245300,12,1.2314777374267578,0.5868781805038452,1.4044112650437757e-05
245350,12,1.182276725769043,0.5414302349090576,1.4039259933879414e-05
245400,12,1.2219338417053223,0.5318644642829895,1.4034407546182689e-05
245450,12,1.3032400608062744,0.5497007966041565,1.4029555487996068e-05
245500,12,1.1759378910064697,0.5275080800056458,1.4024703759968006e-05
245550,12,1.1084377765655518,0.5257683992385864,1.4019852362746892e-05
245600,12,1.2442799806594849,0.5450882911682129,1.4015001296981095e-05
245650,12,1.224884271621704,0.5114879608154297,1.401015056331892e-05
245700,12,1.237604022026062,0.544955849647522,1.4005300162408631e-05
245750,12,1.1403822898864746,0.5097417831420898,1.4000450094898469e-05
245800,12,1.2649712562561035,0.5466200113296509,1.3995600361436599e-05
245850,12,1.28590726852417,0.5459167957305908,1.3990750962671159e-05
245900,12,1.17703115940094,0.5333552956581116,1.3985901899250242e-05
245950,12,1.2156150341033936,0.5231829881668091,1.3981053171821894e-05
246000,12,1.1978709697723389,0.5258696675300598,1.397620478103411e-05
246050,12,1.2221734523773193,0.5256015658378601,1.3971356727534851e-05
246100,12,1.1322872638702393,0.5005146861076355,1.396650901197202e-05
246150,12,1.177454948425293,0.5387474894523621,1.3961661634993484e-05
246200,12,1.2622499465942383,0.5230464935302734,1.3956814597247068e-05
246250,12,1.2752611637115479,0.5535979270935059,1.3951967899380547e-05
246300,12,1.2420024871826172,0.5200662016868591,1.3947121542041645e-05
246350,12,1.288318395614624,0.5452650189399719,1.3942275525878049e-05
246400,12,1.2179949283599854,0.5160996317863464,1.3937429851537391e-05
246450,12,1.1745281219482422,0.5378749966621399,1.393258451966727e-05
246500,12,1.2233096361160278,0.5524942874908447,1.392773953091523e-05
246550,12,1.1903154850006104,0.5370617508888245,1.3922894885928772e-05
246600,12,1.1805799007415771,0.5146994590759277,1.391805058535535e-05
246650,12,1.252748727798462,0.552765965461731,1.391320662984237e-05
246700,12,1.161102533340454,0.49584537744522095,1.39083630200372e-05
246750,12,1.2130464315414429,0.5468182563781738,1.3903519756587157e-05
246800,12,1.2159326076507568,0.5187350511550903,1.3898676840139507e-05
246850,12,1.2173336744308472,0.5295559167861938,1.3893834271341479e-05
246900,12,1.2646217346191406,0.576414942741394,1.3888992050840242e-05
246950,12,1.2182390689849854,0.5484843850135803,1.3884150179282929e-05
247000,12,1.1805164813995361,0.5208898186683655,1.3879308657316633e-05
247050,12,1.1652470827102661,0.5055633783340454,1.3874467485588378e-05
247100,12,1.31203031539917,0.6080225110054016,1.3869626664745161e-05
247150,12,1.171032190322876,0.5459064841270447,1.3864786195433925e-05
247200,12,1.228461503982544,0.5572410225868225,1.3859946078301569e-05
247250,12,1.1997272968292236,0.5251827836036682,1.3855106313994944e-05
247300,12,1.202427864074707,0.5468540787696838,1.3850266903160842e-05
247350,12,1.2202574014663696,0.5762781500816345,1.3845427846446033e-05
247400,12,1.250243902206421,0.5296888947486877,1.3840589144497215e-05
247450,12,1.2296967506408691,0.5328317284584045,1.3835750797961051e-05
247500,12,1.2118802070617676,0.5414460301399231,1.3830912807484155e-05
247550,12,1.2460166215896606,0.5122354626655579,1.3826075173713091e-05
247600,12,1.1726627349853516,0.4819329082965851,1.3821237897294378e-05
247650,12,1.2154550552368164,0.5124602913856506,1.3816400978874478e-05
247700,12,1.1933201551437378,0.5341135263442993,1.3811564419099825e-05
247750,12,1.2200393676757812,0.528355598449707,1.3806728218616789e-05
247800,12,1.194065809249878,0.5382298231124878,1.3801892378071696e-05
247850,12,1.2331883907318115,0.5348373055458069,1.3797056898110826e-05
247900,12,1.185863733291626,0.5576350092887878,1.3792221779380401e-05
247950,12,1.270946979522705,0.5550042986869812,1.3787387022526611e-05
248000,12,1.2211391925811768,0.5358843803405762,1.3782552628195586e-05
248050,12,1.1508285999298096,0.534426212310791,1.3777718597033414e-05
248100,12,1.2003628015518188,0.5360625982284546,1.3772884929686125e-05
248150,12,1.2265722751617432,0.5108585953712463,1.3768051626799704e-05
248200,12,1.1452049016952515,0.5038111805915833,1.3763218689020106e-05
248250,12,1.2156370878219604,0.5230861902236938,1.3758386116993206e-05
248300,12,1.235519289970398,0.5420351028442383,1.3753553911364854e-05
248350,12,1.1339898109436035,0.5046098828315735,1.3748722072780836e-05
248400,12,1.1855460405349731,0.5282328128814697,1.3743890601886901e-05
248450,12,1.2553621530532837,0.5446764230728149,1.3739059499328736e-05
248500,12,1.251399278640747,0.5822230577468872,1.3734228765751989e-05
248550,12,1.1523561477661133,0.5107120275497437,1.372939840180226e-05
248600,12,1.201603651046753,0.5395219922065735,1.3724568408125089e-05
248650,12,1.2463589906692505,0.5372207760810852,1.3719738785365978e-05
248700,12,1.1661665439605713,0.5399789810180664,1.3714909534170369e-05
248750,12,1.2289540767669678,0.5515782237052917,1.371008065518366e-05
248800,12,1.2188411951065063,0.5309173464775085,1.3705252149051205e-05
248850,12,1.2212575674057007,0.5551344156265259,1.3700424016418296e-05
248900,12,1.1961067914962769,0.496528297662735,1.3695596257930185e-05
248950,12,1.228234052658081,0.5127785801887512,1.3690768874232063e-05
249000,12,1.224944829940796,0.5387364029884338,1.3685941865969086e-05
249050,12,1.2038626670837402,0.5093110203742981,1.3681115233786346e-05
249100,12,1.1988716125488281,0.527922511100769,1.3676288978328885e-05
249150,12,1.2884114980697632,0.566511869430542,1.3671463100241714e-05
249200,12,1.2043968439102173,0.5305117964744568,1.3666637600169776e-05
249250,12,1.1762259006500244,0.5383269190788269,1.366181247875796e-05
249300,12,1.1834158897399902,0.5210781693458557,1.3656987736651118e-05
249350,12,1.2092556953430176,0.5446463227272034,1.3652163374494042e-05
249400,12,1.2724922895431519,0.5501033067703247,1.3647339392931475e-05
249450,12,1.159433126449585,0.5422769784927368,1.3642515792608115e-05
249500,12,1.1969456672668457,0.5492026209831238,1.3637692574168601e-05
249550,12,1.1748549938201904,0.492065966129303,1.3632869738257521e-05
249600,12,1.2434643507003784,0.5328891277313232,1.3628047285519419e-05
249650,12,1.1557328701019287,0.5341054201126099,1.3623225216598783e-05
249700,12,1.2443900108337402,0.5755224227905273,1.3618403532140053e-05
249750,12,1.211928129196167,0.5400574803352356,1.3613582232787612e-05
249800,12,1.249236822128296,0.5477773547172546,1.3608761319185797e-05
249850,12,1.2448992729187012,0.554458737373352,1.3603940791978892e-05
249900,12,1.1851658821105957,0.5532662868499756,1.3599120651811123e-05
249950,12,1.2504576444625854,0.5614039897918701,1.359430089932667e-05
250000,12,1.1795945167541504,0.529181957244873,1.358948153516967e-05
250050,12,1.186253309249878,0.5327125191688538,1.3584662559984193e-05
250100,12,1.1792762279510498,0.5046535730361938,1.3579843974414259e-05
250150,12,1.244413137435913,0.5388612151145935,1.3575025779103845e-05
250200,12,1.236392855644226,0.5396982431411743,1.3570207974696876e-05
250250,12,1.2034529447555542,0.4924009442329407,1.3565390561837213e-05
250300,12,1.1792712211608887,0.4965050518512726,1.356057354116867e-05
250350,12,1.2523045539855957,0.5438151955604553,1.3555756913335015e-05
250400,12,1.2195980548858643,0.5200062990188599,1.3550940678979958e-05
250450,12,1.2045446634292603,0.5178788304328918,1.354612483874715e-05
250500,12,1.215972661972046,0.5469013452529907,1.3541309393280203e-05
250550,12,1.2511416673660278,0.5282418131828308,1.3536494343222661e-05
250600,12,1.1647977828979492,0.513774573802948,1.3531679689218038e-05
250650,12,1.1713050603866577,0.5439286828041077,1.3526865431909772e-05
250700,12,1.2192318439483643,0.5351727604866028,1.3522051571941254e-05
250750,12,1.219292163848877,0.5106170177459717,1.3517238109955826e-05
250800,12,1.2865757942199707,0.5733993649482727,1.351242504659678e-05
250850,12,1.2330760955810547,0.5492960810661316,1.3507612382507348e-05
250900,12,1.2163336277008057,0.5421808362007141,1.3502800118330713e-05
250950,12,1.224609136581421,0.5616915822029114,1.3497988254709992e-05
251000,12,1.1927547454833984,0.541854202747345,1.3493176792288269e-05
251050,12,1.1609537601470947,0.5315423011779785,1.3488365731708555e-05
251100,12,1.155048131942749,0.549976110458374,1.3483555073613827e-05
251150,12,1.2285730838775635,0.5158222317695618,1.3478744818646993e-05
251200,12,1.2128998041152954,0.5532633662223816,1.3473934967450913e-05
251250,12,1.1701197624206543,0.5194607377052307,1.3469125520668391e-05
251300,12,1.1875653266906738,0.5484737157821655,1.3464316478942176e-05
251350,12,1.265246033668518,0.5651232600212097,1.3459507842914964e-05
251400,12,1.1820927858352661,0.5406962037086487,1.3454699613229396e-05
251450,12,1.1933424472808838,0.5212751030921936,1.3449891790528069e-05
251500,12,1.21234929561615,0.5368464589118958,1.3445084375453506e-05
251550,12,1.2039282321929932,0.5172498822212219,1.3440277368648188e-05
251600,12,1.1736441850662231,0.520293653011322,1.3435470770754549e-05
251650,12,1.2027099132537842,0.5164285898208618,1.343066458241495e-05
251700,12,1.2480021715164185,0.5574326515197754,1.3425858804271712e-05
251750,12,1.1703956127166748,0.5177611112594604,1.3421053436967088e-05
251800,12,1.2223281860351562,0.534008264541626,1.341624848114329e-05
251850,12,1.222304105758667,0.5251709818840027,1.3411443937442468e-05
251900,12,1.20924711227417,0.5241729021072388,1.3406639806506715e-05
251950,12,1.2376512289047241,0.5436698198318481,1.3401836088978071e-05
252000,12,1.2257986068725586,0.5388758778572083,1.339703278549852e-05
252050,12,1.2085130214691162,0.5474522709846497,1.339222989670999e-05
252100,12,1.1851038932800293,0.550764262676239,1.3387427423254368e-05
252150,12,1.1915807723999023,0.5430537462234497,1.3382625365773458e-05
252200,12,1.2323377132415771,0.5082564353942871,1.3377823724909028e-05
252250,12,1.2046947479248047,0.5335853099822998,1.3373022501302791e-05
252300,12,1.1859052181243896,0.5295291543006897,1.3368221695596395e-05
252350,12,1.1920217275619507,0.5224077105522156,1.3363421308431432e-05
252400,12,1.2098238468170166,0.5544231534004211,1.3358621340449447e-05
252450,12,1.154283046722412,0.49549809098243713,1.3353821792291922e-05
252500,12,1.1507176160812378,0.5315244793891907,1.3349022664600286e-05
252550,12,1.2100080251693726,0.5387751460075378,1.3344223958015901e-05
252600,12,1.2083146572113037,0.5517824292182922,1.3339425673180099e-05
252650,12,1.2222280502319336,0.5148789882659912,1.333462781073413e-05
252700,12,1.2100247144699097,0.5049743056297302,1.3329830371319196e-05
252750,12,1.1341760158538818,0.5032339692115784,1.3325033355576446e-05
252800,12,1.2177850008010864,0.5439960956573486,1.3320236764146967e-05
252850,12,1.26507568359375,0.5348036885261536,1.3315440597671793e-05
252900,12,1.2012205123901367,0.5226631760597229,1.3310644856791898e-05
252950,12,1.2634029388427734,0.5628072619438171,1.3305849542148206e-05
253000,12,1.2071304321289062,0.5352102518081665,1.3301054654381568e-05
253050,12,1.1662077903747559,0.49735695123672485,1.3296260194132802e-05
253100,12,1.209967017173767,0.5602812170982361,1.329146616204265e-05
253150,12,1.2165671586990356,0.543495237827301,1.3286672558751807e-05
253200,12,1.1629555225372314,0.5354257822036743,1.3281879384900899e-05
253250,12,1.1919147968292236,0.5155009031295776,1.3277086641130504e-05
253300,12,1.263841152191162,0.5296146869659424,1.3272294328081141e-05
253350,12,1.195643424987793,0.5320575833320618,1.3267502446393275e-05
253400,12,1.1869961023330688,0.5131672024726868,1.3262710996707304e-05
253450,12,1.220004677772522,0.5330047607421875,1.3257919979663576e-05
253500,12,1.1974570751190186,0.5515177845954895,1.3253129395902376e-05
253550,12,1.1548190116882324,0.535366415977478,1.3248339246063937e-05
253600,12,1.2061355113983154,0.5269582867622375,1.3243549530788431e-05
253650,12,1.226226568222046,0.5506932735443115,1.3238760250715972e-05
253700,12,1.217514991760254,0.5307003259658813,1.3233971406486615e-05
253750,12,1.163475513458252,0.5252624750137329,1.3229182998740354e-05
253800,12,1.2273890972137451,0.5444768071174622,1.322439502811713e-05
253850,12,1.180161476135254,0.5078481435775757,1.3219607495256826e-05
253900,12,1.2318260669708252,0.5545699596405029,1.3214820400799262e-05
253950,12,1.1593059301376343,0.5453504323959351,1.3210033745384202e-05
254000,12,1.3048813343048096,0.5657374262809753,1.3205247529651344e-05
254050,12,1.2971222400665283,0.5701645612716675,1.3200461754240346e-05
254100,12,1.1537039279937744,0.5113894939422607,1.3195676419790788e-05
254150,12,1.1221046447753906,0.48763298988342285,1.3190891526942203e-05
254200,12,1.1883219480514526,0.5498190522193909,1.3186107076334057e-05
254250,12,1.2164504528045654,0.548640787601471,1.3181323068605755e-05
254300,12,1.1113317012786865,0.5104414224624634,1.3176539504396658e-05
254350,12,1.2757420539855957,0.5513433218002319,1.3171756384346056e-05
254400,12,1.253800392150879,0.5095958113670349,1.3166973709093173e-05
254450,12,1.2322996854782104,0.5554373860359192,1.316219147927719e-05
254500,12,1.2853626012802124,0.5549279451370239,1.3157409695537208e-05
254550,12,1.2255198955535889,0.505171000957489,1.3152628358512299e-05
254600,12,1.2319976091384888,0.5491273403167725,1.3147847468841447e-05
254650,12,1.1698459386825562,0.5075543522834778,1.314306702716359e-05
254700,12,1.199361801147461,0.5336543917655945,1.31382870341176e-05
254750,12,1.1916393041610718,0.5238691568374634,1.3133507490342289e-05
254800,12,1.202087640762329,0.5573902726173401,1.3128728396476416e-05
254850,12,1.1894934177398682,0.5349979400634766,1.312394975315867e-05
254900,12,1.2334457635879517,0.528915286064148,1.3119171561027689e-05
254950,12,1.2067928314208984,0.5248242020606995,1.3114393820722044e-05
255000,12,1.2182284593582153,0.5364877581596375,1.3109616532880251e-05
255050,12,1.2015419006347656,0.5241561532020569,1.3104839698140763e-05
255100,12,1.245755910873413,0.530079185962677,1.3100063317141969e-05
255150,12,1.15714693069458,0.53182452917099,1.3095287390522207e-05
255200,12,1.2163218259811401,0.5482345223426819,1.3090511918919745e-05
255250,12,1.214546799659729,0.5490046143531799,1.308573690297279e-05
255300,12,1.2609798908233643,0.5853530168533325,1.3080962343319494e-05
255350,12,1.2040023803710938,0.5382046699523926,1.3076188240597944e-05
255400,12,1.2273019552230835,0.562155544757843,1.307141459544617e-05
255450,12,1.183565378189087,0.5045273900032043,1.3066641408502129e-05
255500,12,1.2195138931274414,0.5575538277626038,1.3061868680403737e-05
255550,12,1.208601474761963,0.5565377473831177,1.3057096411788836e-05
255600,12,1.175208568572998,0.5239006876945496,1.3052324603295204e-05
255650,12,1.2204563617706299,0.5509200692176819,1.3047553255560564e-05
255700,12,1.1748676300048828,0.5463955402374268,1.3042782369222574e-05
255750,12,1.2255258560180664,0.5541358590126038,1.303801194491883e-05
255800,12,1.1484261751174927,0.5347201824188232,1.3033241983286868e-05
255850,12,1.1915920972824097,0.5306943655014038,1.3028472484964168e-05
255900,12,1.2443900108337402,0.5326286554336548,1.3023703450588135e-05
255950,12,1.3328914642333984,0.5902382731437683,1.3018934880796112e-05
256000,12,1.2025139331817627,0.5247111320495605,1.3014166776225406e-05
256050,12,1.1792099475860596,0.5296460390090942,1.3009399137513231e-05
256100,12,1.1264315843582153,0.49757176637649536,1.300463196529675e-05
256150,12,1.1499700546264648,0.5186858177185059,1.2999865260213063e-05
256200,12,1.2042304277420044,0.5887541770935059,1.2995099022899215e-05
256250,12,1.2490184307098389,0.5589356422424316,1.2990333253992177e-05
256300,12,1.1673063039779663,0.514802098274231,1.298556795412886e-05
256350,12,1.255591630935669,0.5193601250648499,1.298080312394612e-05
256400,12,1.1854480504989624,0.545793890953064,1.2976038764080745e-05
256450,12,1.1797541379928589,0.5275868773460388,1.2971274875169453e-05
256500,12,1.268842339515686,0.5532784461975098,1.2966511457848918e-05
256550,12,1.1605733633041382,0.5350307822227478,1.2961748512755733e-05
256600,12,1.1274160146713257,0.533727765083313,1.2956986040526432e-05
256650,12,1.2121590375900269,0.5557248592376709,1.295222404179749e-05
256700,12,1.2224661111831665,0.5373082160949707,1.2947462517205318e-05
256750,12,1.23276686668396,0.5383909344673157,1.2942701467386258e-05
256800,12,1.1621177196502686,0.5356451272964478,1.2937940892976598e-05
256850,12,1.2408413887023926,0.5234346389770508,1.2933180794612552e-05
256900,12,1.1908214092254639,0.526235044002533,1.2928421172930281e-05
256950,12,1.1723713874816895,0.5157274007797241,1.292366202856587e-05
257000,12,1.2075273990631104,0.5392130017280579,1.2918903362155353e-05
257050,12,1.1636881828308105,0.5554051399230957,1.2914145174334694e-05
257100,12,1.2443764209747314,0.5493820905685425,1.290938746573979e-05
257150,12,1.2082054615020752,0.5344225764274597,1.2904630237006484e-05
257200,12,1.1622872352600098,0.4970993399620056,1.2899873488770543e-05
257250,12,1.21194589138031,0.5503483414649963,1.2895117221667671e-05
257300,12,1.2050180435180664,0.5326417684555054,1.2890361436333518e-05
257350,12,1.1670607328414917,0.5605758428573608,1.2885606133403663e-05
257400,12,1.2134253978729248,0.5301007628440857,1.288085131351361e-05
257450,12,1.185171127319336,0.5259530544281006,1.287609697729883e-05
257500,12,1.1854817867279053,0.5139623880386353,1.2871343125394689e-05
257550,12,1.172818899154663,0.52760910987854,1.286658975843652e-05
257600,12,1.2189619541168213,0.5320492386817932,1.286183687705957e-05
257650,12,1.1878619194030762,0.5150842070579529,1.285708448189904e-05
257700,12,1.235626220703125,0.5377535223960876,1.2852332573590044e-05
257750,12,1.25565767288208,0.5433397889137268,1.2847581152767657e-05
257800,12,1.1702922582626343,0.5147122740745544,1.2842830220066863e-05
257850,12,1.2141977548599243,0.5164043307304382,1.28380797761226e-05
257900,12,1.1992132663726807,0.5333724021911621,1.2833329821569725e-05
257950,12,1.255263090133667,0.5270048975944519,1.2828580357043045e-05
258000,12,1.2268542051315308,0.5602803826332092,1.28238313831773e-05
258050,12,1.2154467105865479,0.5331436395645142,1.2819082900607149e-05
258100,12,1.1621348857879639,0.5218157172203064,1.28143349099672e-05
258150,12,1.2610161304473877,0.572843074798584,1.2809587411891986e-05
258200,12,1.1734546422958374,0.5404502749443054,1.2804840407015985e-05
258250,12,1.203119158744812,0.5407838225364685,1.2800093895973598e-05
258300,12,1.2254447937011719,0.5318275690078735,1.2795347879399167e-05
258350,12,1.2125718593597412,0.5342839956283569,1.2790602357926961e-05
258400,12,1.1767981052398682,0.5195719003677368,1.278585733219119e-05
258450,12,1.2066713571548462,0.5277965664863586,1.2781112802826004e-05
258500,12,1.2348532676696777,0.5288463234901428,1.2776368770465466e-05
258550,12,1.2344856262207031,0.5728211998939514,1.2771625235743587e-05
258600,12,1.1777757406234741,0.5331326723098755,1.276688219929432e-05
258650,12,1.2213709354400635,0.5659539699554443,1.2762139661751525e-05
258700,12,1.2312238216400146,0.5244655013084412,1.275739762374902e-05
258750,12,1.242786169052124,0.5404331684112549,1.2752656085920546e-05
258800,12,1.1834120750427246,0.5367093086242676,1.2747915048899774e-05
258850,12,1.2231378555297852,0.5590468645095825,1.2743174513320317e-05
258900,12,1.2160781621932983,0.5414578318595886,1.2738434479815706e-05
258950,12,1.1297967433929443,0.49991458654403687,1.2733694949019427e-05
259000,12,1.1908235549926758,0.5113050937652588,1.2728955921564886e-05
259050,12,1.1244161128997803,0.4843471944332123,1.2724217398085418e-05
259100,12,1.2853885889053345,0.5787333250045776,1.2719479379214299e-05
259150,12,1.1895382404327393,0.534416913986206,1.2714741865584726e-05
259200,12,1.230255365371704,0.5256841778755188,1.2710004857829844e-05
259250,12,1.1854029893875122,0.5085896849632263,1.2705268356582722e-05
259300,12,1.1879841089248657,0.522663414478302,1.2700532362476363e-05
259350,12,1.2224881649017334,0.5400901436805725,1.26957968761437e-05
259400,12,1.199122667312622,0.5516049861907959,1.269106189821759e-05
259450,12,1.2222957611083984,0.5294186472892761,1.2686327429330845e-05
259500,12,1.2625257968902588,0.5412808060646057,1.2681593470116193e-05
259550,12,1.1930534839630127,0.521264910697937,1.2676860021206291e-05
259600,12,1.2059228420257568,0.5142476558685303,1.2672127083233737e-05
259650,12,1.2746096849441528,0.5439256429672241,1.2667394656831052e-05
259700,12,1.1559706926345825,0.518183171749115,1.2662662742630703e-05
259750,12,1.2014694213867188,0.5236506462097168,1.2657931341265068e-05
259800,12,1.2267978191375732,0.5564725399017334,1.2653200453366475e-05
259850,12,1.198087453842163,0.5600196123123169,1.2648470079567169e-05
259900,12,1.2135587930679321,0.5163620710372925,1.2643740220499342e-05
259950,12,1.2019253969192505,0.535977840423584,1.2639010876795098e-05
260000,12,1.2097523212432861,0.5519515872001648,1.2634282049086494e-05
260050,12,1.225099802017212,0.5521843433380127,1.2629553738005504e-05
260100,12,1.2199268341064453,0.5895581841468811,1.2624825944184025e-05
260150,12,1.2259814739227295,0.5237524509429932,1.2620098668253907e-05
260200,12,1.175613284111023,0.540716826915741,1.2615371910846916e-05
260250,12,1.206941843032837,0.5693222880363464,1.2610645672594747e-05
260300,12,1.2201107740402222,0.5527735948562622,1.2605919954129036e-05
260350,12,1.2870020866394043,0.5515315532684326,1.2601194756081337e-05
260400,12,1.237638235092163,0.5611975789070129,1.2596470079083152e-05
260450,12,1.1942355632781982,0.5476868152618408,1.2591745923765894e-05
260500,12,1.2751455307006836,0.5674558281898499,1.258702229076092e-05
260550,12,1.1951324939727783,0.512963056564331,1.2582299180699511e-05
260600,12,1.2382848262786865,0.5298994779586792,1.2577576594212876e-05
260650,12,1.1580135822296143,0.5511297583580017,1.2572854531932166e-05
260700,12,1.2175753116607666,0.5289340019226074,1.2568132994488444e-05
260750,12,1.223134994506836,0.5256653428077698,1.256341198251272e-05
260800,12,1.2030154466629028,0.5422877669334412,1.2558691496635921e-05
260850,12,1.224175214767456,0.5400264859199524,1.2553971537488901e-05
260900,12,1.2484869956970215,0.527709424495697,1.2549252105702469e-05
260950,12,1.1871821880340576,0.5037904381752014,1.2544533201907332e-05
261000,12,1.234114646911621,0.5559142231941223,1.2539814826734148e-05
261050,12,1.2596158981323242,0.5403046607971191,1.2535096980813496e-05
261100,13,1.2450311183929443,0.5295752286911011,1.253037966477588e-05
261150,13,1.1879770755767822,0.5261529684066772,1.252566287925174e-05
261200,13,1.2015690803527832,0.5092276334762573,1.2520946624871443e-05
261250,13,1.2108858823776245,0.5215847492218018,1.2516230902265285e-05
261300,13,1.1737635135650635,0.5086581110954285,1.2511515712063495e-05
261350,13,1.1991595029830933,0.5472344756126404,1.250680105489622e-05
261400,13,1.2325873374938965,0.5240148305892944,1.250208693139355e-05
261450,13,1.2749128341674805,0.5226553678512573,1.249737334218549e-05
261500,13,1.1750919818878174,0.5059009194374084,1.2492660287901988e-05
261550,13,1.24986732006073,0.5524689555168152,1.2487947769172908e-05
261600,13,1.2034924030303955,0.5094074606895447,1.2483235786628043e-05
261650,13,1.1410436630249023,0.5333417057991028,1.2478524340897122e-05
261700,13,1.1502621173858643,0.526594340801239,1.2473813432609799e-05
261750,13,1.178463339805603,0.5082162618637085,1.2469103062395658e-05
261800,13,1.267626166343689,0.5548956394195557,1.2464393230884198e-05
261850,13,1.201873540878296,0.5066918730735779,1.2459683938704867e-05
261900,13,1.2361136674880981,0.5367772579193115,1.2454975186487033e-05
261950,13,1.2189393043518066,0.5553072690963745,1.2450266974859984e-05
262000,13,1.2222609519958496,0.5156441926956177,1.2445559304452934e-05
262050,13,1.2018003463745117,0.5338437557220459,1.2440852175895048e-05
262100,13,1.1993944644927979,0.5473887324333191,1.2436145589815397e-05
262150,13,1.1904494762420654,0.5306891798973083,1.243143954684298e-05
262200,13,1.1865745782852173,0.5272343754768372,1.242673404760673e-05
262250,13,1.2516478300094604,0.5557315349578857,1.2422029092735508e-05
262300,13,1.2095599174499512,0.5255833268165588,1.2417324682858094e-05
262350,13,1.24532151222229,0.5485406517982483,1.2412620818603211e-05
262400,13,1.2129167318344116,0.5399104356765747,1.2407917500599498e-05
262450,13,1.1744635105133057,0.5337923169136047,1.2403214729475515e-05
262500,13,1.1999316215515137,0.5526413321495056,1.2398512505859761e-05
262550,13,1.2045156955718994,0.5533751249313354,1.2393810830380658e-05
262600,13,1.2183818817138672,0.5344237685203552,1.2389109703666549e-05
262650,13,1.1828186511993408,0.5416378974914551,1.2384409126345714e-05
262700,13,1.2623834609985352,0.5806286334991455,1.2379709099046353e-05
262750,13,1.2333558797836304,0.5710070729255676,1.237500962239659e-05
262800,13,1.1900746822357178,0.5292811989784241,1.2370310697024474e-05
262850,13,1.1749926805496216,0.501967191696167,1.2365612323558002e-05
262900,13,1.1702592372894287,0.5205179452896118,1.2360914502625069e-05
262950,13,1.2457942962646484,0.5473791360855103,1.235621723485351e-05
263000,13,1.2141788005828857,0.547514021396637,1.2351520520871081e-05
263050,13,1.2077088356018066,0.5336993932723999,1.2346824361305474e-05
263100,13,1.2238357067108154,0.5537847280502319,1.234212875678429e-05
263150,13,1.245180368423462,0.5708572268486023,1.2337433707935074e-05
263200,13,1.191118597984314,0.5791525840759277,1.2332739215385277e-05
263250,13,1.1986808776855469,0.5207203030586243,1.2328045279762302e-05
263300,13,1.1518867015838623,0.48758718371391296,1.2323351901693448e-05
263350,13,1.18748939037323,0.5308205485343933,1.2318659081805962e-05
263400,13,1.2323005199432373,0.5644642114639282,1.2313966820727007e-05
263450,13,1.2637913227081299,0.5810611248016357,1.2309275119083675e-05
263500,13,1.193357229232788,0.5274406671524048,1.2304583977502976e-05
263550,13,1.1902360916137695,0.5501940846443176,1.2299893396611854e-05
263600,13,1.100696325302124,0.5247094631195068,1.2295203377037172e-05
263650,13,1.2109887599945068,0.5233403444290161,1.229051391940572e-05
263700,13,1.2812168598175049,0.5573605298995972,1.2285825024344215e-05
263750,13,1.2552903890609741,0.5231946110725403,1.2281136692479296e-05
263800,13,1.2262810468673706,0.5356238484382629,1.2276448924437518e-05
263850,13,1.2019250392913818,0.5490719676017761,1.2271761720845384e-05
263900,13,1.2239586114883423,0.555023729801178,1.2267075082329305e-05
263950,13,1.213822364807129,0.5225766897201538,1.2262389009515615e-05
264000,13,1.2272992134094238,0.5399375557899475,1.2257703503030583e-05
264050,13,1.2106640338897705,0.5112787485122681,1.2253018563500383e-05
264100,13,1.2012748718261719,0.49447354674339294,1.224833419155114e-05
264150,13,1.1729246377944946,0.5628825426101685,1.2243650387808884e-05
264200,13,1.168781042098999,0.5170900821685791,1.2238967152899571e-05
264250,13,1.2384300231933594,0.5276047587394714,1.223428448744909e-05
264300,13,1.2425106763839722,0.5261608958244324,1.2229602392083241e-05
264350,13,1.2579336166381836,0.5367069244384766,1.2224920867427764e-05
264400,13,1.1600326299667358,0.513041615486145,1.2220239914108306e-05
264450,13,1.2105069160461426,0.5610364675521851,1.2215559532750457e-05
264500,13,1.233675479888916,0.5504981875419617,1.2210879723979705e-05
264550,13,1.1893304586410522,0.5336201190948486,1.2206200488421483e-05
264600,13,1.2465583086013794,0.5678162574768066,1.2201521826701138e-05
264650,13,1.1637439727783203,0.521514356136322,1.2196843739443938e-05
264700,13,1.2439041137695312,0.5627932548522949,1.2192166227275088e-05
264750,13,1.2571128606796265,0.5148500800132751,1.21874892908197e-05
264800,13,1.1910566091537476,0.5629497766494751,1.2182812930702815e-05
264850,13,1.2101978063583374,0.5225099325180054,1.2178137147549401e-05
264900,13,1.2368879318237305,0.5679542422294617,1.2173461941984342e-05
264950,13,1.1463735103607178,0.544583261013031,1.2168787314632454e-05
265000,13,1.174370527267456,0.525826632976532,1.2164113266118467e-05
265050,13,1.1943721771240234,0.5222476720809937,1.2159439797067035e-05
265100,13,1.1875216960906982,0.5170654654502869,1.2154766908102737e-05
265150,13,1.2313148975372314,0.5289084911346436,1.215009459985007e-05
265200,13,1.2266921997070312,0.5661013126373291,1.2145422872933466e-05
265250,13,1.2299485206604004,0.5655640959739685,1.2140751727977259e-05
265300,13,1.2150659561157227,0.540454089641571,1.2136081165605726e-05
265350,13,1.2089722156524658,0.5744489431381226,1.2131411186443055e-05
265400,13,1.219824194908142,0.5164910554885864,1.212674179111335e-05
265450,13,1.184979796409607,0.5175611972808838,1.2122072980240657e-05
265500,13,1.2414348125457764,0.5627685189247131,1.2117404754448925e-05
265550,13,1.1979249715805054,0.5223577618598938,1.2112737114362034e-05
265600,13,1.1931828260421753,0.5676369071006775,1.2108070060603777e-05
265650,13,1.2095026969909668,0.5330754518508911,1.2103403593797882e-05
265700,13,1.2760895490646362,0.5452210903167725,1.209873771456799e-05
265750,13,1.2791225910186768,0.5674956440925598,1.2094072423537658e-05
265800,13,1.2173683643341064,0.5485014915466309,1.2089407721330382e-05
265850,13,1.2070448398590088,0.5261482000350952,1.2084743608569561e-05
265900,13,1.2959372997283936,0.5408549904823303,1.2080080085878528e-05
265950,13,1.21486234664917,0.5454944968223572,1.2075417153880524e-05
266000,13,1.2052655220031738,0.5659388303756714,1.2070754813198728e-05
266050,13,1.2060997486114502,0.5198675990104675,1.2066093064456228e-05
266100,13,1.2193377017974854,0.5555408000946045,1.2061431908276029e-05
266150,13,1.1937355995178223,0.5351676940917969,1.2056771345281075e-05
266200,13,1.1848113536834717,0.5349855422973633,1.2052111376094212e-05
266250,13,1.181483268737793,0.5196290016174316,1.2047452001338214e-05
266300,13,1.1992751359939575,0.5369319915771484,1.2042793221635778e-05
266350,13,1.198509693145752,0.533458411693573,1.2038135037609521e-05
266400,13,1.2098889350891113,0.549586832523346,1.2033477449881978e-05
266450,13,1.1025334596633911,0.5018684267997742,1.20288204590756e-05
266500,13,1.2409714460372925,0.5457412004470825,1.2024164065812767e-05
266550,13,1.2509589195251465,0.5802103281021118,1.2019508270715771e-05
266600,13,1.2490018606185913,0.532039225101471,1.2014853074406834e-05
266650,13,1.2245748043060303,0.5562968254089355,1.2010198477508089e-05
266700,13,1.1612942218780518,0.5216866135597229,1.2005544480641588e-05
266750,13,1.2325246334075928,0.5504694581031799,1.2000891084429314e-05
266800,13,1.1932001113891602,0.5589880347251892,1.1996238289493162e-05
266850,13,1.2135679721832275,0.5420814752578735,1.1991586096454944e-05
266900,13,1.2214845418930054,0.535102367401123,1.1986934505936396e-05
266950,13,1.2618540525436401,0.5853115320205688,1.198228351855917e-05
267000,13,1.2471096515655518,0.5685226917266846,1.1977633134944845e-05
267050,13,1.1825381517410278,0.5284870266914368,1.197298335571491e-05
267100,13,1.199523687362671,0.5263805985450745,1.1968334181490778e-05
267150,13,1.2150555849075317,0.5252095460891724,1.196368561289378e-05
267200,13,1.1992980241775513,0.5493547320365906,1.1959037650545164e-05
267250,13,1.2578339576721191,0.5623213648796082,1.1954390295066102e-05
267300,13,1.2662773132324219,0.5533331036567688,1.1949743547077685e-05
267350,13,1.2336769104003906,0.5533990263938904,1.1945097407200919e-05
267400,13,1.1605224609375,0.5190993547439575,1.1940451876056727e-05
267450,13,1.2226240634918213,0.556890070438385,1.1935806954265956e-05
267500,13,1.2062495946884155,0.5445746779441833,1.1931162642449367e-05
267550,13,1.222226619720459,0.5779677033424377,1.1926518941227638e-05
267600,13,1.2341704368591309,0.5686768293380737,1.192187585122138e-05
267650,13,1.1797065734863281,0.539505660533905,1.1917233373051105e-05
267700,13,1.2616870403289795,0.5369629859924316,1.1912591507337238e-05
267750,13,1.1620376110076904,0.5159639716148376,1.1907950254700154e-05
267800,13,1.283669352531433,0.5637437701225281,1.1903309615760115e-05
267850,13,1.2296470403671265,0.5810338854789734,1.1898669591137316e-05
267900,13,1.2608952522277832,0.5501610040664673,1.189403018145186e-05
267950,13,1.2269067764282227,0.5441778898239136,1.1889391387323778e-05
268000,13,1.2078801393508911,0.5495532155036926,1.1884753209373009e-05
268050,13,1.1846237182617188,0.5603266954421997,1.1880115648219418e-05
268100,13,1.2013623714447021,0.527562141418457,1.187547870448279e-05
268150,13,1.190516471862793,0.5377019643783569,1.1870842378782807e-05
268200,13,1.2286663055419922,0.5408556461334229,1.1866206671739096e-05
268250,13,1.1989936828613281,0.5522081255912781,1.1861571583971184e-05
268300,13,1.1682133674621582,0.5343522429466248,1.1856937116098525e-05
268350,13,1.1734569072723389,0.5283210277557373,1.1852303268740474e-05
268400,13,1.1717537641525269,0.5333754420280457,1.1847670042516325e-05
268450,13,1.1996235847473145,0.540976881980896,1.1843037438045272e-05
268500,13,1.190438985824585,0.5199335813522339,1.1838405455946437e-05
268550,13,1.2384834289550781,0.542698323726654,1.1833774096838848e-05
268600,13,1.2256616353988647,0.5340175032615662,1.1829143361341461e-05
268650,13,1.1884289979934692,0.55460524559021,1.1824513250073136e-05
268700,13,1.18717622756958,0.524389386177063,1.1819883763652657e-05
268750,13,1.2033355236053467,0.5325583815574646,1.1815254902698734e-05
268800,13,1.1762452125549316,0.5332290530204773,1.1810626667829977e-05
268850,13,1.1812152862548828,0.5414124131202698,1.1805999059664915e-05
268900,13,1.2494522333145142,0.5305011868476868,1.1801372078822006e-05
268950,13,1.1332978010177612,0.5241972804069519,1.1796745725919609e-05
269000,13,1.1977852582931519,0.555084228515625,1.1792120001576006e-05
269050,13,1.1810177564620972,0.5271427631378174,1.1787494906409398e-05
269100,13,1.12117338180542,0.5109103322029114,1.1782870441037899e-05
269150,13,1.1895630359649658,0.504015326499939,1.1778246606079525e-05
269200,13,1.2291455268859863,0.5230509042739868,1.1773623402152243e-05
269250,13,1.234299659729004,0.5256137251853943,1.1769000829873896e-05
269300,13,1.1549599170684814,0.5196165442466736,1.1764378889862269e-05
269350,13,1.2204227447509766,0.5487439036369324,1.1759757582735049e-05
269400,13,1.1905428171157837,0.5076606273651123,1.1755136909109848e-05
269450,13,1.2570581436157227,0.5638481378555298,1.1750516869604186e-05
269500,13,1.1967387199401855,0.5315034985542297,1.1745897464835497e-05
269550,13,1.2238035202026367,0.5879308581352234,1.1741278695421133e-05
269600,13,1.1925424337387085,0.5329757332801819,1.1736660561978369e-05
269650,13,1.2688581943511963,0.5612959265708923,1.1732043065124384e-05
269700,13,1.1783218383789062,0.5649592280387878,1.1727426205476276e-05
269750,13,1.2345621585845947,0.535388171672821,1.172280998365106e-05
269800,13,1.213500738143921,0.5529874563217163,1.1718194400265664e-05
269850,13,1.2896807193756104,0.5850133299827576,1.1713579455936926e-05
269900,13,1.2127069234848022,0.5522204041481018,1.1708965151281606e-05
269950,13,1.2423385381698608,0.5289740562438965,1.1704351486916373e-05
270000,13,1.1402313709259033,0.5335405468940735,1.1699738463457814e-05
270050,13,1.1481938362121582,0.505699634552002,1.1695126081522427e-05
270100,13,1.224173665046692,0.5226699113845825,1.1690514341726631e-05
270150,13,1.1591200828552246,0.5320194959640503,1.1685903244686747e-05
270200,13,1.1790519952774048,0.4993320405483246,1.1681292791019025e-05
270250,13,1.168102741241455,0.5301611423492432,1.167668298133962e-05
270300,13,1.1667431592941284,0.5210306644439697,1.1672073816264602e-05
270350,13,1.1887305974960327,0.5248819589614868,1.1667465296409956e-05
270400,13,1.1761988401412964,0.534195601940155,1.1662857422391572e-05
270450,13,1.1729211807250977,0.5358390808105469,1.1658250194825272e-05
270500,13,1.2381515502929688,0.5293095111846924,1.1653643614326783e-05
270550,13,1.1793673038482666,0.5344610214233398,1.1649037681511735e-05
270600,13,1.2566287517547607,0.5592907667160034,1.1644432396995686e-05
270650,13,1.1891956329345703,0.520409107208252,1.1639827761394093e-05
270700,13,1.2030502557754517,0.5804627537727356,1.163522377532235e-05
270750,13,1.1748313903808594,0.5116435885429382,1.163062043939574e-05
270800,13,1.2326816320419312,0.548401951789856,1.1626017754229471e-05
270850,13,1.2274339199066162,0.5397475957870483,1.1621415720438664e-05
270900,13,1.2165805101394653,0.5620003342628479,1.1616814338638341e-05
270950,13,1.1495611667633057,0.5037170648574829,1.1612213609443457e-05
271000,13,1.1791918277740479,0.5341083407402039,1.1607613533468861e-05
271050,13,1.2575156688690186,0.5353642702102661,1.1603014111329324e-05
271100,13,1.230602741241455,0.547592043876648,1.1598415343639534e-05
271150,13,1.2166166305541992,0.535370409488678,1.1593817231014076e-05
271200,13,1.1990457773208618,0.5504640340805054,1.1589219774067464e-05
271250,13,1.2036303281784058,0.5745798945426941,1.1584622973414125e-05
271300,13,1.253903865814209,0.5350440144538879,1.1580026829668378e-05
271350,13,1.2496404647827148,0.5560336112976074,1.157543134344447e-05
271400,13,1.2406108379364014,0.5271042585372925,1.1570836515356566e-05
271450,13,1.2236534357070923,0.5291202068328857,1.1566242346018722e-05
271500,13,1.208925724029541,0.5234609246253967,1.1561648836044928e-05
271550,13,1.1458028554916382,0.49883022904396057,1.155705598604907e-05
271600,13,1.167914867401123,0.525782585144043,1.155246379664495e-05
271650,13,1.1991490125656128,0.5557245016098022,1.154787226844629e-05
271700,13,1.1816908121109009,0.5520769953727722,1.1543281402066716e-05
271750,13,1.1893341541290283,0.5310558080673218,1.1538691198119772e-05
271800,13,1.1956377029418945,0.5693443417549133,1.1534101657218894e-05
271850,13,1.1694982051849365,0.5425480604171753,1.1529512779977458e-05
271900,13,1.1738393306732178,0.5535024404525757,1.152492456700873e-05
271950,13,1.156799077987671,0.5330416560173035,1.1520337018925898e-05
272000,13,1.2225242853164673,0.5494247078895569,1.1515750136342051e-05
272050,13,1.2651379108428955,0.5798212885856628,1.1511163919870203e-05
272100,13,1.2288837432861328,0.5829183459281921,1.1506578370123263e-05
272150,13,1.2179481983184814,0.5626952648162842,1.1501993487714065e-05
272200,13,1.2014774084091187,0.5469070672988892,1.1497409273255352e-05
272250,13,1.160570502281189,0.5008113980293274,1.1492825727359771e-05
272300,13,1.1917648315429688,0.5539742708206177,1.1488242850639876e-05
272350,13,1.1560781002044678,0.5137125849723816,1.1483660643708147e-05
272400,13,1.2213292121887207,0.5365180373191833,1.147907910717696e-05
272450,13,1.1630908250808716,0.509113609790802,1.1474498241658606e-05
272500,13,1.1820142269134521,0.5588923096656799,1.1469918047765295e-05
272550,13,1.208617925643921,0.5236445069313049,1.1465338526109135e-05
272600,13,1.1799366474151611,0.5366093516349792,1.1460759677302142e-05
272650,13,1.1682326793670654,0.5124716758728027,1.1456181501956258e-05
272700,13,1.1649564504623413,0.5431490540504456,1.1451604000683327e-05
272750,13,1.193084955215454,0.50841224193573,1.1447027174095096e-05
272800,13,1.261171579360962,0.5574613809585571,1.144245102280323e-05
272850,13,1.1284520626068115,0.5068491101264954,1.1437875547419302e-05
272900,13,1.22452974319458,0.5592180490493774,1.143330074855479e-05
272950,13,1.1830672025680542,0.5277447700500488,1.142872662682109e-05
273000,13,1.2042341232299805,0.5511732697486877,1.1424153182829502e-05
273050,13,1.2289763689041138,0.564267098903656,1.1419580417191235e-05
273100,13,1.2402620315551758,0.5653355717658997,1.1415008330517408e-05
273150,13,1.21364426612854,0.5405388474464417,1.1410436923419055e-05
273200,13,1.2382516860961914,0.5622474551200867,1.1405866196507111e-05
273250,13,1.187610149383545,0.5254337191581726,1.1401296150392419e-05
273300,13,1.1738959550857544,0.5262885689735413,1.1396726785685744e-05
273350,13,1.2732635736465454,0.5219665765762329,1.1392158102997749e-05
273400,13,1.1875202655792236,0.5135699510574341,1.1387590102939005e-05
273450,13,1.1978492736816406,0.5677170157432556,1.138302278612e-05
273500,13,1.238895058631897,0.5399000644683838,1.1378456153151118e-05
273550,13,1.2496895790100098,0.5713536739349365,1.1373890204642664e-05
273600,13,1.1459338665008545,0.5244492292404175,1.1369324941204844e-05
273650,13,1.172869324684143,0.5139651298522949,1.136476036344778e-05
273700,13,1.2285507917404175,0.5391683578491211,1.1360196471981496e-05
273750,13,1.1750786304473877,0.5433439016342163,1.1355633267415925e-05
273800,13,1.2694752216339111,0.5365834832191467,1.135107075036091e-05
273850,13,1.20268976688385,0.5517557859420776,1.1346508921426193e-05
273900,13,1.2055659294128418,0.5146165490150452,1.134194778122145e-05
273950,13,1.2110605239868164,0.5467506051063538,1.133738733035623e-05
274000,13,1.1799795627593994,0.516913652420044,1.1332827569440018e-05
274050,13,1.171950101852417,0.5308341979980469,1.1328268499082182e-05
274100,13,1.1950922012329102,0.581037700176239,1.1323710119892029e-05
274150,13,1.1365132331848145,0.5379202961921692,1.1319152432478748e-05
274200,13,1.189192771911621,0.5550488829612732,1.1314595437451444e-05
274250,13,1.2041853666305542,0.556306004524231,1.1310039135419128e-05
274300,13,1.117201805114746,0.4903838634490967,1.1305483526990724e-05
274350,13,1.237962007522583,0.5274204611778259,1.1300928612775056e-05
274400,13,1.224852442741394,0.5366175770759583,1.1296374393380855e-05
274450,13,1.2356746196746826,0.5459599494934082,1.129182086941677e-05
274500,13,1.207594871520996,0.5430376529693604,1.1287268041491338e-05
274550,13,1.2730028629302979,0.5575413107872009,1.1282715910213022e-05
274600,13,1.2112987041473389,0.5278122425079346,1.1278164476190184e-05
274650,13,1.1632417440414429,0.5145590901374817,1.127361374003109e-05
274700,13,1.1713918447494507,0.516734778881073,1.1269063702343925e-05
274750,13,1.2163491249084473,0.532838761806488,1.126451436373676e-05
274800,13,1.2040812969207764,0.5275226831436157,1.1259965724817587e-05
274850,13,1.1981990337371826,0.540610671043396,1.1255417786194307e-05
274900,13,1.2598254680633545,0.5422258973121643,1.1250870548474715e-05
274950,13,1.2674617767333984,0.5719670057296753,1.1246324012266521e-05
275000,13,1.1925362348556519,0.532383918762207,1.124177817817734e-05
275050,13,1.1024231910705566,0.5078915357589722,1.1237233046814691e-05
275100,13,1.1675124168395996,0.5368466377258301,1.1232688618786005e-05
275150,13,1.1461079120635986,0.5229634046554565,1.1228144894698616e-05
275200,13,1.2067780494689941,0.523791491985321,1.1223601875159755e-05
275250,13,1.183359980583191,0.5343276262283325,1.1219059560776574e-05
275300,13,1.235492467880249,0.5607710480690002,1.1214517952156116e-05
275350,13,1.216825008392334,0.5630530118942261,1.1209977049905343e-05
275400,13,1.2235629558563232,0.5302776098251343,1.1205436854631112e-05
275450,13,1.2587110996246338,0.5664728879928589,1.1200897366940195e-05
275500,13,1.2274539470672607,0.5269155502319336,1.1196358587439262e-05
275550,13,1.189600944519043,0.5215723514556885,1.1191820516734884e-05
275600,13,1.1552006006240845,0.5313599109649658,1.1187283155433553e-05
275650,13,1.212759256362915,0.5218929052352905,1.118274650414166e-05
275700,13,1.2246654033660889,0.5498888492584229,1.1178210563465491e-05
275750,13,1.27351713180542,0.5283635854721069,1.1173675334011245e-05
275800,13,1.2132768630981445,0.5652135610580444,1.1169140816385031e-05
275850,13,1.2047417163848877,0.5189490914344788,1.1164607011192853e-05
275900,13,1.1582307815551758,0.568345308303833,1.1160073919040622e-05
275950,13,1.1929211616516113,0.5336501002311707,1.1155541540534157e-05
276000,13,1.2529256343841553,0.5827945470809937,1.1151009876279182e-05
276050,13,1.2627158164978027,0.5262308716773987,1.1146478926881328e-05
276100,13,1.2157118320465088,0.5522682666778564,1.1141948692946116e-05
276150,13,1.229738473892212,0.5339715480804443,1.1137419175078993e-05
276200,13,1.2436237335205078,0.574802815914154,1.113289037388529e-05
276250,13,1.1811000108718872,0.5026795268058777,1.1128362289970257e-05
276300,13,1.2323791980743408,0.5449421405792236,1.1123834923939044e-05
276350,13,1.193917989730835,0.5442789793014526,1.1119308276396694e-05
276400,13,1.2312904596328735,0.5874345898628235,1.1114782347948173e-05
276450,13,1.2580487728118896,0.5396052002906799,1.1110257139198337e-05
276500,13,1.1979575157165527,0.5219733119010925,1.1105732650751946e-05
276550,13,1.264279842376709,0.5542154908180237,1.110120888321368e-05
276600,13,1.1831953525543213,0.4950568974018097,1.1096685837188102e-05
276650,13,1.1688168048858643,0.5338735580444336,1.1092163513279686e-05
276700,13,1.1870317459106445,0.5327125787734985,1.1087641912092815e-05
276750,13,1.249490737915039,0.5893872976303101,1.1083121034231772e-05
276800,13,1.2010927200317383,0.5701969265937805,1.1078600880300738e-05
276850,13,1.191582202911377,0.5378297567367554,1.1074081450903804e-05
276900,13,1.1678950786590576,0.529418408870697,1.106956274664496e-05
276950,13,1.187122106552124,0.5410845279693604,1.1065044768128102e-05
277000,13,1.1789765357971191,0.536270022392273,1.1060527515957027e-05
277050,13,1.2510437965393066,0.560141921043396,1.105601099073544e-05
277100,13,1.2499266862869263,0.5519721508026123,1.105149519306694e-05
277150,13,1.1309998035430908,0.5293169617652893,1.1046980123555036e-05
277200,13,1.2472089529037476,0.5525854229927063,1.1042465782803137e-05
277250,13,1.203139066696167,0.5153630971908569,1.1037952171414554e-05
277300,13,1.1704021692276,0.5174586176872253,1.1033439289992499e-05
277350,13,1.1909191608428955,0.5338377356529236,1.1028927139140092e-05
277400,13,1.205925464630127,0.535602867603302,1.1024415719460351e-05
277450,13,1.1613295078277588,0.53463214635849,1.10199050315562e-05
277500,13,1.1790211200714111,0.5512929558753967,1.1015395076030456e-05
277550,13,1.1190009117126465,0.5157687067985535,1.101088585348585e-05
277600,13,1.1992075443267822,0.5472580790519714,1.1006377364525009e-05
277650,13,1.1626622676849365,0.5105145573616028,1.1001869609750464e-05
277700,13,1.2314784526824951,0.5432208180427551,1.0997362589764642e-05
277750,13,1.1959373950958252,0.5462201833724976,1.099285630516988e-05
277800,13,1.1902854442596436,0.525758683681488,1.0988350756568415e-05
277850,13,1.1833341121673584,0.5355246663093567,1.098384594456238e-05
277900,13,1.2194383144378662,0.5779069662094116,1.0979341869753812e-05
277950,13,1.2432315349578857,0.590744137763977,1.0974838532744655e-05
278000,13,1.2217621803283691,0.5618808269500732,1.0970335934136743e-05
278050,13,1.282048225402832,0.5557788610458374,1.0965834074531829e-05
278100,13,1.179028868675232,0.5146844387054443,1.096133295453155e-05
278150,13,1.1895477771759033,0.5232952833175659,1.0956832574737453e-05
278200,13,1.210759162902832,0.5534977316856384,1.0952332935750981e-05
278250,13,1.1696885824203491,0.5903108716011047,1.0947834038173488e-05
278300,13,1.2071272134780884,0.5255537033081055,1.0943335882606215e-05
278350,13,1.211139440536499,0.5104297399520874,1.0938838469650315e-05
278400,13,1.2441720962524414,0.5557854175567627,1.0934341799906836e-05
278450,13,1.2272415161132812,0.5563009977340698,1.0929845873976718e-05
278500,13,1.1861577033996582,0.5487068891525269,1.092535069246083e-05
278550,13,1.2510093450546265,0.5679810643196106,1.0920856255959913e-05
278600,13,1.2500718832015991,0.5776093006134033,1.0916362565074621e-05
278650,13,1.2270418405532837,0.5414326786994934,1.0911869620405504e-05
278700,13,1.2193503379821777,0.5541135668754578,1.0907377422553015e-05
278750,13,1.228956937789917,0.5598438382148743,1.0902885972117505e-05
278800,13,1.198542833328247,0.536267876625061,1.0898395269699231e-05
278850,13,1.2146215438842773,0.5241509675979614,1.0893905315898344e-05
278900,13,1.1110039949417114,0.5187543034553528,1.0889416111314898e-05
278950,13,1.177145004272461,0.5076754093170166,1.0884927656548834e-05
279000,13,1.1646819114685059,0.5243056416511536,1.0880439952200026e-05
279050,13,1.2475836277008057,0.5592387914657593,1.0875952998868205e-05
279100,13,1.194793939590454,0.5037866830825806,1.0871466797153037e-05
279150,13,1.2485378980636597,0.5556636452674866,1.086698134765406e-05
279200,13,1.2154463529586792,0.5419664978981018,1.0862496650970736e-05
279250,13,1.2722934484481812,0.5622984170913696,1.0858012707702414e-05
279300,13,1.1595299243927002,0.5373862385749817,1.0853529518448336e-05
279350,13,1.214360237121582,0.5060097575187683,1.0849047083807657e-05
279400,13,1.178885579109192,0.5556970238685608,1.0844565404379421e-05
279450,13,1.2464276552200317,0.5680149793624878,1.0840084480762575e-05
279500,13,1.2748087644577026,0.5614022016525269,1.0835604313555969e-05
279550,13,1.1794962882995605,0.5168194770812988,1.0831124903358346e-05
279600,13,1.1932610273361206,0.5597059726715088,1.0826646250768346e-05
279650,13,1.1971064805984497,0.5535683035850525,1.0822168356384517e-05
279700,13,1.1251678466796875,0.5213010907173157,1.0817691220805291e-05
279750,13,1.1815617084503174,0.5174703001976013,1.0813214844629022e-05
279800,13,1.2398791313171387,0.5736412405967712,1.0808739228453929e-05
279850,13,1.2143843173980713,0.5331509113311768,1.0804264372878161e-05
279900,13,1.2498105764389038,0.5564363598823547,1.0799790278499758e-05
279950,13,1.24932861328125,0.5213826298713684,1.0795316945916636e-05
280000,13,1.1568489074707031,0.5024082660675049,1.0790844375726636e-05
280050,13,1.2063566446304321,0.5690997838973999,1.078637256852749e-05
280100,13,1.2365834712982178,0.5910018086433411,1.0781901524916828e-05
280150,13,1.1747431755065918,0.5503228902816772,1.0777431245492162e-05
280200,13,1.1601150035858154,0.5136653184890747,1.077296173085093e-05
280250,13,1.1533570289611816,0.5332013368606567,1.0768492981590443e-05
280300,13,1.1469833850860596,0.5325155854225159,1.0764024998307927e-05
280350,13,1.1399041414260864,0.5315703749656677,1.0759557781600486e-05
280400,13,1.1854074001312256,0.5571085214614868,1.0755091332065145e-05
280450,13,1.1977486610412598,0.520179808139801,1.0750625650298813e-05
280500,13,1.1996389627456665,0.5290923714637756,1.0746160736898304e-05
280550,13,1.2291069030761719,0.5508166551589966,1.0741696592460314e-05
280600,13,1.2232187986373901,0.5307353138923645,1.073723321758145e-05
280650,13,1.2441009283065796,0.5598373413085938,1.0732770612858219e-05
280700,13,1.2464191913604736,0.5326432585716248,1.0728308778887008e-05
280750,13,1.2010713815689087,0.5500444173812866,1.072384771626412e-05
280800,13,1.2204830646514893,0.5389425158500671,1.0719387425585738e-05
280850,13,1.2735346555709839,0.5678461194038391,1.0714927907447964e-05
280900,13,1.2498595714569092,0.5547060370445251,1.0710469162446762e-05
280950,13,1.1906187534332275,0.5314507484436035,1.0706011191178037e-05
281000,13,1.1281874179840088,0.5073482394218445,1.0701553994237555e-05
281050,13,1.195257306098938,0.5296250581741333,1.0697097572220995e-05
281100,13,1.2148065567016602,0.5128026604652405,1.0692641925723918e-05
281150,13,1.154293179512024,0.5182920098304749,1.0688187055341809e-05
281200,13,1.1015517711639404,0.5035739541053772,1.0683732961670014e-05
281250,13,1.2033413648605347,0.5151643753051758,1.0679279645303803e-05
281300,13,1.117413878440857,0.5375450849533081,1.0674827106838336e-05
281350,13,1.1425728797912598,0.5094544291496277,1.0670375346868654e-05
281400,13,1.2260822057724,0.5343040227890015,1.066592436598971e-05
281450,13,1.2122199535369873,0.5523717403411865,1.0661474164796352e-05
281500,13,1.2292873859405518,0.5394867062568665,1.0657024743883322e-05
281550,13,1.1485356092453003,0.5556918978691101,1.0652576103845245e-05
281600,13,1.1766971349716187,0.5214399099349976,1.0648128245276664e-05
281650,13,1.2002907991409302,0.5319055914878845,1.0643681168771998e-05
281700,13,1.240755558013916,0.5495827198028564,1.0639234874925572e-05
281750,13,1.1411464214324951,0.5281673669815063,1.06347893643316e-05
281800,13,1.164726734161377,0.5212621688842773,1.0630344637584203e-05
281850,13,1.2488945722579956,0.5678499937057495,1.062590069527738e-05
281900,13,1.1968863010406494,0.5470064878463745,1.0621457538005039e-05
281950,13,1.1675217151641846,0.5555828213691711,1.061701516636098e-05
282000,13,1.1994030475616455,0.5485213994979858,1.0612573580938899e-05
282050,13,1.2169908285140991,0.5257484316825867,1.0608132782332376e-05
282100,13,1.1434214115142822,0.5287912487983704,1.0603692771134897e-05
282150,13,1.1491968631744385,0.5192294120788574,1.0599253547939849e-05
282200,13,1.2546911239624023,0.5598691701889038,1.0594815113340494e-05
282250,13,1.2059261798858643,0.5350556373596191,1.0590377467930006e-05
282300,13,1.1527831554412842,0.5122314095497131,1.0585940612301438e-05
282350,13,1.1919300556182861,0.5414914488792419,1.0581504547047762e-05
282400,13,1.2465386390686035,0.54652339220047,1.0577069272761808e-05
282450,13,1.1985710859298706,0.5339493751525879,1.0572634790036342e-05
282500,13,1.2176275253295898,0.5302373766899109,1.0568201099463987e-05
282550,13,1.2293674945831299,0.5472599267959595,1.0563768201637289e-05
282600,13,1.1926298141479492,0.5474599003791809,1.0559336097148666e-05
282650,13,1.2234148979187012,0.5560818314552307,1.055490478659044e-05
282700,13,1.2594338655471802,0.5334538817405701,1.0550474270554836e-05
282750,13,1.1683735847473145,0.540303111076355,1.0546044549633949e-05
282800,13,1.1685367822647095,0.5226650238037109,1.0541615624419797e-05
282850,14,1.0966472625732422,0.5165746212005615,1.0537187495504265e-05
282900,14,1.1641685962677002,0.5479217767715454,1.0532760163479143e-05
282950,14,1.2376190423965454,0.5360465049743652,1.0528333628936121e-05
283000,14,1.1732916831970215,0.5291959643363953,1.052390789246678e-05
283050,14,1.172753095626831,0.5222864151000977,1.0519482954662577e-05
283100,14,1.2109556198120117,0.5730097889900208,1.0515058816114886e-05
283150,14,1.2186024188995361,0.536424458026886,1.0510635477414959e-05
283200,14,1.2436838150024414,0.5620344877243042,1.0506212939153949e-05
283250,14,1.2484685182571411,0.5859420299530029,1.0501791201922894e-05
283300,14,1.242262601852417,0.5514100193977356,1.0497370266312732e-05
283350,14,1.2418962717056274,0.5551841855049133,1.0492950132914295e-05
283400,14,1.2267930507659912,0.5399276614189148,1.0488530802318303e-05
283450,14,1.2167410850524902,0.5374046564102173,1.0484112275115369e-05
283500,14,1.2336647510528564,0.5431145429611206,1.0479694551896e-05
283550,14,1.2090520858764648,0.5348713994026184,1.0475277633250601e-05
283600,14,1.154994010925293,0.5133860111236572,1.0470861519769454e-05
283650,14,1.1717333793640137,0.5392466187477112,1.0466446212042753e-05
283700,14,1.1484484672546387,0.5136827826499939,1.0462031710660567e-05
283750,14,1.2360434532165527,0.5272958278656006,1.0457618016212872e-05
283800,14,1.2291827201843262,0.5723064541816711,1.0453205129289519e-05
283850,14,1.211966872215271,0.5415895581245422,1.0448793050480268e-05
283900,14,1.2889976501464844,0.5991902351379395,1.0444381780374764e-05
283950,14,1.1706669330596924,0.5394675731658936,1.0439971319562545e-05
284000,14,1.2053471803665161,0.5287062525749207,1.0435561668633035e-05
284050,14,1.1901323795318604,0.5531665086746216,1.0431152828175564e-05
284100,14,1.2575814723968506,0.5648958086967468,1.0426744798779332e-05
284150,14,1.195044994354248,0.5490900874137878,1.042233758103345e-05
284200,14,1.217855453491211,0.5081050395965576,1.0417931175526916e-05
284250,14,1.1808321475982666,0.5241076946258545,1.041352558284861e-05
284300,14,1.231264352798462,0.540812611579895,1.0409120803587318e-05
284350,14,1.2303082942962646,0.5362712740898132,1.0404716838331697e-05
284400,14,1.1804049015045166,0.5191109776496887,1.0400313687670325e-05
284450,14,1.156977891921997,0.5485345721244812,1.0395911352191639e-05
284500,14,1.1953904628753662,0.5239408612251282,1.0391509832483996e-05
284550,14,1.2148704528808594,0.5641393661499023,1.0387109129135613e-05
284600,14,1.1559195518493652,0.5364722013473511,1.038270924273463e-05
284650,14,1.1980924606323242,0.5196546912193298,1.0378310173869053e-05
284700,14,1.2122416496276855,0.5034139752388,1.0373911923126792e-05
284750,14,1.2355149984359741,0.5511455535888672,1.036951449109565e-05
284800,14,1.2001996040344238,0.5456124544143677,1.0365117878363303e-05
284850,14,1.2609163522720337,0.5374642014503479,1.0360722085517335e-05
284900,14,1.1536083221435547,0.5200363993644714,1.0356327113145214e-05
284950,14,1.1743353605270386,0.5104449391365051,1.0351932961834305e-05
285000,14,1.2249534130096436,0.5362706780433655,1.0347539632171848e-05
285050,14,1.1759605407714844,0.5206312537193298,1.0343147124744991e-05
285100,14,1.1502265930175781,0.5344549417495728,1.033875544014075e-05
285150,14,1.2083003520965576,0.5478456020355225,1.0334364578946064e-05
285200,14,1.1500248908996582,0.5113345980644226,1.0329974541747723e-05
285250,14,1.2201695442199707,0.5437127947807312,1.032558532913244e-05
285300,14,1.1750216484069824,0.5292863249778748,1.0321196941686793e-05
285350,14,1.2560756206512451,0.566563606262207,1.0316809379997275e-05
285400,14,1.2418228387832642,0.5628340840339661,1.0312422644650242e-05
285450,14,1.273472785949707,0.5950207710266113,1.0308036736231963e-05
285500,14,1.1881103515625,0.5476216673851013,1.0303651655328573e-05
285550,14,1.2049522399902344,0.5230895280838013,1.0299267402526117e-05
285600,14,1.1728061437606812,0.5107589960098267,1.0294883978410526e-05
285650,14,1.175549030303955,0.5163540840148926,1.0290501383567603e-05
285700,14,1.153363823890686,0.5070307850837708,1.0286119618583069e-05
285750,14,1.1242878437042236,0.5186002850532532,1.0281738684042498e-05
285800,14,1.2018762826919556,0.5447369813919067,1.0277358580531385e-05
285850,14,1.2150737047195435,0.5449628829956055,1.02729793086351e-05
285900,14,1.1923712491989136,0.555154025554657,1.026860086893891e-05
285950,14,1.2107391357421875,0.5389050245285034,1.0264223262027952e-05
286000,14,1.146107792854309,0.5412665009498596,1.0259846488487277e-05
286050,14,1.1617846488952637,0.5035302042961121,1.02554705489018e-05
286100,14,1.1573535203933716,0.5278288722038269,1.0251095443856346e-05
286150,14,1.2512215375900269,0.5658408403396606,1.0246721173935609e-05
286200,14,1.2352890968322754,0.5837581157684326,1.0242347739724187e-05
286250,14,1.2174679040908813,0.5770121216773987,1.0237975141806566e-05
286300,14,1.1796172857284546,0.5289934873580933,1.0233603380767096e-05
286350,14,1.2634309530258179,0.5427734851837158,1.0229232457190061e-05
286400,14,1.1456090211868286,0.5427387356758118,1.0224862371659586e-05
286450,14,1.184141993522644,0.5505897998809814,1.0220493124759714e-05
286500,14,1.285177230834961,0.5551176071166992,1.0216124717074355e-05
286550,14,1.1736102104187012,0.5306506156921387,1.0211757149187335e-05
286600,14,1.1862667798995972,0.5682107210159302,1.020739042168233e-05
286650,14,1.2151951789855957,0.5343520045280457,1.0203024535142944e-05
286700,14,1.1947941780090332,0.5239348411560059,1.0198659490152627e-05
286750,14,1.231534481048584,0.5409625768661499,1.0194295287294758e-05
286800,14,1.1543198823928833,0.5209999680519104,1.0189931927152571e-05
286850,14,1.2553040981292725,0.5639002323150635,1.0185569410309214e-05
286900,14,1.1529150009155273,0.5182856917381287,1.0181207737347694e-05
286950,14,1.2182483673095703,0.5538125038146973,1.0176846908850926e-05
287000,14,1.2140240669250488,0.5581098198890686,1.0172486925401712e-05
287050,14,1.2333126068115234,0.5567566156387329,1.0168127787582719e-05
287100,14,1.17451012134552,0.5315452814102173,1.0163769495976535e-05
287150,14,1.1763107776641846,0.5598899126052856,1.0159412051165602e-05
287200,14,1.2273591756820679,0.5596706867218018,1.0155055453732277e-05
287250,14,1.2162377834320068,0.571321427822113,1.0150699704258776e-05
287300,14,1.2263514995574951,0.5467778444290161,1.0146344803327223e-05
287350,14,1.2432210445404053,0.5383492112159729,1.0141990751519625e-05
287400,14,1.2286431789398193,0.518301248550415,1.0137637549417873e-05
287450,14,1.1819164752960205,0.5397846698760986,1.0133285197603732e-05
287500,14,1.1706879138946533,0.5090319514274597,1.0128933696658882e-05
287550,14,1.2117383480072021,0.5339499115943909,1.0124583047164858e-05
287600,14,1.1902074813842773,0.5397933721542358,1.01202332497031e-05
287650,14,1.1573395729064941,0.5218179225921631,1.0115884304854932e-05
287700,14,1.1877601146697998,0.5392913818359375,1.011153621320156e-05
287750,14,1.1910679340362549,0.530888557434082,1.0107188975324076e-05
287800,14,1.2893028259277344,0.6196514964103699,1.0102842591803459e-05
287850,14,1.205092430114746,0.5722832083702087,1.0098497063220584e-05
287900,14,1.1580952405929565,0.5243887305259705,1.0094152390156192e-05
287950,14,1.189113974571228,0.5405344367027283,1.0089808573190924e-05
288000,14,1.2618968486785889,0.5502339005470276,1.0085465612905297e-05
288050,14,1.1880944967269897,0.52435302734375,1.0081123509879726e-05
288100,14,1.2186540365219116,0.542361855506897,1.0076782264694498e-05
288150,14,1.173288106918335,0.519240140914917,1.00724418779298e-05
288200,14,1.1703572273254395,0.5209927558898926,1.0068102350165687e-05
288250,14,1.1950223445892334,0.5429364442825317,1.006376368198211e-05
288300,14,1.133185863494873,0.5384382009506226,1.0059425873958904e-05
288350,14,1.1777626276016235,0.5411964058876038,1.0055088926675791e-05
288400,14,1.175950527191162,0.5385645627975464,1.005075284071238e-05
288450,14,1.227555513381958,0.5727369785308838,1.0046417616648148e-05
288500,14,1.239357352256775,0.5990912318229675,1.0042083255062481e-05
288550,14,1.1712864637374878,0.5353691577911377,1.0037749756534624e-05
288600,14,1.2036272287368774,0.528080940246582,1.0033417121643736e-05
288650,14,1.2445685863494873,0.5547232627868652,1.0029085350968831e-05
288700,14,1.2010165452957153,0.5320132970809937,1.0024754445088833e-05
288750,14,1.212094783782959,0.5706085562705994,1.0020424404582521e-05
288800,14,1.1865320205688477,0.5609825849533081,1.00160952300286e-05
288850,14,1.2032228708267212,0.5187133550643921,1.0011766922005622e-05
288900,14,1.163905143737793,0.5489129424095154,1.0007439481092042e-05
288950,14,1.2236683368682861,0.5371167659759521,1.0003112907866186e-05
289000,14,1.2703899145126343,0.5672020316123962,9.998787202906276e-06
289050,14,1.2014676332473755,0.5196300745010376,9.99446236679042e-06
289100,14,1.150564193725586,0.5158462524414062,9.990138400096592e-06
289150,14,1.1772195100784302,0.5371881127357483,9.985815303402673e-06
289200,14,1.177762508392334,0.509739339351654,9.981493077286408e-06
289250,14,1.1898105144500732,0.5414383411407471,9.977171722325436e-06
289300,14,1.2132658958435059,0.5221260786056519,9.972851239097277e-06
289350,14,1.2410098314285278,0.5469353199005127,9.968531628179343e-06
289400,14,1.2261066436767578,0.5430066585540771,9.964212890148908e-06
289450,14,1.2113916873931885,0.5384121537208557,9.959895025583155e-06
289500,14,1.1863880157470703,0.5272642970085144,9.955578035059127e-06
289550,14,1.1810886859893799,0.5391488671302795,9.951261919153773e-06
289600,14,1.207557201385498,0.5270810127258301,9.946946678443903e-06
289650,14,1.171379804611206,0.5397480726242065,9.942632313506223e-06
289700,14,1.1445865631103516,0.5184411406517029,9.938318824917326e-06
289750,14,1.2395143508911133,0.5644791126251221,9.934006213253668e-06
289800,14,1.2431209087371826,0.5709246397018433,9.92969447909161e-06
289850,14,1.1785670518875122,0.5283818244934082,9.92538362300739e-06
289900,14,1.2146871089935303,0.5537285208702087,9.921073645577121e-06
289950,14,1.1834410429000854,0.49743273854255676,9.916764547376798e-06
290000,14,1.2080063819885254,0.535119891166687,9.912456328982318e-06
290050,14,1.2059019804000854,0.5190836787223816,9.908148990969426e-06
290100,14,1.1732659339904785,0.5274537801742554,9.903842533913786e-06
290150,14,1.1875598430633545,0.5180870294570923,9.899536958390916e-06
290200,14,1.1825218200683594,0.5544228553771973,9.895232264976235e-06
290250,14,1.1933743953704834,0.5434366464614868,9.890928454245034e-06
290300,14,1.2285852432250977,0.5555666089057922,9.886625526772491e-06
290350,14,1.2183566093444824,0.5530343651771545,9.88232348313366e-06
290400,14,1.1849758625030518,0.5328359603881836,9.87802232390348e-06
290450,14,1.137953758239746,0.5197509527206421,9.87372204965678e-06
290500,14,1.2692071199417114,0.5523641705513,9.869422660968253e-06
290550,14,1.129690170288086,0.5419254899024963,9.865124158412497e-06
290600,14,1.19478440284729,0.5149520635604858,9.860826542563963e-06
290650,14,1.2668228149414062,0.5533034205436707,9.856529813997011e-06
290700,14,1.2272849082946777,0.5928698182106018,9.852233973285858e-06
290750,14,1.2298110723495483,0.5381368398666382,9.847939021004631e-06
290800,14,1.1761090755462646,0.539317786693573,9.843644957727308e-06
290850,14,1.2039202451705933,0.5639368891716003,9.839351784027774e-06
290900,14,1.2349640130996704,0.5903070569038391,9.835059500479769e-06
290950,14,1.1614245176315308,0.5198419690132141,9.830768107656944e-06
291000,14,1.2619104385375977,0.5491889715194702,9.8264776061328e-06
291050,14,1.221310019493103,0.5408174395561218,9.82218799648074e-06
291100,14,1.223891019821167,0.5260659456253052,9.817899279274053e-06
291150,14,1.291680932044983,0.5810423493385315,9.81361145508588e-06
291200,14,1.1722344160079956,0.5300024747848511,9.809324524489264e-06
291250,14,1.1410024166107178,0.4959995448589325,9.805038488057134e-06
291300,14,1.2384979724884033,0.547488272190094,9.80075334636229e-06
291350,14,1.2267346382141113,0.5216993093490601,9.796469099977403e-06
291400,14,1.159830093383789,0.5208808779716492,9.792185749475045e-06
291450,14,1.1720244884490967,0.5578263401985168,9.787903295427645e-06
291500,14,1.1814388036727905,0.5316160321235657,9.783621738407538e-06
291550,14,1.2039079666137695,0.5556658506393433,9.779341078986914e-06
291600,14,1.2047635316848755,0.545915424823761,9.775061317737865e-06
291650,14,1.2454829216003418,0.5276059508323669,9.770782455232344e-06
291700,14,1.2160311937332153,0.5386333465576172,9.766504492042196e-06
291750,14,1.1958009004592896,0.5231927037239075,9.762227428739142e-06
291800,14,1.248645544052124,0.5478530526161194,9.757951265894789e-06
291850,14,1.2053909301757812,0.5473760962486267,9.753676004080609e-06
291900,14,1.2020820379257202,0.5185324549674988,9.749401643867963e-06
291950,14,1.1587262153625488,0.5335918068885803,9.745128185828104e-06
292000,14,1.1589515209197998,0.5224571824073792,9.740855630532134e-06
292050,14,1.1669974327087402,0.5329724550247192,9.736583978551066e-06
292100,14,1.2256453037261963,0.5746346116065979,9.732313230455765e-06
292150,14,1.2705332040786743,0.5666949152946472,9.728043386817001e-06
292200,14,1.2595597505569458,0.54267817735672,9.723774448205394e-06
292250,14,1.2018805742263794,0.5481653809547424,9.719506415191477e-06
292300,14,1.2389562129974365,0.5225282311439514,9.715239288345636e-06
292350,14,1.200730562210083,0.5567052364349365,9.710973068238147e-06
292400,14,1.2162140607833862,0.5651025176048279,9.706707755439155e-06
292450,14,1.1954833269119263,0.5195186734199524,9.702443350518696e-06
292500,14,1.2142720222473145,0.5724059343338013,9.698179854046687e-06
292550,14,1.183753490447998,0.5319945216178894,9.6939172665929e-06
292600,14,1.1314914226531982,0.5031176805496216,9.689655588727016e-06
292650,14,1.1667218208312988,0.5394830107688904,9.685394821018565e-06
292700,14,1.2101519107818604,0.5254008769989014,9.681134964036989e-06
292750,14,1.2331504821777344,0.5494319200515747,9.676876018351575e-06
292800,14,1.1690492630004883,0.5372794270515442,9.672617984531514e-06
292850,14,1.1656506061553955,0.5304251313209534,9.668360863145851e-06
292900,14,1.1527035236358643,0.528786301612854,9.664104654763535e-06
292950,14,1.2658307552337646,0.6050715446472168,9.65984935995337e-06
293000,14,1.1518409252166748,0.5120912194252014,9.655594979284057e-06
293050,14,1.2268545627593994,0.5609997510910034,9.651341513324157e-06
293100,14,1.1859846115112305,0.5470290780067444,9.64708896264212e-06
293150,14,1.2499942779541016,0.5498991012573242,9.642837327806272e-06
293200,14,1.2270777225494385,0.539699137210846,9.638586609384823e-06
293250,14,1.2758591175079346,0.5817834734916687,9.634336807945843e-06
293300,14,1.1857709884643555,0.5396637320518494,9.630087924057294e-06
293350,14,1.2414387464523315,0.5565863847732544,9.625839958287013e-06
293400,14,1.2659220695495605,0.5565987825393677,9.621592911202707e-06
293450,14,1.1391247510910034,0.5160037875175476,9.617346783371975e-06
293500,14,1.181579828262329,0.5263633728027344,9.613101575362273e-06
293550,14,1.227112054824829,0.5252837538719177,9.608857287740956e-06
293600,14,1.2059993743896484,0.5429113507270813,9.604613921075233e-06
293650,14,1.2230544090270996,0.5320952534675598,9.600371475932207e-06
293700,14,1.1493604183197021,0.5299212336540222,9.596129952878856e-06
293750,14,1.199366569519043,0.5162798166275024,9.591889352482033e-06
293800,14,1.1640989780426025,0.5334506034851074,9.587649675308457e-06
293850,14,1.2363656759262085,0.5522539615631104,9.583410921924745e-06
293900,14,1.204657793045044,0.5671700239181519,9.579173092897364e-06
293950,14,1.2431238889694214,0.5445957183837891,9.574936188792679e-06
294000,14,1.1732158660888672,0.5602119565010071,9.57070021017693e-06
294050,14,1.198500394821167,0.5186073780059814,9.566465157616218e-06
294100,14,1.1331861019134521,0.5054548382759094,9.562231031676536e-06
294150,14,1.206727385520935,0.5583982467651367,9.557997832923736e-06
294200,14,1.2456295490264893,0.5531919598579407,9.553765561923576e-06
294250,14,1.1919493675231934,0.5148400664329529,9.549534219241655e-06
294300,14,1.1928768157958984,0.563076913356781,9.545303805443473e-06
294350,14,1.2168612480163574,0.5437619090080261,9.541074321094391e-06
294400,14,1.1669338941574097,0.5375810265541077,9.536845766759657e-06
294450,14,1.1673699617385864,0.5438758730888367,9.532618143004383e-06
294500,14,1.2094016075134277,0.5569427013397217,9.528391450393563e-06
294550,14,1.2341927289962769,0.5567439794540405,9.524165689492077e-06
294600,14,1.2060500383377075,0.5035980343818665,9.519940860864656e-06
294650,14,1.2127740383148193,0.5424718260765076,9.515716965075926e-06
294700,14,1.1479934453964233,0.5340555310249329,9.511494002690386e-06
294750,14,1.194700002670288,0.5673028826713562,9.507271974272407e-06
294800,14,1.1537593603134155,0.49922680854797363,9.50305088038623e-06
294850,14,1.1786220073699951,0.5296863913536072,9.498830721595984e-06
294900,14,1.2379125356674194,0.5816677808761597,9.494611498465654e-06
294950,14,1.220982551574707,0.5412249565124512,9.49039321155912e-06
295000,14,1.1997485160827637,0.5355196595191956,9.486175861440125e-06
295050,14,1.2062305212020874,0.5224538445472717,9.481959448672293e-06
295100,14,1.2122704982757568,0.5312814712524414,9.477743973819107e-06
295150,14,1.179445505142212,0.5135855078697205,9.473529437443958e-06
295200,14,1.1873382329940796,0.529678463935852,9.469315840110076e-06
295250,14,1.1213603019714355,0.535906195640564,9.46510318238059e-06
295300,14,1.1519689559936523,0.552521288394928,9.460891464818483e-06
295350,14,1.1897947788238525,0.5377281904220581,9.456680687986627e-06
295400,14,1.2244336605072021,0.5389533638954163,9.452470852447772e-06
295450,14,1.1945745944976807,0.5160884857177734,9.448261958764525e-06
295500,14,1.2514885663986206,0.604583203792572,9.444054007499385e-06
295550,14,1.1393376588821411,0.5363858342170715,9.439846999214708e-06
295600,14,1.2082340717315674,0.5370160341262817,9.435640934472735e-06
295650,14,1.209352731704712,0.5400395393371582,9.431435813835585e-06
295700,14,1.1979858875274658,0.5270859599113464,9.42723163786524e-06
295750,14,1.1623704433441162,0.532394289970398,9.423028407123558e-06
295800,14,1.1582324504852295,0.5429028868675232,9.418826122172283e-06
295850,14,1.203373908996582,0.5285843014717102,9.414624783573007e-06
295900,14,1.192584753036499,0.5297723412513733,9.410424391887226e-06
295950,14,1.2074379920959473,0.5088290572166443,9.406224947676281e-06
296000,14,1.185028076171875,0.5318787097930908,9.402026451501409e-06
296050,14,1.1632955074310303,0.5430629849433899,9.397828903923714e-06
296100,14,1.2483510971069336,0.5810165405273438,9.393632305504159e-06
296150,14,1.2519559860229492,0.5678496360778809,9.389436656803596e-06
296200,14,1.195784091949463,0.5435834527015686,9.385241958382752e-06
296250,14,1.2187258005142212,0.5479728579521179,9.38104821080222e-06
296300,14,1.2392324209213257,0.5666837096214294,9.37685541462246e-06
296350,14,1.210339069366455,0.518247127532959,9.372663570403816e-06
296400,14,1.1697556972503662,0.521321177482605,9.368472678706493e-06
296450,14,1.1853352785110474,0.5266350507736206,9.364282740090588e-06
296500,14,1.225102186203003,0.5342873334884644,9.360093755116048e-06
296550,14,1.184182047843933,0.5724102258682251,9.355905724342707e-06
296600,14,1.1688425540924072,0.5343326926231384,9.351718648330268e-06
296650,14,1.181348443031311,0.5194402933120728,9.34753252763831e-06
296700,14,1.232958197593689,0.5405124425888062,9.34334736282627e-06
296750,14,1.197583794593811,0.5439585447311401,9.339163154453475e-06
296800,14,1.1977076530456543,0.5445641875267029,9.33497990307912e-06
296850,14,1.2285685539245605,0.5473705530166626,9.33079760926226e-06
296900,14,1.1981675624847412,0.5466143488883972,9.32661627356184e-06
296950,14,1.2116615772247314,0.5207046866416931,9.322435896536658e-06
297000,14,1.19246244430542,0.5321789383888245,9.318256478745405e-06
297050,14,1.2309856414794922,0.5170003771781921,9.314078020746614e-06
297100,14,1.1085379123687744,0.5359850525856018,9.309900523098731e-06
297150,14,1.245575189590454,0.559512734413147,9.305723986360037e-06
297200,14,1.2884951829910278,0.5553127527236938,9.301548411088707e-06
297250,14,1.1513071060180664,0.5391360521316528,9.297373797842765e-06
297300,14,1.219024419784546,0.5607510209083557,9.29320014718014e-06
297350,14,1.1693146228790283,0.5178505182266235,9.289027459658591e-06
297400,14,1.2136117219924927,0.5239439606666565,9.284855735835785e-06
297450,14,1.1681568622589111,0.5073611736297607,9.280684976269245e-06
297500,14,1.1243443489074707,0.5412696003913879,9.276515181516358e-06
297550,14,1.1703951358795166,0.5361394286155701,9.272346352134392e-06
297600,14,1.1454145908355713,0.5116524696350098,9.268178488680484e-06
297650,14,1.227473497390747,0.5864787697792053,9.26401159171165e-06
297700,14,1.2058590650558472,0.5492927432060242,9.259845661784753e-06
297750,14,1.15632963180542,0.5461023449897766,9.255680699456554e-06
297800,14,1.2203609943389893,0.5648665428161621,9.251516705283664e-06
297850,14,1.2009572982788086,0.5468394160270691,9.247353679822582e-06
297900,14,1.16330885887146,0.5248161554336548,9.24319162362966e-06
297950,14,1.1899614334106445,0.5145135521888733,9.239030537261134e-06
298000,14,1.194699764251709,0.5523500442504883,9.234870421273103e-06
298050,14,1.152435064315796,0.542211651802063,9.23071127622154e-06
298100,14,1.1033082008361816,0.5463126301765442,9.226553102662291e-06
298150,14,1.1719121932983398,0.5516517758369446,9.222395901151066e-06
298200,14,1.1783866882324219,0.5481336712837219,9.218239672243442e-06
298250,14,1.1661126613616943,0.48644453287124634,9.214084416494879e-06
298300,14,1.2729885578155518,0.6010153889656067,9.209930134460702e-06
298350,14,1.2187316417694092,0.5329592227935791,9.205776826696088e-06
298400,14,1.2239954471588135,0.534982442855835,9.20162449375612e-06
298450,14,1.2009210586547852,0.5734270215034485,9.197473136195709e-06
298500,14,1.187016487121582,0.5505205392837524,9.193322754569674e-06
298550,14,1.1785539388656616,0.505771815776825,9.189173349432668e-06
298600,14,1.1946239471435547,0.5272502899169922,9.185024921339251e-06
298650,14,1.2867937088012695,0.5824405550956726,9.18087747084382e-06
298700,14,1.2363594770431519,0.5993669033050537,9.176730998500663e-06
298750,14,1.2323518991470337,0.5599827170372009,9.172585504863917e-06
298800,14,1.2323817014694214,0.5394091606140137,9.168440990487609e-06
298850,14,1.2756510972976685,0.5531778931617737,9.164297455925626e-06
298900,14,1.264569640159607,0.5716844201087952,9.160154901731718e-06
298950,14,1.2346782684326172,0.5470110177993774,9.156013328459516e-06
299000,14,1.2052655220031738,0.554097056388855,9.151872736662509e-06
299050,14,1.2181015014648438,0.5356375575065613,9.14773312689406e-06
299100,14,1.2332558631896973,0.5466146469116211,9.143594499707404e-06
299150,14,1.1940295696258545,0.5342953205108643,9.139456855655642e-06
299200,14,1.1623055934906006,0.5167355537414551,9.135320195291737e-06
299250,14,1.2132198810577393,0.5039684772491455,9.131184519168534e-06
299300,14,1.219033122062683,0.5675010085105896,9.12704982783873e-06
299350,14,1.2045249938964844,0.5268776416778564,9.122916121854904e-06
299400,14,1.1827051639556885,0.5152894854545593,9.118783401769497e-06
299450,14,1.215861201286316,0.5508463978767395,9.11465166813482e-06
299500,14,1.233223795890808,0.5381022691726685,9.110520921503052e-06
299550,14,1.2539863586425781,0.5499069094657898,9.106391162426245e-06
299600,14,1.2062735557556152,0.5296030640602112,9.102262391456302e-06
299650,14,1.272855520248413,0.5482871532440186,9.098134609145014e-06
299700,14,1.1746060848236084,0.5351387858390808,9.094007816044037e-06
299750,14,1.2526391744613647,0.5562265515327454,9.089882012704877e-06
299800,14,1.1651279926300049,0.5294734239578247,9.085757199678933e-06
299850,14,1.216451644897461,0.5937294960021973,9.081633377517448e-06
299900,14,1.215559720993042,0.5129919052124023,9.077510546771553e-06
299950,14,1.273889183998108,0.5640744566917419,9.073388707992224e-06
300000,14,1.2134953737258911,0.520237386226654,9.069267861730327e-06
300050,14,1.2467072010040283,0.5755094885826111,9.065148008536588e-06
300100,14,1.2290763854980469,0.5398197770118713,9.061029148961595e-06
300150,14,1.1366145610809326,0.5257560014724731,9.056911283555802e-06
300200,14,1.1583359241485596,0.5321854948997498,9.052794412869547e-06
300250,14,1.1238648891448975,0.5058349370956421,9.048678537453005e-06
300300,14,1.1717875003814697,0.5294308066368103,9.044563657856247e-06
300350,14,1.1518685817718506,0.5040988922119141,9.040449774629197e-06
300400,14,1.2564160823822021,0.5669564008712769,9.036336888321647e-06
300450,14,1.2450459003448486,0.5407799482345581,9.03222499948326e-06
300500,14,1.2222914695739746,0.5620793104171753,9.028114108663555e-06
300550,14,1.2122867107391357,0.5621584057807922,9.024004216411939e-06
300600,14,1.1818809509277344,0.5908958911895752,9.019895323277657e-06
300650,14,1.1688232421875,0.5103501677513123,9.01578742980985e-06
300700,14,1.2100741863250732,0.5395062565803528,9.011680536557497e-06
300750,14,1.2191990613937378,0.5471033453941345,9.00757464406947e-06
300800,14,1.2313358783721924,0.560482382774353,9.00346975289448e-06
300850,14,1.1899569034576416,0.5382182002067566,8.999365863581127e-06
300900,14,1.2066376209259033,0.552715003490448,8.995262976677872e-06
300950,14,1.204555630683899,0.5948083400726318,8.991161092733031e-06
301000,14,1.1710227727890015,0.534304141998291,8.987060212294795e-06
301050,14,1.2153527736663818,0.5568233132362366,8.982960335911223e-06
301100,14,1.1875534057617188,0.5061143636703491,8.978861464130238e-06
301150,14,1.2129197120666504,0.517022967338562,8.974763597499622e-06
301200,14,1.157165765762329,0.5279325246810913,8.970666736567034e-06
301250,14,1.1998835802078247,0.5442957282066345,8.96657088187998e-06
301300,14,1.1841672658920288,0.5373592972755432,8.96247603398586e-06
301350,14,1.1914677619934082,0.5372280478477478,8.95838219343191e-06
301400,14,1.183396339416504,0.5481839179992676,8.954289360765254e-06
301450,14,1.206909418106079,0.6074573993682861,8.950197536532862e-06
301500,14,1.2427904605865479,0.5722891092300415,8.946106721281586e-06
301550,14,1.1785261631011963,0.5252249836921692,8.942016915558135e-06
301600,14,1.2087699174880981,0.5170130729675293,8.937928119909092e-06
301650,14,1.181318759918213,0.5553727149963379,8.933840334880886e-06
301700,14,1.13828706741333,0.5069757699966431,8.929753561019823e-06
301750,14,1.1585873365402222,0.5540271997451782,8.925667798872083e-06
301800,14,1.1869521141052246,0.5105363726615906,8.921583048983693e-06
301850,14,1.217538595199585,0.5420712828636169,8.917499311900556e-06
301900,14,1.226338267326355,0.5491591691970825,8.913416588168432e-06
301950,14,1.1857166290283203,0.5405011177062988,8.909334878332955e-06
302000,14,1.1809577941894531,0.5364220142364502,8.905254182939615e-06
302050,14,1.1891356706619263,0.5536880493164062,8.901174502533776e-06
302100,14,1.2472130060195923,0.5504799485206604,8.897095837660654e-06
302150,14,1.1959748268127441,0.5286504030227661,8.89301818886534e-06
302200,14,1.1589264869689941,0.5240879058837891,8.888941556692778e-06
302250,14,1.2327864170074463,0.564450740814209,8.884865941687793e-06
302300,14,1.1959903240203857,0.5363037586212158,8.88079134439505e-06
302350,14,1.2234541177749634,0.5698797106742859,8.876717765359106e-06
302400,14,1.179358959197998,0.5466827154159546,8.872645205124363e-06
302450,14,1.1642096042633057,0.5231006145477295,8.868573664235082e-06
302500,14,1.257047414779663,0.5685193538665771,8.864503143235416e-06
302550,14,1.0949897766113281,0.553461492061615,8.860433642669346e-06
302600,14,1.1817309856414795,0.511293351650238,8.85636516308075e-06
302650,14,1.237189531326294,0.5408841967582703,8.852297705013337e-06
302700,14,1.192439317703247,0.5522489547729492,8.84823126901071e-06
302750,14,1.2430338859558105,0.5537521243095398,8.84416585561631e-06
302800,14,1.2016960382461548,0.5296004414558411,8.84010146537346e-06
302850,14,1.152700424194336,0.5288563966751099,8.836038098825335e-06
302900,14,1.196362018585205,0.5692511796951294,8.831975756514974e-06
302950,14,1.1791698932647705,0.5352136492729187,8.827914438985288e-06
303000,14,1.2092491388320923,0.5313720107078552,8.823854146779049e-06
303050,14,1.2218539714813232,0.5476843118667603,8.819794880438875e-06
303100,14,1.2226310968399048,0.5632367730140686,8.815736640507271e-06
303150,14,1.2449564933776855,0.5788587927818298,8.811679427526593e-06
303200,14,1.178799033164978,0.5399848818778992,8.807623242039056e-06
303250,14,1.1710917949676514,0.5282455682754517,8.803568084586749e-06
303300,14,1.1704527139663696,0.5414280295372009,8.799513955711606e-06
303350,14,1.2273584604263306,0.5512952208518982,8.795460855955448e-06
303400,14,1.1889324188232422,0.5418973565101624,8.791408785859932e-06
303450,14,1.1646692752838135,0.5471908450126648,8.787357745966596e-06
303500,14,1.1531838178634644,0.5405837893486023,8.783307736816834e-06
303550,14,1.1679608821868896,0.5372477769851685,8.779258758951911e-06
303600,14,1.2681423425674438,0.5746862888336182,8.775210812912933e-06
303650,14,1.2124786376953125,0.5385987162590027,8.771163899240892e-06
303700,14,1.131739616394043,0.523801326751709,8.767118018476621e-06
303750,14,1.2152085304260254,0.5538238286972046,8.763073171160832e-06
303800,14,1.2669787406921387,0.5667799115180969,8.759029357834096e-06
303850,14,1.226275086402893,0.549146294593811,8.75498657903683e-06
303900,14,1.1456923484802246,0.5298211574554443,8.750944835309334e-06
303950,14,1.1614344120025635,0.5491413474082947,8.746904127191753e-06
304000,14,1.2019081115722656,0.5914388298988342,8.742864455224114e-06
304050,14,1.2028142213821411,0.5188382863998413,8.738825819946277e-06
304100,14,1.2470335960388184,0.5594821572303772,8.734788221897992e-06
304150,14,1.223543643951416,0.5351703763008118,8.730751661618845e-06
304200,14,1.1835050582885742,0.5141011476516724,8.726716139648305e-06
304250,14,1.1912624835968018,0.5181684494018555,8.722681656525686e-06
304300,14,1.1593579053878784,0.5305713415145874,8.718648212790177e-06
304350,14,1.1755003929138184,0.5448253154754639,8.714615808980813e-06
304400,14,1.2366875410079956,0.5549123287200928,8.710584445636504e-06
304450,14,1.2314778566360474,0.5454217195510864,8.706554123296011e-06
304500,14,1.1828986406326294,0.5487968325614929,8.702524842497962e-06
304550,14,1.186399221420288,0.5426002740859985,8.698496603780849e-06
304600,15,1.17762291431427,0.5379504561424255,8.694469407683012e-06
304650,15,1.132491946220398,0.5410379767417908,8.690443254742663e-06
304700,15,1.176887035369873,0.5324049592018127,8.686418145497866e-06
304750,15,1.2334059476852417,0.5408565402030945,8.682394080486557e-06
304800,15,1.22660231590271,0.5483837127685547,8.678371060246518e-06
304850,15,1.177863359451294,0.5360497236251831,8.674349085315408e-06
304900,15,1.252471923828125,0.5569250583648682,8.670328156230723e-06
304950,15,1.1950016021728516,0.5713916420936584,8.666308273529851e-06
305000,15,1.228438377380371,0.5202986001968384,8.66228943775001e-06
305050,15,1.2032711505889893,0.5332622528076172,8.658271649428303e-06
305100,15,1.1010645627975464,0.49637773633003235,8.654254909101665e-06
305150,15,1.1729724407196045,0.5159534811973572,8.650239217306917e-06
305200,15,1.1511037349700928,0.5426820516586304,8.646224574580732e-06
305250,15,1.1954195499420166,0.5513856410980225,8.642210981459631e-06
305300,15,1.2088406085968018,0.5461990833282471,8.638198438480013e-06
305350,15,1.1569795608520508,0.5287025570869446,8.63418694617812e-06
305400,15,1.1639000177383423,0.5455697178840637,8.630176505090065e-06
305450,15,1.2196247577667236,0.5207604765892029,8.626167115751816e-06
305500,15,1.1555789709091187,0.5269868969917297,8.62215877869921e-06
305550,15,1.163069486618042,0.5223082900047302,8.61815149446792e-06
305600,15,1.2265671491622925,0.5444895029067993,8.614145263593508e-06
305650,15,1.185401201248169,0.5086594820022583,8.610140086611365e-06
305700,15,1.1791008710861206,0.5635172128677368,8.60613596405677e-06
305750,15,1.1499946117401123,0.5555437803268433,8.602132896464837e-06
305800,15,1.1961524486541748,0.5252286791801453,8.598130884370553e-06
305850,15,1.1988134384155273,0.5524398684501648,8.594129928308764e-06
305900,15,1.1767051219940186,0.5278041362762451,8.590130028814167e-06
305950,15,1.1622258424758911,0.5155255198478699,8.586131186421324e-06
306000,15,1.2116291522979736,0.5355832576751709,8.582133401664652e-06
306050,15,1.1801869869232178,0.5445816516876221,8.578136675078432e-06
306100,15,1.2197606563568115,0.5560184121131897,8.574141007196797e-06
306150,15,1.1807576417922974,0.5398619174957275,8.570146398553749e-06
306200,15,1.2309916019439697,0.5224384069442749,8.566152849683125e-06
306250,15,1.2003098726272583,0.5287178158760071,8.562160361118655e-06
306300,15,1.184044361114502,0.5380293130874634,8.55816893339389e-06
306350,15,1.2161662578582764,0.533588707447052,8.55417856704227e-06
306400,15,1.2328922748565674,0.5517382025718689,8.55018926259708e-06
306450,15,1.207825779914856,0.5318958163261414,8.546201020591465e-06
306500,15,1.149812936782837,0.5508167147636414,8.542213841558419e-06
306550,15,1.1986808776855469,0.5335981249809265,8.538227726030812e-06
306600,15,1.1863880157470703,0.5204543471336365,8.534242674541357e-06
306650,15,1.2060317993164062,0.5428885221481323,8.530258687622631e-06
306700,15,1.1487360000610352,0.5670458078384399,8.52627576580707e-06
306750,15,1.1430621147155762,0.5059803128242493,8.522293909626956e-06
306800,15,1.197946548461914,0.5528334975242615,8.51831311961445e-06
306850,15,1.2399084568023682,0.5399597883224487,8.514333396301542e-06
306900,15,1.1768970489501953,0.549224853515625,8.510354740220115e-06
306950,15,1.2320741415023804,0.5540101528167725,8.506377151901877e-06
307000,15,1.2150437831878662,0.566326916217804,8.502400631878415e-06
307050,15,1.156158447265625,0.5124965310096741,8.498425180681157e-06
307100,15,1.2027966976165771,0.5320243239402771,8.494450798841397e-06
307150,15,1.1339771747589111,0.5443944334983826,8.490477486890288e-06
307200,15,1.1857860088348389,0.5355369448661804,8.486505245358832e-06
307250,15,1.1925934553146362,0.5623462796211243,8.482534074777902e-06
307300,15,1.2366875410079956,0.5463575124740601,8.478563975678205e-06
307350,15,1.1769671440124512,0.5347439646720886,8.474594948590328e-06
307400,15,1.1727094650268555,0.5503272414207458,8.470626994044703e-06
307450,15,1.2377249002456665,0.5474921464920044,8.466660112571624e-06
307500,15,1.1582715511322021,0.5434476137161255,8.462694304701232e-06
307550,15,1.226317048072815,0.5367646813392639,8.458729570963541e-06
307600,15,1.157560110092163,0.570964515209198,8.4547659118884e-06
307650,15,1.226844072341919,0.5469250679016113,8.450803328005535e-06
307700,15,1.185945749282837,0.5598211884498596,8.446841819844508e-06
307750,15,1.2107677459716797,0.5436614155769348,8.44288138793476e-06
307800,15,1.1850589513778687,0.5597984790802002,8.438922032805569e-06
307850,15,1.193580150604248,0.5662347674369812,8.434963754986079e-06
307900,15,1.1672732830047607,0.5066537857055664,8.431006555005288e-06
307950,15,1.1698551177978516,0.5111510157585144,8.427050433392054e-06
308000,15,1.2353546619415283,0.5444972515106201,8.423095390675074e-06
308050,15,1.1407887935638428,0.5173600316047668,8.419141427382924e-06
308100,15,1.1908499002456665,0.5319932103157043,8.415188544044028e-06
308150,15,1.2021995782852173,0.5711135864257812,8.411236741186652e-06
308200,15,1.2308886051177979,0.5425800681114197,8.407286019338934e-06
308250,15,1.1273317337036133,0.514877200126648,8.403336379028858e-06
308300,15,1.1533653736114502,0.5239984393119812,8.399387820784278e-06
308350,15,1.2237677574157715,0.545470118522644,8.395440345132872e-06
308400,15,1.2022619247436523,0.518210768699646,8.39149395260222e-06
308450,15,1.170447587966919,0.5199477672576904,8.38754864371971e-06
308500,15,1.2038097381591797,0.5567893385887146,8.38360441901262e-06
308550,15,1.1881401538848877,0.5665320158004761,8.379661279008059e-06
308600,15,1.1875700950622559,0.5257763266563416,8.375719224233008e-06
308650,15,1.152024507522583,0.530310869216919,8.371778255214301e-06
308700,15,1.1663624048233032,0.5171285271644592,8.367838372478607e-06
308750,15,1.1798691749572754,0.5440288782119751,8.363899576552485e-06
308800,15,1.1925944089889526,0.507840096950531,8.359961867962306e-06
308850,15,1.158275842666626,0.5122298002243042,8.356025247234343e-06
308900,15,1.1839008331298828,0.5440219044685364,8.352089714894682e-06
308950,15,1.2268962860107422,0.5362982153892517,8.348155271469292e-06
309000,15,1.2471333742141724,0.5500252842903137,8.344221917483974e-06
309050,15,1.2335302829742432,0.554192841053009,8.340289653464405e-06
309100,15,1.2113665342330933,0.5312095880508423,8.336358479936097e-06
309150,15,1.2165935039520264,0.5426916480064392,8.332428397424437e-06
309200,15,1.2489092350006104,0.568858802318573,8.32849940645464e-06
309250,15,1.2869846820831299,0.6095234751701355,8.324571507551799e-06
309300,15,1.1314572095870972,0.5047082304954529,8.320644701240849e-06
309350,15,1.1567212343215942,0.5168343186378479,8.31671898804659e-06
309400,15,1.1583493947982788,0.5232326984405518,8.312794368493654e-06
309450,15,1.1853502988815308,0.5523695349693298,8.308870843106544e-06
309500,15,1.1625019311904907,0.5122798681259155,8.304948412409622e-06
309550,15,1.1398781538009644,0.5417330265045166,8.301027076927085e-06
309600,15,1.1693222522735596,0.541502833366394,8.297106837183001e-06
309650,15,1.245510220527649,0.5513405799865723,8.293187693701274e-06
309700,15,1.222109079360962,0.5139256119728088,8.289269647005684e-06
309750,15,1.162280559539795,0.5285558700561523,8.285352697619841e-06
309800,15,1.2146815061569214,0.556006133556366,8.281436846067225e-06
309850,15,1.232340931892395,0.5373375415802002,8.277522092871164e-06
309900,15,1.1691296100616455,0.5329506993293762,8.273608438554837e-06
309950,15,1.1871130466461182,0.5333577394485474,8.269695883641277e-06
310000,15,1.2594846487045288,0.5910677313804626,8.265784428653379e-06
310050,15,1.2243949174880981,0.5627577304840088,8.26187407411387e-06
310100,15,1.2031222581863403,0.5500319004058838,8.25796482054535e-06
310150,15,1.1703901290893555,0.5204888582229614,8.25405666847027e-06
310200,15,1.2309777736663818,0.5465956926345825,8.25014961841092e-06
310250,15,1.20204758644104,0.5472068190574646,8.246243670889458e-06
310300,15,1.1984190940856934,0.5556765198707581,8.242338826427873e-06
310350,15,1.2457988262176514,0.5365613102912903,8.238435085548045e-06
310400,15,1.1500070095062256,0.5024225115776062,8.234532448771665e-06
310450,15,1.2555110454559326,0.5488318204879761,8.230630916620308e-06
310500,15,1.2050557136535645,0.562923014163971,8.226730489615373e-06
310550,15,1.201843023300171,0.577399492263794,8.222831168278143e-06
310600,15,1.2264999151229858,0.5516559481620789,8.21893295312972e-06
310650,15,1.1979825496673584,0.5505417585372925,8.215035844691083e-06
310700,15,1.176719307899475,0.5610876083374023,8.21113984348306e-06
310750,15,1.176828145980835,0.5051754713058472,8.207244950026313e-06
310800,15,1.2042315006256104,0.5504643321037292,8.203351164841376e-06
310850,15,1.1574125289916992,0.5257368683815002,8.199458488448627e-06
310900,15,1.139603614807129,0.5148878693580627,8.195566921368301e-06
310950,15,1.2164301872253418,0.5922551155090332,8.191676464120473e-06
311000,15,1.2269859313964844,0.6339189410209656,8.187787117225083e-06
311050,15,1.2193851470947266,0.5556401014328003,8.183898881201908e-06
311100,15,1.1902787685394287,0.5256487131118774,8.180011756570596e-06
311150,15,1.1857717037200928,0.5200185179710388,8.176125743850624e-06
311200,15,1.1561392545700073,0.50657719373703,8.172240843561341e-06
311250,15,1.1843407154083252,0.5330382585525513,8.168357056221926e-06
311300,15,1.1278325319290161,0.5129358172416687,8.164474382351438e-06
311350,15,1.1127161979675293,0.506412148475647,8.16059282246876e-06
311400,15,1.2161011695861816,0.5350784063339233,8.156712377092643e-06
311450,15,1.1936770677566528,0.5449008345603943,8.152833046741676e-06
311500,15,1.1854125261306763,0.5295466780662537,8.148954831934309e-06
311550,15,1.2329940795898438,0.5475634932518005,8.145077733188844e-06
311600,15,1.2268836498260498,0.5376838445663452,8.141201751023421e-06
311650,15,1.2494077682495117,0.5727820992469788,8.137326885956048e-06
311700,15,1.2377643585205078,0.5448747873306274,8.133453138504567e-06
311750,15,1.1797974109649658,0.5287366509437561,8.129580509186681e-06
311800,15,1.2092481851577759,0.5438320636749268,8.125708998519946e-06
311850,15,1.1868122816085815,0.547758162021637,8.121838607021764e-06
311900,15,1.186995267868042,0.5182446241378784,8.117969335209377e-06
311950,15,1.1655640602111816,0.5133530497550964,8.114101183599899e-06
312000,15,1.2145479917526245,0.5570158362388611,8.110234152710276e-06
312050,15,1.2480809688568115,0.5545610189437866,8.106368243057315e-06
312100,15,1.1988381147384644,0.5409706234931946,8.102503455157668e-06
312150,15,1.2028634548187256,0.5968621373176575,8.098639789527832e-06
312200,15,1.182723045349121,0.5656241178512573,8.094777246684173e-06
312250,15,1.217781901359558,0.587566614151001,8.090915827142884e-06
312300,15,1.252712607383728,0.5643119812011719,8.08705553142002e-06
312350,15,1.268359899520874,0.5427852272987366,8.083196360031488e-06
312400,15,1.2103909254074097,0.536899745464325,8.07933831349304e-06
312450,15,1.1714199781417847,0.547073245048523,8.075481392320273e-06
312500,15,1.2081305980682373,0.542241096496582,8.071625597028648e-06
312550,15,1.2127792835235596,0.5395297408103943,8.067770928133456e-06
312600,15,1.2037075757980347,0.5335215926170349,8.063917386149856e-06
312650,15,1.1659126281738281,0.5381032824516296,8.060064971592845e-06
312700,15,1.1719434261322021,0.5177857279777527,8.05621368497727e-06
312750,15,1.2088446617126465,0.5292674899101257,8.052363526817833e-06
312800,15,1.2390841245651245,0.5690392851829529,8.048514497629091e-06
312850,15,1.1511826515197754,0.5375698208808899,8.044666597925424e-06
312900,15,1.2116197347640991,0.5421739816665649,8.040819828221087e-06
312950,15,1.2034437656402588,0.5345650911331177,8.03697418903018e-06
313000,15,1.1953327655792236,0.530519425868988,8.03312968086664e-06
313050,15,1.1757563352584839,0.5612820386886597,8.029286304244265e-06
313100,15,1.1823101043701172,0.5537484288215637,8.025444059676688e-06
313150,15,1.1752182245254517,0.5557957291603088,8.021602947677414e-06
313200,15,1.1844429969787598,0.5619197487831116,8.017762968759763e-06
313250,15,1.2133386135101318,0.5355724692344666,8.013924123436944e-06
313300,15,1.1503316164016724,0.5410338640213013,8.010086412221977e-06
313350,15,1.1691662073135376,0.557212769985199,8.00624983562776e-06
313400,15,1.192314624786377,0.533680260181427,8.002414394167012e-06
313450,15,1.2160369157791138,0.5554125308990479,7.998580088352325e-06
313500,15,1.2150450944900513,0.5512186884880066,7.994746918696121e-06
313550,15,1.2050038576126099,0.5722280144691467,7.990914885710682e-06
313600,15,1.1786069869995117,0.5427520275115967,7.98708398990814e-06
313650,15,1.2362346649169922,0.5906745195388794,7.983254231800455e-06
313700,15,1.1875486373901367,0.5350900888442993,7.979425611899458e-06
313750,15,1.1490757465362549,0.5378822088241577,7.975598130716813e-06
313800,15,1.2018373012542725,0.54714435338974,7.97177178876405e-06
313850,15,1.197810411453247,0.5619256496429443,7.96794658655252e-06
313900,15,1.202978491783142,0.5456189513206482,7.964122524593443e-06
313950,15,1.1494429111480713,0.5321025848388672,7.960299603397877e-06
314000,15,1.2208287715911865,0.5349248051643372,7.956477823476735e-06
314050,15,1.1786291599273682,0.5197505950927734,7.952657185340763e-06
314100,15,1.2424306869506836,0.5965104103088379,7.948837689500576e-06
314150,15,1.2179348468780518,0.5337456464767456,7.945019336466613e-06
314200,15,1.1699035167694092,0.5294833779335022,7.941202126749175e-06
314250,15,1.2560445070266724,0.5905320644378662,7.93738606085841e-06
314300,15,1.1539957523345947,0.5252940654754639,7.933571139304313e-06
314350,15,1.18755304813385,0.5720047354698181,7.929757362596713e-06
314400,15,1.1807334423065186,0.5099818110466003,7.925944731245302e-06
314450,15,1.155764102935791,0.5203320384025574,7.922133245759617e-06
314500,15,1.2102160453796387,0.5398512482643127,7.918322906649027e-06
314550,15,1.2042701244354248,0.5309565663337708,7.914513714422773e-06
314600,15,1.2716866731643677,0.5873561501502991,7.91070566958991e-06
314650,15,1.1622133255004883,0.5361970663070679,7.906898772659377e-06
314700,15,1.1639273166656494,0.529642641544342,7.90309302413992e-06
314750,15,1.2184009552001953,0.5615803003311157,7.899288424540177e-06
314800,15,1.2040255069732666,0.5514439940452576,7.895484974368588e-06
314850,15,1.1795315742492676,0.5342162847518921,7.891682674133467e-06
314900,15,1.2047803401947021,0.5495296716690063,7.887881524342962e-06
314950,15,1.2111307382583618,0.5769314765930176,7.884081525505072e-06
315000,15,1.1997255086898804,0.536475658416748,7.880282678127651e-06
315050,15,1.2452311515808105,0.5661450624465942,7.876484982718377e-06
315100,15,1.2044620513916016,0.5302537083625793,7.872688439784797e-06
315150,15,1.2594135999679565,0.538314163684845,7.868893049834285e-06
315200,15,1.2350916862487793,0.5308632254600525,7.86509881337407e-06
315250,15,1.2199835777282715,0.5634927749633789,7.861305730911234e-06
315300,15,1.203741431236267,0.5339144468307495,7.857513802952698e-06
315350,15,1.201435923576355,0.5620625615119934,7.853723030005221e-06
315400,15,1.2072503566741943,0.5553995370864868,7.84993341257542e-06
315450,15,1.2181950807571411,0.572635293006897,7.846144951169746e-06
315500,15,1.2260935306549072,0.5661899447441101,7.84235764629451e-06
315550,15,1.1701183319091797,0.5507864952087402,7.83857149845585e-06
315600,15,1.1963382959365845,0.522932767868042,7.834786508159766e-06
315650,15,1.182725191116333,0.5148612260818481,7.831002675912097e-06
315700,15,1.190830945968628,0.5599833130836487,7.82722000221853e-06
315750,15,1.2018330097198486,0.5340793132781982,7.82343848758459e-06
315800,15,1.1081572771072388,0.5317481756210327,7.819658132515649e-06
315850,15,1.1476397514343262,0.530352771282196,7.815878937516934e-06
315900,15,1.2840436697006226,0.5631455779075623,7.8121009030935e-06
315950,15,1.1877386569976807,0.5536225438117981,7.808324029750267e-06
316000,15,1.2475616931915283,0.5734705328941345,7.80454831799198e-06
316050,15,1.2084859609603882,0.5498377680778503,7.800773768323245e-06
316100,15,1.147110939025879,0.518273651599884,7.797000381248496e-06
316150,15,1.1257617473602295,0.5151678323745728,7.793228157272026e-06
316200,15,1.191804051399231,0.537453830242157,7.789457096897973e-06
316250,15,1.1243038177490234,0.5352852940559387,7.785687200630313e-06
316300,15,1.1881506443023682,0.5446465015411377,7.78191846897286e-06
316350,15,1.1545286178588867,0.5191118121147156,7.778150902429288e-06
316400,15,1.225999355316162,0.5524331331253052,7.7743845015031e-06
316450,15,1.196136474609375,0.554570198059082,7.770619266697654e-06
316500,15,1.1608532667160034,0.5152038335800171,7.766855198516156e-06
316550,15,1.2318575382232666,0.568429708480835,7.763092297461635e-06
316600,15,1.1744838953018188,0.5248669385910034,7.759330564036992e-06
316650,15,1.2413753271102905,0.5468860864639282,7.755569998744941e-06
316700,15,1.2241957187652588,0.5571737289428711,7.751810602088075e-06
316750,15,1.2050780057907104,0.548442006111145,7.7480523745688e-06
316800,15,1.1505753993988037,0.5440012216567993,7.744295316689386e-06
316850,15,1.2566323280334473,0.5773328542709351,7.74053942895193e-06
316900,15,1.1995849609375,0.5399190783500671,7.736784711858393e-06
316950,15,1.2180821895599365,0.5248330235481262,7.733031165910556e-06
317000,15,1.277876377105713,0.5641750693321228,7.729278791610059e-06
317050,15,1.2459921836853027,0.5930334329605103,7.725527589458393e-06
317100,15,1.1541962623596191,0.5039021372795105,7.721777559956864e-06
317150,15,1.1352959871292114,0.5325369238853455,7.718028703606648e-06
317200,15,1.1976947784423828,0.5061068534851074,7.714281020908757e-06
317250,15,1.2394670248031616,0.5629252195358276,7.710534512364041e-06
317300,15,1.2388242483139038,0.5780178308486938,7.706789178473195e-06
317350,15,1.2265254259109497,0.5753875970840454,7.70304501973676e-06
317400,15,1.1763718128204346,0.5186129212379456,7.699302036655115e-06
317450,15,1.1746327877044678,0.5351006984710693,7.695560229728493e-06
317500,15,1.205528736114502,0.5219492316246033,7.691819599456948e-06
317550,15,1.148148536682129,0.5251680016517639,7.688080146340404e-06
317600,15,1.1852166652679443,0.567118227481842,7.684341870878604e-06
317650,15,1.165379285812378,0.5346064567565918,7.68060477357115e-06
317700,15,1.1962698698043823,0.5463773608207703,7.676868854917474e-06
317750,15,1.256403923034668,0.5597159266471863,7.673134115416868e-06
317800,15,1.1708687543869019,0.5370979905128479,7.669400555568444e-06
317850,15,1.2088260650634766,0.5304968953132629,7.665668175871171e-06
317900,15,1.13691246509552,0.5286889672279358,7.661936976823864e-06
317950,15,1.2854970693588257,0.5819097757339478,7.658206958925163e-06
318000,15,1.1925510168075562,0.5303056240081787,7.654478122673567e-06
318050,15,1.2098705768585205,0.5286164283752441,7.650750468567403e-06
318100,15,1.2059690952301025,0.49695277214050293,7.64702399710485e-06
318150,15,1.1359703540802002,0.5180469751358032,7.64329870878393e-06
318200,15,1.139129400253296,0.5652809143066406,7.639574604102505e-06
318250,15,1.2106349468231201,0.5633893609046936,7.63585168355827e-06
318300,15,1.1322815418243408,0.5207709074020386,7.632129947648774e-06
318350,15,1.187888741493225,0.55904620885849,7.6284093968713965e-06
318400,15,1.2040185928344727,0.5230309963226318,7.62469003172337e-06
318450,15,1.1670832633972168,0.5595569610595703,7.620971852701758e-06
318500,15,1.1926095485687256,0.5401454567909241,7.617254860303475e-06
318550,15,1.1973018646240234,0.5384076833724976,7.6135390550252746e-06
318600,15,1.2352442741394043,0.5634406208992004,7.609824437363738e-06
318650,15,1.1751174926757812,0.5353055596351624,7.606111007815314e-06
318700,15,1.2044271230697632,0.555909276008606,7.602398766876267e-06
318750,15,1.2058159112930298,0.5454347729682922,7.598687715042723e-06
318800,15,1.154563307762146,0.5611612200737,7.594977852810627e-06
318850,15,1.1388788223266602,0.5298131704330444,7.591269180675789e-06
318900,15,1.1927380561828613,0.5364955067634583,7.587561699133842e-06
318950,15,1.16189444065094,0.5181677341461182,7.583855408680274e-06
319000,15,1.1760749816894531,0.5394914746284485,7.580150309810393e-06
319050,15,1.1461100578308105,0.541834831237793,7.57644640301937e-06
319100,15,1.1439852714538574,0.5358424186706543,7.572743688802206e-06
319150,15,1.209334373474121,0.5447930693626404,7.569042167653748e-06
319200,15,1.161178469657898,0.5241864323616028,7.565341840068671e-06
319250,15,1.2251849174499512,0.5328583121299744,7.561642706541504e-06
319300,15,1.1590397357940674,0.5560068488121033,7.557944767566619e-06
319350,15,1.154794454574585,0.5275567770004272,7.554248023638207e-06
319400,15,1.2157502174377441,0.5201853513717651,7.550552475250326e-06
319450,15,1.1926045417785645,0.5519682168960571,7.546858122896853e-06
319500,15,1.1818161010742188,0.5466538071632385,7.543164967071519e-06
319550,15,1.1995134353637695,0.5301493406295776,7.539473008267887e-06
319600,15,1.2106938362121582,0.5464978814125061,7.535782246979358e-06
319650,15,1.2009016275405884,0.5569596886634827,7.532092683699185e-06
319700,15,1.2517260313034058,0.5678614377975464,7.528404318920459e-06
319750,15,1.2573301792144775,0.5751292705535889,7.524717153136094e-06
319800,15,1.1619532108306885,0.5240108966827393,7.521031186838861e-06
319850,15,1.1509325504302979,0.5043649077415466,7.517346420521362e-06
319900,15,1.1875402927398682,0.5680863857269287,7.5136628546760414e-06
319950,15,1.140078067779541,0.5122944712638855,7.509980489795193e-06
320000,15,1.262595772743225,0.546303927898407,7.506299326370926e-06
320050,15,1.2069505453109741,0.5590181946754456,7.50261936489521e-06
320100,15,1.1830174922943115,0.5369535088539124,7.4989406058598495e-06
320150,15,1.2076325416564941,0.5601531863212585,7.495263049756489e-06
320200,15,1.162330150604248,0.5566995739936829,7.4915866970766e-06
320250,15,1.1760196685791016,0.5284719467163086,7.487911548311513e-06
320300,15,1.1763118505477905,0.523241400718689,7.484237603952378e-06
320350,15,1.1111457347869873,0.5148406624794006,7.480564864490201e-06
320400,15,1.1662406921386719,0.5358392000198364,7.4768933304158115e-06
320450,15,1.1946399211883545,0.5372004508972168,7.473223002219896e-06
320500,15,1.211108684539795,0.5454102754592896,7.469553880392956e-06
320550,15,1.2598719596862793,0.6135413646697998,7.465885965425357e-06
320600,15,1.2019133567810059,0.5749871730804443,7.462219257807285e-06
320650,15,1.1836867332458496,0.5879002809524536,7.458553758028774e-06
320700,15,1.241807222366333,0.5752428770065308,7.4548894665796984e-06
320750,15,1.1789227724075317,0.5395302772521973,7.451226383949758e-06
320800,15,1.2134594917297363,0.5698604583740234,7.447564510628507e-06
320850,15,1.1299829483032227,0.5096314549446106,7.443903847105322e-06
320900,15,1.1527211666107178,0.5241570472717285,7.440244393869435e-06
320950,15,1.2089519500732422,0.5345677733421326,7.436586151409902e-06
321000,15,1.1789343357086182,0.5798201560974121,7.432929120215627e-06
321050,15,1.1532554626464844,0.5393754243850708,7.429273300775337e-06
321100,15,1.2455079555511475,0.5442264080047607,7.425618693577625e-06
321150,15,1.310307264328003,0.5793417692184448,7.421965299110893e-06
321200,15,1.2344269752502441,0.5618999600410461,7.418313117863402e-06
321250,15,1.1640654802322388,0.5355026721954346,7.414662150323231e-06
321300,15,1.1708502769470215,0.5451087951660156,7.411012396978314e-06
321350,15,1.1964097023010254,0.5326834917068481,7.4073638583164206e-06
321400,15,1.2334692478179932,0.5712350606918335,7.403716534825143e-06
321450,15,1.194270372390747,0.5669117569923401,7.400070426991935e-06
321500,15,1.2279020547866821,0.5800285935401917,7.3964255353040594e-06
321550,15,1.1778552532196045,0.5263595581054688,7.392781860248643e-06
321600,15,1.216811180114746,0.5554794073104858,7.389139402312635e-06
321650,15,1.2159513235092163,0.5352954268455505,7.385498161982831e-06
321700,15,1.256990909576416,0.5761458873748779,7.381858139745849e-06
321750,15,1.221982717514038,0.5646381378173828,7.378219336088164e-06
321800,15,1.1643940210342407,0.5323886275291443,7.374581751496069e-06
321850,15,1.2108008861541748,0.5636889338493347,7.3709453864557115e-06
321900,15,1.2050840854644775,0.5429681539535522,7.367310241453059e-06
321950,15,1.2078220844268799,0.5376331210136414,7.363676316973929e-06
322000,15,1.1531963348388672,0.5120704770088196,7.360043613503976e-06
322050,15,1.2150003910064697,0.5817174315452576,7.356412131528678e-06
322100,15,1.154905915260315,0.5115357041358948,7.3527818715333615e-06
322150,15,1.196750521659851,0.5259010791778564,7.349152834003187e-06
322200,15,1.2290728092193604,0.5530145764350891,7.34552501942316e-06
322250,15,1.2038109302520752,0.5422587394714355,7.341898428278099e-06
322300,15,1.195458173751831,0.5305891036987305,7.338273061052687e-06
322350,15,1.2227721214294434,0.5730987191200256,7.334648918231419e-06
322400,15,1.2606221437454224,0.6006913781166077,7.331026000298649e-06
322450,15,1.1670805215835571,0.5177715420722961,7.327404307738543e-06
322500,15,1.2395405769348145,0.5715574622154236,7.323783841035126e-06
322550,15,1.1979814767837524,0.5543492436408997,7.3201646006722445e-06
322600,15,1.1781598329544067,0.5592710375785828,7.316546587133593e-06
322650,15,1.162984848022461,0.5392125844955444,7.312929800902688e-06
322700,15,1.1421763896942139,0.5480204224586487,7.3093142424628885e-06
322750,15,1.1431148052215576,0.5381609797477722,7.305699912297397e-06
322800,15,1.1887837648391724,0.5412788987159729,7.302086810889238e-06
322850,15,1.1905258893966675,0.5462401509284973,7.298474938721285e-06
322900,15,1.1578209400177002,0.508488118648529,7.294864296276232e-06
322950,15,1.1895084381103516,0.5343581438064575,7.291254884036629e-06
323000,15,1.1561447381973267,0.5144215822219849,7.287646702484831e-06
323050,15,1.121734380722046,0.5440728068351746,7.284039752103071e-06
323100,15,1.2578468322753906,0.5909830927848816,7.280434033373379e-06
323150,15,1.291050910949707,0.5733952522277832,7.276829546777643e-06
323200,15,1.1600067615509033,0.5210270285606384,7.2732262927975715e-06
323250,15,1.2288670539855957,0.5632705092430115,7.269624271914722e-06
323300,15,1.1677019596099854,0.5561290383338928,7.266023484610476e-06
323350,15,1.1735196113586426,0.5487384796142578,7.262423931366055e-06
323400,15,1.1828536987304688,0.5719916820526123,7.258825612662523e-06
323450,15,1.2172801494598389,0.5327093601226807,7.2552285289807605e-06
323500,15,1.196215271949768,0.5565699934959412,7.251632680801501e-06
323550,15,1.2457542419433594,0.5800231695175171,7.248038068605301e-06
323600,15,1.168560266494751,0.53078693151474,7.2444446928725654e-06
323650,15,1.2133666276931763,0.5278244614601135,7.240852554083516e-06
323700,15,1.2403141260147095,0.5347450375556946,7.237261652718226e-06
323750,15,1.195288896560669,0.5347373485565186,7.233671989256586e-06
323800,15,1.1425364017486572,0.5183959603309631,7.23008356417834e-06
323850,15,1.2180202007293701,0.5350378751754761,7.226496377963051e-06
323900,15,1.2071200609207153,0.5388572812080383,7.222910431090128e-06
323950,15,1.1282693147659302,0.5161980390548706,7.219325724038802e-06
324000,15,1.1840887069702148,0.5387546420097351,7.21574225728815e-06
324050,15,1.1194199323654175,0.5134607553482056,7.212160031317077e-06
324100,15,1.2072830200195312,0.5545784831047058,7.20857904660433e-06
324150,15,1.2274318933486938,0.5486284494400024,7.204999303628474e-06
324200,15,1.1539392471313477,0.550392210483551,7.2014208028679225e-06
324250,15,1.2481577396392822,0.5855358242988586,7.197843544800924e-06
324300,15,1.1071605682373047,0.5189167857170105,7.1942675299055444e-06
324350,15,1.212788701057434,0.5353608727455139,7.190692758659705e-06
324400,15,1.2157708406448364,0.5718769431114197,7.18711923154114e-06
324450,15,1.1997904777526855,0.5404556393623352,7.183546949027439e-06
324500,15,1.1641781330108643,0.5152546167373657,7.179975911595997e-06
324550,15,1.125888466835022,0.5086613297462463,7.176406119724081e-06
324600,15,1.218496561050415,0.5279607772827148,7.172837573888754e-06
324650,15,1.2460479736328125,0.5591230392456055,7.169270274566938e-06
324700,15,1.22679603099823,0.5772526860237122,7.165704222235371e-06
324750,15,1.2314045429229736,0.5509040951728821,7.162139417370637e-06
324800,15,1.1803300380706787,0.5310186147689819,7.158575860449151e-06
324850,15,1.2740211486816406,0.574072539806366,7.155013551947152e-06
324900,15,1.2188235521316528,0.5977937579154968,7.151452492340726e-06
324950,15,1.1053204536437988,0.5102100372314453,7.1478926821057725e-06
325000,15,1.2086749076843262,0.5551431775093079,7.144334121718056e-06
325050,15,1.183792233467102,0.5373598337173462,7.140776811653137e-06
325100,15,1.1967806816101074,0.5287608504295349,7.137220752386441e-06
325150,15,1.1717512607574463,0.543420672416687,7.133665944393198e-06
325200,15,1.1924612522125244,0.5652808547019958,7.130112388148496e-06
325250,15,1.0831012725830078,0.5076170563697815,7.126560084127235e-06
325300,15,1.1707444190979004,0.5443403124809265,7.123009032804165e-06
325350,15,1.1710546016693115,0.5239565372467041,7.119459234653851e-06
325400,15,1.2005287408828735,0.5248842835426331,7.115910690150707e-06
325450,15,1.1815760135650635,0.5483367443084717,7.11236339976897e-06
325500,15,1.16428542137146,0.5464864373207092,7.108817363982719e-06
325550,15,1.1607835292816162,0.523357629776001,7.105272583265847e-06
325600,15,1.1577681303024292,0.5062496662139893,7.101729058092096e-06
325650,15,1.1618475914001465,0.5200428366661072,7.098186788935036e-06
325700,15,1.171842098236084,0.5558640360832214,7.094645776268065e-06
325750,15,1.2615083456039429,0.5511354207992554,7.0911060205644195e-06
325800,15,1.2029223442077637,0.5552219748497009,7.087567522297158e-06
325850,15,1.195847988128662,0.5562310218811035,7.084030281939186e-06
325900,15,1.2190507650375366,0.57925945520401,7.080494299963223e-06
325950,15,1.2095518112182617,0.5222283005714417,7.076959576841835e-06
326000,15,1.198447346687317,0.528889536857605,7.073426113047413e-06
326050,15,1.2118421792984009,0.5283477902412415,7.0698939090521845e-06
326100,15,1.2164963483810425,0.5439422726631165,7.0663629653282e-06
326150,15,1.1873148679733276,0.5150613784790039,7.062833282347352e-06
326200,15,1.218130350112915,0.5395388603210449,7.0593048605813515e-06
326250,15,1.1565966606140137,0.5301244258880615,7.055777700501754e-06
326300,15,1.214787483215332,0.560437798500061,7.0522518025799445e-06
326350,16,1.2403929233551025,0.5817115306854248,7.048727167287128e-06
326400,16,1.2275707721710205,0.5511626601219177,7.045203795094357e-06
326450,16,1.1664468050003052,0.5500894784927368,7.041681686472493e-06
326500,16,1.201214075088501,0.5666054487228394,7.038160841892262e-06
326550,16,1.2024903297424316,0.5248542428016663,7.034641261824186e-06
326600,16,1.2341420650482178,0.5633362531661987,7.0311229467386436e-06
326650,16,1.183997631072998,0.5247207283973694,7.0276058971058266e-06
326700,16,1.2029507160186768,0.5706371665000916,7.024090113395771e-06
326750,16,1.2511837482452393,0.589919924736023,7.020575596078334e-06
326800,16,1.1682707071304321,0.5210192203521729,7.017062345623206e-06
326850,16,1.1575194597244263,0.5375576019287109,7.01355036249992e-06
326900,16,1.1870532035827637,0.5421508550643921,7.010039647177816e-06
326950,16,1.1964099407196045,0.541732132434845,7.006530200126084e-06
327000,16,1.2149499654769897,0.5700464844703674,7.003022021813739e-06
327050,16,1.1879947185516357,0.5481529831886292,6.99951511270963e-06
327100,16,1.1793736219406128,0.5377017855644226,6.996009473282423e-06
327150,16,1.1807620525360107,0.544212818145752,6.992505104000631e-06
327200,16,1.162304162979126,0.5337804555892944,6.989002005332584e-06
327250,16,1.186511516571045,0.540847897529602,6.985500177746453e-06
327300,16,1.1936079263687134,0.5476700067520142,6.981999621710228e-06
327350,16,1.1577811241149902,0.5028865337371826,6.978500337691745e-06
327400,16,1.206873893737793,0.5641924142837524,6.975002326158643e-06
327450,16,1.1965457201004028,0.5728594660758972,6.971505587578428e-06
327500,16,1.2846758365631104,0.5624499917030334,6.968010122418404e-06
327550,16,1.136894941329956,0.5285666584968567,6.964515931145724e-06
327600,16,1.1750481128692627,0.5605313181877136,6.9610230142273536e-06
327650,16,1.2304726839065552,0.5605193376541138,6.957531372130102e-06
327700,16,1.1369963884353638,0.5211541056632996,6.954041005320612e-06
327750,16,1.1774953603744507,0.5468297600746155,6.95055191426534e-06
327800,16,1.2361125946044922,0.5736797451972961,6.947064099430583e-06
327850,16,1.1557074785232544,0.538951575756073,6.94357756128246e-06
327900,16,1.186042070388794,0.5363691449165344,6.940092300286924e-06
327950,16,1.1597672700881958,0.5420010089874268,6.936608316909764e-06
328000,16,1.264925479888916,0.5529970526695251,6.933125611616589e-06
328050,16,1.1651690006256104,0.526520848274231,6.929644184872833e-06
328100,16,1.2177462577819824,0.5557531118392944,6.926164037143776e-06
328150,16,1.1553211212158203,0.559523344039917,6.922685168894505e-06
328200,16,1.1169888973236084,0.5344039797782898,6.919207580589961e-06
328250,16,1.2377679347991943,0.556904137134552,6.915731272694886e-06
328300,16,1.2457921504974365,0.5556744337081909,6.912256245673874e-06
328350,16,1.2412371635437012,0.5871713757514954,6.908782499991342e-06
328400,16,1.1289911270141602,0.5230124592781067,6.9053100361115265e-06
328450,16,1.2523903846740723,0.568943440914154,6.901838854498501e-06
328500,16,1.2057867050170898,0.5328315496444702,6.8983689556161665e-06
328550,16,1.1839027404785156,0.5279566049575806,6.894900339928258e-06
328600,16,1.2117608785629272,0.5653523206710815,6.891433007898324e-06
328650,16,1.1849602460861206,0.5277175307273865,6.887966959989756e-06
328700,16,1.212011456489563,0.5552600622177124,6.884502196665766e-06
328750,16,1.1461105346679688,0.5226989984512329,6.881038718389398e-06
328800,16,1.1916563510894775,0.5190946459770203,6.877576525623519e-06
328850,16,1.2447272539138794,0.5626351833343506,6.874115618830832e-06
328900,16,1.1531662940979004,0.5361818671226501,6.870655998473862e-06
328950,16,1.1138055324554443,0.5191128849983215,6.867197665014971e-06
329000,16,1.2370193004608154,0.5622389912605286,6.8637406189163336e-06
329050,16,1.1868653297424316,0.5585199594497681,6.860284860639964e-06
329100,16,1.1662555932998657,0.5368636250495911,6.856830390647705e-06
329150,16,1.2424683570861816,0.5411141514778137,6.853377209401219e-06
329200,16,1.281598687171936,0.5316802263259888,6.849925317362005e-06
329250,16,1.1956274509429932,0.5764595866203308,6.846474714991381e-06
329300,16,1.2443492412567139,0.5843487977981567,6.843025402750501e-06
329350,16,1.1650402545928955,0.5399291515350342,6.839577381100334e-06
329400,16,1.2343417406082153,0.5411635637283325,6.836130650501701e-06
329450,16,1.1707205772399902,0.512683629989624,6.832685211415223e-06
329500,16,1.1509742736816406,0.5322064757347107,6.829241064301365e-06
329550,16,1.1851792335510254,0.5555359125137329,6.82579820962041e-06
329600,16,1.2108526229858398,0.5463796854019165,6.8223566478324785e-06
329650,16,1.271391749382019,0.5872063040733337,6.818916379397504e-06
329700,16,1.147359848022461,0.5279049873352051,6.815477404775265e-06
329750,16,1.2129278182983398,0.5335479974746704,6.812039724425354e-06
329800,16,1.1470657587051392,0.5233662128448486,6.8086033388071914e-06
329850,16,1.2308483123779297,0.5486395359039307,6.805168248380028e-06
329900,16,1.2196555137634277,0.5688832998275757,6.801734453602944e-06
329950,16,1.121107578277588,0.5296804904937744,6.798301954934846e-06
330000,16,1.1203086376190186,0.5495433211326599,6.794870752834458e-06
330050,16,1.1950280666351318,0.5463714003562927,6.791440847760343e-06
330100,16,1.1226534843444824,0.5283421874046326,6.7880122401708775e-06
330150,16,1.2003235816955566,0.5364720821380615,6.784584930524282e-06
330200,16,1.2144737243652344,0.5445556044578552,6.781158919278585e-06
330250,16,1.1897798776626587,0.5357847809791565,6.777734206891658e-06
330300,16,1.1944304704666138,0.5782555341720581,6.774310793821182e-06
330350,16,1.2048242092132568,0.552749752998352,6.77088868052468e-06
330400,16,1.228206992149353,0.5705971121788025,6.767467867459492e-06
330450,16,1.2171802520751953,0.5478388071060181,6.764048355082794e-06
330500,16,1.1856865882873535,0.5494589805603027,6.760630143851569e-06
330550,16,1.1935886144638062,0.5595231056213379,6.7572132342226475e-06
330600,16,1.164886236190796,0.5318804979324341,6.753797626652676e-06
330650,16,1.1753259897232056,0.5092219710350037,6.7503833215981244e-06
330700,16,1.1850385665893555,0.5500989556312561,6.746970319515298e-06
330750,16,1.189906358718872,0.5593997240066528,6.743558620860312e-06
330800,16,1.1965770721435547,0.5348348617553711,6.740148226089127e-06
330850,16,1.159605860710144,0.536133885383606,6.736739135657507e-06
330900,16,1.1981014013290405,0.5131056904792786,6.733331350021073e-06
330950,16,1.1923744678497314,0.537213921546936,6.7299248696352375e-06
331000,16,1.1979758739471436,0.5544692277908325,6.726519694955264e-06
331050,16,1.1954559087753296,0.4928912818431854,6.7231158264362225e-06
331100,16,1.1763389110565186,0.5188878178596497,6.719713264533022e-06
331150,16,1.1890027523040771,0.5329421162605286,6.716312009700397e-06
331200,16,1.2123677730560303,0.5669893026351929,6.712912062392894e-06
331250,16,1.1982216835021973,0.5519540905952454,6.709513423064902e-06
331300,16,1.1412327289581299,0.5432396531105042,6.706116092170617e-06
331350,16,1.264878273010254,0.5624099373817444,6.702720070164077e-06
331400,16,1.1825814247131348,0.527116596698761,6.699325357499133e-06
331450,16,1.2144299745559692,0.5572099089622498,6.695931954629474e-06
331500,16,1.1952589750289917,0.5414073467254639,6.692539862008598e-06
331550,16,1.1648627519607544,0.5431612730026245,6.689149080089841e-06
331600,16,1.1898475885391235,0.5484364628791809,6.685759609326352e-06
331650,16,1.2379034757614136,0.5436198115348816,6.6823714501711194e-06
331700,16,1.152727484703064,0.5068278908729553,6.6789846030769395e-06
331750,16,1.2627978324890137,0.5865136384963989,6.675599068496446e-06
331800,16,1.1308128833770752,0.5413369536399841,6.672214846882095e-06
331850,16,1.1715922355651855,0.5256226658821106,6.668831938686167e-06
331900,16,1.2304418087005615,0.5844096541404724,6.665450344360758e-06
331950,16,1.1906689405441284,0.5621535181999207,6.662070064357802e-06
332000,16,1.225297212600708,0.5256747007369995,6.658691099129051e-06
332050,16,1.1886026859283447,0.5539145469665527,6.655313449126076e-06
332100,16,1.125040888786316,0.4959961175918579,6.651937114800285e-06
332150,16,1.1772944927215576,0.5339897871017456,6.648562096602893e-06
332200,16,1.1574450731277466,0.5424450039863586,6.64518839498496e-06
332250,16,1.1630343198776245,0.5157700181007385,6.641816010397351e-06
332300,16,1.2071173191070557,0.5544488430023193,6.638444943290762e-06
332350,16,1.1462409496307373,0.5280858278274536,6.63507519411572e-06
332400,16,1.2310808897018433,0.5352657437324524,6.631706763322568e-06
332450,16,1.1885474920272827,0.5527546405792236,6.628339651361471e-06
332500,16,1.2081139087677002,0.5563348531723022,6.624973858682426e-06
332550,16,1.1724746227264404,0.5528103113174438,6.621609385735243e-06
332600,16,1.1830782890319824,0.5782918930053711,6.618246232969565e-06
332650,16,1.2154430150985718,0.5279542207717896,6.6148844008348595e-06
332700,16,1.1791784763336182,0.5368489027023315,6.611523889780403e-06
332750,16,1.2660233974456787,0.5566670298576355,6.608164700255316e-06
332800,16,1.2424827814102173,0.545401930809021,6.6048068327085186e-06
332850,16,1.2033774852752686,0.5569530129432678,6.601450287588785e-06
332900,16,1.1622803211212158,0.5375543236732483,6.598095065344681e-06
332950,16,1.1920361518859863,0.5422215461730957,6.5947411664246195e-06
333000,16,1.2076247930526733,0.5669655203819275,6.591388591276819e-06
333050,16,1.2167792320251465,0.5590611100196838,6.588037340349335e-06
333100,16,1.169337511062622,0.531980574131012,6.584687414090035e-06
333150,16,1.1646242141723633,0.5189810991287231,6.581338812946617e-06
333200,16,1.1760790348052979,0.5522291660308838,6.5779915373666014e-06
333250,16,1.1609458923339844,0.5524022579193115,6.574645587797325e-06
333300,16,1.2195422649383545,0.5635121464729309,6.5713009646859525e-06
333350,16,1.2299829721450806,0.5573704838752747,6.567957668479474e-06
333400,16,1.1776708364486694,0.5168362259864807,6.5646156996247e-06
333450,16,1.2115954160690308,0.5335192084312439,6.561275058568257e-06
333500,16,1.1534614562988281,0.5171738266944885,6.557935745756604e-06
333550,16,1.173818588256836,0.5362832546234131,6.554597761636014e-06
333600,16,1.1873806715011597,0.5354647636413574,6.551261106652591e-06
333650,16,1.1829259395599365,0.5086062550544739,6.547925781252252e-06
333700,16,1.2656147480010986,0.579657256603241,6.544591785880748e-06
333750,16,1.1626427173614502,0.5261591076850891,6.541259120983637e-06
333800,16,1.1578583717346191,0.549690842628479,6.53792778700631e-06
333850,16,1.155017375946045,0.5089658498764038,6.534597784393982e-06
333900,16,1.3243327140808105,0.6113889813423157,6.531269113591684e-06
333950,16,1.1962671279907227,0.5366091132164001,6.5279417750442696e-06
334000,16,1.1336404085159302,0.5023842453956604,6.524615769196415e-06
334050,16,1.183410882949829,0.5370489954948425,6.521291096492624e-06
334100,16,1.103703260421753,0.5219380259513855,6.517967757377208e-06
334150,16,1.1952235698699951,0.5567110776901245,6.51464575229432e-06
334200,16,1.1803147792816162,0.5199832320213318,6.511325081687912e-06
334250,16,1.1947628259658813,0.5335978865623474,6.508005746001778e-06
334300,16,1.1830418109893799,0.5571916699409485,6.504687745679521e-06
334350,16,1.2008981704711914,0.5042487978935242,6.501371081164578e-06
334400,16,1.1559969186782837,0.5511391758918762,6.498055752900189e-06
334450,16,1.128663420677185,0.516360878944397,6.4947417613294315e-06
334500,16,1.1926238536834717,0.6041765809059143,6.491429106895197e-06
334550,16,1.2126994132995605,0.5567190647125244,6.488117790040199e-06
334600,16,1.189156174659729,0.5235463380813599,6.484807811206974e-06
334650,16,1.185681700706482,0.5401996374130249,6.481499170837876e-06
334700,16,1.205625295639038,0.5262218117713928,6.478191869375089e-06
334750,16,1.210701823234558,0.5412353277206421,6.474885907260602e-06
334800,16,1.1147379875183105,0.5287857055664062,6.471581284936249e-06
334850,16,1.1877955198287964,0.5561034679412842,6.468278002843659e-06
334900,16,1.2858517169952393,0.5837430953979492,6.464976061424302e-06
334950,16,1.1652528047561646,0.5084981918334961,6.461675461119452e-06
335000,16,1.2181878089904785,0.5725306272506714,6.4583762023702226e-06
335050,16,1.2350773811340332,0.5755950808525085,6.455078285617526e-06
335100,16,1.1913948059082031,0.5371363162994385,6.45178171130212e-06
335150,16,1.149113416671753,0.5231382846832275,6.448486479864556e-06
335200,16,1.196811318397522,0.5144875049591064,6.445192591745229e-06
335250,16,1.2507894039154053,0.5412343740463257,6.4419000473843445e-06
335300,16,1.1793913841247559,0.5332070589065552,6.4386088472219295e-06
335350,16,1.2120760679244995,0.5675610899925232,6.435318991697827e-06
335400,16,1.217176914215088,0.5494353175163269,6.432030481251707e-06
335450,16,1.1818289756774902,0.5821335315704346,6.428743316323062e-06
335500,16,1.1576509475708008,0.5236249566078186,6.425457497351192e-06
335550,16,1.1790398359298706,0.5097061395645142,6.422173024775228e-06
335600,16,1.1317033767700195,0.5183339715003967,6.418889899034118e-06
335650,16,1.1278189420700073,0.5256841778755188,6.415608120566633e-06
335700,16,1.2168562412261963,0.5665281414985657,6.412327689811354e-06
335750,16,1.225959062576294,0.558229923248291,6.409048607206691e-06
335800,16,1.1539013385772705,0.5270563364028931,6.405770873190875e-06
335850,16,1.1614649295806885,0.5268389582633972,6.402494488201957e-06
335900,16,1.1907387971878052,0.5383299589157104,6.399219452677793e-06
335950,16,1.175004005432129,0.5587740540504456,6.395945767056083e-06
336000,16,1.2263998985290527,0.5456873774528503,6.392673431774321e-06
336050,16,1.2080212831497192,0.5330596566200256,6.389402447269839e-06
336100,16,1.1928579807281494,0.5505173206329346,6.386132813979784e-06
336150,16,1.2218196392059326,0.5482170581817627,6.382864532341116e-06
336200,16,1.1716030836105347,0.5352628231048584,6.379597602790627e-06
336250,16,1.1297435760498047,0.5326120853424072,6.376332025764906e-06
336300,16,1.195296287536621,0.5176931619644165,6.373067801700392e-06
336350,16,1.159347653388977,0.5444729328155518,6.369804931033317e-06
336400,16,1.1780717372894287,0.5652769207954407,6.366543414199749e-06
336450,16,1.1868445873260498,0.5361078977584839,6.363283251635561e-06
336500,16,1.170166254043579,0.5484665036201477,6.360024443776459e-06
336550,16,1.2131702899932861,0.5677095651626587,6.356766991057953e-06
336600,16,1.141250729560852,0.5249137282371521,6.35351089391539e-06
336650,16,1.1976218223571777,0.5874055624008179,6.350256152783914e-06
336700,16,1.143731951713562,0.5078559517860413,6.347002768098507e-06
336750,16,1.199900507926941,0.5464420914649963,6.34375074029396e-06
336800,16,1.1663950681686401,0.5619150400161743,6.340500069804888e-06
336850,16,1.1502671241760254,0.540405809879303,6.337250757065723e-06
336900,16,1.2355222702026367,0.5867654085159302,6.334002802510707e-06
336950,16,1.2108371257781982,0.5477262735366821,6.330756206573916e-06
337000,16,1.2223374843597412,0.53525310754776,6.327510969689227e-06
337050,16,1.172710657119751,0.535909116268158,6.324267092290354e-06
337100,16,1.1558501720428467,0.5178453922271729,6.32102457481081e-06
337150,16,1.167729377746582,0.5485913157463074,6.3177834176839446e-06
337200,16,1.1689822673797607,0.5501456260681152,6.314543621342906e-06
337250,16,1.2211236953735352,0.5776488780975342,6.311305186220685e-06
337300,16,1.2826679944992065,0.5897595286369324,6.308068112750068e-06
337350,16,1.1729143857955933,0.5658716559410095,6.304832401363676e-06
337400,16,1.1851933002471924,0.5475254058837891,6.3015980524939295e-06
337450,16,1.1950304508209229,0.5592307448387146,6.298365066573084e-06
337500,16,1.1549146175384521,0.5412991046905518,6.295133444033211e-06
337550,16,1.1727900505065918,0.5491209030151367,6.291903185306188e-06
337600,16,1.2058496475219727,0.5322315096855164,6.288674290823724e-06
337650,16,1.165818691253662,0.5634810328483582,6.285446761017332e-06
337700,16,1.1400954723358154,0.5225076079368591,6.2822205963183534e-06
337750,16,1.2037923336029053,0.5548604726791382,6.2789957971579465e-06
337800,16,1.2022979259490967,0.5186151266098022,6.275772363967084e-06
337850,16,1.1901187896728516,0.5560040473937988,6.272550297176551e-06
337900,16,1.2065497636795044,0.5325829982757568,6.2693295972169615e-06
337950,16,1.1825534105300903,0.5521658658981323,6.266110264518738e-06
338000,16,1.136456847190857,0.526146411895752,6.262892299512125e-06
338050,16,1.188596248626709,0.5248902440071106,6.259675702627176e-06
338100,16,1.2308815717697144,0.5341917276382446,6.2564604742937745e-06
338150,16,1.2407102584838867,0.5542063117027283,6.253246614941614e-06
338200,16,1.2266128063201904,0.576472282409668,6.250034125000202e-06
338250,16,1.1838319301605225,0.5312612056732178,6.246823004898866e-06
338300,16,1.1995418071746826,0.5513640642166138,6.243613255066756e-06
338350,16,1.1853410005569458,0.57066410779953,6.240404875932833e-06
338400,16,1.1961030960083008,0.5268499255180359,6.23719786792587e-06
338450,16,1.2155731916427612,0.5485249161720276,6.233992231474471e-06
338500,16,1.1516611576080322,0.51915442943573,6.23078796700704e-06
338550,16,1.2000558376312256,0.5455068349838257,6.22758507495181e-06
338600,16,1.1843245029449463,0.5153254270553589,6.224383555736822e-06
338650,16,1.1822357177734375,0.5318174958229065,6.221183409789943e-06
338700,16,1.2041447162628174,0.5423831939697266,6.217984637538848e-06
338750,16,1.1773771047592163,0.5548056960105896,6.21478723941104e-06
338800,16,1.2274165153503418,0.5523645877838135,6.211591215833817e-06
338850,16,1.1879775524139404,0.5371009111404419,6.2083965672343135e-06
338900,16,1.1437931060791016,0.5471527576446533,6.205203294039474e-06
338950,16,1.192415714263916,0.5620269179344177,6.202011396676055e-06
339000,16,1.197007179260254,0.5464410185813904,6.198820875570636e-06
339050,16,1.2237600088119507,0.5390105843544006,6.195631731149606e-06
339100,16,1.1775829792022705,0.5747658610343933,6.192443963839176e-06
339150,16,1.2506093978881836,0.5624359846115112,6.18925757406536e-06
339200,16,1.2092809677124023,0.5758492946624756,6.186072562254015e-06
339250,16,1.1460821628570557,0.5386884212493896,6.182888928830785e-06
339300,16,1.1737059354782104,0.5221434831619263,6.179706674221146e-06
339350,16,1.15460205078125,0.5228135585784912,6.17652579885038e-06
339400,16,1.181553840637207,0.5506176948547363,6.173346303143598e-06
339450,16,1.1927695274353027,0.5444625020027161,6.17016818752571e-06
339500,16,1.2186708450317383,0.560943067073822,6.1669914524214534e-06
339550,16,1.1855971813201904,0.5357542634010315,6.163816098255383e-06
339600,16,1.1914069652557373,0.5302509665489197,6.160642125451857e-06
339650,16,1.2019938230514526,0.5509946346282959,6.157469534435056e-06
339700,16,1.157623052597046,0.5145527124404907,6.15429832562898e-06
339750,16,1.2542110681533813,0.5752608180046082,6.1511284994574406e-06
339800,16,1.1366374492645264,0.5149938464164734,6.147960056344059e-06
339850,16,1.273229956626892,0.5636004209518433,6.1447929967122815e-06
339900,16,1.169661521911621,0.5134523510932922,6.14162732098536e-06
339950,16,1.2521731853485107,0.5667260885238647,6.1384630295863715e-06
340000,16,1.1821812391281128,0.5231049060821533,6.1353001229381955e-06
340050,16,1.2092605829238892,0.5503475069999695,6.132138601463542e-06
340100,16,1.2196545600891113,0.5468735694885254,6.12897846558492e-06
340150,16,1.1712679862976074,0.5372125506401062,6.125819715724662e-06
340200,16,1.1789815425872803,0.5605278611183167,6.122662352304918e-06
340250,16,1.1563656330108643,0.534953236579895,6.119506375747648e-06
340300,16,1.157731056213379,0.513574481010437,6.1163517864746246e-06
340350,16,1.1924283504486084,0.5789653062820435,6.113198584907436e-06
340400,16,1.182920217514038,0.5578060746192932,6.110046771467497e-06
340450,16,1.168808937072754,0.5373071432113647,6.106896346576013e-06
340500,16,1.1841225624084473,0.550510823726654,6.103747310654029e-06
340550,16,1.198183536529541,0.5632877349853516,6.100599664122383e-06
340600,16,1.162412166595459,0.5275874733924866,6.097453407401747e-06
340650,16,1.2190146446228027,0.5472556352615356,6.094308540912583e-06
340700,16,1.198307752609253,0.5300382971763611,6.091165065075197e-06
340750,16,1.2012438774108887,0.5388660430908203,6.088022980309686e-06
340800,16,1.2433433532714844,0.55031418800354,6.084882287035973e-06
340850,16,1.2120819091796875,0.5730072855949402,6.081742985673785e-06
340900,16,1.1875121593475342,0.5134139060974121,6.07860507664267e-06
340950,16,1.2398098707199097,0.5492492914199829,6.075468560361997e-06
341000,16,1.2804675102233887,0.5607905983924866,6.07233343725093e-06
341050,16,1.1614172458648682,0.5483638048171997,6.0691997077284654e-06
341100,16,1.198030948638916,0.5548998713493347,6.066067372213395e-06
341150,16,1.1606266498565674,0.5554484128952026,6.062936431124347e-06
341200,16,1.2366318702697754,0.5746593475341797,6.059806884879743e-06
341250,16,1.145975947380066,0.5330014824867249,6.056678733897833e-06
341300,16,1.1846847534179688,0.5339148044586182,6.0535519785966644e-06
341350,16,1.2381107807159424,0.5662938356399536,6.050426619394116e-06
341400,16,1.1923274993896484,0.5446570515632629,6.047302656707864e-06
341450,16,1.2632155418395996,0.592649519443512,6.044180090955413e-06
341500,16,1.157296061515808,0.5418928861618042,6.041058922554065e-06
341550,16,1.2079353332519531,0.5352193117141724,6.037939151920947e-06
341600,16,1.237863540649414,0.5716320872306824,6.034820779472998e-06
341650,16,1.2833044528961182,0.5800012350082397,6.031703805626968e-06
341700,16,1.2043490409851074,0.53130042552948,6.028588230799415e-06
341750,16,1.2050197124481201,0.5365368127822876,6.0254740554067196e-06
341800,16,1.2097675800323486,0.5477042198181152,6.0223612798650705e-06
341850,16,1.1855432987213135,0.5523232221603394,6.019249904590468e-06
341900,16,1.173964500427246,0.5427842736244202,6.016139929998727e-06
341950,16,1.1561387777328491,0.5263828635215759,6.013031356505473e-06
342000,16,1.1469788551330566,0.5637465715408325,6.009924184526152e-06
342050,16,1.1828539371490479,0.5041137337684631,6.006818414476009e-06
342100,16,1.1563032865524292,0.5460209250450134,6.003714046770115e-06
342150,16,1.248159408569336,0.5605125427246094,6.000611081823347e-06
342200,16,1.1805975437164307,0.5580440163612366,5.997509520050397e-06
342250,16,1.1066203117370605,0.4922032356262207,5.994409361865764e-06
342300,16,1.2435059547424316,0.5897533297538757,5.991310607683771e-06
342350,16,1.1204748153686523,0.5103501081466675,5.988213257918539e-06
342400,16,1.177647590637207,0.5309181213378906,5.985117312984011e-06
342450,16,1.1805810928344727,0.5480261445045471,5.982022773293942e-06
342500,16,1.1775274276733398,0.5568421483039856,5.97892963926189e-06
342550,16,1.234054684638977,0.5446226596832275,5.97583791130124e-06
342600,16,1.1754403114318848,0.5444003939628601,5.972747589825169e-06
342650,16,1.2193434238433838,0.5636043548583984,5.969658675246694e-06
342700,16,1.1979668140411377,0.5554177165031433,5.966571167978618e-06
342750,16,1.152040958404541,0.5325409770011902,5.963485068433569e-06
342800,16,1.1968518495559692,0.5526605844497681,5.960400377023981e-06
342850,16,1.2230958938598633,0.5522542595863342,5.957317094162106e-06
342900,16,1.1765203475952148,0.5336064100265503,5.95423522026e-06
342950,16,1.1641184091567993,0.5346958637237549,5.951154755729537e-06
343000,16,1.1484625339508057,0.5137683749198914,5.948075700982405e-06
343050,16,1.1872543096542358,0.5201565027236938,5.944998056430093e-06
343100,16,1.1275408267974854,0.532973051071167,5.94192182248391e-06
343150,16,1.2258946895599365,0.5719248652458191,5.938846999554976e-06
343200,16,1.1599750518798828,0.5302138924598694,5.93577358805422e-06
343250,16,1.2560261487960815,0.5596960783004761,5.932701588392381e-06
343300,16,1.1495890617370605,0.5367058515548706,5.929631000980016e-06
343350,16,1.2302420139312744,0.5569552183151245,5.926561826227482e-06
343400,16,1.168567180633545,0.5709257125854492,5.923494064544961e-06
343450,16,1.1584478616714478,0.5503792762756348,5.920427716342433e-06
343500,16,1.1741132736206055,0.5523043870925903,5.917362782029701e-06
343550,16,1.2193074226379395,0.5673124194145203,5.9142992620163625e-06
343600,16,1.209420919418335,0.5846483111381531,5.91123715671185e-06
343650,16,1.2029001712799072,0.52951580286026,5.9081764665253845e-06
343700,16,1.1599462032318115,0.5074094533920288,5.905117191866016e-06
343750,16,1.2283520698547363,0.5414107441902161,5.902059333142584e-06
343800,16,1.2000198364257812,0.5490592122077942,5.8990028907637585e-06
343850,16,1.225597620010376,0.5403284430503845,5.8959478651380164e-06
343900,16,1.1692546606063843,0.5412051677703857,5.892894256673632e-06
343950,16,1.1925106048583984,0.5440047979354858,5.889842065778709e-06
344000,16,1.194495677947998,0.5731613636016846,5.886791292861145e-06
344050,16,1.144222378730774,0.5066709518432617,5.8837419383286585e-06
344100,16,1.2098499536514282,0.6094847917556763,5.880694002588776e-06
344150,16,1.200179934501648,0.5304520130157471,5.877647486048839e-06
344200,16,1.171642780303955,0.5216357111930847,5.874602389115985e-06
344250,16,1.1481989622116089,0.5181570649147034,5.871558712197177e-06
344300,16,1.1792852878570557,0.5111460089683533,5.86851645569918e-06
344350,16,1.1570414304733276,0.5433127284049988,5.865475620028574e-06
344400,16,1.2103369235992432,0.5308229923248291,5.862436205591741e-06
344450,16,1.1634318828582764,0.5461316108703613,5.859398212794881e-06
344500,16,1.181074857711792,0.533804714679718,5.8563616420440075e-06
344550,16,1.233454704284668,0.5547062754631042,5.85332649374493e-06
344600,16,1.2619324922561646,0.5645384788513184,5.850292768303281e-06
344650,16,1.1163344383239746,0.4941686689853668,5.847260466124495e-06
344700,16,1.211134672164917,0.5832006931304932,5.844229587613822e-06
344750,16,1.2123208045959473,0.5474709868431091,5.8412001331763154e-06
344800,16,1.1509063243865967,0.5090364217758179,5.838172103216846e-06
344850,16,1.1985692977905273,0.5305472612380981,5.835145498140084e-06
344900,16,1.2181315422058105,0.5496824979782104,5.832120318350523e-06
344950,16,1.2501119375228882,0.5787835717201233,5.82909656425245e-06
345000,16,1.183793067932129,0.5408108234405518,5.826074236249973e-06
345050,16,1.1957581043243408,0.5602452158927917,5.823053334747007e-06
345100,16,1.10762357711792,0.5086725354194641,5.820033860147278e-06
345150,16,1.1517884731292725,0.5123845934867859,5.817015812854312e-06
345200,16,1.1418564319610596,0.5385602712631226,5.813999193271456e-06
345250,16,1.162009596824646,0.5527065396308899,5.810984001801864e-06
345300,16,1.1812474727630615,0.5127421617507935,5.807970238848489e-06
345350,16,1.1041977405548096,0.5009593367576599,5.804957904814106e-06
345400,16,1.2136733531951904,0.5463330149650574,5.801947000101291e-06
345450,16,1.1869640350341797,0.5347862243652344,5.798937525112434e-06
345500,16,1.181958794593811,0.5452068448066711,5.795929480249726e-06
345550,16,1.1641134023666382,0.5403568744659424,5.792922865915174e-06
345600,16,1.1872385740280151,0.5218411684036255,5.7899176825105955e-06
345650,16,1.1480953693389893,0.5639620423316956,5.786913930437615e-06
345700,16,1.1477384567260742,0.5344261527061462,5.783911610097657e-06
345750,16,1.159632921218872,0.5307092666625977,5.780910721891968e-06
345800,16,1.250921368598938,0.5568952560424805,5.777911266221592e-06
345850,16,1.2291730642318726,0.5497109293937683,5.77491324348739e-06
345900,16,1.1814749240875244,0.5379690527915955,5.771916654090028e-06
345950,16,1.2176809310913086,0.5327033996582031,5.768921498429976e-06
346000,16,1.146031379699707,0.4765751361846924,5.76592777690752e-06
346050,16,1.2140477895736694,0.5212423801422119,5.76293548992275e-06
346100,16,1.2026506662368774,0.546174168586731,5.75994463787557e-06
346150,16,1.1846776008605957,0.5234824419021606,5.75695522116568e-06
346200,16,1.2004313468933105,0.5296084880828857,5.753967240192604e-06
346250,16,1.1743404865264893,0.5353749394416809,5.750980695355657e-06
346300,16,1.1909809112548828,0.5293942093849182,5.74799558705398e-06
346350,16,1.2236645221710205,0.545661985874176,5.745011915686503e-06
346400,16,1.1921064853668213,0.5401664972305298,5.742029681651983e-06
346450,16,1.179244041442871,0.5194462537765503,5.739048885348967e-06
346500,16,1.1777129173278809,0.5292861461639404,5.736069527175826e-06
346550,16,1.1878502368927002,0.5740815997123718,5.733091607530728e-06
346600,16,1.1939246654510498,0.5398897528648376,5.730115126811658e-06
346650,16,1.2422730922698975,0.5558334589004517,5.727140085416392e-06
346700,16,1.2154321670532227,0.5495908260345459,5.7241664837425335e-06
346750,16,1.1938977241516113,0.5362629294395447,5.7211943221874856e-06
346800,16,1.1899442672729492,0.5288003087043762,5.718223601148449e-06
346850,16,1.239936351776123,0.5637692213058472,5.71525432102245e-06
346900,16,1.2245967388153076,0.5624613165855408,5.712286482206309e-06
346950,16,1.163367509841919,0.5393384695053101,5.70932008509666e-06
347000,16,1.1616898775100708,0.5427393913269043,5.7063551300899335e-06
347050,16,1.1791911125183105,0.5410377979278564,5.703391617582393e-06
347100,16,1.1999578475952148,0.5590758323669434,5.700429547970076e-06
347150,16,1.2255712747573853,0.5838680267333984,5.697468921648856e-06
347200,16,1.2064588069915771,0.5476959347724915,5.694509739014392e-06
347250,16,1.215886116027832,0.5760825872421265,5.6915520004621626e-06
347300,16,1.254838228225708,0.5602189302444458,5.6885957063874536e-06
347350,16,1.2033275365829468,0.5514652132987976,5.685640857185346e-06
347400,16,1.1859973669052124,0.5123205184936523,5.682687453250744e-06
347450,16,1.195696234703064,0.5503721237182617,5.679735494978345e-06
347500,16,1.195556879043579,0.5514249205589294,5.6767849827626595e-06
347550,16,1.1753528118133545,0.5424588918685913,5.673835916998006e-06
347600,16,1.200089931488037,0.5471215844154358,5.670888298078508e-06
347650,16,1.1956815719604492,0.5685474872589111,5.667942126398091e-06
347700,16,1.071984052658081,0.4897480010986328,5.6649974023504985e-06
347750,16,1.1894103288650513,0.5264710783958435,5.662054126329265e-06
347800,16,1.2091777324676514,0.5347697138786316,5.659112298727748e-06
347850,16,1.2536647319793701,0.5654510855674744,5.656171919939095e-06
347900,16,1.2043263912200928,0.5733270049095154,5.653232990356274e-06
347950,16,1.1418887376785278,0.5514082312583923,5.65029551037205e-06
348000,16,1.1173064708709717,0.5095990896224976,5.647359480379003e-06
348050,16,1.1613726615905762,0.5677739977836609,5.644424900769509e-06
348100,17,1.1868013143539429,0.5475276708602905,5.6414917719357554e-06
348150,17,1.2386136054992676,0.5176606774330139,5.63856009426974e-06
348200,17,1.1352250576019287,0.5220158100128174,5.635629868163256e-06
348250,17,1.1973414421081543,0.548362135887146,5.632701094007913e-06
348300,17,1.1899231672286987,0.52536541223526,5.62977377219512e-06
348350,17,1.1912353038787842,0.5338955521583557,5.626847903116098e-06
348400,17,1.203212022781372,0.5297490358352661,5.6239234871618636e-06
348450,17,1.1924570798873901,0.5317028164863586,5.621000524723249e-06
348500,17,1.2104558944702148,0.5138237476348877,5.618079016190888e-06
348550,17,1.126368522644043,0.5287325978279114,5.615158961955226e-06
348600,17,1.2227648496627808,0.5745343565940857,5.612240362406501e-06
348650,17,1.1288578510284424,0.5223238468170166,5.609323217934772e-06
348700,17,1.1597955226898193,0.5066466331481934,5.606407528929888e-06
348750,17,1.2226552963256836,0.5551835298538208,5.603493295781517e-06
348800,17,1.166237473487854,0.5502078533172607,5.600580518879127e-06
348850,17,1.200939416885376,0.5413993000984192,5.597669198611989e-06
348900,17,1.1840338706970215,0.552710771560669,5.594759335369184e-06
348950,17,1.1638174057006836,0.5423737168312073,5.59185092953959e-06
349000,17,1.19440758228302,0.5359182953834534,5.588943981511907e-06
349050,17,1.2317934036254883,0.601827085018158,5.586038491674619e-06
349100,17,1.242448091506958,0.5581384897232056,5.583134460416035e-06
349150,17,1.2119330167770386,0.5358040928840637,5.580231888124249e-06
349200,17,1.1456630229949951,0.5278770327568054,5.577330775187179e-06
349250,17,1.2226147651672363,0.5400069355964661,5.574431121992535e-06
349300,17,1.197627067565918,0.558498740196228,5.571532928927836e-06
349350,17,1.1651196479797363,0.5785577297210693,5.568636196380412e-06
349400,17,1.2143919467926025,0.5587046146392822,5.565740924737385e-06
349450,17,1.2301709651947021,0.5520510077476501,5.562847114385693e-06
349500,17,1.1703596115112305,0.5741164088249207,5.559954765712072e-06
349550,17,1.228621244430542,0.5695278644561768,5.557063879103072e-06
349600,17,1.2348525524139404,0.5470531582832336,5.554174454945032e-06
349650,17,1.1689202785491943,0.5351722240447998,5.551286493624111e-06
349700,17,1.1208009719848633,0.5129980444908142,5.54839999552626e-06
349750,17,1.2021368741989136,0.547367513179779,5.545514961037248e-06
349800,17,1.2040811777114868,0.5753324627876282,5.542631390542632e-06
349850,17,1.1317554712295532,0.5248556137084961,5.539749284427791e-06
349900,17,1.230823040008545,0.5683948993682861,5.536868643077889e-06
349950,17,1.154331922531128,0.5111732482910156,5.533989466877912e-06
350000,17,1.084460735321045,0.5199636220932007,5.531111756212641e-06
350050,17,1.1619343757629395,0.5210937261581421,5.528235511466667e-06
350100,17,1.1749019622802734,0.5474493503570557,5.525360733024374e-06
350150,17,1.200136423110962,0.5593562722206116,5.5224874212699605e-06
350200,17,1.1884948015213013,0.5429043769836426,5.519615576587429e-06
350250,17,1.1228115558624268,0.5393370389938354,5.516745199360575e-06
350300,17,1.2325509786605835,0.5589773058891296,5.5138762899730136e-06
350350,17,1.250953197479248,0.5645664930343628,5.5110088488081475e-06
350400,17,1.1710649728775024,0.583823025226593,5.5081428762491945e-06
350450,17,1.1839103698730469,0.5376500487327576,5.505278372679176e-06
350500,17,1.1766204833984375,0.5338882803916931,5.502415338480913e-06
350550,17,1.2049487829208374,0.546730637550354,5.4995537740370256e-06
350600,17,1.1187889575958252,0.5355197191238403,5.496693679729952e-06
350650,17,1.2020940780639648,0.5393204689025879,5.493835055941915e-06
350700,17,1.1993396282196045,0.5587868094444275,5.490977903054954e-06
350750,17,1.1396117210388184,0.5201761722564697,5.488122221450917e-06
350800,17,1.1919084787368774,0.5186510682106018,5.485268011511433e-06
350850,17,1.243765950202942,0.5800866484642029,5.482415273617961e-06
350900,17,1.1547114849090576,0.5488981604576111,5.4795640081517365e-06
350950,17,1.2330272197723389,0.5784366130828857,5.476714215493828e-06
351000,17,1.2425801753997803,0.5594119429588318,5.473865896025082e-06
351050,17,1.1554744243621826,0.5581687092781067,5.4710190501261606e-06
351100,17,1.1940603256225586,0.5529001951217651,5.468173678177524e-06
351150,17,1.227089762687683,0.5447285175323486,5.46532978055944e-06
351200,17,1.12547767162323,0.5089756846427917,5.462487357651971e-06
351250,17,1.1980276107788086,0.5591406226158142,5.459646409834996e-06
351300,17,1.1962355375289917,0.5491802096366882,5.45680693748818e-06
351350,17,1.1798866987228394,0.5459116101264954,5.453968940991006e-06
351400,17,1.1147785186767578,0.5263638496398926,5.45113242072275e-06
351450,17,1.208296537399292,0.5542026162147522,5.448297377062499e-06
351500,17,1.1442800760269165,0.5324921011924744,5.445463810389135e-06
351550,17,1.2491726875305176,0.5416361689567566,5.442631721081341e-06
351600,17,1.1938142776489258,0.542880654335022,5.439801109517619e-06
351650,17,1.138150691986084,0.5255882143974304,5.436971976076246e-06
351700,17,1.228822946548462,0.604159951210022,5.43414432113533e-06
351750,17,1.2086561918258667,0.537826418876648,5.431318145072759e-06
351800,17,1.2195320129394531,0.5709882974624634,5.42849344826624e-06
351850,17,1.1947356462478638,0.5477622747421265,5.42567023109327e-06
351900,17,1.1369702816009521,0.5290574431419373,5.422848493931153e-06
351950,17,1.1203676462173462,0.5249003767967224,5.420028237156999e-06
352000,17,1.1231625080108643,0.5024585127830505,5.417209461147718e-06
352050,17,1.2236729860305786,0.5418054461479187,5.414392166280013e-06
352100,17,1.2066274881362915,0.5619617104530334,5.411576352930407e-06
352150,17,1.1151249408721924,0.5319168567657471,5.408762021475206e-06
352200,17,1.1447526216506958,0.5390158295631409,5.405949172290531e-06
352250,17,1.1761409044265747,0.574203610420227,5.403137805752301e-06
352300,17,1.1414965391159058,0.5296974778175354,5.400327922236233e-06
352350,17,1.0923781394958496,0.5375447869300842,5.397519522117856e-06
352400,17,1.1448683738708496,0.5294799208641052,5.394712605772483e-06
352450,17,1.2186274528503418,0.5683169960975647,5.391907173575254e-06
352500,17,1.1700701713562012,0.5367591977119446,5.389103225901083e-06
352550,17,1.2139153480529785,0.5397661328315735,5.386300763124712e-06
352600,17,1.2264539003372192,0.5530682802200317,5.383499785620659e-06
352650,17,1.1507129669189453,0.5280861854553223,5.3807002937632674e-06
352700,17,1.1819723844528198,0.5362364053726196,5.37790228792666e-06
352750,17,1.222426414489746,0.5626928806304932,5.375105768484777e-06
352800,17,1.197321891784668,0.577940821647644,5.372310735811358e-06
352850,17,1.1898155212402344,0.5461054444313049,5.369517190279934e-06
352900,17,1.117145299911499,0.5329650044441223,5.366725132263848e-06
352950,17,1.251234769821167,0.5434789061546326,5.3639345621362396e-06
353000,17,1.1850249767303467,0.5201835036277771,5.361145480270054e-06
353050,17,1.1379761695861816,0.5491421818733215,5.358357887038023e-06
353100,17,1.135446310043335,0.5541995763778687,5.3555717828127005e-06
353150,17,1.158218502998352,0.5493345856666565,5.352787167966423e-06
353200,17,1.1861498355865479,0.5319968461990356,5.350004042871343e-06
353250,17,1.1762630939483643,0.5224015116691589,5.3472224078994e-06
353300,17,1.1829793453216553,0.5366950631141663,5.344442263422347e-06
353350,17,1.2274281978607178,0.5760365724563599,5.341663609811723e-06
353400,17,1.1916600465774536,0.5243030190467834,5.338886447438889e-06
353450,17,1.183890461921692,0.5512450933456421,5.336110776674985e-06
353500,17,1.121173620223999,0.5215476751327515,5.333336597890967e-06
353550,17,1.1793206930160522,0.5502208471298218,5.33056391145758e-06
353600,17,1.2435213327407837,0.5174090266227722,5.327792717745379e-06
353650,17,1.2210979461669922,0.5533163547515869,5.325023017124718e-06
353700,17,1.2181745767593384,0.5721766948699951,5.322254809965739e-06
353750,17,1.1766924858093262,0.5442052483558655,5.319488096638409e-06
353800,17,1.1633083820343018,0.5743764638900757,5.316722877512469e-06
353850,17,1.1715317964553833,0.5392370820045471,5.3139591529574745e-06
353900,17,1.1937278509140015,0.5518321990966797,5.311196923342782e-06
353950,17,1.1506361961364746,0.5291343927383423,5.308436189037548e-06
354000,17,1.255300760269165,0.5459563136100769,5.30567695041072e-06
354050,17,1.232314109802246,0.5556527376174927,5.302919207831056e-06
354100,17,1.1476774215698242,0.5279684066772461,5.300162961667105e-06
354150,17,1.2209854125976562,0.5553485155105591,5.297408212287231e-06
354200,17,1.1964917182922363,0.5350837111473083,5.294654960059576e-06
354250,17,1.2235933542251587,0.5677510499954224,5.2919032053520995e-06
354300,17,1.1653804779052734,0.5222289562225342,5.289152948532559e-06
354350,17,1.1775531768798828,0.521772563457489,5.286404189968502e-06
354400,17,1.1470050811767578,0.5171846151351929,5.283656930027284e-06
354450,17,1.2095937728881836,0.5161706805229187,5.280911169076059e-06
354500,17,1.1470973491668701,0.5042762756347656,5.2781669074817805e-06
354550,17,1.1891820430755615,0.5423157811164856,5.275424145611199e-06
354600,17,1.1731806993484497,0.5425384044647217,5.272682883830868e-06
354650,17,1.2084622383117676,0.5369722247123718,5.269943122507137e-06
354700,17,1.2039985656738281,0.5317944884300232,5.26720486200616e-06
354750,17,1.100257396697998,0.5303494334220886,5.2644681026938825e-06
354800,17,1.1596505641937256,0.5402203798294067,5.261732844936059e-06
354850,17,1.1972167491912842,0.5696660280227661,5.258999089098235e-06
354900,17,1.1495314836502075,0.5244303941726685,5.256266835545763e-06
354950,17,1.1880202293395996,0.5631185173988342,5.2535360846437855e-06
355000,17,1.1447190046310425,0.5454633831977844,5.250806836757254e-06
355050,17,1.2023169994354248,0.554591178894043,5.248079092250914e-06
355100,17,1.2166531085968018,0.5388480424880981,5.2453528514893055e-06
355150,17,1.2166889905929565,0.5270439982414246,5.24262811483678e-06
355200,17,1.27178955078125,0.632847249507904,5.239904882657474e-06
355250,17,1.1780545711517334,0.546058177947998,5.237183155315334e-06
355300,17,1.1876554489135742,0.5289909243583679,5.234462933174093e-06
355350,17,1.1875689029693604,0.5305289626121521,5.231744216597302e-06
355400,17,1.2338696718215942,0.5388153791427612,5.229027005948291e-06
355450,17,1.1377911567687988,0.5270007252693176,5.2263113015902046e-06
355500,17,1.1818307638168335,0.5342756509780884,5.223597103885971e-06
355550,17,1.1316699981689453,0.5262057185173035,5.22088441319833e-06
355600,17,1.1871051788330078,0.5473195910453796,5.2181732298898094e-06
355650,17,1.1809606552124023,0.5842478275299072,5.215463554322744e-06
355700,17,1.1795984506607056,0.5556045174598694,5.212755386859269e-06
355750,17,1.1767898797988892,0.5378403663635254,5.210048727861305e-06
355800,17,1.1955872774124146,0.5563837885856628,5.207343577690581e-06
355850,17,1.1900968551635742,0.5297554731369019,5.204639936708625e-06
355900,17,1.1304092407226562,0.5519387722015381,5.201937805276764e-06
355950,17,1.2072027921676636,0.5835895538330078,5.19923718375611e-06
356000,17,1.1327714920043945,0.5310569405555725,5.196538072507592e-06
356050,17,1.1606321334838867,0.5268821716308594,5.193840471891924e-06
356100,17,1.1335885524749756,0.5436280369758606,5.1911443822696246e-06
356150,17,1.2245886325836182,0.545189380645752,5.1884498040010046e-06
356200,17,1.2024917602539062,0.5527328252792358,5.185756737446181e-06
356250,17,1.1695291996002197,0.5546018481254578,5.183065182965061e-06
356300,17,1.1337083578109741,0.5422512888908386,5.180375140917353e-06
356350,17,1.2074089050292969,0.5661239624023438,5.177686611662567e-06
356400,17,1.1628222465515137,0.5104501247406006,5.1749995955600064e-06
356450,17,1.2042629718780518,0.5465521812438965,5.17231409296877e-06
356500,17,1.2185969352722168,0.5435259342193604,5.169630104247759e-06
356550,17,1.1907117366790771,0.5499732494354248,5.166947629755673e-06
356600,17,1.2741655111312866,0.5803499817848206,5.164266669851002e-06
356650,17,1.1820653676986694,0.5877463221549988,5.1615872248920435e-06
356700,17,1.200990915298462,0.5642017126083374,5.158909295236884e-06
356750,17,1.214499592781067,0.5478297472000122,5.156232881243414e-06
356800,17,1.1812634468078613,0.5072049498558044,5.1535579832693106e-06
356850,17,1.2006475925445557,0.5334939956665039,5.15088460167207e-06
356900,17,1.1982343196868896,0.5645754933357239,5.148212736808962e-06
356950,17,1.1729670763015747,0.5319678783416748,5.145542389037068e-06
357000,17,1.229902982711792,0.5708515644073486,5.142873558713259e-06
357050,17,1.1511280536651611,0.4957215487957001,5.140206246194205e-06
357100,17,1.2508248090744019,0.5565304756164551,5.137540451836385e-06
357150,17,1.2143670320510864,0.536640465259552,5.134876175996051e-06
357200,17,1.1853346824645996,0.5598205924034119,5.132213419029275e-06
357250,17,1.1726291179656982,0.5619617104530334,5.129552181291909e-06
357300,17,1.1984946727752686,0.5492377877235413,5.126892463139622e-06
357350,17,1.2324175834655762,0.5497472286224365,5.1242342649278575e-06
357400,17,1.238174319267273,0.5687634348869324,5.121577587011871e-06
357450,17,1.2002856731414795,0.5771093964576721,5.1189224297467055e-06
357500,17,1.1306462287902832,0.5307552814483643,5.116268793487212e-06
357550,17,1.1713666915893555,0.5529916286468506,5.113616678588023e-06
357600,17,1.2094441652297974,0.5472310185432434,5.110966085403584e-06
357650,17,1.173410415649414,0.5471141934394836,5.108317014288122e-06
357700,17,1.2312397956848145,0.5404674410820007,5.105669465595671e-06
357750,17,1.1576311588287354,0.5197088718414307,5.10302343968006e-06
357800,17,1.154125452041626,0.5321864485740662,5.100378936894914e-06
357850,17,1.1671531200408936,0.5739880204200745,5.0977359575936475e-06
357900,17,1.1802186965942383,0.5197407007217407,5.09509450212948e-06
357950,17,1.207519769668579,0.5201136469841003,5.09245457085543e-06
358000,17,1.1945399045944214,0.5204027891159058,5.089816164124297e-06
358050,17,1.1601879596710205,0.5630993843078613,5.087179282288696e-06
358100,17,1.2139313220977783,0.6051518321037292,5.08454392570102e-06
358150,17,1.1756750345230103,0.5501364469528198,5.0819100947134745e-06
358200,17,1.2071361541748047,0.5932732224464417,5.079277789678048e-06
358250,17,1.260329246520996,0.5669844150543213,5.076647010946534e-06
358300,17,1.2152972221374512,0.5500551462173462,5.074017758870515e-06
358350,17,1.222585678100586,0.5349264144897461,5.07139003380138e-06
358400,17,1.1440333127975464,0.5127484798431396,5.0687638360903e-06
358450,17,1.182025671005249,0.5505144000053406,5.066139166088256e-06
358500,17,1.1903455257415771,0.533220112323761,5.0635160241460086e-06
358550,17,1.1240811347961426,0.5220812559127808,5.060894410614129e-06
358600,17,1.2294286489486694,0.5562414526939392,5.058274325842981e-06
358650,17,1.1593570709228516,0.5346388816833496,5.055655770182715e-06
358700,17,1.209923505783081,0.5477702021598816,5.053038743983291e-06
358750,17,1.1769901514053345,0.5164831280708313,5.050423247594447e-06
358800,17,1.218245267868042,0.5555518269538879,5.047809281365738e-06
358850,17,1.1715466976165771,0.5164021253585815,5.045196845646495e-06
358900,17,1.1898787021636963,0.5407254099845886,5.04258594078586e-06
358950,17,1.1936254501342773,0.5405684113502502,5.039976567132757e-06
359000,17,1.176283359527588,0.5507145524024963,5.037368725035914e-06
359050,17,1.2241108417510986,0.5588775873184204,5.034762414843851e-06
359100,17,1.1966025829315186,0.5766980051994324,5.0321576369048835e-06
359150,17,1.2073901891708374,0.5691627264022827,5.029554391567128e-06
359200,17,1.1601934432983398,0.5239614248275757,5.026952679178483e-06
359250,17,1.1405068635940552,0.5107607841491699,5.024352500086655e-06
359300,17,1.2531014680862427,0.5522201061248779,5.021753854639138e-06
359350,17,1.2539710998535156,0.5864843726158142,5.01915674318323e-06
359400,17,1.2038465738296509,0.5545474886894226,5.0165611660660105e-06
359450,17,1.2160933017730713,0.5878323316574097,5.013967123634367e-06
359500,17,1.2351453304290771,0.5711542367935181,5.011374616234968e-06
359550,17,1.1370126008987427,0.5151061415672302,5.008783644214295e-06
359600,17,1.1161437034606934,0.5140871405601501,5.006194207918607e-06
359650,17,1.2204453945159912,0.5205218195915222,5.003606307693969e-06
359700,17,1.186964511871338,0.5286137461662292,5.0010199438862295e-06
359750,17,1.223816156387329,0.5802938938140869,4.9984351168410505e-06
359800,17,1.1966326236724854,0.5302609205245972,4.995851826903868e-06
359850,17,1.1508805751800537,0.5383486151695251,4.993270074419927e-06
359900,17,1.1517114639282227,0.5512365102767944,4.990689859734256e-06
359950,17,1.1971057653427124,0.5682345628738403,4.988111183191689e-06
360000,17,1.1766175031661987,0.5491102337837219,4.985534045136849e-06
360050,17,1.1327290534973145,0.5144236087799072,4.982958445914147e-06
360100,17,1.2235462665557861,0.5576629638671875,4.9803843858678016e-06
360150,17,1.2077901363372803,0.58213871717453,4.977811865341816e-06
360200,17,1.233681559562683,0.5428274869918823,4.9752408846799895e-06
360250,17,1.192375898361206,0.5667681097984314,4.972671444225918e-06
360300,17,1.113560676574707,0.5323691964149475,4.970103544322993e-06
360350,17,1.195432424545288,0.5317005515098572,4.967537185314392e-06
360400,17,1.0928676128387451,0.5062620043754578,4.964972367543097e-06
360450,17,1.1621289253234863,0.5297903418540955,4.962409091351873e-06
360500,17,1.2180461883544922,0.5615133047103882,4.959847357083292e-06
360550,17,1.1678111553192139,0.5275458097457886,4.957287165079707e-06
360600,17,1.1248655319213867,0.5342127680778503,4.954728515683272e-06
360650,17,1.1919806003570557,0.5719119310379028,4.952171409235937e-06
360700,17,1.2444747686386108,0.5633583068847656,4.949615846079434e-06
360750,17,1.1668131351470947,0.5529528856277466,4.94706182655531e-06
360800,17,1.1681745052337646,0.5121843814849854,4.944509351004881e-06
360850,17,1.1347715854644775,0.5200284123420715,4.9419584197692765e-06
360900,17,1.2060952186584473,0.5426991581916809,4.9394090331894064e-06
360950,17,1.2018216848373413,0.5450969934463501,4.936861191605982e-06
361000,17,1.1939489841461182,0.5430878400802612,4.934314895359503e-06
361050,17,1.1858115196228027,0.530950129032135,4.931770144790268e-06
361100,17,1.2160966396331787,0.5512818098068237,4.929226940238364e-06
361150,17,1.1811168193817139,0.5527782440185547,4.926685282043673e-06
361200,17,1.1892311573028564,0.5495060682296753,4.9241451705458705e-06
361250,17,1.1484005451202393,0.5708402991294861,4.921606606084433e-06
361300,17,1.191988229751587,0.5511603355407715,4.91906958899861e-06
361350,17,1.1748765707015991,0.6022151708602905,4.916534119627467e-06
361400,17,1.1527671813964844,0.5441978573799133,4.9140001983098505e-06
361450,17,1.2095162868499756,0.5200262665748596,4.911467825384399e-06
361500,17,1.1263625621795654,0.5636021494865417,4.908937001189552e-06
361550,17,1.2188208103179932,0.5480931401252747,4.906407726063534e-06
361600,17,1.2020595073699951,0.5539637207984924,4.903880000344369e-06
361650,17,1.1806724071502686,0.5786962509155273,4.901353824369867e-06
361700,17,1.2094452381134033,0.546245813369751,4.898829198477635e-06
361750,17,1.1730282306671143,0.5467299818992615,4.896306123005074e-06
361800,17,1.1183254718780518,0.5272969007492065,4.893784598289379e-06
361850,17,1.1766314506530762,0.5408961772918701,4.891264624667529e-06
361900,17,1.1796813011169434,0.5532617568969727,4.888746202476311e-06
361950,17,1.1515452861785889,0.5389969944953918,4.886229332052286e-06
362000,17,1.147416353225708,0.5461015105247498,4.883714013731818e-06
362050,17,1.194758415222168,0.5364653468132019,4.881200247851071e-06
362100,17,1.2247785329818726,0.5561395287513733,4.8786880347459844e-06
362150,17,1.1925795078277588,0.5226855278015137,4.8761773747523e-06
362200,17,1.1753875017166138,0.5291835069656372,4.8736682682055555e-06
362250,17,1.1797369718551636,0.5729500651359558,4.871160715441075e-06
362300,17,1.1257891654968262,0.5112319588661194,4.868654716793972e-06
362350,17,1.2006328105926514,0.5538312196731567,4.866150272599166e-06
362400,17,1.1918103694915771,0.5456734895706177,4.8636473831913455e-06
362450,17,1.1979905366897583,0.5418367385864258,4.861146048905018e-06
362500,17,1.141844391822815,0.4944918155670166,4.8586462700744625e-06
362550,17,1.2491052150726318,0.598169207572937,4.856148047033763e-06
362600,17,1.1498041152954102,0.5485358238220215,4.853651380116783e-06
362650,17,1.2306056022644043,0.5737241506576538,4.8511562696571924e-06
362700,17,1.2103915214538574,0.5940262675285339,4.848662715988444e-06
362750,17,1.1603889465332031,0.5257580280303955,4.846170719443785e-06
362800,17,1.1783931255340576,0.5381685495376587,4.8436802803562565e-06
362850,17,1.1951329708099365,0.5604316592216492,4.841191399058683e-06
362900,17,1.1458923816680908,0.5872514843940735,4.838704075883695e-06
362950,17,1.1989867687225342,0.5536215305328369,4.836218311163699e-06
363000,17,1.1539642810821533,0.5139190554618835,4.833734105230908e-06
363050,17,1.1815822124481201,0.5672860741615295,4.831251458417314e-06
363100,17,1.1745758056640625,0.534580647945404,4.828770371054711e-06
363150,17,1.17426598072052,0.5170959830284119,4.82629084347467e-06
363200,17,1.1667433977127075,0.5279739499092102,4.823812876008579e-06
363250,17,1.1672946214675903,0.5339629054069519,4.821336468987591e-06
363300,17,1.1919631958007812,0.5310591459274292,4.818861622742666e-06
363350,17,1.1643157005310059,0.5433974266052246,4.816388337604546e-06
363400,17,1.2103221416473389,0.5633867383003235,4.813916613903772e-06
363450,17,1.1907382011413574,0.5278482437133789,4.811446451970679e-06
363500,17,1.184634804725647,0.5338652729988098,4.808977852135377e-06
363550,17,1.1784520149230957,0.5682708621025085,4.806510814727789e-06
363600,17,1.1608943939208984,0.4991910457611084,4.804045340077609e-06
363650,17,1.2480263710021973,0.5714746117591858,4.8015814285143335e-06
363700,17,1.1665985584259033,0.5020326972007751,4.7991190803672516e-06
363750,17,1.1691783666610718,0.5541604161262512,4.79665829596544e-06
363800,17,1.2179573774337769,0.5511435270309448,4.794199075637761e-06
363850,17,1.1654024124145508,0.5461102724075317,4.79174141971288e-06
363900,17,1.2124183177947998,0.5633020401000977,4.789285328519239e-06
363950,17,1.207399845123291,0.55364990234375,4.786830802385085e-06
364000,17,1.2025775909423828,0.5519538521766663,4.784377841638443e-06
364050,17,1.1378357410430908,0.5367816090583801,4.781926446607138e-06
364100,17,1.1998498439788818,0.5673952698707581,4.779476617618787e-06
364150,17,1.1981465816497803,0.5524477958679199,4.777028355000785e-06
364200,17,1.171087384223938,0.5196551084518433,4.774581659080331e-06
364250,17,1.1788849830627441,0.503394365310669,4.772136530184409e-06
364300,17,1.211888313293457,0.5340228080749512,4.769692968639798e-06
364350,17,1.1486302614212036,0.5192515254020691,4.767250974773057e-06
364400,17,1.1953048706054688,0.5383917689323425,4.764810548910548e-06
364450,17,1.1157183647155762,0.5414311289787292,4.762371691378413e-06
364500,17,1.1509287357330322,0.5741808414459229,4.759934402502593e-06
364550,17,1.2166436910629272,0.5712003707885742,4.757498682608812e-06
364600,17,1.1938751935958862,0.5439275503158569,4.75506453202259e-06
364650,17,1.2031662464141846,0.5664417743682861,4.752631951069234e-06
364700,17,1.1590156555175781,0.5501765608787537,4.750200940073846e-06
364750,17,1.189914584159851,0.5735545754432678,4.747771499361311e-06
364800,17,1.1981555223464966,0.5393155217170715,4.745343629256306e-06
364850,17,1.221776008605957,0.5669248104095459,4.7429173300833064e-06
364900,17,1.2062880992889404,0.5785497426986694,4.740492602166563e-06
364950,17,1.2025954723358154,0.552811324596405,4.738069445830131e-06
365000,17,1.1966509819030762,0.5632061958312988,4.735647861397845e-06
365050,17,1.1291954517364502,0.5104814171791077,4.733227849193339e-06
365100,17,1.1662567853927612,0.5318713188171387,4.730809409540021e-06
365150,17,1.284916639328003,0.583787739276886,4.728392542761113e-06
365200,17,1.1747617721557617,0.5633459091186523,4.7259772491796024e-06
365250,17,1.2313798666000366,0.5450572967529297,4.723563529118285e-06
365300,17,1.1874771118164062,0.5531693696975708,4.721151382899731e-06
365350,17,1.2016825675964355,0.5229300856590271,4.718740810846317e-06
365400,17,1.1107518672943115,0.5394980311393738,4.716331813280189e-06
365450,17,1.1354329586029053,0.5392417311668396,4.713924390523302e-06
365500,17,1.229880452156067,0.5813935995101929,4.711518542897392e-06
365550,17,1.2154524326324463,0.5323616862297058,4.709114270723978e-06
365600,17,1.2615845203399658,0.5874984264373779,4.70671157432438e-06
365650,17,1.2307963371276855,0.5710060596466064,4.7043104540197e-06
365700,17,1.185359239578247,0.5717743039131165,4.7019109101308384e-06
365750,17,1.2024154663085938,0.5185930728912354,4.699512942978469e-06
365800,17,1.2063438892364502,0.5444211363792419,4.697116552883072e-06
365850,17,1.158855676651001,0.5396986603736877,4.694721740164903e-06
365900,17,1.1583858728408813,0.5296986103057861,4.692328505144019e-06
365950,17,1.2470520734786987,0.564629852771759,4.689936848140251e-06
366000,17,1.1684666872024536,0.5597599744796753,4.687546769473239e-06
366050,17,1.150709629058838,0.5209792852401733,4.6851582694623925e-06
366100,17,1.2024110555648804,0.5696300864219666,4.682771348426922e-06
366150,17,1.1851043701171875,0.538395345211029,4.6803860066858235e-06
366200,17,1.2309935092926025,0.5633212924003601,4.678002244557885e-06
366250,17,1.1891058683395386,0.5438676476478577,4.675620062361675e-06
366300,17,1.2015093564987183,0.5759957432746887,4.67323946041556e-06
366350,17,1.2033274173736572,0.532819926738739,4.670860439037693e-06
366400,17,1.2163817882537842,0.5473869442939758,4.668482998546011e-06
366450,17,1.2256064414978027,0.5523467063903809,4.666107139258246e-06
366500,17,1.1755008697509766,0.5284780859947205,4.663732861491913e-06
366550,17,1.1590936183929443,0.5328236818313599,4.661360165564318e-06
366600,17,1.216170310974121,0.538441002368927,4.65898905179256e-06
366650,17,1.2110614776611328,0.5470098853111267,4.656619520493523e-06
366700,17,1.2404674291610718,0.5510581731796265,4.654251571983874e-06
366750,17,1.2113335132598877,0.5397480726242065,4.65188520658008e-06
366800,17,1.1610381603240967,0.5416421294212341,4.649520424598382e-06
366850,17,1.1818996667861938,0.533342719078064,4.6471572263548244e-06
366900,17,1.227250337600708,0.5775070786476135,4.644795612165233e-06
366950,17,1.1941033601760864,0.5738933682441711,4.6424355823452145e-06
367000,17,1.1438978910446167,0.5464814901351929,4.640077137210181e-06
367050,17,1.1713756322860718,0.5545650720596313,4.637720277075313e-06
367100,17,1.2051427364349365,0.5414844751358032,4.6353650022556e-06
367150,17,1.214646577835083,0.5425876379013062,4.633011313065801e-06
367200,17,1.1506110429763794,0.5253036022186279,4.630659209820477e-06
367250,17,1.1557128429412842,0.5383719801902771,4.628308692833963e-06
367300,17,1.2223597764968872,0.5326595902442932,4.625959762420398e-06
367350,17,1.1003172397613525,0.5080600380897522,4.623612418893695e-06
367400,17,1.211895227432251,0.5391857624053955,4.621266662567567e-06
367450,17,1.1129884719848633,0.49641409516334534,4.618922493755502e-06
367500,17,1.191847801208496,0.5349653363227844,4.616579912770786e-06
367550,17,1.176537275314331,0.5402210354804993,4.614238919926489e-06
367600,17,1.1658062934875488,0.5418840050697327,4.611899515535473e-06
367650,17,1.1234369277954102,0.514570415019989,4.609561699910377e-06
367700,17,1.2338205575942993,0.56400465965271,4.607225473363639e-06
367750,17,1.2314480543136597,0.5484197735786438,4.6048908362074815e-06
367800,17,1.2082618474960327,0.5532146692276001,4.602557788753908e-06
367850,17,1.1478139162063599,0.5036720633506775,4.600226331314721e-06
367900,17,1.1380375623703003,0.5500341653823853,4.597896464201499e-06
367950,17,1.176112174987793,0.5308406352996826,4.595568187725618e-06
368000,17,1.09647536277771,0.5180344581604004,4.5932415021982314e-06
368050,17,1.1763920783996582,0.5472573041915894,4.590916407930289e-06
368100,17,1.1618907451629639,0.5497167110443115,4.588592905232523e-06
368150,17,1.2222177982330322,0.5479323863983154,4.586270994415456e-06
368200,17,1.1644887924194336,0.5253400206565857,4.583950675789394e-06
368250,17,1.2027862071990967,0.540061354637146,4.581631949664435e-06
368300,17,1.2455204725265503,0.5556674003601074,4.579314816350457e-06
368350,17,1.2292325496673584,0.546876072883606,4.576999276157131e-06
368400,17,1.178341031074524,0.5323503017425537,4.574685329393918e-06
368450,17,1.2370027303695679,0.5468907952308655,4.572372976370056e-06
368500,17,1.1848804950714111,0.51971036195755,4.5700622173945794e-06
368550,17,1.123013973236084,0.5407949090003967,4.567753052776298e-06
368600,17,1.1220991611480713,0.5302377939224243,4.56544548282383e-06
368650,17,1.2253940105438232,0.5453803539276123,4.5631395078455556e-06
368700,17,1.2248766422271729,0.5605688095092773,4.56083512814966e-06
368750,17,1.1898479461669922,0.5433051586151123,4.558532344044101e-06
368800,17,1.201415777206421,0.5595548152923584,4.556231155836638e-06
368850,17,1.152773380279541,0.4970550537109375,4.553931563834805e-06
368900,17,1.1298091411590576,0.5414731502532959,4.551633568345927e-06
368950,17,1.1710656881332397,0.5453709959983826,4.549337169677121e-06
369000,17,1.1598598957061768,0.553574800491333,4.547042368135279e-06
369050,17,1.2147022485733032,0.5952351689338684,4.544749164027088e-06
369100,17,1.196914792060852,0.5270380973815918,4.54245755765902e-06
369150,17,1.1688263416290283,0.5353176593780518,4.540167549337339e-06
369200,17,1.148874282836914,0.5068012475967407,4.537879139368078e-06
369250,17,1.165722131729126,0.512478232383728,4.5355923280570785e-06
369300,17,1.1512922048568726,0.5161311626434326,4.533307115709949e-06
369350,17,1.143143892288208,0.535393476486206,4.531023502632101e-06
369400,17,1.2558796405792236,0.5741568803787231,4.528741489128716e-06
369450,17,1.186240315437317,0.5204618573188782,4.5264610755047776e-06
369500,17,1.2104337215423584,0.5388546586036682,4.5241822620650395e-06
369550,17,1.1715831756591797,0.5910153985023499,4.521905049114059e-06
369600,17,1.186932921409607,0.5543532371520996,4.519629436956165e-06
369650,17,1.208714246749878,0.5255228877067566,4.517355425895482e-06
369700,17,1.3149406909942627,0.5681682229042053,4.515083016235913e-06
369750,17,1.2416753768920898,0.5402390360832214,4.512812208281151e-06
369800,17,1.1891722679138184,0.5305923223495483,4.510543002334676e-06
369850,17,1.2016290426254272,0.5650635957717896,4.50827539869975e-06
369900,18,1.1498382091522217,0.5191932916641235,4.506009397679427e-06
369950,18,1.245063304901123,0.54997318983078,4.503744999576539e-06
370000,18,1.1957883834838867,0.5556378364562988,4.5014822046937075e-06
370050,18,1.1989054679870605,0.5517843961715698,4.499221013333344e-06
370100,18,1.1484529972076416,0.5236852765083313,4.496961425797642e-06
370150,18,1.1087260246276855,0.5167990922927856,4.4947034423885754e-06
370200,18,1.1516363620758057,0.5488936901092529,4.492447063407915e-06
370250,18,1.2299343347549438,0.5647125244140625,4.490192289157204e-06
370300,18,1.182708740234375,0.5062516927719116,4.487939119937786e-06
370350,18,1.1048431396484375,0.5160406231880188,4.485687556050772e-06
370400,18,1.2474100589752197,0.6142975687980652,4.483437597797075e-06
370450,18,1.1919431686401367,0.5623390674591064,4.48118924547739e-06
370500,18,1.1197702884674072,0.5462386012077332,4.4789424993921895e-06
370550,18,1.171570062637329,0.5280701518058777,4.476697359841734e-06
370600,18,1.1721651554107666,0.5256403088569641,4.474453827126078e-06
370650,18,1.178652286529541,0.5142765641212463,4.472211901545053e-06
370700,18,1.2038114070892334,0.5563116073608398,4.469971583398275e-06
370750,18,1.1563060283660889,0.5509827136993408,4.46773287298515e-06
370800,18,1.18510103225708,0.569374680519104,4.465495770604863e-06
370850,18,1.1872177124023438,0.5699441432952881,4.463260276556394e-06
370900,18,1.1814099550247192,0.5940086841583252,4.461026391138497e-06
370950,18,1.2563209533691406,0.5821551084518433,4.458794114649716e-06
371000,18,1.2026304006576538,0.5889551639556885,4.456563447388383e-06
371050,18,1.133399248123169,0.5274844169616699,4.4543343896526135e-06
371100,18,1.2534327507019043,0.5538347363471985,4.452106941740299e-06
371150,18,1.1741759777069092,0.571468710899353,4.4498811039491285e-06
371200,18,1.2007434368133545,0.531970739364624,4.447656876576573e-06
371250,18,1.2124178409576416,0.5262772440910339,4.445434259919879e-06
371300,18,1.1784086227416992,0.5569724440574646,4.443213254276091e-06
371350,18,1.1679662466049194,0.5389766693115234,4.4409938599420245e-06
371400,18,1.2298393249511719,0.5557637810707092,4.438776077214294e-06
371450,18,1.1946154832839966,0.5290310978889465,4.436559906389285e-06
371500,18,1.182487964630127,0.49754923582077026,4.434345347763182e-06
371550,18,1.1792315244674683,0.5258181095123291,4.432132401631937e-06
371600,18,1.179959774017334,0.5323954820632935,4.429921068291304e-06
371650,18,1.171778917312622,0.5232741236686707,4.427711348036806e-06
371700,18,1.2004119157791138,0.5568840503692627,4.425503241163765e-06
371750,18,1.18549382686615,0.5628052353858948,4.423296747967271e-06
371800,18,1.1306942701339722,0.5017855167388916,4.421091868742212e-06
371850,18,1.2087538242340088,0.5920447111129761,4.4188886037832586e-06
371900,18,1.159752368927002,0.5515943169593811,4.416686953384856e-06
371950,18,1.1661992073059082,0.545849084854126,4.414486917841244e-06
372000,18,1.1827305555343628,0.5600642561912537,4.4122884974464425e-06
372050,18,1.2284109592437744,0.5581533312797546,4.410091692494257e-06
372100,18,1.1679075956344604,0.5646932125091553,4.407896503278273e-06
372150,18,1.238591194152832,0.5769006609916687,4.405702930091867e-06
372200,18,1.1672474145889282,0.5420325994491577,4.403510973228189e-06
372250,18,1.1607871055603027,0.558331310749054,4.4013206329801865e-06
372300,18,1.2194095849990845,0.5677764415740967,4.399131909640579e-06
372350,18,1.1717846393585205,0.5208751559257507,4.39694480350188e-06
372400,18,1.0954017639160156,0.519919753074646,4.394759314856375e-06
372450,18,1.2144911289215088,0.57319176197052,4.392575443996145e-06
372500,18,1.1537141799926758,0.5427065491676331,4.3903931912130465e-06
372550,18,1.1080880165100098,0.5032760500907898,4.388212556798729e-06
372600,18,1.168214201927185,0.5283379554748535,4.386033541044615e-06
372650,18,1.1829802989959717,0.5472801327705383,4.383856144241914e-06
372700,18,1.2149779796600342,0.5324887633323669,4.381680366681628e-06
372750,18,1.192049503326416,0.5390041470527649,4.379506208654528e-06
372800,18,1.1828539371490479,0.5378265976905823,4.3773336704511805e-06
372850,18,1.0644460916519165,0.5199722051620483,4.375162752361924e-06
372900,18,1.171865463256836,0.5269312262535095,4.3729934546768976e-06
372950,18,1.167563796043396,0.5308976173400879,4.370825777686001e-06
373000,18,1.167069911956787,0.5594080686569214,4.368659721678944e-06
373050,18,1.222961187362671,0.547745943069458,4.366495286945195e-06
373100,18,1.2465581893920898,0.611025869846344,4.3643324737740215e-06
373150,18,1.210123062133789,0.5387816429138184,4.362171282454466e-06
373200,18,1.1925899982452393,0.5400880575180054,4.360011713275359e-06
373250,18,1.2364273071289062,0.5658806562423706,4.357853766525315e-06
373300,18,1.1576260328292847,0.5137090682983398,4.3556974424927245e-06
373350,18,1.212151050567627,0.5502831935882568,4.353542741465772e-06
373400,18,1.1743576526641846,0.5467481017112732,4.351389663732408e-06
373450,18,1.1703590154647827,0.5500037670135498,4.349238209580391e-06
373500,18,1.1752349138259888,0.5143513679504395,4.347088379297239e-06
373550,18,1.1973583698272705,0.541766881942749,4.344940173170269e-06
373600,18,1.1828778982162476,0.569838285446167,4.342793591486568e-06
373650,18,1.1854016780853271,0.5394842624664307,4.340648634533018e-06
373700,18,1.1716492176055908,0.5289703011512756,4.338505302596275e-06
373750,18,1.1826741695404053,0.5365779995918274,4.336363595962783e-06
373800,18,1.2621631622314453,0.5657532215118408,4.334223514918763e-06
373850,18,1.1545861959457397,0.5307681560516357,4.332085059750226e-06
373900,18,1.1624066829681396,0.5341466665267944,4.329948230742963e-06
373950,18,1.1484205722808838,0.5341953039169312,4.327813028182548e-06
374000,18,1.176635503768921,0.532455563545227,4.325679452354332e-06
374050,18,1.1826598644256592,0.5728431344032288,4.323547503543456e-06
374100,18,1.1808044910430908,0.5450120568275452,4.321417182034843e-06
374150,18,1.1658052206039429,0.5413975119590759,4.319288488113193e-06
374200,18,1.1710116863250732,0.5397496819496155,4.317161422062995e-06
374250,18,1.1803760528564453,0.5721669793128967,4.315035984168512e-06
374300,18,1.2098430395126343,0.5369864106178284,4.312912174713802e-06
374350,18,1.1845307350158691,0.5331193804740906,4.31078999398269e-06
374400,18,1.1887131929397583,0.5545862913131714,4.308669442258797e-06
374450,18,1.2025538682937622,0.5559566617012024,4.3065505198255185e-06
374500,18,1.1996427774429321,0.5416625738143921,4.304433226966038e-06
374550,18,1.1854320764541626,0.5544044971466064,4.3023175639633125e-06
374600,18,1.1915544271469116,0.5901895761489868,4.300203531100091e-06
374650,18,1.2411558628082275,0.5783208012580872,4.298091128658895e-06
374700,18,1.0714032649993896,0.5410755276679993,4.295980356922036e-06
374750,18,1.1643412113189697,0.5306285619735718,4.293871216171607e-06
374800,18,1.209079623222351,0.5312257409095764,4.291763706689475e-06
374850,18,1.1786034107208252,0.5352576375007629,4.289657828757301e-06
374900,18,1.1788742542266846,0.5285937190055847,4.287553582656514e-06
374950,18,1.195839762687683,0.5560777187347412,4.285450968668341e-06
375000,18,1.223451852798462,0.5630039572715759,4.283349987073777e-06
375050,18,1.161543846130371,0.5283408164978027,4.281250638153609e-06
375100,18,1.2181957960128784,0.5882729887962341,4.2791529221883926e-06
375150,18,1.2176563739776611,0.5549370646476746,4.2770568394584844e-06
375200,18,1.1735907793045044,0.5386151075363159,4.274962390244002e-06
375250,18,1.1917552947998047,0.5671584606170654,4.27286957482486e-06
375300,18,1.168666124343872,0.5489798188209534,4.270778393480751e-06
375350,18,1.2060751914978027,0.5679678320884705,4.2686888464911435e-06
375400,18,1.166743516921997,0.5195086002349854,4.266600934135292e-06
375450,18,1.1909441947937012,0.5474230051040649,4.264514656692233e-06
375500,18,1.1704773902893066,0.5368054509162903,4.262430014440787e-06
375550,18,1.1742019653320312,0.5438767671585083,4.260347007659548e-06
375600,18,1.1931331157684326,0.5372865200042725,4.258265636626899e-06
375650,18,1.1871023178100586,0.5378190279006958,4.256185901620998e-06
375700,18,1.107408046722412,0.5217745900154114,4.254107802919792e-06
375750,18,1.141014575958252,0.522746741771698,4.252031340801001e-06
375800,18,1.2076338529586792,0.5552171468734741,4.249956515542135e-06
375850,18,1.1697838306427002,0.5310088396072388,4.2478833274204746e-06
375900,18,1.2614836692810059,0.5750305652618408,4.245811776713095e-06
375950,18,1.1521289348602295,0.5527324676513672,4.2437418636968375e-06
376000,18,1.1643837690353394,0.5489394068717957,4.241673588648342e-06
376050,18,1.1742678880691528,0.557624340057373,4.239606951844008e-06
376100,18,1.1882963180541992,0.5382367372512817,4.237541953560037e-06
376150,18,1.2010854482650757,0.5526291728019714,4.2354785940724e-06
376200,18,1.2241133451461792,0.5857183337211609,4.233416873656848e-06
376250,18,1.2193324565887451,0.5885339379310608,4.2313567925889215e-06
376300,18,1.2427278757095337,0.5781711935997009,4.229298351143932e-06
376350,18,1.2253276109695435,0.5466499924659729,4.2272415495969784e-06
376400,18,1.1959891319274902,0.5463496446609497,4.225186388222939e-06
376450,18,1.2687017917633057,0.5761294960975647,4.223132867296474e-06
376500,18,1.172400712966919,0.5131919384002686,4.221080987092019e-06
376550,18,1.228879690170288,0.5654867887496948,4.219030747883799e-06
376600,18,1.1989614963531494,0.5258495211601257,4.21698214994581e-06
376650,18,1.2098135948181152,0.5336524248123169,4.214935193551838e-06
376700,18,1.2204515933990479,0.5360979437828064,4.2128898789754404e-06
376750,18,1.1863551139831543,0.5357208847999573,4.210846206489963e-06
376800,18,1.2245475053787231,0.583613932132721,4.2088041763685315e-06
376850,18,1.221705436706543,0.566428005695343,4.206763788884043e-06
376900,18,1.1702241897583008,0.5568103790283203,4.204725044309189e-06
376950,18,1.2079660892486572,0.539547324180603,4.202687942916427e-06
377000,18,1.2350777387619019,0.5920016169548035,4.20065248497801e-06
377050,18,1.1863514184951782,0.555043637752533,4.198618670765956e-06
377100,18,1.1431248188018799,0.533711314201355,4.196586500552078e-06
377150,18,1.1629250049591064,0.554060161113739,4.194555974607956e-06
377200,18,1.179811954498291,0.5485785007476807,4.19252709320496e-06
377250,18,1.177142858505249,0.5418630242347717,4.190499856614234e-06
377300,18,1.187583327293396,0.5657626986503601,4.188474265106705e-06
377350,18,1.148740291595459,0.5406773090362549,4.1864503189530815e-06
377400,18,1.174372673034668,0.5480369925498962,4.184428018423852e-06
377450,18,1.1246124505996704,0.5366856455802917,4.182407363789279e-06
377500,18,1.1983439922332764,0.5570387840270996,4.180388355319412e-06
377550,18,1.1625832319259644,0.5262194871902466,4.178370993284082e-06
377600,18,1.1689839363098145,0.5267879366874695,4.176355277952888e-06
377650,18,1.1707202196121216,0.5335114598274231,4.174341209595225e-06
377700,18,1.128344178199768,0.5233347415924072,4.172328788480253e-06
377750,18,1.1666371822357178,0.5771380066871643,4.170318014876924e-06
377800,18,1.199515461921692,0.5288645625114441,4.168308889053962e-06
377850,18,1.180554986000061,0.5630109310150146,4.166301411279873e-06
377900,18,1.197388768196106,0.5379441976547241,4.164295581822944e-06
377950,18,1.1894201040267944,0.5628659725189209,4.162291400951242e-06
378000,18,1.1683025360107422,0.5174272060394287,4.16028886893261e-06
378050,18,1.2086968421936035,0.5657953023910522,4.158287986034678e-06
378100,18,1.1907795667648315,0.5374675393104553,4.156288752524844e-06
378150,18,1.2076303958892822,0.549747884273529,4.154291168670295e-06
378200,18,1.1169943809509277,0.5034578442573547,4.152295234737998e-06
378250,18,1.1636683940887451,0.5418270230293274,4.150300950994691e-06
378300,18,1.2321183681488037,0.5553863644599915,4.148308317706902e-06
378350,18,1.2510318756103516,0.5634700059890747,4.146317335140927e-06
378400,18,1.223575234413147,0.5448447465896606,4.144328003562856e-06
378450,18,1.1639552116394043,0.5384448766708374,4.142340323238544e-06
378500,18,1.2054181098937988,0.5452426671981812,4.140354294433634e-06
378550,18,1.1757895946502686,0.5763571858406067,4.138369917413542e-06
378600,18,1.2039692401885986,0.5466113090515137,4.136387192443472e-06
378650,18,1.1985485553741455,0.5533294677734375,4.1344061197883975e-06
378700,18,1.1850993633270264,0.5039613246917725,4.132426699713079e-06
378750,18,1.222824215888977,0.5544344186782837,4.130448932482048e-06
378800,18,1.167769193649292,0.5541762709617615,4.1284728183596254e-06
378850,18,1.1305785179138184,0.5154436230659485,4.126498357609903e-06
378900,18,1.193763017654419,0.5391882061958313,4.124525550496757e-06
378950,18,1.203418493270874,0.5265063047409058,4.122554397283838e-06
379000,18,1.170543909072876,0.5595943927764893,4.1205848982345765e-06
379050,18,1.2052662372589111,0.5291388034820557,4.118617053612187e-06
379100,18,1.2234389781951904,0.5603694319725037,4.116650863679653e-06
379150,18,1.2304284572601318,0.5640596151351929,4.114686328699749e-06
379200,18,1.1267082691192627,0.5476815700531006,4.112723448935017e-06
379250,18,1.1669964790344238,0.5177743434906006,4.110762224647786e-06
379300,18,1.1830459833145142,0.5635886788368225,4.108802656100156e-06
379350,18,1.2044425010681152,0.5356824398040771,4.1068447435540176e-06
379400,18,1.2313642501831055,0.5882687568664551,4.104888487271028e-06
379450,18,1.2014331817626953,0.5709871649742126,4.102933887512634e-06
379500,18,1.2424770593643188,0.5837506651878357,4.100980944540043e-06
379550,18,1.2172564268112183,0.5900163054466248,4.099029658614263e-06
379600,18,1.1684222221374512,0.5671693086624146,4.097080029996067e-06
379650,18,1.2012925148010254,0.5339886546134949,4.095132058946011e-06
379700,18,1.2053217887878418,0.5495626330375671,4.093185745724429e-06
379750,18,1.1639163494110107,0.5230953097343445,4.0912410905914286e-06
379800,18,1.1933507919311523,0.5164461731910706,4.089298093806904e-06
379850,18,1.2074512243270874,0.578819751739502,4.087356755630522e-06
379900,18,1.1865077018737793,0.5385168790817261,4.085417076321732e-06
379950,18,1.183016300201416,0.5561317801475525,4.083479056139759e-06
380000,18,1.1977322101593018,0.5562471151351929,4.081542695343605e-06
380050,18,1.1443486213684082,0.49714505672454834,4.079607994192051e-06
380100,18,1.1504167318344116,0.5372744202613831,4.0776749529436605e-06
380150,18,1.116499423980713,0.5179346203804016,4.075743571856768e-06
380200,18,1.1879171133041382,0.5456035733222961,4.073813851189489e-06
380250,18,1.193178653717041,0.5315422415733337,4.071885791199724e-06
380300,18,1.2198424339294434,0.5460083484649658,4.069959392145138e-06
380350,18,1.2413486242294312,0.5551761984825134,4.068034654283187e-06
380400,18,1.1892919540405273,0.5581985116004944,4.066111577871096e-06
380450,18,1.222266435623169,0.5642821192741394,4.064190163165876e-06
380500,18,1.2096889019012451,0.5618466138839722,4.062270410424306e-06
380550,18,1.1937288045883179,0.5331465601921082,4.060352319902953e-06
380600,18,1.15617036819458,0.5355449318885803,4.058435891858152e-06
380650,18,1.151672124862671,0.5347063541412354,4.056521126546025e-06
380700,18,1.235581398010254,0.5904499292373657,4.054608024222465e-06
380750,18,1.1830568313598633,0.5376748442649841,4.052696585143146e-06
380800,18,1.1949111223220825,0.5568753480911255,4.050786809563521e-06
380850,18,1.185807704925537,0.5309253334999084,4.048878697738819e-06
380900,18,1.1283318996429443,0.5287759900093079,4.0469722499240435e-06
380950,18,1.1829006671905518,0.535391628742218,4.04506746637398e-06
381000,18,1.2580026388168335,0.5609293580055237,4.043164347343194e-06
381050,18,1.1925994157791138,0.5530268549919128,4.0412628930860184e-06
381100,18,1.170121192932129,0.5203293561935425,4.039363103856574e-06
381150,18,1.1659610271453857,0.5122681260108948,4.037464979908753e-06
381200,18,1.1740937232971191,0.521926760673523,4.0355685214962304e-06
381250,18,1.212299108505249,0.5394269824028015,4.0336737288724495e-06
381300,18,1.2085769176483154,0.5795444846153259,4.031780602290644e-06
381350,18,1.2348027229309082,0.5788968801498413,4.029889142003811e-06
381400,18,1.1935920715332031,0.5603123903274536,4.027999348264737e-06
381450,18,1.1955713033676147,0.5375096797943115,4.026111221325976e-06
381500,18,1.1372889280319214,0.5132275819778442,4.024224761439868e-06
381550,18,1.1840009689331055,0.5347418785095215,4.022339968858523e-06
381600,18,1.2093896865844727,0.5550824403762817,4.020456843833829e-06
381650,18,1.1833829879760742,0.5553603172302246,4.018575386617459e-06
381700,18,1.1619693040847778,0.5370267033576965,4.016695597460853e-06
381750,18,1.2081811428070068,0.5654226541519165,4.014817476615233e-06
381800,18,1.2160099744796753,0.5285621881484985,4.012941024331598e-06
381850,18,1.2173811197280884,0.5466257333755493,4.011066240860725e-06
381900,18,1.1478482484817505,0.5456792712211609,4.009193126453164e-06
381950,18,1.1649067401885986,0.5364941358566284,4.007321681359246e-06
382000,18,1.203678846359253,0.5476959943771362,4.005451905829075e-06
382050,18,1.1498432159423828,0.5321361422538757,4.003583800112537e-06
382100,18,1.2102882862091064,0.606244683265686,4.001717364459288e-06
382150,18,1.202134370803833,0.5588369965553284,3.999852599118771e-06
382200,18,1.2057859897613525,0.5428644418716431,3.9979895043401936e-06
382250,18,1.183076024055481,0.5410788655281067,3.996128080372547e-06
382300,18,1.2214913368225098,0.5415971875190735,3.994268327464599e-06
382350,18,1.2462983131408691,0.5528460144996643,3.992410245864898e-06
382400,18,1.1451728343963623,0.5388190150260925,3.990553835821756e-06
382450,18,1.1562840938568115,0.5521147847175598,3.9886990975832745e-06
382500,18,1.1762751340866089,0.5383673906326294,3.986846031397328e-06
382550,18,1.1715681552886963,0.5405629873275757,3.984994637511565e-06
382600,18,1.190758228302002,0.5548453330993652,3.9831449161734104e-06
382650,18,1.2237191200256348,0.5765912532806396,3.98129686763007e-06
382700,18,1.1914587020874023,0.5574741363525391,3.97945049212852e-06
382750,18,1.2071690559387207,0.5526944994926453,3.97760578991552e-06
382800,18,1.1543314456939697,0.5666342973709106,3.975762761237602e-06
382850,18,1.1688580513000488,0.5439831018447876,3.97392140634107e-06
382900,18,1.1896896362304688,0.5374501943588257,3.972081725472015e-06
382950,18,1.1524403095245361,0.5131393671035767,3.970243718876293e-06
383000,18,1.25661301612854,0.588634729385376,3.968407386799543e-06
383050,18,1.143263816833496,0.5181429386138916,3.966572729487182e-06
383100,18,1.1137460470199585,0.5290096402168274,3.964739747184395e-06
383150,18,1.1863682270050049,0.5440279841423035,3.962908440136153e-06
383200,18,1.1793181896209717,0.5330570936203003,3.961078808587189e-06
383250,18,1.3113232851028442,0.6165053844451904,3.959250852782031e-06
383300,18,1.1836320161819458,0.522944450378418,3.95742457296497e-06
383350,18,1.1066566705703735,0.5354066491127014,3.955599969380076e-06
383400,18,1.1562762260437012,0.5743280053138733,3.953777042271192e-06
383450,18,1.1813617944717407,0.5422253012657166,3.951955791881945e-06
383500,18,1.1826859712600708,0.5432256460189819,3.950136218455729e-06
383550,18,1.1800284385681152,0.5552108287811279,3.9483183222357235e-06
383600,18,1.2038054466247559,0.5431592464447021,3.946502103464872e-06
383650,18,1.2117549180984497,0.5570082664489746,3.944687562385902e-06
383700,18,1.1983067989349365,0.5621116757392883,3.942874699241316e-06
383750,18,1.2319215536117554,0.5695130825042725,3.941063514273394e-06
383800,18,1.1684733629226685,0.5081918239593506,3.939254007724184e-06
383850,18,1.2495207786560059,0.5771508812904358,3.937446179835514e-06
383900,18,1.1618337631225586,0.5249821543693542,3.935640030848994e-06
383950,18,1.231640100479126,0.5611460208892822,3.933835561005999e-06
384000,18,1.1147358417510986,0.5379347801208496,3.9320327705476854e-06
384050,18,1.2559750080108643,0.5532227754592896,3.930231659714985e-06
384100,18,1.2106417417526245,0.5977317690849304,3.928432228748605e-06
384150,18,1.236215591430664,0.5621365308761597,3.926634477889023e-06
384200,18,1.2474241256713867,0.5646670460700989,3.924838407376503e-06
384250,18,1.2656258344650269,0.5533949136734009,3.923044017451074e-06
384300,18,1.1515710353851318,0.5354063510894775,3.921251308352547e-06
384350,18,1.1896939277648926,0.57122802734375,3.9194602803205e-06
384400,18,1.1582170724868774,0.5611332654953003,3.9176709335943e-06
384450,18,1.2104387283325195,0.5479043126106262,3.915883268413075e-06
384500,18,1.1958470344543457,0.5554617047309875,3.914097285015737e-06
384550,18,1.1730942726135254,0.5198681950569153,3.912312983640973e-06
384600,18,1.1653447151184082,0.5329490303993225,3.910530364527239e-06
384650,18,1.2106988430023193,0.5390622019767761,3.908749427912772e-06
384700,18,1.0854132175445557,0.529105007648468,3.90697017403558e-06
384750,18,1.2068166732788086,0.5211911201477051,3.905192603133454e-06
384800,18,1.170766830444336,0.5328512787818909,3.903416715443951e-06
384850,18,1.2043144702911377,0.5406172275543213,3.9016425112044075e-06
384900,18,1.1731014251708984,0.586174488067627,3.899869990651933e-06
384950,18,1.1835083961486816,0.5610668659210205,3.8980991540234155e-06
385000,18,1.1671903133392334,0.5597244501113892,3.896330001555512e-06
385050,18,1.2294917106628418,0.5838115215301514,3.8945625334846615e-06
385100,18,1.1798142194747925,0.5197873711585999,3.892796750047073e-06
385150,18,1.1827428340911865,0.5488631725311279,3.891032651478731e-06
385200,18,1.226884365081787,0.5429232120513916,3.889270238015396e-06
385250,18,1.1658682823181152,0.5355041027069092,3.887509509892604e-06
385300,18,1.2028133869171143,0.5450444221496582,3.885750467345665e-06
385350,18,1.2176401615142822,0.6191465854644775,3.88399311060966e-06
385400,18,1.1421101093292236,0.5412624478340149,3.882237439919453e-06
385450,18,1.1793193817138672,0.5180033445358276,3.880483455509672e-06
385500,18,1.2063641548156738,0.561823308467865,3.878731157614732e-06
385550,18,1.1705161333084106,0.541750967502594,3.87698054646881e-06
385600,18,1.2084424495697021,0.5642486214637756,3.8752316223058665e-06
385650,18,1.195871353149414,0.5393000841140747,3.873484385359631e-06
385700,18,1.1787433624267578,0.5218579173088074,3.871738835863617e-06
385750,18,1.1506953239440918,0.5736454725265503,3.869994974051098e-06
385800,18,1.1963896751403809,0.5181053280830383,3.868252800155135e-06
385850,18,1.2384569644927979,0.5402158498764038,3.8665123144085525e-06
385900,18,1.2015538215637207,0.5841659307479858,3.86477351704396e-06
385950,18,1.198070764541626,0.5356953144073486,3.863036408293735e-06
386000,18,1.2183622121810913,0.5488799810409546,3.861300988390028e-06
386050,18,1.1664369106292725,0.5496431589126587,3.859567257564771e-06
386100,18,1.201056957244873,0.5315223932266235,3.857835216049661e-06
386150,18,1.2004311084747314,0.5609602332115173,3.856104864076175e-06
386200,18,1.1893246173858643,0.5373181700706482,3.854376201875564e-06
386250,18,1.1529371738433838,0.5788609385490417,3.8526492296788545e-06
386300,18,1.2141509056091309,0.5460993051528931,3.850923947716839e-06
386350,18,1.2609589099884033,0.57070392370224,3.849200356220098e-06
386400,18,1.141646385192871,0.5255089998245239,3.847478455418969e-06
386450,18,1.1867644786834717,0.552213191986084,3.8457582455435806e-06
386500,18,1.1608043909072876,0.5580162405967712,3.844039726823823e-06
386550,18,1.168115496635437,0.5188575387001038,3.842322899489364e-06
386600,18,1.1744263172149658,0.5320160984992981,3.840607763769652e-06
386650,18,1.1706048250198364,0.5363625288009644,3.838894319893898e-06
386700,18,1.1984258890151978,0.5498517155647278,3.837182568091093e-06
386750,18,1.136635184288025,0.5149447321891785,3.835472508590002e-06
386800,18,1.2227355241775513,0.5645272731781006,3.8337641416191666e-06
386850,18,1.198257565498352,0.5410240292549133,3.8320574674068936e-06
386900,18,1.1454120874404907,0.511363685131073,3.830352486181272e-06
386950,18,1.217958688735962,0.5627413392066956,3.828649198170159e-06
387000,18,1.1896921396255493,0.5447603464126587,3.826947603601191e-06
387050,18,1.2180588245391846,0.54665207862854,3.825247702701769e-06
387100,18,1.2241624593734741,0.5596014857292175,3.8235494956990796e-06
387150,18,1.1493639945983887,0.5338832139968872,3.821852982820074e-06
387200,18,1.1878670454025269,0.5261661410331726,3.820158164291482e-06
387250,18,1.1671638488769531,0.5741011500358582,3.818465040339801e-06
387300,18,1.1879960298538208,0.556715726852417,3.816773611191308e-06
387350,18,1.1500911712646484,0.5192155838012695,3.815083877072054e-06
387400,18,1.1547112464904785,0.52275550365448,3.813395838207855e-06
387450,18,1.1489827632904053,0.5209547281265259,3.8117094948243123e-06
387500,18,1.1944751739501953,0.5452319979667664,3.8100248471467904e-06
387550,18,1.2225852012634277,0.541831910610199,3.8083418954004328e-06
387600,18,1.2325890064239502,0.5875040888786316,3.806660639810152e-06
387650,18,1.2318148612976074,0.5753298401832581,3.8049810806006437e-06
387700,18,1.2295575141906738,0.5980802774429321,3.803303217996362e-06
387750,18,1.2158372402191162,0.5984975099563599,3.8016270522215487e-06
387800,18,1.1646602153778076,0.5526017546653748,3.7999525835002057e-06
387850,18,1.122539758682251,0.5440464019775391,3.798279812056123e-06
387900,18,1.184385895729065,0.5445992946624756,3.7966087381128455e-06
387950,18,1.1282291412353516,0.5514070987701416,3.7949393618937072e-06
388000,18,1.24825918674469,0.5806154012680054,3.7932716836218107e-06
388050,18,1.2427784204483032,0.5613849759101868,3.7916057035200256e-06
388100,18,1.1857848167419434,0.5523179769515991,3.7899414218110003e-06
388150,18,1.2206127643585205,0.5399110317230225,3.7882788387171577e-06
388200,18,1.1580268144607544,0.5331288576126099,3.786617954460689e-06
388250,18,1.2088450193405151,0.5302771329879761,3.7849587692635602e-06
388300,18,1.1945149898529053,0.52471524477005,3.7833012833475117e-06
388350,18,1.158643126487732,0.5153858065605164,3.7816454969340535e-06
388400,18,1.16697096824646,0.5538020133972168,3.7799914102444734e-06
388450,18,1.1787225008010864,0.5402581691741943,3.7783390234998253e-06
388500,18,1.237889289855957,0.6170769333839417,3.7766883369209436e-06
388550,18,1.1468418836593628,0.538307785987854,3.775039350728428e-06
388600,18,1.1568909883499146,0.539726197719574,3.7733920651426565e-06
388650,18,1.1434004306793213,0.5443772673606873,3.7717464803837774e-06
388700,18,1.2094488143920898,0.5507575273513794,3.7701025966717156e-06
388750,18,1.2091152667999268,0.5538830757141113,3.76846041422616e-06
388800,18,1.189328908920288,0.548302412033081,3.7668199332665785e-06
388850,18,1.2343699932098389,0.5404107570648193,3.765181154012216e-06
388900,18,1.2018396854400635,0.5429278612136841,3.763544076682077e-06
388950,18,1.2045785188674927,0.5476784706115723,3.76190870149495e-06
389000,18,1.1770191192626953,0.5400019884109497,3.760275028669391e-06
389050,18,1.1681883335113525,0.5574806332588196,3.758643058423732e-06
389100,18,1.1306066513061523,0.5200579166412354,3.7570127909760685e-06
389150,18,1.1699415445327759,0.52983158826828,3.755384226544284e-06
389200,18,1.164426326751709,0.5547828078269958,3.7537573653460187e-06
389250,18,1.1309325695037842,0.5342193841934204,3.7521322075986936e-06
389300,18,1.1689295768737793,0.546131432056427,3.7505087535195008e-06
389350,18,1.22455632686615,0.5383182764053345,3.7488870033254036e-06
389400,18,1.1752506494522095,0.5224315524101257,3.7472669572331407e-06
389450,18,1.2215074300765991,0.5645977854728699,3.7456486154592164e-06
389500,18,1.1833750009536743,0.5490274429321289,3.7440319782199154e-06
389550,18,1.172583818435669,0.5180246829986572,3.7424170457312845e-06
389600,18,1.1788668632507324,0.5282070636749268,3.7408038182091544e-06
389650,18,1.2096977233886719,0.5457085371017456,3.7391922958691213e-06
389700,18,1.2181892395019531,0.5951710939407349,3.7375824789265543e-06
389750,18,1.14712655544281,0.5474371314048767,3.7359743675965934e-06
389800,18,1.151619553565979,0.5447962880134583,3.7343679620941543e-06
389850,18,1.2257301807403564,0.5478315353393555,3.73276326263392e-06
389900,18,1.2413439750671387,0.5447471737861633,3.731160269430349e-06
389950,18,1.2331840991973877,0.6155562400817871,3.729558982697671e-06
390000,18,1.1762807369232178,0.5169293284416199,3.727959402649885e-06
390050,18,1.2097373008728027,0.5413644909858704,3.726361529500768e-06
390100,18,1.1912474632263184,0.5603758096694946,3.724765363463864e-06
390150,18,1.203437089920044,0.5533238649368286,3.7231709047524898e-06
390200,18,1.1720209121704102,0.5473687648773193,3.7215781535797317e-06
390250,18,1.1605908870697021,0.5332970023155212,3.719987110158456e-06
390300,18,1.2121974229812622,0.5554305911064148,3.7183977747012895e-06
390350,18,1.1853814125061035,0.5329051613807678,3.7168101474206406e-06
390400,18,1.1663882732391357,0.5018956065177917,3.715224228528682e-06
390450,18,1.2225463390350342,0.5557147860527039,3.7136400182373645e-06
390500,18,1.14968740940094,0.5473341345787048,3.7120575167584016e-06
390550,18,1.1771600246429443,0.571490466594696,3.7104767243032896e-06
390600,18,1.1917552947998047,0.5350790619850159,3.708897641083289e-06
390650,18,1.2093195915222168,0.5690595507621765,3.7073202673094343e-06
390700,18,1.2331546545028687,0.5958665013313293,3.70574460319253e-06
390750,18,1.1601985692977905,0.5448431372642517,3.7041706489431567e-06
390800,18,1.1970911026000977,0.518390953540802,3.7025984047716577e-06
390850,18,1.191472053527832,0.528097927570343,3.7010278708881563e-06
390900,18,1.2043046951293945,0.566852867603302,3.6994590475025435e-06
390950,18,1.2447001934051514,0.5611021518707275,3.6978919348244807e-06
391000,18,1.1850826740264893,0.5612362027168274,3.696326533063406e-06
391050,18,1.1925561428070068,0.5319575071334839,3.6947628424285176e-06
391100,18,1.2126437425613403,0.5463362336158752,3.6932008631288006e-06
391150,18,1.173830270767212,0.5546205043792725,3.6916405953729977e-06
391200,18,1.230989933013916,0.5536951422691345,3.6900820393696327e-06
391250,18,1.1094715595245361,0.5118635892868042,3.6885251953269924e-06
391300,18,1.158616304397583,0.5230251550674438,3.6869700634531422e-06
391350,18,1.19672691822052,0.5408061146736145,3.685416643955911e-06
391400,18,1.1945955753326416,0.5329469442367554,3.6838649370429045e-06
391450,18,1.238185167312622,0.5891097784042358,3.682314942921502e-06
391500,18,1.2126065492630005,0.5368167757987976,3.6807666617988436e-06
391550,18,1.2292227745056152,0.5707975625991821,3.6792200938818513e-06
391600,18,1.2099932432174683,0.5692670941352844,3.6776752393772113e-06
391650,19,1.1827213764190674,0.5548436641693115,3.676132098491387e-06
391700,19,1.2105971574783325,0.5366272926330566,3.6745906714306037e-06
391750,19,1.1763980388641357,0.5310084819793701,3.673050958400866e-06
391800,19,1.2016767263412476,0.5768688321113586,3.6715129596079465e-06
391850,19,1.1842756271362305,0.5377091765403748,3.6699766752573877e-06
391900,19,1.2053136825561523,0.5549473762512207,3.6684421055545026e-06
391950,19,1.1608222723007202,0.5512290596961975,3.6669092507043793e-06
392000,19,1.214874267578125,0.5406854152679443,3.665378110911868e-06
392050,19,1.1546412706375122,0.5291007161140442,3.663848686381604e-06
392100,19,1.1752853393554688,0.5403047204017639,3.662320977317978e-06
392150,19,1.2104661464691162,0.5421850085258484,3.6607949839251627e-06
392200,19,1.2376823425292969,0.5686784386634827,3.6592707064070918e-06
392250,19,1.1186726093292236,0.5263109803199768,3.6577481449674784e-06
392300,19,1.133908987045288,0.5281111001968384,3.6562272998098044e-06
392350,19,1.1740713119506836,0.5435750484466553,3.6547081711373155e-06
392400,19,1.241886019706726,0.5695605278015137,3.653190759153038e-06
392450,19,1.1803994178771973,0.5399348139762878,3.6516750640597623e-06
392500,19,1.1645549535751343,0.5169025659561157,3.6501610860600477e-06
392550,19,1.194841980934143,0.5818350315093994,3.648648825356233e-06
392600,19,1.1786701679229736,0.5684753060340881,3.64713828215042e-06
392650,19,1.2205594778060913,0.54296875,3.64562945664448e-06
392700,19,1.159544587135315,0.512618899345398,3.6441223490400617e-06
392750,19,1.1747496128082275,0.5249298214912415,3.6426169595385764e-06
392800,19,1.1554522514343262,0.5280768275260925,3.6411132883412125e-06
392850,19,1.1773240566253662,0.5449779033660889,3.6396113356489234e-06
392900,19,1.2306736707687378,0.5653180480003357,3.6381111016624343e-06
392950,19,1.1440119743347168,0.5441476106643677,3.636612586582246e-06
393000,19,1.188482403755188,0.5420957207679749,3.6351157906086178e-06
393050,19,1.208756446838379,0.5490129590034485,3.6336207139415964e-06
393100,19,1.163271427154541,0.5506221055984497,3.6321273567809805e-06
393150,19,1.204836368560791,0.5459218621253967,3.630635719326352e-06
393200,19,1.2145605087280273,0.5365674495697021,3.6291458017770555e-06
393250,19,1.1478524208068848,0.5558578968048096,3.6276576043322114e-06
393300,19,1.1719679832458496,0.5336787700653076,3.626171127190705e-06
393350,19,1.2924821376800537,0.5636466145515442,3.6246863705511966e-06
393400,19,1.1815879344940186,0.5986467003822327,3.6232033346121104e-06
393450,19,1.1876133680343628,0.5581785440444946,3.621722019571646e-06
393500,19,1.197472333908081,0.5200001001358032,3.6202424256277727e-06
393550,19,1.1960017681121826,0.557740330696106,3.61876455297823e-06
393600,19,1.1474225521087646,0.5166540741920471,3.6172884018205202e-06
393650,19,1.1985602378845215,0.5434643626213074,3.615813972351926e-06
393700,19,1.2401273250579834,0.5652080178260803,3.614341264769494e-06
393750,19,1.1828174591064453,0.5240237712860107,3.6128702792700396e-06
393800,19,1.1908438205718994,0.5592441558837891,3.611401016050154e-06
393850,19,1.136887550354004,0.5082125663757324,3.6099334753061913e-06
393900,19,1.1896767616271973,0.5453753471374512,3.6084676572342814e-06
393950,19,1.2088489532470703,0.5484676957130432,3.607003562030318e-06
394000,19,1.1644277572631836,0.520513117313385,3.605541189889968e-06
394050,19,1.183197021484375,0.5429270267486572,3.6040805410086698e-06
394100,19,1.1827036142349243,0.5390828251838684,3.6026216155816298e-06
394150,19,1.182408332824707,0.5376036763191223,3.6011644138038227e-06
394200,19,1.2161026000976562,0.5361716747283936,3.5997089358699934e-06
394250,19,1.1502556800842285,0.5290265679359436,3.598255181974657e-06
394300,19,1.212491750717163,0.5455378890037537,3.5968031523120978e-06
394350,19,1.2162134647369385,0.5549449920654297,3.5953528470763724e-06
394400,19,1.164485216140747,0.5336618423461914,3.5939042664613005e-06
394450,19,1.1953980922698975,0.5613231062889099,3.592457410660478e-06
394500,19,1.2033014297485352,0.5828807353973389,3.5910122798672666e-06
394550,19,1.21809983253479,0.6095376014709473,3.5895688742748006e-06
394600,19,1.0800809860229492,0.5545294880867004,3.588127194075979e-06
394650,19,1.2295515537261963,0.5716615319252014,3.5866872394634743e-06
394700,19,1.1560070514678955,0.5295677185058594,3.585249010629725e-06
394750,19,1.2254003286361694,0.5792220830917358,3.583812507766943e-06
394800,19,1.2040742635726929,0.5544543862342834,3.5823777310671066e-06
394850,19,1.1283886432647705,0.5151091814041138,3.5809446807219645e-06
394900,19,1.119044542312622,0.5463911890983582,3.579513356923033e-06
394950,19,1.2392126321792603,0.5918653607368469,3.5780837598616e-06
395000,19,1.2319886684417725,0.5779553055763245,3.576655889728721e-06
395050,19,1.2241592407226562,0.5710479021072388,3.5752297467152242e-06
395100,19,1.184340000152588,0.5372253656387329,3.573805331011702e-06
395150,19,1.2067880630493164,0.5922849774360657,3.5723826428085173e-06
395200,19,1.2260093688964844,0.6098665595054626,3.5709616822958063e-06
395250,19,1.2078874111175537,0.5720261335372925,3.5695424496634653e-06
395300,19,1.1700389385223389,0.5327985286712646,3.5681249451011713e-06
395350,19,1.1695730686187744,0.5068109035491943,3.5667091687983594e-06
395400,19,1.178652048110962,0.5177769660949707,3.5652951209442444e-06
395450,19,1.1607556343078613,0.5468292832374573,3.563882801727796e-06
395500,19,1.1832554340362549,0.5660473704338074,3.5624722113377695e-06
395550,19,1.1676397323608398,0.556745707988739,3.5610633499626775e-06
395600,19,1.1892415285110474,0.5515167713165283,3.559656217790807e-06
395650,19,1.1932218074798584,0.5548355579376221,3.5582508150102087e-06
395700,19,1.1513490676879883,0.5594526529312134,3.5568471418087053e-06
395750,19,1.2211754322052002,0.5418948531150818,3.5554451983738936e-06
395800,19,1.1682217121124268,0.5591566562652588,3.554044984893128e-06
395850,19,1.1755415201187134,0.5210496783256531,3.552646501553543e-06
395900,19,1.2214853763580322,0.545864462852478,3.5512497485420304e-06
395950,19,1.127236247062683,0.5243217349052429,3.549854726045263e-06
396000,19,1.1932004690170288,0.5806135535240173,3.548461434249671e-06
396050,19,1.1331164836883545,0.5604648590087891,3.5470698733414667e-06
396100,19,1.1736000776290894,0.5282601714134216,3.5456800435066137e-06
396150,19,1.1660704612731934,0.5171988010406494,3.5442919449308597e-06
396200,19,1.142857313156128,0.507415235042572,3.542905577799711e-06
396250,19,1.1592442989349365,0.5251891016960144,3.5415209422984506e-06
396300,19,1.1519402265548706,0.5262849926948547,3.5401380386121206e-06
396350,19,1.205381155014038,0.5730794072151184,3.5387568669255397e-06
396400,19,1.2081612348556519,0.5795113444328308,3.537377427423296e-06
396450,19,1.1247689723968506,0.530183732509613,3.535999720289735e-06
396500,19,1.2107971906661987,0.5307762622833252,3.5346237457089836e-06
396550,19,1.151672601699829,0.5480782985687256,3.5332495038649303e-06
396600,19,1.213549256324768,0.5493046641349792,3.531876994941235e-06
396650,19,1.2334463596343994,0.5437614917755127,3.5305062191213194e-06
396700,19,1.2079423666000366,0.5896009206771851,3.5291371765883863e-06
396750,19,1.2239055633544922,0.5746707320213318,3.527769867525391e-06
396800,19,1.1926443576812744,0.5430096387863159,3.5264042921150704e-06
396850,19,1.1500866413116455,0.5467950701713562,3.5250404505399235e-06
396900,19,1.1939637660980225,0.541691243648529,3.5236783429822163e-06
396950,19,1.1700775623321533,0.5458614230155945,3.52231796962399e-06
397000,19,1.1521251201629639,0.5584707260131836,3.520959330647048e-06
397050,19,1.228586196899414,0.5417670607566833,3.519602426232959e-06
397100,19,1.2642533779144287,0.5708183646202087,3.5182472565630698e-06
397150,19,1.1776492595672607,0.575021505355835,3.51689382181849e-06
397200,19,1.2266860008239746,0.5645371079444885,3.5155421221800925e-06
397250,19,1.1853349208831787,0.5518116354942322,3.5141921578285265e-06
397300,19,1.2011935710906982,0.5672911405563354,3.512843928944205e-06
397350,19,1.1243325471878052,0.5437138676643372,3.51149743570731e-06
397400,19,1.2028052806854248,0.5414282083511353,3.510152678297789e-06
397450,19,1.214723825454712,0.5575869083404541,3.5088096568953647e-06
397500,19,1.228034496307373,0.5352767705917358,3.507468371679518e-06
397550,19,1.125229835510254,0.5159881711006165,3.5061288228295073e-06
397600,19,1.1309349536895752,0.5550668239593506,3.5047910105243516e-06
397650,19,1.2537527084350586,0.6072937250137329,3.5034549349428436e-06
397700,19,1.1859354972839355,0.5537815690040588,3.5021205962635353e-06
397750,19,1.18871009349823,0.5391745567321777,3.500787994664756e-06
397800,19,1.1932785511016846,0.5575542449951172,3.499457130324601e-06
397850,19,1.1862366199493408,0.5552530288696289,3.498128003420928e-06
397900,19,1.1944637298583984,0.524974524974823,3.4968006141313664e-06
397950,19,1.2347428798675537,0.57596755027771,3.4954749626333137e-06
398000,19,1.265383005142212,0.5742802619934082,3.494151049103937e-06
398050,19,1.1348083019256592,0.5226910710334778,3.492828873720165e-06
398100,19,1.1705024242401123,0.5114455223083496,3.4915084366586995e-06
398150,19,1.221559762954712,0.5778444409370422,3.490189738096006e-06
398200,19,1.1515510082244873,0.5320392847061157,3.4888727782083234e-06
398250,19,1.2338687181472778,0.5253102779388428,3.4875575571716508e-06
398300,19,1.2443974018096924,0.5723419785499573,3.4862440751617635e-06
398350,19,1.121462106704712,0.5271068215370178,3.484932332354193e-06
398400,19,1.2354512214660645,0.5859447717666626,3.4836223289242503e-06
398450,19,1.1696357727050781,0.5415363311767578,3.4823140650470067e-06
398500,19,1.1945099830627441,0.528628945350647,3.4810075408973052e-06
398550,19,1.2006685733795166,0.5545299053192139,3.4797027566497515e-06
398600,19,1.1854006052017212,0.5280495882034302,3.478399712478722e-06
398650,19,1.1912113428115845,0.5612406730651855,3.4770984085583614e-06
398700,19,1.2139406204223633,0.5339106917381287,3.475798845062578e-06
398750,19,1.2263325452804565,0.5443001389503479,3.4745010221650516e-06
398800,19,1.1753089427947998,0.542729377746582,3.473204940039227e-06
398850,19,1.1486896276474,0.5329127907752991,3.4719105988583182e-06
398900,19,1.2003839015960693,0.5419200658798218,3.4706179987953005e-06
398950,19,1.1857376098632812,0.5446935296058655,3.4693271400229293e-06
399000,19,1.232466220855713,0.560481071472168,3.4680380227137122e-06
399050,19,1.2136253118515015,0.5603042840957642,3.466750647039937e-06
399100,19,1.18845534324646,0.5533353090286255,3.465465013173647e-06
399150,19,1.1892650127410889,0.562284529209137,3.4641811212866637e-06
399200,19,1.1775567531585693,0.5270060896873474,3.4628989715505694e-06
399250,19,1.2194746732711792,0.5689122676849365,3.4616185641367124e-06
399300,19,1.1823525428771973,0.5526070594787598,3.4603398992162138e-06
399350,19,1.1765786409378052,0.5529305934906006,3.459062976959955e-06
399400,19,1.1603081226348877,0.5410428643226624,3.4577877975385934e-06
399450,19,1.2228050231933594,0.5766627788543701,3.456514361122544e-06
399500,19,1.1876490116119385,0.5247554183006287,3.4552426678819953e-06
399550,19,1.1902282238006592,0.5663914680480957,3.4539727179869e-06
399600,19,1.155472755432129,0.5494399666786194,3.4527045116069783e-06
399650,19,1.2078438997268677,0.6013097763061523,3.451438048911719e-06
399700,19,1.2201213836669922,0.5583268404006958,3.4501733300703745e-06
399750,19,1.1876232624053955,0.5623455047607422,3.4489103552519666e-06
399800,19,1.2250360250473022,0.5455337762832642,3.4476491246252824e-06
399850,19,1.1974859237670898,0.5459042191505432,3.4463896383588794e-06
399900,19,1.227715253829956,0.5548608899116516,3.44513189662108e-06
399950,19,1.2338099479675293,0.5882086753845215,3.4438758995799716e-06
400000,19,1.155007004737854,0.5820968747138977,3.4426216474034076e-06
400050,19,1.1735339164733887,0.5601166486740112,3.441369140259015e-06
400100,19,1.1423099040985107,0.5536603331565857,3.440118378314181e-06
400150,19,1.1667767763137817,0.5502813458442688,3.4388693617360614e-06
400200,19,1.20161771774292,0.5259443521499634,3.4376220906915785e-06
400250,19,1.1834473609924316,0.553005039691925,3.4363765653474235e-06
400300,19,1.1670781373977661,0.5391940474510193,3.435132785870051e-06
400350,19,1.248824119567871,0.5806550979614258,3.433890752425684e-06
400400,19,1.1950862407684326,0.5315181612968445,3.4326504651803134e-06
400450,19,1.2028701305389404,0.5375766158103943,3.431411924299694e-06
400500,19,1.182607889175415,0.5574037432670593,3.4301751299493504e-06
400550,19,1.1392805576324463,0.5714018940925598,3.4289400822945708e-06
400600,19,1.2066420316696167,0.5302093625068665,3.427706781500409e-06
400650,19,1.1718553304672241,0.5211259722709656,3.4264752277316905e-06
400700,19,1.2065937519073486,0.5901269316673279,3.425245421153004e-06
400750,19,1.1638596057891846,0.5302018523216248,3.4240173619287034e-06
400800,19,1.144195795059204,0.53253173828125,3.4227910502229137e-06
400850,19,1.1338940858840942,0.5295795798301697,3.421566486199517e-06
400900,19,1.138269066810608,0.5392774343490601,3.4203436700221765e-06
400950,19,1.2056524753570557,0.5501370429992676,3.4191226018543087e-06
401000,19,1.205926537513733,0.5684926509857178,3.417903281859102e-06
401050,19,1.21962308883667,0.5708534717559814,3.4166857101995096e-06
401100,19,1.1645201444625854,0.5392457246780396,3.4154698870382536e-06
401150,19,1.1903952360153198,0.5668015480041504,3.41425581253782e-06
401200,19,1.1505277156829834,0.540648877620697,3.4130434868604603e-06
401250,19,1.172376275062561,0.5558322072029114,3.411832910168197e-06
401300,19,1.1625592708587646,0.5076585412025452,3.4106240826228126e-06
401350,19,1.1883612871170044,0.542239248752594,3.409417004385861e-06
401400,19,1.213493824005127,0.5627691745758057,3.4082116756186567e-06
401450,19,1.2063112258911133,0.5805281400680542,3.4070080964822903e-06
401500,19,1.1323776245117188,0.5235260725021362,3.4058062671376077e-06
401550,19,1.1852083206176758,0.5482437014579773,3.404606187745225e-06
401600,19,1.222038745880127,0.549515426158905,3.403407858465526e-06
401650,19,1.1499149799346924,0.5307893753051758,3.4022112794586626e-06
401700,19,1.1604228019714355,0.5452883839607239,3.4010164508845433e-06
401750,19,1.1459393501281738,0.5268995761871338,3.399823372902854e-06
401800,19,1.1640040874481201,0.5410310626029968,3.398632045673037e-06
401850,19,1.2094091176986694,0.575596809387207,3.3974424693543114e-06
401900,19,1.1343317031860352,0.5282614231109619,3.3962546441056527e-06
401950,19,1.1392111778259277,0.568897008895874,3.3950685700858066e-06
402000,19,1.1886526346206665,0.5520401000976562,3.393884247453283e-06
402050,19,1.1715577840805054,0.5550028681755066,3.392701676366358e-06
402100,19,1.2116228342056274,0.5524800419807434,3.391520856983078e-06
402150,19,1.2079055309295654,0.5837783813476562,3.3903417894612487e-06
402200,19,1.1878421306610107,0.5300534963607788,3.3891644739584477e-06
402250,19,1.177686333656311,0.5389127135276794,3.3879889106320113e-06
402300,19,1.2369745969772339,0.5805312991142273,3.3868150996390476e-06
402350,19,1.1663260459899902,0.5304540991783142,3.3856430411364278e-06
402400,19,1.1899044513702393,0.5524758100509644,3.384472735280794e-06
402450,19,1.156186819076538,0.5515690445899963,3.383304182228544e-06
402500,19,1.2118891477584839,0.5320395231246948,3.3821373821358514e-06
402550,19,1.164013147354126,0.5271468162536621,3.3809723351586484e-06
402600,19,1.2399176359176636,0.5669228434562683,3.3798090414526386e-06
402650,19,1.20228111743927,0.5412301421165466,3.3786475011732843e-06
402700,19,1.1481186151504517,0.5085963606834412,3.377487714475823e-06
402750,19,1.2162715196609497,0.5809690356254578,3.37632968151525e-06
402800,19,1.1898759603500366,0.5390456318855286,3.375173402446326e-06
402850,19,1.2369440793991089,0.552833616733551,3.374018877423584e-06
402900,19,1.227258324623108,0.5677585601806641,3.372866106601316e-06
402950,19,1.2131175994873047,0.551450252532959,3.3717150901335866e-06
403000,19,1.1703383922576904,0.5326015949249268,3.370565828174217e-06
403050,19,1.14444100856781,0.5326156616210938,3.3694183208768005e-06
403100,19,1.1552391052246094,0.524202287197113,3.3682725683946907e-06
403150,19,1.1883432865142822,0.5142106413841248,3.367128570881016e-06
403200,19,1.2515790462493896,0.5926375985145569,3.365986328488657e-06
403250,19,1.1377201080322266,0.5628492832183838,3.3648458413702717e-06
403300,19,1.2132686376571655,0.5434072613716125,3.363707109678277e-06
403350,19,1.165891408920288,0.560038685798645,3.362570133564858e-06
403400,19,1.1784675121307373,0.5257552266120911,3.361434913181962e-06
403450,19,1.2190220355987549,0.548563539981842,3.3603014486813054e-06
403500,19,1.1941707134246826,0.5557159185409546,3.3591697402143687e-06
403550,19,1.2305903434753418,0.5578416585922241,3.3580397879323943e-06
403600,19,1.1585922241210938,0.5569878220558167,3.3569115919863955e-06
403650,19,1.1751770973205566,0.5324000716209412,3.355785152527147e-06
403700,19,1.1955139636993408,0.5904613733291626,3.3546604697051925e-06
403750,19,1.2078063488006592,0.5541346669197083,3.353537543670832e-06
403800,19,1.1977300643920898,0.5536300539970398,3.352416374574145e-06
403850,19,1.2250522375106812,0.5533068776130676,3.3512969625649644e-06
403900,19,1.171678066253662,0.5374431610107422,3.350179307792892e-06
403950,19,1.2043700218200684,0.5456298589706421,3.3490634104072952e-06
404000,19,1.2264244556427002,0.5477678179740906,3.347949270557308e-06
404050,19,1.2115825414657593,0.536389946937561,3.3468368883918246e-06
404100,19,1.1419349908828735,0.5377067923545837,3.34572626405951e-06
404150,19,1.1803638935089111,0.5454078316688538,3.3446173977087917e-06
404200,19,1.2320449352264404,0.5951152443885803,3.343510289487862e-06
404250,19,1.1483423709869385,0.5060653686523438,3.3424049395446767e-06
404300,19,1.210197925567627,0.525534987449646,3.341301348026961e-06
404350,19,1.1623823642730713,0.5354949831962585,3.340199515082204e-06
404400,19,1.1569299697875977,0.5257695913314819,3.3390994408576535e-06
404450,19,1.1773345470428467,0.5243183970451355,3.3380011255003307e-06
404500,19,1.1493964195251465,0.562972903251648,3.336904569157017e-06
404550,19,1.1884703636169434,0.561176598072052,3.335809771974262e-06
404600,19,1.2103772163391113,0.5568928718566895,3.334716734098374e-06
404650,19,1.204158902168274,0.5317471623420715,3.333625455675434e-06
404700,19,1.1427180767059326,0.5537696480751038,3.3325359368512806e-06
404750,19,1.188765525817871,0.545638918876648,3.3314481777715248e-06
404800,19,1.2119896411895752,0.5550869107246399,3.3303621785815353e-06
404850,19,1.1741503477096558,0.5339089035987854,3.3292779394264503e-06
404900,19,1.156299352645874,0.5212274193763733,3.3281954604511706e-06
404950,19,1.2053037881851196,0.5749833583831787,3.3271147418003626e-06
405000,19,1.154767632484436,0.5357305407524109,3.3260357836184585e-06
405050,19,1.144119143486023,0.5391885042190552,3.32495858604965e-06
405100,19,1.2029316425323486,0.5595490336418152,3.323883149237903e-06
405150,19,1.2035256624221802,0.5649586319923401,3.3228094733269366e-06
405200,19,1.2002626657485962,0.562445342540741,3.3217375584602455e-06
405250,19,1.1880462169647217,0.5448516011238098,3.3206674047810785e-06
405300,19,1.1678547859191895,0.540799617767334,3.3195990124324605e-06
405350,19,1.2439439296722412,0.5629671216011047,3.3185323815571716e-06
405400,19,1.2239114046096802,0.5392947196960449,3.3174675122977633e-06
405450,19,1.2108005285263062,0.5591463446617126,3.3164044047965426e-06
405500,19,1.188999891281128,0.53495854139328,3.315343059195591e-06
405550,19,1.1484665870666504,0.5304198861122131,3.3142834756367503e-06
405600,19,1.22374427318573,0.5746293663978577,3.313225654261624e-06
405650,19,1.1798343658447266,0.5157299637794495,3.3121695952115877e-06
405700,19,1.1978684663772583,0.5341294407844543,3.3111152986277706e-06
405750,19,1.1499637365341187,0.5625426769256592,3.3100627646510764e-06
405800,19,1.1705350875854492,0.5443646311759949,3.3090119934221686e-06
405850,19,1.1399807929992676,0.5248916745185852,3.3079629850814776e-06
405900,19,1.1659603118896484,0.5345495939254761,3.306915739769193e-06
405950,19,1.2133032083511353,0.5630366802215576,3.305870257625275e-06
406000,19,1.153965950012207,0.5248656868934631,3.304826538789443e-06
406050,19,1.1146578788757324,0.5297631621360779,3.3037845834011854e-06
406100,19,1.2106037139892578,0.5408706665039062,3.3027443915997492e-06
406150,19,1.2379779815673828,0.5606322288513184,3.301705963524153e-06
406200,19,1.1839170455932617,0.559209406375885,3.300669299313174e-06
406250,19,1.1597566604614258,0.5472671389579773,3.299634399105356e-06
406300,19,1.2072434425354004,0.55189448595047,3.2986012630390064e-06
406350,19,1.1722564697265625,0.5268679261207581,3.2975698912521957e-06
406400,19,1.1931836605072021,0.5558643937110901,3.296540283882764e-06
406450,19,1.130943775177002,0.5212969779968262,3.2955124410683058e-06
406500,19,1.1988619565963745,0.5756502151489258,3.2944863629461907e-06
406550,19,1.2132525444030762,0.5394327640533447,3.2934620496535433e-06
406600,19,1.1404905319213867,0.5346860885620117,3.2924395013272584e-06
406650,19,1.1379700899124146,0.5141817331314087,3.291418718103992e-06
406700,19,1.1620450019836426,0.565057635307312,3.290399700120165e-06
406750,19,1.1878538131713867,0.5400009751319885,3.289382447511964e-06
406800,19,1.127258539199829,0.5503400564193726,3.2883669604153356e-06
406850,19,1.163914680480957,0.522528350353241,3.287353238965995e-06
406900,19,1.230371356010437,0.5426558256149292,3.286341283299418e-06
406950,19,1.1543610095977783,0.5465604066848755,3.2853310935508464e-06
407000,19,1.216064214706421,0.5776549577713013,3.284322669855285e-06
407050,19,1.1967580318450928,0.5455834865570068,3.2833160123475033e-06
407100,19,1.206073522567749,0.5519413352012634,3.282311121162035e-06
407150,19,1.1608362197875977,0.5548697710037231,3.281307996433176e-06
407200,19,1.1916279792785645,0.5695062875747681,3.2803066382949863e-06
407250,19,1.180101752281189,0.5781170725822449,3.279307046881295e-06
407300,19,1.1540765762329102,0.5626246333122253,3.278309222325686e-06
407350,19,1.1236860752105713,0.5277855396270752,3.277313164761515e-06
407400,19,1.123405933380127,0.5434616804122925,3.276318874321897e-06
407450,19,1.1754189729690552,0.5509561896324158,3.275326351139714e-06
407500,19,1.1615982055664062,0.5360124111175537,3.274335595347608e-06
407550,19,1.185105562210083,0.5906758904457092,3.2733466070779866e-06
407600,19,1.1779940128326416,0.5241037011146545,3.2723593864630255e-06
407650,19,1.1893057823181152,0.5714037418365479,3.271373933634656e-06
407700,19,1.1856286525726318,0.5630860924720764,3.27039024872458e-06
407750,19,1.1845262050628662,0.5654348134994507,3.2694083318642576e-06
407800,19,1.1629009246826172,0.5156542658805847,3.2684281831849206e-06
407850,19,1.232351541519165,0.5802222490310669,3.267449802817553e-06
407900,19,1.210754156112671,0.5588105916976929,3.2664731908929137e-06
407950,19,1.164494276046753,0.5260559320449829,3.2654983475415187e-06
408000,19,1.1405917406082153,0.5277121663093567,3.264525272893649e-06
408050,19,1.0991933345794678,0.5139116644859314,3.26355396707935e-06
408100,19,1.2370460033416748,0.5762057900428772,3.26258443022843e-06
408150,19,1.2096009254455566,0.5680293440818787,3.261616662470461e-06
408200,19,1.157660722732544,0.5142096281051636,3.26065066393478e-06
408250,19,1.1728417873382568,0.5512570738792419,3.2596864347504835e-06
408300,19,1.2179615497589111,0.5498383641242981,3.2587239750464395e-06
408350,19,1.1838651895523071,0.534169614315033,3.2577632849512686e-06
408400,19,1.1695632934570312,0.5435696244239807,3.256804364593364e-06
408450,19,1.182863473892212,0.5517726540565491,3.2558472141008793e-06
408500,19,1.153071641921997,0.565430223941803,3.2548918336017287e-06
408550,19,1.1327061653137207,0.5367463827133179,3.2539382232235957e-06
408600,19,1.2230675220489502,0.5706065893173218,3.2529863830939214e-06
408650,19,1.1824434995651245,0.5482518672943115,3.2520363133399133e-06
408700,19,1.1718676090240479,0.5346090197563171,3.2510880140885433e-06
408750,19,1.1594130992889404,0.5370204448699951,3.2501414854665462e-06
408800,19,1.156349778175354,0.5582214593887329,3.249196727600415e-06
408850,19,1.124395728111267,0.5303422808647156,3.2482537406164145e-06
408900,19,1.262137532234192,0.5694958567619324,3.2473125246405673e-06
408950,19,1.1826307773590088,0.568752646446228,3.24637307979866e-06
409000,19,1.2225093841552734,0.5227534174919128,3.2454354062162447e-06
409050,19,1.1750340461730957,0.5445416569709778,3.2444995040186325e-06
409100,19,1.1761980056762695,0.5198900699615479,3.2435653733309047e-06
409150,19,1.1804572343826294,0.5354044437408447,3.2426330142778956e-06
409200,19,1.1870789527893066,0.5254074335098267,3.241702426984217e-06
409250,19,1.1946988105773926,0.571153998374939,3.240773611574228e-06
409300,19,1.1564619541168213,0.5453694462776184,3.239846568172064e-06
409350,19,1.2000226974487305,0.5624845623970032,3.238921296901616e-06
409400,19,1.1546555757522583,0.5266683101654053,3.237997797886541e-06
409450,19,1.216592788696289,0.5628817677497864,3.2370760712502555e-06
409500,19,1.1706204414367676,0.5304780006408691,3.2361561171159474e-06
409550,19,1.25748872756958,0.5527028441429138,3.2352379356065578e-06
409600,19,1.1665657758712769,0.540704607963562,3.2343215268447973e-06
409650,19,1.2616946697235107,0.5295284390449524,3.2334068909531395e-06
409700,19,1.1806063652038574,0.554478645324707,3.2324940280538187e-06
409750,19,1.1899369955062866,0.5369524955749512,3.2315829382688303e-06
409800,19,1.1940358877182007,0.5541151165962219,3.2306736217199375e-06
409850,19,1.108003854751587,0.5163676738739014,3.229766078528666e-06
409900,19,1.1899882555007935,0.5507364273071289,3.2288603088163006e-06
409950,19,1.1971659660339355,0.5545084476470947,3.227956312703894e-06
410000,19,1.158118486404419,0.5291445851325989,3.227054090312255e-06
410050,19,1.1981804370880127,0.5412944555282593,3.226153641761963e-06
410100,19,1.150230050086975,0.515709638595581,3.2252549671733555e-06
410150,19,1.1857337951660156,0.5412412285804749,3.224358066666535e-06
410200,19,1.1548175811767578,0.5472573041915894,3.223462940361366e-06
410250,19,1.1840462684631348,0.5469340085983276,3.2225695883774778e-06
410300,19,1.2057536840438843,0.5399409532546997,3.2216780108342585e-06
410350,19,1.206379771232605,0.5572333335876465,3.2207882078508635e-06
410400,19,1.1894888877868652,0.5353706479072571,3.219900179546208e-06
410450,19,1.179957389831543,0.537697434425354,3.2190139260389723e-06
410500,19,1.1480352878570557,0.564832866191864,3.2181294474475976e-06
410550,19,1.1938893795013428,0.5459741353988647,3.217246743890286e-06
410600,19,1.1486345529556274,0.5287943482398987,3.2163658154850085e-06
410650,19,1.2154368162155151,0.5654031038284302,3.2154866623494943e-06
410700,19,1.2498195171356201,0.5304139256477356,3.2146092846012374e-06
410750,19,1.1972839832305908,0.584595799446106,3.213733682357492e-06
410800,19,1.1642926931381226,0.5162949562072754,3.2128598557352766e-06
410850,19,1.2060385942459106,0.5467082858085632,3.2119878048513737e-06
410900,19,1.152585506439209,0.5644534826278687,3.2111175298223254e-06
410950,19,1.1315770149230957,0.5443134307861328,3.210249030764439e-06
411000,19,1.1867642402648926,0.545552670955658,3.209382307793784e-06
411050,19,1.1763440370559692,0.5431964993476868,3.2085173610261916e-06
411100,19,1.2530648708343506,0.5660039186477661,3.207654190577256e-06
411150,19,1.1804628372192383,0.5270776748657227,3.2067927965623355e-06
411200,19,1.1371855735778809,0.5322567224502563,3.205933179096548e-06
411250,19,1.167209267616272,0.5517875552177429,3.205075338294777e-06
411300,19,1.1370412111282349,0.5631858110427856,3.2042192742716676e-06
411350,19,1.1845989227294922,0.5165212750434875,3.2033649871416254e-06
411400,19,1.2208614349365234,0.5498336553573608,3.2025124770188207e-06
411450,19,1.154259443283081,0.5461055040359497,3.2016617440171883e-06
411500,19,1.106189250946045,0.5380816459655762,3.200812788250418e-06
411550,19,1.2840678691864014,0.5894438028335571,3.199965609831972e-06
411600,19,1.1784192323684692,0.5208359956741333,3.1991202088750672e-06
411650,19,1.1166881322860718,0.5316342711448669,3.1982765854926877e-06
411700,19,1.148725152015686,0.5328163504600525,3.197434739797576e-06
411750,19,1.177656888961792,0.5973132252693176,3.196594671902243e-06
411800,19,1.2422014474868774,0.6050096750259399,3.195756381918954e-06
411850,19,1.1461502313613892,0.5306333303451538,3.194919869959742e-06
411900,19,1.1936967372894287,0.5525996685028076,3.1940851361364027e-06
411950,19,1.1657938957214355,0.5445119738578796,3.193252180560492e-06
412000,19,1.218204140663147,0.5561110377311707,3.1924210033433298e-06
412050,19,1.1711472272872925,0.5578792095184326,3.191591604595994e-06
412100,19,1.1800196170806885,0.5434682965278625,3.190763984429333e-06
412150,19,1.1532576084136963,0.5374664068222046,3.189938142953949e-06
412200,19,1.1609737873077393,0.552412211894989,3.189114080280213e-06
412250,19,1.2335259914398193,0.5875945091247559,3.188291796518253e-06
412300,19,1.1952934265136719,0.5675238966941833,3.1874712917779647e-06
412350,19,1.1582558155059814,0.5340046286582947,3.1866525661689996e-06
412400,19,1.214684009552002,0.5700166821479797,3.1858356198007792e-06
412450,19,1.181460976600647,0.5427651405334473,3.1850204527824777e-06
412500,19,1.1102545261383057,0.5287636518478394,3.1842070652230416e-06
412550,19,1.1840450763702393,0.5220569372177124,3.183395457231172e-06
412600,19,1.1825352907180786,0.522196888923645,3.1825856289153358e-06
412650,19,1.1587822437286377,0.535239040851593,3.1817775803837607e-06
412700,19,1.1993403434753418,0.5450560450553894,3.1809713117444385e-06
412750,19,1.233534574508667,0.5465348958969116,3.1801668231051203e-06
412800,19,1.225699543952942,0.5356523990631104,3.1793641145733215e-06
412850,19,1.1556382179260254,0.5305973291397095,3.178563186256318e-06
412900,19,1.1613779067993164,0.5457183122634888,3.1777640382611484e-06
412950,19,1.1793675422668457,0.571171760559082,3.1769666706946147e-06
413000,19,1.215191125869751,0.5667425990104675,3.1761710836632797e-06
413050,19,1.1741437911987305,0.5448184609413147,3.1753772772734656e-06
413100,19,1.1651573181152344,0.554305911064148,3.174585251631262e-06
413150,19,1.1571943759918213,0.5475510358810425,3.17379500684252e-06
413200,19,1.2021297216415405,0.5414554476737976,3.1730065430128457e-06
413250,19,1.208308458328247,0.5462824106216431,3.172219860247614e-06
413300,19,1.1432650089263916,0.5635584592819214,3.1714349586519623e-06
413350,19,1.1852190494537354,0.5288318991661072,3.1706518383307833e-06
413400,20,1.169661045074463,0.5243799686431885,3.16987049938874e-06
413450,20,1.2248066663742065,0.5560339093208313,3.169090941930249e-06
413500,20,1.1980829238891602,0.568945050239563,3.168313166059497e-06
413550,20,1.2006230354309082,0.5638364553451538,3.1675371718804247e-06
413600,20,1.224576473236084,0.5784525871276855,3.1667629594967424e-06
413650,20,1.23630690574646,0.5579946637153625,3.1659905290119153e-06
413700,20,1.230445146560669,0.5729137659072876,3.1652198805291765e-06
413750,20,1.1816332340240479,0.5579388737678528,3.1644510141515155e-06
413800,20,1.0976409912109375,0.5434359312057495,3.1636839299816882e-06
413850,20,1.1862984895706177,0.545935869216919,3.1629186281222083e-06
413900,20,1.1367607116699219,0.5201740860939026,3.1621551086753552e-06
413950,20,1.1739057302474976,0.5167149901390076,3.1613933717431678e-06
414000,20,1.2437735795974731,0.5867724418640137,3.160633417427446e-06
414050,20,1.1918306350708008,0.5601800084114075,3.1598752458297534e-06
414100,20,1.1713156700134277,0.5485388040542603,3.159118857051414e-06
414150,20,1.183675765991211,0.5451611280441284,3.1583642511935163e-06
414200,20,1.1527583599090576,0.5518739223480225,3.1576114283569062e-06
414250,20,1.2216010093688965,0.5596086978912354,3.1568603886421946e-06
414300,20,1.202113389968872,0.5854431390762329,3.1561111321497528e-06
414350,20,1.184309959411621,0.5689643025398254,3.155363658979714e-06
414400,20,1.1504347324371338,0.5484005212783813,3.154617969231972e-06
414450,20,1.2377498149871826,0.5608312487602234,3.1538740630061842e-06
414500,20,1.1794649362564087,0.5348987579345703,3.153131940401768e-06
414550,20,1.1690258979797363,0.5377460718154907,3.1523916015179056e-06
414600,20,1.1580932140350342,0.5523020625114441,3.1516530464535344e-06
414650,20,1.2156909704208374,0.5514316558837891,3.1509162753073625e-06
414700,20,1.1072628498077393,0.5022960305213928,3.1501812881778488e-06
414750,20,1.1892523765563965,0.5836959481239319,3.1494480851632234e-06
414800,20,1.1916768550872803,0.567712664604187,3.1487166663614736e-06
414850,20,1.135992407798767,0.5270734429359436,3.1479870318703465e-06
414900,20,1.2126153707504272,0.6081855893135071,3.1472591817873556e-06
414950,20,1.1555911302566528,0.5403806567192078,3.1465331162097717e-06
415000,20,1.1877198219299316,0.5591780543327332,3.1458088352346285e-06
415050,20,1.233168601989746,0.5442298054695129,3.145086338958722e-06
415100,20,1.1603177785873413,0.539935827255249,3.1443656274786086e-06
415150,20,1.1808557510375977,0.5255271792411804,3.1436467008906084e-06
415200,20,1.2171518802642822,0.5374781489372253,3.142929559290798e-06
415250,20,1.223074197769165,0.54770827293396,3.142214202775022e-06
415300,20,1.16585111618042,0.5238458514213562,3.1415006314388797e-06
415350,20,1.1569879055023193,0.5661542415618896,3.140788845377738e-06
415400,20,1.1421117782592773,0.5615558624267578,3.1400788446867202e-06
415450,20,1.2054095268249512,0.5232633948326111,3.1393706294607152e-06
415500,20,1.2118383646011353,0.5154065489768982,3.138664199794369e-06
415550,20,1.18208909034729,0.5777472853660583,3.137959555782095e-06
415600,20,1.20310378074646,0.5786068439483643,3.13725669751806e-06
415650,20,1.1734187602996826,0.5538082122802734,3.1365556250961984e-06
415700,20,1.2276906967163086,0.6016660332679749,3.1358563386102035e-06
415750,20,1.208094596862793,0.5520027875900269,3.1351588381535307e-06
415800,20,1.1983613967895508,0.566034197807312,3.1344631238193964e-06
415850,20,1.1641979217529297,0.5416373014450073,3.1337691957007784e-06
415900,20,1.2105791568756104,0.5626739859580994,3.133077053890414e-06
415950,20,1.2533361911773682,0.5923182964324951,3.1323866984808044e-06
416000,20,1.1435871124267578,0.543927788734436,3.1316981295642094e-06
416050,20,1.203134298324585,0.563262939453125,3.131011347232656e-06
416100,20,1.1921932697296143,0.5593473315238953,3.1303263515779245e-06
416150,20,1.2354729175567627,0.6070454716682434,3.129643142691561e-06
416200,20,1.19175124168396,0.5405705571174622,3.1289617206648722e-06
416250,20,1.1818044185638428,0.5360296964645386,3.1282820855889254e-06
416300,20,1.1317954063415527,0.5086992383003235,3.1276042375545486e-06
416350,20,1.1839768886566162,0.5460196137428284,3.126928176652333e-06
416400,20,1.1481733322143555,0.5047528147697449,3.126253902972628e-06
416450,20,1.1725444793701172,0.5672340989112854,3.1255814166055474e-06
416500,20,1.1344236135482788,0.5225403308868408,3.1249107176409635e-06
416550,20,1.201009750366211,0.5589825510978699,3.1242418061685116e-06
416600,20,1.1708868741989136,0.5667256712913513,3.123574682277588e-06
416650,20,1.1837663650512695,0.5474456548690796,3.1229093460573463e-06
416700,20,1.201015830039978,0.5286534428596497,3.122245797596708e-06
416750,20,1.1127071380615234,0.5473088026046753,3.1215840369843484e-06
416800,20,1.227909803390503,0.5714189410209656,3.1209240643087093e-06
416850,20,1.21195650100708,0.5391640067100525,3.120265879657994e-06
416900,20,1.2512458562850952,0.5761848092079163,3.119609483120159e-06
416950,20,1.2255322933197021,0.5521662831306458,3.1189548747829334e-06
417000,20,1.206493616104126,0.5458014607429504,3.118302054733796e-06
417050,20,1.1607205867767334,0.513813316822052,3.1176510230599967e-06
417100,20,1.2061717510223389,0.5375365614891052,3.1170017798485366e-06
417150,20,1.2135698795318604,0.5555413365364075,3.1163543251861877e-06
417200,20,1.1537878513336182,0.5370073914527893,3.1157086591594737e-06
417250,20,1.1727932691574097,0.5558276176452637,3.115064781854687e-06
417300,20,1.2082455158233643,0.5941302180290222,3.1144226933578746e-06
417350,20,1.238628625869751,0.5532869100570679,3.1137823937548496e-06
417400,20,1.142837405204773,0.5481069087982178,3.113143883131183e-06
417450,20,1.172754168510437,0.5387105941772461,3.1125071615722066e-06
417500,20,1.1961334943771362,0.539772093296051,3.111872229163016e-06
417550,20,1.2633148431777954,0.5756470561027527,3.111239085988465e-06
417600,20,1.165686011314392,0.5562022924423218,3.1106077321331676e-06
417650,20,1.1438134908676147,0.5093024969100952,3.1099781676815015e-06
417700,20,1.2351696491241455,0.5636225938796997,3.109350392717605e-06
417750,20,1.1912071704864502,0.544318437576294,3.108724407325373e-06
417800,20,1.2192821502685547,0.5359357595443726,3.108100211588466e-06
417850,20,1.2538946866989136,0.5852111577987671,3.1074778055903025e-06
417900,20,1.2411856651306152,0.5565552115440369,3.1068571894140647e-06
417950,20,1.194411277770996,0.5808917284011841,3.106238363142692e-06
418000,20,1.0902597904205322,0.5248764157295227,3.1056213268588893e-06
418050,20,1.1797878742218018,0.5505923628807068,3.1050060806451163e-06
418100,20,1.1763584613800049,0.5607559084892273,3.104392624583599e-06
418150,20,1.250260829925537,0.5658741593360901,3.10378095875632e-06
418200,20,1.1580123901367188,0.5172291994094849,3.1031710832450255e-06
418250,20,1.2107479572296143,0.5412551164627075,3.1025629981312198e-06
418300,20,1.1750478744506836,0.5413964986801147,3.101956703496172e-06
418350,20,1.181642770767212,0.5355492830276489,3.101352199420906e-06
418400,20,1.1996243000030518,0.5661593079566956,3.100749485986213e-06
418450,20,1.2308712005615234,0.5523667335510254,3.100148563272639e-06
418500,20,1.1409664154052734,0.5100998282432556,3.0995494313604947e-06
418550,20,1.170568585395813,0.5449930429458618,3.0989520903298515e-06
418600,20,1.152836799621582,0.5541406273841858,3.0983565402605365e-06
418650,20,1.1971557140350342,0.5458187460899353,3.097762781232145e-06
418700,20,1.172831416130066,0.5580089092254639,3.097170813324027e-06
418750,20,1.200385332107544,0.5185109972953796,3.0965806366152947e-06
418800,20,1.147510051727295,0.539552628993988,3.0959922511848218e-06
418850,20,1.193613886833191,0.5475553274154663,3.09540565711124e-06
418900,20,1.230399250984192,0.5414137840270996,3.0948208544729494e-06
418950,20,1.1973028182983398,0.5268731713294983,3.0942378433480997e-06
419000,20,1.1671142578125,0.5743631720542908,3.0936566238146077e-06
419050,20,1.1334006786346436,0.5353902578353882,3.09307719595015e-06
419100,20,1.2331511974334717,0.5496827363967896,3.0924995598321644e-06
419150,20,1.201563835144043,0.534737765789032,3.091923715537846e-06
419200,20,1.1828703880310059,0.5818032026290894,3.091349663144154e-06
419250,20,1.1577874422073364,0.5268281102180481,3.090777402727807e-06
419300,20,1.1485795974731445,0.5330615043640137,3.090206934365282e-06
419350,20,1.1330465078353882,0.5249798893928528,3.0896382581328204e-06
419400,20,1.1478691101074219,0.5426514744758606,3.0890713741064216e-06
419450,20,1.2431493997573853,0.5808340311050415,3.0885062823618434e-06
419500,20,1.208005428314209,0.5701905488967896,3.087942982974611e-06
419550,20,1.191619634628296,0.580472469329834,3.087381476020001e-06
419600,20,1.2182438373565674,0.5487455129623413,3.0868217615730575e-06
419650,20,1.1297411918640137,0.5665861964225769,3.086263839708584e-06
419700,20,1.108568549156189,0.5343937277793884,3.0857077105011413e-06
419750,20,1.1926465034484863,0.5704688429832458,3.085153374025052e-06
419800,20,1.2052397727966309,0.5560303330421448,3.0846008303543985e-06
419850,20,1.166759967803955,0.5235803723335266,3.0840500795630293e-06
419900,20,1.1264146566390991,0.5457793474197388,3.083501121724543e-06
419950,20,1.1642811298370361,0.5278312563896179,3.082953956912307e-06
420000,20,1.2676879167556763,0.5874426364898682,3.082408585199447e-06
420050,20,1.1554946899414062,0.5514846444129944,3.0818650066588468e-06
420100,20,1.2177684307098389,0.5467123985290527,3.081323221363151e-06
420150,20,1.1718926429748535,0.6037985682487488,3.08078322938477e-06
420200,20,1.1352994441986084,0.525648832321167,3.0802450307958656e-06
420250,20,1.1257201433181763,0.5502423048019409,3.0797086256683655e-06
420300,20,1.1803165674209595,0.5246831774711609,3.0791740140739583e-06
420350,20,1.1783013343811035,0.5541567802429199,3.07864119608409e-06
420400,20,1.1846449375152588,0.5656395554542542,3.0781101717699686e-06
420450,20,1.1654454469680786,0.5676353573799133,3.0775809412025618e-06
420500,20,1.2132923603057861,0.5364726185798645,3.077053504452598e-06
420550,20,1.185537338256836,0.5442370176315308,3.076527861590566e-06
420600,20,1.260542631149292,0.5691940188407898,3.076004012686713e-06
420650,20,1.2096736431121826,0.572694718837738,3.0754819578110494e-06
420700,20,1.180256962776184,0.5334182381629944,3.0749616970333444e-06
420750,20,1.2358299493789673,0.5434337258338928,3.0744432304231265e-06
420800,20,1.153891682624817,0.5491999387741089,3.073926558049686e-06
420850,20,1.2316107749938965,0.5535293221473694,3.0734116799820726e-06
420900,20,1.2175309658050537,0.5768874287605286,3.072898596289095e-06
420950,20,1.1721822023391724,0.5001777410507202,3.0723873070393254e-06
421000,20,1.2077653408050537,0.5653802752494812,3.0718778123010937e-06
421050,20,1.1950851678848267,0.5407825708389282,3.07137011214249e-06
421100,20,1.1963270902633667,0.5496335625648499,3.0708642066313657e-06
421150,20,1.1859204769134521,0.5479058623313904,3.0703600958353312e-06
421200,20,1.1432756185531616,0.5260155200958252,3.0698577798217578e-06
421250,20,1.1344704627990723,0.5364769697189331,3.0693572586577774e-06
421300,20,1.1273572444915771,0.5348339676856995,3.0688585324102793e-06
421350,20,1.2712379693984985,0.5554096698760986,3.0683616011459176e-06
421400,20,1.1802012920379639,0.5221445560455322,3.067866464931101e-06
421450,20,1.166359782218933,0.5670593976974487,3.067373123832004e-06
421500,20,1.2115118503570557,0.5550453066825867,3.066881577914556e-06
421550,20,1.217742681503296,0.5375440120697021,3.0663918272444504e-06
421600,20,1.1798841953277588,0.5548633337020874,3.0659038718871386e-06
421650,20,1.1519532203674316,0.5262643694877625,3.065417711907834e-06
421700,20,1.1413822174072266,0.5238299369812012,3.0649333473715057e-06
421750,20,1.1999003887176514,0.5368208289146423,3.064450778342888e-06
421800,20,1.1351298093795776,0.5514786243438721,3.0639700048864736e-06
421850,20,1.230872631072998,0.5708099603652954,3.0634910270665113e-06
421900,20,1.1894679069519043,0.5549274682998657,3.063013844947017e-06
421950,20,1.239241600036621,0.5637804269790649,3.0625384585917616e-06
422000,20,1.1967018842697144,0.5328957438468933,3.0620648680642766e-06
422050,20,1.1442477703094482,0.525632917881012,3.061593073427855e-06
422100,20,1.1250934600830078,0.5385829210281372,3.06112307474555e-06
422150,20,1.1609879732131958,0.5451645255088806,3.0606548720801725e-06
422200,20,1.142810583114624,0.5277335047721863,3.060188465494295e-06
422250,20,1.1305944919586182,0.5088207721710205,3.059723855050249e-06
422300,20,1.1735057830810547,0.5097013711929321,3.059261040810127e-06
422350,20,1.215355634689331,0.5612446665763855,3.0588000228357815e-06
422400,20,1.2308952808380127,0.5462432503700256,3.0583408011888253e-06
422450,20,1.2382323741912842,0.5662078261375427,3.057883375930627e-06
422500,20,1.209807276725769,0.5453049540519714,3.057427747122323e-06
422550,20,1.1689791679382324,0.5353037118911743,3.0569739148248023e-06
422600,20,1.1687806844711304,0.5205779075622559,3.0565218790987168e-06
422650,20,1.1899123191833496,0.5398816466331482,3.0560716400044794e-06
422700,20,1.1830675601959229,0.5635110139846802,3.0556231976022584e-06
422750,20,1.2239501476287842,0.5499072074890137,3.055176551951989e-06
422800,20,1.1767643690109253,0.5336993932723999,3.054731703113361e-06
422850,20,1.1522424221038818,0.5403510928153992,3.0542886511458245e-06
422900,20,1.1756715774536133,0.5358692407608032,3.0538473961085908e-06
422950,20,1.2423160076141357,0.5557836890220642,3.053407938060632e-06
423000,20,1.2079432010650635,0.5683186054229736,3.0529702770606775e-06
423050,20,1.109285593032837,0.5427596569061279,3.0525344131672185e-06
423100,20,1.1719624996185303,0.5533908009529114,3.0521003464385057e-06
423150,20,1.1640863418579102,0.5471248030662537,3.0516680769325475e-06
423200,20,1.2479214668273926,0.5595566630363464,3.0512376047071147e-06
423250,20,1.1939690113067627,0.56733238697052,3.050808929819738e-06
423300,20,1.1661748886108398,0.545842170715332,3.0503820523277066e-06
423350,20,1.182154893875122,0.5422250032424927,3.049956972288069e-06
423400,20,1.2074811458587646,0.5419291853904724,3.049533689757634e-06
423450,20,1.1866852045059204,0.5671176314353943,3.049112204792973e-06
423500,20,1.1702165603637695,0.5608993768692017,3.0486925174504123e-06
423550,20,1.1887826919555664,0.5422848463058472,3.0482746277860394e-06
423600,20,1.2418078184127808,0.5555452108383179,3.0478585358557067e-06
423650,20,1.1789560317993164,0.5467408299446106,3.047444241715019e-06
423700,20,1.1638782024383545,0.5264422297477722,3.0470317454193436e-06
423750,20,1.1431200504302979,0.5308858156204224,3.0466210470238097e-06
423800,20,1.1247639656066895,0.5223388671875,3.046212146583303e-06
423850,20,1.2016561031341553,0.5640552639961243,3.0458050441524712e-06
423900,20,1.2060691118240356,0.5624281167984009,3.0453997397857197e-06
423950,20,1.1399133205413818,0.5517368316650391,3.0449962335372165e-06
424000,20,1.2121703624725342,0.5675641298294067,3.044594525460887e-06
424050,20,1.1554584503173828,0.582295835018158,3.0441946156104156e-06
424100,20,1.2395789623260498,0.5716574788093567,3.0437965040392485e-06
424150,20,1.2352373600006104,0.5594359040260315,3.043400190800591e-06
424200,20,1.1794401407241821,0.5136697292327881,3.0430056759474075e-06
424250,20,1.1903347969055176,0.5446653962135315,3.0426129595324216e-06
424300,20,1.2353923320770264,0.5824947357177734,3.042222041608118e-06
424350,20,1.1810472011566162,0.5337590575218201,3.0418329222267406e-06
424400,20,1.18387770652771,0.5427225828170776,3.0414456014402915e-06
424450,20,1.1953489780426025,0.5594944953918457,3.0410600793005355e-06
424500,20,1.1342908143997192,0.5257361531257629,3.0406763558589925e-06
424550,20,1.2645237445831299,0.5831241607666016,3.0402944311669453e-06
424600,20,1.1847527027130127,0.5359916687011719,3.039914305275438e-06
424650,20,1.1545158624649048,0.529083251953125,3.039535978235268e-06
424700,20,1.2620348930358887,0.6223287582397461,3.039159450097001e-06
424750,20,1.2099354267120361,0.5588506460189819,3.0387847209109522e-06
424800,20,1.1995502710342407,0.5654389262199402,3.0384117907272047e-06
424850,20,1.188180923461914,0.5610913038253784,3.0380406595955994e-06
424900,20,1.2415540218353271,0.5618854761123657,3.037671327565731e-06
424950,20,1.2070937156677246,0.5450481176376343,3.0373037946869646e-06
425000,20,1.1645094156265259,0.5514926314353943,3.036938061008414e-06
425050,20,1.1972832679748535,0.5457068085670471,3.0365741265789566e-06
425100,20,1.1519578695297241,0.5495094060897827,3.0362119914472324e-06
425150,20,1.1421290636062622,0.5433157086372375,3.0358516556616374e-06
425200,20,1.1918396949768066,0.5582144260406494,3.0354931192703273e-06
425250,20,1.134926676750183,0.5435857772827148,3.0351363823212186e-06
425300,20,1.1564656496047974,0.569346010684967,3.0347814448619875e-06
425350,20,1.2264728546142578,0.5626242756843567,3.0344283069400694e-06
425400,20,1.1652657985687256,0.5188471078872681,3.034076968602657e-06
425450,20,1.167151927947998,0.5671733021736145,3.033727429896707e-06
425500,20,1.2188830375671387,0.546362578868866,3.03337969086893e-06
425550,20,1.2037302255630493,0.5477930307388306,3.0330337515657995e-06
425600,20,1.2258753776550293,0.5399344563484192,3.03268961203355e-06
425650,20,1.1452418565750122,0.5403578281402588,3.032347272318173e-06
425700,20,1.2131297588348389,0.5716530084609985,3.0320067324654194e-06
425750,20,1.2369027137756348,0.5532581806182861,3.0316679925207987e-06
425800,20,1.2431668043136597,0.5721952319145203,3.0313310525295824e-06
425850,20,1.1530847549438477,0.5750183463096619,3.0309959125368002e-06
425900,20,1.1693593263626099,0.5207375288009644,3.0306625725872427e-06
425950,20,1.2071712017059326,0.542637825012207,3.0303310327254566e-06
426000,20,1.1257768869400024,0.5154691338539124,3.030001292995752e-06
426050,20,1.1624109745025635,0.5327150225639343,3.029673353442194e-06
426100,20,1.169506549835205,0.5389103889465332,3.0293472141086116e-06
426150,20,1.190638542175293,0.5506546497344971,3.0290228750385893e-06
426200,20,1.1637277603149414,0.5600956082344055,3.0287003362754753e-06
426250,20,1.22676420211792,0.5606025457382202,3.0283795978623724e-06
426300,20,1.1512833833694458,0.5460761189460754,3.0280606598421464e-06
426350,20,1.1767593622207642,0.5337369441986084,3.0277435222574205e-06
426400,20,1.2028653621673584,0.5622697472572327,3.02742818515058e-06
426450,20,1.1967597007751465,0.5973591804504395,3.027114648563764e-06
426500,20,1.176934838294983,0.527725100517273,3.026802912538879e-06
426550,20,1.1910653114318848,0.5603266358375549,3.026492977117583e-06
426600,20,1.1809556484222412,0.585111141204834,3.026184842341298e-06
426650,20,1.2100379467010498,0.5420498251914978,3.0258785082512046e-06
426700,20,1.1517537832260132,0.5256626009941101,3.0255739748882425e-06
426750,20,1.2104650735855103,0.5450519919395447,3.0252712422931104e-06
426800,20,1.1669939756393433,0.55168217420578,3.024970310506264e-06
426850,20,1.1783497333526611,0.5476177334785461,3.0246711795679243e-06
426900,20,1.1846565008163452,0.54706209897995,3.024373849518067e-06
426950,20,1.1660202741622925,0.5189924240112305,3.024078320396428e-06
427000,20,1.200639247894287,0.5334965586662292,3.0237845922425023e-06
427050,20,1.2218778133392334,0.5273685455322266,3.0234926650955456e-06
427100,20,1.165406346321106,0.5385091304779053,3.0232025389945723e-06
427150,20,1.1258994340896606,0.5387903451919556,3.0229142139783545e-06
427200,20,1.134238362312317,0.5568249225616455,3.022627690085426e-06
427250,20,1.1963272094726562,0.5398616790771484,3.0223429673540792e-06
427300,20,1.1881382465362549,0.5513589978218079,3.0220600458223636e-06
427350,20,1.183590054512024,0.5607475638389587,3.021778925528092e-06
427400,20,1.1539896726608276,0.5483767986297607,3.0214996065088333e-06
427450,20,1.1808503866195679,0.541419506072998,3.021222088801916e-06
427500,20,1.175265908241272,0.5360673666000366,3.0209463724444295e-06
427550,20,1.1641733646392822,0.5427822470664978,3.0206724574732213e-06
427600,20,1.1305819749832153,0.528169572353363,3.0204003439248973e-06
427650,20,1.266567349433899,0.5515585541725159,3.0201300318358245e-06
427700,20,1.1785167455673218,0.5390109419822693,3.0198615212421283e-06
427750,20,1.1754789352416992,0.5356230139732361,3.0195948121796935e-06
427800,20,1.2063419818878174,0.5607376098632812,3.0193299046841643e-06
427850,20,1.2455381155014038,0.5824582576751709,3.0190667987909425e-06
427900,20,1.1242576837539673,0.5128473043441772,3.018805494535191e-06
427950,20,1.2281746864318848,0.5817940831184387,3.018545991951833e-06
428000,20,1.1851328611373901,0.5507701635360718,3.018288291075547e-06
428050,20,1.216537356376648,0.5589941143989563,3.018032391940775e-06
428100,20,1.2279589176177979,0.5741264820098877,3.0177782945817142e-06
428150,20,1.1605706214904785,0.5647881627082825,3.0175259990323244e-06
428200,20,1.2019277811050415,0.5853325724601746,3.0172755053263227e-06
428250,20,1.2279266119003296,0.5645402073860168,3.0170268134971874e-06
428300,20,1.1836912631988525,0.5360672473907471,3.0167799235781527e-06
428350,20,1.1945655345916748,0.5421552658081055,3.016534835602213e-06
428400,20,1.1498457193374634,0.5370035171508789,3.016291549602125e-06
428450,20,1.1729023456573486,0.5356990098953247,3.016050065610402e-06
428500,20,1.1471307277679443,0.5498749613761902,3.015810383659314e-06
428550,20,1.2084057331085205,0.5705459117889404,3.015572503780897e-06
428600,20,1.2418253421783447,0.564814567565918,3.0153364260069393e-06
428650,20,1.2210122346878052,0.5594075322151184,3.0151021503689914e-06
428700,20,1.0833436250686646,0.5312191843986511,3.014869676898364e-06
428750,20,1.1912047863006592,0.554135799407959,3.0146390056261245e-06
428800,20,1.1145602464675903,0.518677830696106,3.0144101365831007e-06
428850,20,1.2228751182556152,0.5650779604911804,3.0141830697998784e-06
428900,20,1.177718162536621,0.5461637377738953,3.013957805306806e-06
428950,20,1.2245415449142456,0.5664061903953552,3.013734343133987e-06
429000,20,1.1741845607757568,0.5326026678085327,3.0135126833112867e-06
429050,20,1.2138737440109253,0.5333404541015625,3.013292825868328e-06
429100,20,1.1592247486114502,0.5187579989433289,3.0130747708344915e-06
429150,20,1.194378137588501,0.5396443009376526,3.012858518238922e-06
429200,20,1.2234729528427124,0.5632269978523254,3.012644068110517e-06
429250,20,1.1424671411514282,0.5376555323600769,3.0124314204779407e-06
429300,20,1.1588540077209473,0.5282806754112244,3.012220575369608e-06
429350,20,1.1983057260513306,0.5404841303825378,3.012011532813698e-06
429400,20,1.2077556848526,0.5347057580947876,3.011804292838147e-06
429450,20,1.2122105360031128,0.5601482391357422,3.0115988554706546e-06
429500,20,1.2501001358032227,0.6109364628791809,3.011395220738674e-06
429550,20,1.1735786199569702,0.5286675691604614,3.0111933886694184e-06
429600,20,1.2197062969207764,0.5718393921852112,3.010993359289863e-06
429650,20,1.1659212112426758,0.5446450114250183,3.0107951326267393e-06
429700,20,1.1964080333709717,0.5632352232933044,3.010598708706541e-06
429750,20,1.2317602634429932,0.5758742690086365,3.0104040875555174e-06
429800,20,1.112868070602417,0.5251471400260925,3.0102112691996775e-06
429850,20,1.1968634128570557,0.5749940276145935,3.0100202536647913e-06
429900,20,1.1607245206832886,0.5575260519981384,3.009831040976387e-06
429950,20,1.17097806930542,0.5733559727668762,3.0096436311597508e-06
430000,20,1.1317055225372314,0.49368613958358765,3.0094580242399288e-06
430050,20,1.2193763256072998,0.5773174166679382,3.0092742202417278e-06
430100,20,1.2273812294006348,0.5403591394424438,3.0090922191897095e-06
430150,20,1.1941442489624023,0.546410083770752,3.0089120211081996e-06
430200,20,1.1937880516052246,0.5470768809318542,3.0087336260212778e-06
430250,20,1.1758524179458618,0.5002033710479736,3.0085570339527873e-06
430300,20,1.1685758829116821,0.5241010785102844,3.0083822449263273e-06
430350,20,1.1076284646987915,0.5101388096809387,3.008209258965258e-06
430400,20,1.2010284662246704,0.5434512495994568,3.0080380760926996e-06
430450,20,1.140751600265503,0.5391577482223511,3.0078686963315253e-06
430500,20,1.1570861339569092,0.5573667883872986,3.0077011197043743e-06
430550,20,1.2390172481536865,0.564339280128479,3.0075353462336423e-06
430600,20,1.2210347652435303,0.5832996368408203,3.007371375941483e-06
430650,20,1.191845178604126,0.513078510761261,3.0072092088498097e-06
430700,20,1.1913211345672607,0.5460666418075562,3.0070488449802957e-06
430750,20,1.224896788597107,0.5693286657333374,3.006890284354372e-06
430800,20,1.2109837532043457,0.563238263130188,3.0067335269932306e-06
430850,20,1.1899986267089844,0.5264882445335388,3.0065785729178177e-06
430900,20,1.20681631565094,0.5622948408126831,3.0064254221488455e-06
430950,20,1.10316801071167,0.5239701867103577,3.0062740747067796e-06
431000,20,1.1628801822662354,0.5226195454597473,3.006124530611848e-06
431050,20,1.114691138267517,0.5517706871032715,3.005976789884036e-06
431100,20,1.1515183448791504,0.5285969972610474,3.005830852543087e-06
431150,20,1.1407978534698486,0.5403557419776917,3.0056867186085057e-06
431200,20,1.16093111038208,0.5210535526275635,3.0055443880995526e-06
431250,20,1.2120487689971924,0.5266279578208923,3.005403861035252e-06
431300,20,1.2260664701461792,0.5941965579986572,3.005265137434382e-06
431350,20,1.2339210510253906,0.589917778968811,3.0051282173154846e-06
431400,20,1.2029964923858643,0.5739923715591431,3.004993100696857e-06
431450,20,1.2058144807815552,0.5368857979774475,3.0048597875965553e-06
431500,20,1.1500701904296875,0.5384975671768188,3.0047282780323974e-06
431550,20,1.156903862953186,0.552734911441803,3.0045985720219597e-06
431600,20,1.230334758758545,0.5937496423721313,3.0044706695825744e-06
431650,20,1.1196914911270142,0.5316948890686035,3.004344570731336e-06
431700,20,1.149479866027832,0.5369634032249451,3.004220275485097e-06
431750,20,1.1829817295074463,0.5286596417427063,3.004097783860467e-06
431800,20,1.1850225925445557,0.5387519001960754,3.003977095873819e-06
431850,20,1.2161160707473755,0.5518197417259216,3.003858211541279e-06
431900,20,1.2339520454406738,0.5198025107383728,3.003741130878738e-06
431950,20,1.195211410522461,0.5554600954055786,3.0036258539018406e-06
432000,20,1.1321990489959717,0.5206900835037231,3.0035123806259935e-06
432050,20,1.1982656717300415,0.5380296111106873,3.003400711066363e-06
432100,20,1.158388376235962,0.5470362305641174,3.0032908452378717e-06
432150,20,1.1595674753189087,0.5315059423446655,3.0031827831552033e-06
432200,20,1.104353904724121,0.5198752284049988,3.0030765248327978e-06
432250,20,1.1711511611938477,0.5667951107025146,3.0029720702848584e-06
432300,20,1.1670560836791992,0.5342168807983398,3.0028694195253428e-06
432350,20,1.1635080575942993,0.5455268025398254,3.0027685725679697e-06
432400,20,1.1896882057189941,0.546039342880249,3.0026695294262185e-06
432450,20,1.1934447288513184,0.5452682971954346,3.002572290113324e-06
432500,20,1.1857950687408447,0.5607282519340515,3.0024768546422815e-06
432550,20,1.093827486038208,0.5576661229133606,3.0023832230258477e-06
432600,20,1.2017316818237305,0.5509470105171204,3.002291395276532e-06
432650,20,1.2249070405960083,0.5484163761138916,3.0022013714066087e-06
432700,20,1.1648285388946533,0.5564171075820923,3.002113151428109e-06
432750,20,1.173762321472168,0.5196162462234497,3.0020267353528234e-06
432800,20,1.1826167106628418,0.5776970386505127,3.001942123192299e-06
432850,20,1.2593753337860107,0.5512565970420837,3.001859314957845e-06
432900,20,1.2156274318695068,0.5627120733261108,3.0017783106605274e-06
432950,20,1.1198861598968506,0.5251588225364685,3.0016991103111727e-06
433000,20,1.2168854475021362,0.5543705821037292,3.0016217139203653e-06
433050,20,1.2538056373596191,0.5701466202735901,3.00154612149845e-06
433100,20,1.2092258930206299,0.593543529510498,3.0014723330555267e-06
433150,20,1.1463196277618408,0.527633011341095,3.0014003486014575e-06
433200,20,1.1343525648117065,0.5143485069274902,3.0013301681458634e-06
433250,20,1.125014066696167,0.5144842267036438,3.0012617916981232e-06
433300,20,1.1690855026245117,0.5718666911125183,3.001195219267375e-06
433350,20,1.2281286716461182,0.6155558824539185,3.0011304508625147e-06
433400,20,1.196643590927124,0.5527912974357605,3.0010674864922006e-06
433450,20,1.2385857105255127,0.549610435962677,3.0010063261648453e-06
433500,20,1.1833736896514893,0.5573365688323975,3.0009469698886226e-06
433550,20,1.2241265773773193,0.5374028086662292,3.000889417671467e-06
433600,20,1.1148878335952759,0.5427740812301636,3.0008336695210673e-06
433650,20,1.1286990642547607,0.5216469168663025,3.0007797254448763e-06
433700,20,1.2055491209030151,0.5443801283836365,3.000727585450102e-06
433750,20,1.2026134729385376,0.5240347385406494,3.000677249543713e-06
433800,20,1.1542370319366455,0.554127037525177,3.0006287177324357e-06
433850,20,1.118939757347107,0.5408174395561218,3.000581990022757e-06
433900,20,1.134289026260376,0.5384657382965088,3.0005370664209194e-06
433950,20,1.1534535884857178,0.5445430874824524,3.0004939469329307e-06
434000,20,1.195563793182373,0.5538110136985779,3.000452631564551e-06
434050,20,1.2219328880310059,0.5492530465126038,3.0004131203213015e-06
434100,20,1.1264185905456543,0.5263851881027222,3.000375413208463e-06
434150,20,1.1974036693572998,0.5576622486114502,3.0003395102310755e-06
434200,20,1.249582052230835,0.569605827331543,3.000305411393936e-06
434250,20,1.164454460144043,0.5577232241630554,3.0002731167016027e-06
434300,20,1.1530380249023438,0.5287293791770935,3.000242626158392e-06
434350,20,1.2084650993347168,0.5718242526054382,3.000213939768378e-06
434400,20,1.1968235969543457,0.5638541579246521,3.0001870575353935e-06
434450,20,1.2441513538360596,0.5575459599494934,3.000161979463032e-06
434500,20,1.1623995304107666,0.5822592377662659,3.000138705554645e-06
434550,20,1.1295812129974365,0.5478891134262085,3.000117235813344e-06
434600,20,1.1821269989013672,0.5560097694396973,3.0000975702419958e-06
434650,20,1.1917672157287598,0.5639738440513611,3.0000797088432306e-06
434700,20,1.1805959939956665,0.5207425355911255,3.000063651619435e-06
434750,20,1.1600286960601807,0.5400233268737793,3.000049398572755e-06
434800,20,1.1767489910125732,0.5506330728530884,3.000036949705096e-06
434850,20,1.1585710048675537,0.5746990442276001,3.0000263050181194e-06
434900,20,1.18959641456604,0.568957507610321,3.00001746451325e-06
434950,20,1.1978754997253418,0.5515944957733154,3.00001042819167e-06
435000,20,1.1916227340698242,0.5546768307685852,3.0000051960543167e-06
435050,20,1.180232286453247,0.5281411409378052,3.000001768101891e-06
435100,20,1.164027452468872,0.5204693675041199,3.0000001443348518e-06
