id,text,true_label,predicted_label,confidence,baseline_pred,disagreement
test_30,"I've been here quite a few times, and I always try to like it cause theres a lack of good sports bars near Pitt. They have a ton of nice HDTVs.  Everytime I go, there is always a weird taste to one (or more) of the beers that I get. I was just there for the Pitt/Oakland game and got a Redhook. I drink this beer regularly, and something was wrong with the beer. Its definitely hard to describe, but something is always off (others in my party notice it too).  The food is hit or miss. I got the French onion soup last time. It was good. Nothing ground breaking, but solid soup. I've had the pork nachos and they were blah.",0,1,0.57131654,0,logreg_right_neural_wrong
test_69,"Agree with chaitiyana. This place is pretty bad. The food isn't fresh. They have a Buffet even for dinner. I stayed at Days Inn for 2wks here and was forced to eat here a few times. The mango lassi was good, the naans (when fresh) were good, but mostly it all stunk.",0,1,0.7334582,0,logreg_right_neural_wrong
test_71,"I had a positive experience with this shop. I needed something framed at the last minute, and within extremely precise parameters (that weren't easy to abide by), and they not only got the work done correctly and on time, but at a reasonable price.   The staff is a little gruff, but not at all unfriendly, and I am happy to have found a local shop that I will return to.",1,0,0.91497076,1,logreg_right_neural_wrong
test_91,"The store is small, but it carries specialties that are difficult to find in Pittsburgh. I was particularly excited to find middle eastern chili sauce and chocolate covered Turkish delights.",1,0,0.5135329,1,logreg_right_neural_wrong
test_99,"This place holds a nostalgic appeal for people born and raised in Pittsburgh who grew up eating here. If that experience is what your looking for, please visit. If you're looking for a tasty meal, go somewhere else. 5 stars for history, 0 for food quality and flavor.",0,0,0.5671786,1,logreg_wrong_neural_right
test_125,"I began attending the Midwife Center for well-woman care about three years ago, then chose the Midwife Center as my care provider when I became pregnant with my daughter a year and a half ago.  I can't say enough good things about this place, from the inviting atmosphere to the knowledgeable and supportive midwives to the very helpful nurses and lactation consultant.  My daughter was born in the Forest Room, and it was everything I'd hoped for.  One of the saddest parts about leaving Pittsburgh for me this past summer, when we had to move for my husband's job, was having to say goodbye to the Midwife Center.  I am hoping to find someplace half as wonderful in our new city.",1,0,0.7301593,1,logreg_right_neural_wrong
test_132,"So fun to have a place like this in the Strip.  I just found out that they have chocolate oranges - I look for these in all the stores during Christmas and never thought to come here - well they have white, milk, and dark chocolate varieties available year-round.  I love the dark chocolate, but only because I didn't know the other two kinds existed!  They also have canisters of malted milk balls, unique chocolates from all over, seasonal items, and a cafe-ish area.  I didn't try the hot chocolate, but I hear it's a must-have.  While we walked around the small store, three different salespeople asked if we were finding everything okay - possibly because I kept taking pictures to Instagram and I didn't realize until after I left that there's a sign asking patrons not to take pictures. Ooops!  But no one said anything and they were polite, so thumbs up for the service here.",1,0,0.6267066,1,logreg_right_neural_wrong
test_142,"This place was noted as a """"must visit"""" location during my last trip to Pittsburgh. I must say, it was definitely worth the visit.   To all reading this, be aware that essentially, this is just a grocery store we're talking about here. However, the rustic building, and kitchy offerings (like pour your own olive oil...or taste our 100cheeses) makes it kind of special.   When I was given this recommendation, I was told """"head to the back to where the cheese is"""". So, I did. WHOA - so much more cheese than I ever expected. But no macaroni and cheese....boo.   They should really consider serving mac and cheese.   That's all.",1,0,0.6099948,1,logreg_right_neural_wrong
test_146,"After two visits to this theater this week, I want to yellp:  turn up the volume! Or seriously look into purchasing new audio equipment, easier said than done, I know. I felt as though I could hear every movement of audience members and the sound of crunching popcorn made me laugh out loud for some reason, but the point is that I was distracted and did not at all feel immersed in the wonderful film in view.",0,1,0.5809654,0,logreg_right_neural_wrong
test_165,"Wow, I'm surprised no one has left a review for this place yet. I've been here quite a number of times and I've never been disappointed. Service is good and the food is wonderful. This is the closest thing to getting Chinese food from D.C.  You definitely have to get the general tso's chicken. I drove all the way to get some food from here during last years horrible winter storm. When you have a craving, you have a craving.",1,0,0.59324574,1,logreg_right_neural_wrong
test_234,"Overall a decent yet confusing experience... Pros: it's like living in an apt. because it's spacious and has a kitchen and laundry room downstairs. There's even free laundry soap available in the laundry room. It's located next to a lot of restaurants and shops. Some of the staff has been friendly in providing things, including shuttle rides. Cons: Extremely inconsistent room cleaning service! If you're staying for an extended period of time, they only clean your room once a week on an assigned day. The problem is, they don't show on the assigned day to clean. My roommate and I have ended up calling the office, sometimes twice before it's cleaned. Also, someone in our  building had $1,900 stolen out of her drawer, and the management told her not to call the cops. They ended up cutting her check, but not before a lot of stern talk. I wouldn't stay here again...if you do, make sure that you use the safe provided in the room, and expect to do a lot of the maid services yourself.",0,1,0.5585788,0,logreg_right_neural_wrong
test_240,"First, Giant Eagle is convenient. It open early and closes late on a daily basis. I have yet to find another store that sells the same variation of food in a unitary complex. And despite its size, the supermarket is clean, and the employees are knowledgeable on the status and location of most items.  Second, the prices for non-produce items are competitive if not better than nearby competing stores. The produce items tend to be more expensive, but, to be fair, nearly all if it is fresh.  Third, Giant Eagle offers a brand guarantee and a return policy which assure customer satisfaction; that is, you can return items you are dissatisfied with. Obviously, this is a technical component that is rarely considered when food shopping or dining; however, it is nice to know that the company has a firm faith in the products it sells.",1,1,0.6089816,0,logreg_wrong_neural_right
test_241,"You can speak to maurice about adding brewskis to the """"make your own six ~pack"""" if one you want isn't there! ;)",1,1,0.56647855,0,logreg_wrong_neural_right
test_344,"Cornbread!! So yummy.  We took our friend visiting here for some """"soul food"""" and Mert's did not disappoint.  Come with an appetite!",1,0,0.6344367,1,logreg_right_neural_wrong
test_363,"I don't much like the look of this place - I never would have ventured in were it not for the positive yelp reviews - but they serve some pretty good pizza.    I have eaten trillions of pizzas.  Maybe more, I lost count.  And I'm not a a purist or a dogmatic devotee to any particular variety of pizza.  I grew up in Chicago, where I was weaned on deep dish, pan, and thin crust pizzas.  I lived in NYC for years, and tasted some of the finest thin crust on the planet.  (for the record, my favorites are DiFara's in Brooklyn and Coalfire, a relatively young pizza joint in Chicago).  Brixx does a fine job of the thin crust.  We had a wild mushroom pie and their pear and gorgonzola variety for kicks.  Both were pretty tasty.    I'll go back for more whenever the opportunity arises.  But here's what they could do a little better:  Get that oven hotter, and change the flour blend so that there's a crispness to the bottom and edges of the crust.  There's an axiom for thin crust pizza that goes something like, """"if that shit don't crack, that shit is whack.""""  So, when the pizza is folded, the bottom of the crust should crack.  Ditto for the edge of the crust.  (Allowances can be made for pizzas that have been ordered with soggy ingredients that necessarily soak through the crust, like spinach, ricotta, etc.)  Brixx's pizza did not exhibit cracking anywhere.  It was cooked only to the point of being bread-like.  Still tasty enough, but not quite there.  I hate to sound snotty about this, but I think it really adds to the pizza when parts of the crust have been cooked almost to the point of burning.  That crunch and underlying chewiness is irresistible.  Also, the mushroom pizza was finished with a sprinkling of what appeared to be shaved romano and a tossing of arugula, but when that was added, the pizza had been allowed to cool to the point where the romano didn't melt at all, and the arugula didn't wilt.  The result was a bit like having a salad on top of a pizza.  Pizza aside, they offer local beers, at least one NC wine, and have eco-friendly waterless urinals in the men's room (I applaud the effort, though that probably won't be the highlight of the review).  Next time I go in, I'll see it they can crispify my pie.",1,1,0.5958949,0,logreg_wrong_neural_right
test_379,"In the tradition of full disclosure, I never really liked Quiznos that much anyway....I'm more of a Firehouse or Harris Teeter Hoagie guy, but the other day I was hungry on lunch and decided to give them a try.  The Roast Beef and cheddar looked pretty good.  But it wasn't.  It had a weird sort of taste, and with every other bite or so I would notice these odd little mushroom bits...you know like the canned mushrooms, and the seasoning and added flavors were not to my liking.  Not to mention the after effects....uggggh...never again Quiznos....never again.",0,0,0.8596296,1,logreg_wrong_neural_right
test_402,"Although the price is right and the fried rice is pretty good, it's severely overshadowed by the """"off"""" taste of the beef and chicken dishes.  The beef with scallion is 90% bamboo shoots, which isn't even listed as an ingredient, and the dumplings are incredible hulking globs.",0,0,0.9043482,1,logreg_wrong_neural_right
test_431,"I wasn't supposed to be in Charlotte, but canceled flights, etc.  You know how that goes, so I spent several hours here.  Things I like about this airport:  Interesting food options, and what I had was good.  I never expected to be eating tasty BBQ Brisket, Beans, Cornbread & Fried Pickles at an airport restaurant.    Rockers.  All over the place there are rocking chairs.  Clean, open feel to the architecture.  Smoothly operating airport.  Wireless.  Basically, if you have to be stuck at an airport, I'd take this one over many others!",1,0,0.80756956,1,logreg_right_neural_wrong
test_463,"I have visited Harper's a few times in the past two years. The restaurant is clean and inviting. The atmosphere is warm and personable, which is nice for couples and families.  But with each experience, I am less impressed. The food is good. However, there are better places to dine within the Southpark area. The food is moderately priced, but is too much for what you get. My last gripe with the restaurant is the limited menu. The offerings are scarce for a restaurant with a nonspecific specialty. I'm not big on chain restaurants, but I would have been happier visiting The Cheesecake Factory located across the street from Harper's which has many more menu options.  I am sad to say that I will not visit again unless an executive group decision is made to dine here.  : /",0,0,0.621056,1,logreg_wrong_neural_right
test_471,"I've heard this restaurant from listening to NPR in Charlotte, so I went and invited some of my friends and decided to come here to check it out. Here are my reviews.  Venue - the ambiance inside the restaurant is like being in Japan. If you have a large group of people, your group will be sitting as if you're sitting on a floor, but your not. The sits are elevated and the center piece is wide open. It's a comfortable sitting arrangement.  Sushi - the Unagi (Eel) was cooked perfectly. The softcrab shells are not bad, but I had better ones before.  The rice was cooked very well not to sticky or clumpy. They need better selections in sushi.  Presentation - the restaurant lacks in presentation.  It was a very simple dish put together.    Sake - they are pricey. $15.00 minimum.   Ramen - the soup was very tasty.    Overall,  if you are craving for ramen, this is the best place so far I've tasted. As for sushi, I would only come here once. I've had much better sushi with awesome presentation and much better selections in California before.  I still have yet to find a sushi that will replace my experienced in California. Also, if you don't tip enough. You will be called back in by the waitress asking you to add more on the tip. Its a MANDATORY!!!  It feels like a teacher is about to scold you.",0,0,0.7724558,1,logreg_wrong_neural_right
test_527,"this place is solid,  you will never feel ripped off, ever.",1,1,0.57209796,0,logreg_wrong_neural_right
test_616,"Friendly staff and nice selection of vegetarian options.  Food is just okay, not great.  Makes me wonder why everyone likes Food Fight so much.",0,1,0.7254758,0,logreg_right_neural_wrong
test_635,"A few of us hit Smoky Jon's for lunch today.  It was insisted that it's the best BBQ in Madison, so I was game to try it.  The place has character - you order at a window and go take a seat.  They bring the food out to you.  Nothing fancy - paper plates, styrofoam cups, etc.  I got a chopped smoked pork sandwich with coleslaw and french fries.  I snarfed a fry to start.  Not very hot... """"warm"""", I'd say. But tasty - salty.  Could have been better if fresh, but they'll do.  The coleslaw was the creamiest I've ever had.  The flavor wasn't strong, but it was okay.  Could have used a little salt and pepper - neither to be found.  The pork was tasty - definitely smokey.  The side of sauce made it, however.  Sweet, tangy, spicy.  While I was eating it, I thought """"yeah, it's okay - but I wouldn't rave about it"""".  Later, however, thinking back on the meal, I thought, """"you know, that was REALLY good!""""  While it doesn't best the BBQ I've had in Memphis, it certainly cuts itself from the same cloth. I'd have it again.  I think my meal was around $9 (no drink - had a water).  I was full, and content.  Mission accomplished!  My coworker had some ribs, and they looked very good - not too fatty, cooked well.  I would like to go back and try them sometime!  Tip:  Limited seating, so show up early (or late!)",1,0,0.6136726,1,logreg_right_neural_wrong
test_645,"I drove by this place many times...looking at the all-you-can-eat tue and thur meals.  Well I finally took the bait.  As I entered the place, I was surprised with amount of items on the walls...I thought it was in good taste, but I am sure others will find it tacky.  The food was above average but not the best I have ever had.  The chicken was smokey and moist...the ribs were good, but a few on the dry side.  Waitstaff very nice and attentive.  Great night...I'll be back.",1,1,0.502385,0,logreg_wrong_neural_right
test_689,"Common Ground gets a lot of flack for being expensive, but really it's only expensive if you're comparing Common Ground's organic items to the conventional items at Schnuck's or Meijer - and several time I've noticed Common Ground's organics were actually priced cheaper than those at the chain stores. You also have to consider the fact that Common Ground is a small, independent grocery store that has to have a higher margin in order to survive - and it tries its best to 'practice what it preaches' in it's business practices, from biodegradable, american-made produce bags to decent employee wages. All those little ethical steps cost money - and since the co-op is community owned, ultimately the money you spend there is going back into the community, rather than in some corrupt CEO's pocket, and that's always a good thing.  Apart from my price-justification rant, this is the most awesome grocery store in town. Great deli with vegan options everyday and beautiful produce - often local and organic - that you can't find anywhere else.",1,0,0.74447685,1,logreg_right_neural_wrong
test_692,"I first went to Merry Ann's the night I craved The Home Stretch Haystack. Merry Ann's version paled in comparison. I gave them another shot a few weeks later, this time for lunch.  I ordered a blue plate special, country fried steak, mashed potatoes and gravy, and peas. The country fried steak patty was chopped formed, deep fried, and covered with a gravy dry mix, which also covered the potatoes. The peas were from a can. Haven't eaten there since.",0,1,0.6557749,0,logreg_right_neural_wrong
test_693,"Service 5 stars, food 2 stars, atmosphere 2 stars. Overall 2.5 stars.",0,1,0.6480918,0,logreg_right_neural_wrong
test_700,Decent drinks + chill atmosphere + Irish Nachos (oh God yes) + lack of sketchy people grinding on you = WIN.,1,0,0.6774182,1,logreg_right_neural_wrong
test_705,Decent!,1,1,0.71568424,0,logreg_wrong_neural_right
test_714,"Food was great, generous portions, they piled on the entrees, despite the to go box already pretty full. Good to see. Didn't see any old lady maybe that's why.",1,0,0.6033722,1,logreg_right_neural_wrong
test_727,"They seem to have everything. Obscure films, B films, foreign films, nearly every weird movie I've found out on the internet, they have it. (One time there was some anime I wanted to see but they didn't have, but they explained that all the copies out there were pirated, and they'd be happy to add it to their collection if I could find a legitimate source for them.)  Secondly... its pretty cheap if you buy a renters block.  I kind of wish there was a way to return videos without wading into campus, though.",1,0,0.52800345,1,logreg_right_neural_wrong
test_747,"We recently took our Mercedes to Virginia Auto Service for  a new set of tires. Since we purchased the vehicle there has been a vibration in the rear of the vehicle. We have taken it to several places, including the dealer, to have it repaired, to no avail. When Matt balanced the tires on his new machine, that simulated road force, the problem totally dissapeared. I guess it pays to go to the shops with the most high tech equipment. thanks guys!",1,1,0.55258113,0,logreg_wrong_neural_right
test_770,"I booked a stay at Hotel San Carlos for one night through Groupon for $76 after taxes. Most other hotels in the area go for $120-300, so finding this deal was awesome. My boyfriend and I live in AZ and he wanted to celebrate his birthday by having a staycation downtown so we could have fun with family and friends without worrying about a way to get home at the end of the night. Originally, we were going to book a night at Hotel Palomar but like I said, we weren't looking to spend a lot of money.  I started reading reviews before we checked in and was feeling nervous that I hadn't made a good decision because there were more bad than good things being said. From the moment we got to the hotel to the time we checked out, our stay was anything from dissappointing. The staff was nice and let us check In early. Before we parked we talked to the valet service and asked for advice on parking. They could have given us excuses to use their service but instead, they pointed across the street and let us know that on the weekends, parking in those spots were free. Awesome! Free parking.   Once we got to our room, everything was clean and the room was a nice temperature. The rooms are small and the bathroom is even smaller but I didn't expect anything else. Its a little ridiculous how many people complained about the raised up part of the floor you have to step over to get in the shower. Wahhh. I barely noticed it, and anyone with a brain should have no problems stepping over it. Also, the shower does fluctuate in temperature when someone flushes a toilet, but it was never an unbearable cold or heat. Once we got settled in we went to the pool, its a cute little pool but by the time we got out there the sun was covered by the building surrounding it, so that was a bummer.   For lunch, we went next door to McCaffery's. They have great food and our bartender was great.   Honestly, I have no complaints about our stay. Its a cute little hotel and for staying on a Saturday night, there were no dramatic noises going on and I didn't hear anyone talking in another room, having sex, or going to the bathroom. I heard a couple of door slams but I think at any hotel its typical. All the bad reviews are obviously from people who have a case of first world problems. Wahhh, """"no room service"""", Wahhh """"the rooms are too small"""", Wahhh """"I couldn't control the room temperature"""", Wahhh """"there's something I have to lift my foot up 5 inches from the ground to get over in to the shower"""", Wahhh,  Wahhh,  Wahhh.  Get over it people. Take your spoiled attitudes over to the Hyatt.",1,0,0.754848,1,logreg_right_neural_wrong
test_781,"I stopped in one day when I first moved here and sampled a couple of things, the chicken teriyaki, the fried gyoza, and some kind of drink. Nothing was fresh, everything tasted like old fryer grease or freezerburn (except my drink). To their credit, the service was immaculate. The women who helped me was super friendly and made suggestions of things I should try on my next visit (when pigs fly). I am really amazed by the positive reviews here. Unfortunately, this place is just a couple blocks from my house so I have to deal with the nasty stench from their deep fryer when I walk to the lightrail on my way to work.",0,1,0.5223266,0,logreg_right_neural_wrong
test_812,"This has been my car wash since I lived in midtown off 3rd street and Thomas. They do a great job, and are very accommodating if they miss a spot. They tend to be somewhat expensive, but then again they are not scratching your car with machines. I used to get the side wash with my Audi because of some modifactions that kept it from being on the rails, and for $15 you couldn't get a better wash in town.   I don't recommend their detail service, as they are not very complete, but for car washes A+",1,1,0.5192584,0,logreg_wrong_neural_right
test_897,This is our neighborhood spot for ceviche... though if you want oysters go to the spot at McDowell and 18th St... no idea what the name is.,1,0,0.6095543,1,logreg_right_neural_wrong
test_903,"It had been years since I had been back to Rito's, I was craving it for lunch and thought let's do an old school affordable lunch.  I typically eat Burrito's at the Lunch Trucks so I thought Rito's being in the middle of the hood, nothing fancy, outdoor seating and so on should be a quick affordable quick lunch for two of us.  We got our Two Burrito's after waiting almost 30 minutes in their lobby + the 10+ we spent in line? (I know I know...what did I expect going there between 11am-1pm...but seriously they have all the ingredients made, it's just an assembly line, Chipotle Style dang it) so anyway, the food took way too long and $17.49 later for one green chile regular burrito and one red enchilada style burrito with rice and beans (in the hood) had me complaining about my planned 'cheap' lunch before I took my first bite.   I'm not gonna lie the burrito's are tasty and a good size, other comments mentioned salty and greasy and yes that is true on both, but that's why the place is famous for its simple salty/greasy food.  I have had better for the same or less $$ and for a much better atmosphere...that place is making a killing they could have maybe some more shaded cheap/vintage seating a sign a mural something...give the place a little character and I can maybe feel better about spending my hard earned $$ there.  Anyway not my most favorable review but I think Rito's has taken their fame to their head and caters to the foodies/downtown administrative crowd vs. the working class and neighborhood area peeps.",0,1,0.5225515,0,logreg_right_neural_wrong
test_912,"Under construction when I visited today, but still beautiful. Fellow botanical garden-ers were friendly.   Bottled water is not overpriced. At 1.50 a bottle, it didn't sting that I forgot to bring my own water.  Park rangers are stern, silently watching and protecting our pic-a-nik baskets from any impending doom.  Wear your best, as there are tons of photographers running around. This could be your chance to get discovered - maybe your errant hand or part of your backpack will end up in some semi-famous hipster's Flickr!",1,0,0.69923323,1,logreg_right_neural_wrong
test_927,"Very boring pizza, if you don't like garlic, oregano, any spices, and think ketchup is pretty good then this is the spot for you.",0,0,0.51847225,1,logreg_wrong_neural_right
test_940,"The PHX zoo is a great place to take your kids to look at large, charismatic megafauna.  However, if you are like me, you go to the zoo to try and learn something about the natural history and ecology of the animals on display.  There is very little of this, the farthest that the signage goes is to tell you the continent and maybe, if you are lucky, the country where the animal lives. The zoo is also mammal heavy. Don't get me wrong, I love a good mammal display, but I also like to see a nice collection of amphibians and reptiles.  If that is what you like to see, the PHX zoo is not the place for you.  They do have a small collection of southwestern rattlesnake and some common pet amphibians, but that is it for the herps...  They also have a komodo dragon that is pretty large but overall, they lack the fish, amphibians, and reptiles.  Also, where is the insect collections? Maybe I missed it.  The animals do have very large enclosures, but some look under kept.  Also, there is one aviary that is very cool and has some very pretty bird species.  They have red eared sliders hanging out in the ponds on the grounds that are probably the reason sliders are in natural waterways now...  a shame...  Overall, I was pretty disappointed in the PHX zoo, the admission was pricey, and the breadth of animals small.",0,1,0.7381585,0,logreg_right_neural_wrong
test_941,"Me and my wife have a membership to the zoo - and well - would totally recommend it to everyone.  we use it all the time - heck i would go every week if she would let me.  there is just something about sitting at the zoo - in the weather - with the people  - enjoying the day.  not all animals look happy there, or comfortable for that matter, but some really do look like they are oblivious that they are at the zoo.  it is a huge zoo - it would take most the day to see all of it.  it is so relaxing to just go for a coulpe of hours and then leave.  we have been where we didn't see anyone for 20 minutes, and on the busiest day and never felt that there were crowd problems.  the zoo does does seem to do too much to just want your money - you pay a good fee to get in and then there are places everywhere to take more money from you - opportunity cost eh.  my current favoirtes are the big horn sheep up in the corner - and just sitting and watching the movement at the savana.  it is like my crack.  some people sit by the pool and relax - i site by the savana and relax",1,1,0.5530846,0,logreg_wrong_neural_right
test_970,"A very odd experience.    We entered in the front of the restaurant where we were met by the hostess.  We told her we were there for happy hour and she proceeded to show us to what I thought was the bar area. Well, yes but she took us out the back door of the restaurant, to the back door of the bar.  Once there I started to get nervous.  A line of 4 or 5 people waiting to get in met by two security people checking Identification.    Once you show the security people your ID, they then put a wrist band on you.  I am pushing 50, but perhaps without the wrist band, someone may mistake me for under 21.    Finally inside, it was a throw back to some 80's nightclub with old school music and flashing lights and more, at attention security staff.    They feature a free happy hour buffet with assorted Mexican food, which was actually fresh and tasty.  Our server was nice and attentive.    The entire time we were there, I was worried to why they needed a security team roaming about.",0,1,0.7245869,0,logreg_right_neural_wrong
test_1023,"I went to phoenix skin in August 2013 to discuss about laser resurfacing. The doctor who I had met on that day had no idea about laser skin resurfacing and she gave me details about Blanca Fergoso, surgical coordinator  in phoenix skin care. I tried to schedule an appointment with her but when ever I tried to call her all the time it went to voicemail and even called the help desk to schedule an appointment with her but of no help.  I went to phoenix skin after lot of research and good reviews but of no use. If they won't care about their patients why would I recommend phoenix skin care please avoid Phoenix skin care.",0,1,0.8431055,0,logreg_right_neural_wrong
test_1035,Have been dying to try this kosher place for some time. Went tonight and ordered a large 3 cheese pizza.  O M G american cheese??? I asked also for baked ziti and the lady said her ziti can't keep for a week so they don't make it. Are you kidding me? It was 19.00 with a drink. I put the pizza in the trunk and went to La Bella,0,1,0.5167334,0,logreg_right_neural_wrong
test_1074,"I write this review strictly as a seller, as I never come here solely to buy, always to sell and sometimes to trade. If you trade in items, you will get 35% of the retail price in cash or 50% in trade credit, period. The young ladies who run the shop are razor sharp and know the tastes of their shoppers. The store has an interesting selection of accessories and clothing, the quality of which runs the gamut from cute cheap Chinese crap to OMG is this really $15 superior quality items. Look and look often because inventory turns over and fast. If you want a quick hit of something unique or need to offload some extra items, make a beeline for this place. It's environmentally responsible and they have a donation program for local nonprofit agencies. This is NOT a thrift store, so leave that notion at home. It's a secondhand shop that thinks like a consignment store. You pay a little more than a thrift store but you have a much greater chance of finding something fantastic in pristine condition.",1,1,0.70863885,0,logreg_wrong_neural_right
test_1119,"I've shopped here before. Overpriced livestock & fish supplies. Customer service was not that great. Petco has better pricing on supplies and good selection of reasonably priced freshwater, live rock & saltwater livestock.",0,1,0.57893807,0,logreg_right_neural_wrong
test_1123,Very reasonably priced and a higher quality pedicure than I expected.  I will be returning.,1,0,0.8764897,1,logreg_right_neural_wrong
test_1134,"We love this place.  It's close to home and never disappoints.  I can honestly say, that I've never eaten anything I don't like.  It's always a sure thing.",1,0,0.530079,1,logreg_right_neural_wrong
test_1155,Sign at Danny's: $29.99 Oil Change and car wash included Receipt in my pocket: Full service oil change $29.99                                         Car Wash upgrade       $3.00                                         8 Qts Synthetic oil          $36.50                                         Special BMW filter          $10.00                                         Air filter                             $24.99                                         Grand freakin total         $111.24  Expression on my face :(,0,1,0.542055,0,logreg_right_neural_wrong
test_1161,Be sure to ask if your car is ready yet. They forget to announce it sometimes and leave you in the lobby waiting for Christmas.,0,0,0.5109875,1,logreg_wrong_neural_right
test_1226,"Happy hour prices seemed decent, but the selections I tried (spicy tuna roll and salmon roll) were lackluster in taste and quality.  I do have to recommend the soft-shelled crab appetizer... oh my!    While the prices beg for another try, it's going to be awhile till I visit again- so many restaurants to try first!    If you want great sushi, try Sakana on Elliot and I-10, or Old Town Scottsdale's Kyoto.  I definitely am not a fan of Ra.",0,1,0.6376412,0,logreg_right_neural_wrong
test_1247,"Great location.  Great views.  Interesting Facility.  VERY marginal food. We went there for my wife's birthday as someone bought us a gift certificate.   Our server was great.  He was a great blend of courteous, professional, conversational.  But the food was poor at best.  My wife's salad included old, rotted lettuce. The entrees were really second rate.   We will not be going back!",0,1,0.7553658,0,logreg_right_neural_wrong
test_1300,"Customer service here leaves a lot to be desired. Although they will help, it usually done with minimal personality and little to no professionalism.",0,1,0.57709706,0,logreg_right_neural_wrong
test_1304,Walked in on Saturday and walked out.,0,0,0.79389983,1,logreg_wrong_neural_right
test_1326,"My son likes to go there for poppers on the weekend.  His second choice is the chocolate chip coffee cake.  This is the second weekend in a row that they have been out of both.   The first time, I thought it was a fluke.  Two weekends in a row is a trend.  If you run out of something daily, make more of it.  Obviously, there's now more of a demand for both of these.  You can make more of them to meet the demand or don't and demand will go down from people like me not coming back to your store.  Dunkin Doughnuts, here we come again!",0,1,0.55060863,0,logreg_right_neural_wrong
test_1339,"This pains me to write this review and I am giving 2 stars out of fairness and previously solid history with LGO as I live a few blocks away.  I have been there hundreds of times previously.  I have had many wonderful experiences previously and have referred dozens of friends to LGO, Chelsea's Kitchen, Postino, etc.    So, it's this past Sunday morning and I run in real quick for a few breakfast items, those being English muffins and a regular iced mocha latte.  The place was packed as usual but seemed more so because of far too much merchandise and no where for people to wait or even stand.  The service was friendly.  In case you haven't tried the English muffins, they come in a 5 pack and they are very tasty-a must have and great toasted.    My heart burn on this visit begins at the register.  Two two items together totaled $18.02.  I was shocked so I asked the girl at the coffee bar register if she rang it in right and she assured me she did. She was very nice about it but OMG WTF?  I paid and came home.  The mocha was way too sweet and not even comparable to Starbuck's(which I do not like for the record).  So, essentially, I paid $18.02 for a pack of English muffins.  Ridiculous!  Will I go back?  Most assuredly I will but it will be a bit before I do.",0,1,0.79192185,0,logreg_right_neural_wrong
test_1345,"I went here on a morning with my wife and kids.  We left a large resort and were on our way out of town headed to the Grand Canyon.  Perhaps the service leaves something to be desired because it is a grocery that has a kitchen, but the food is out of this world.  My daughter was disappointed in the pancakes because they were more like crapes, but I loved them and my older kids loved it all.  It did not matter since she ate half of my wife's egg white omelet.  We all shared and I would go back every week if I could.  Certainly all the locals seem to be doing that.",1,1,0.6038847,0,logreg_wrong_neural_right
test_1372,I work in the industry; needed to get nose pad replacements for expensive wire frames I wear everyday; they charged me 24 dollars with tax;  I could get them for free at most optical shops;  enough said.,0,1,0.5230026,0,logreg_right_neural_wrong
test_1386,"From the outside I thought no, and even inside, it is not clear what to do - for the uninitiated ORDER AT THE COUNTER, but once the akwardness disappears you will think yummy. Have tried their dogs and cheeseburgers, along with fires and onion rings - all good - messy but good - give it a try, you will keep coming back -even if you are not from Chicago !",1,0,0.67288315,1,logreg_right_neural_wrong
test_1425,"I know that this place is a cult favorite for East Coast pizza aficionados, but the experience is disturbing and the workers are less than friendly.  Plus, the place smells like an old grease pit.  If you have been stranded on Glendale on the corner of 12th street, and you must find a slice of pizza within the next 2 minutes Pat's is your place.  Otherwise, save yourself the reoccurring nightmare and go somewhere (really anywhere) else.  Stetson """"The Brand Man"""" Brandish",0,1,0.8544135,0,logreg_right_neural_wrong
test_1433,"Sassy Glasses has one thing going for it; frame selection.   If there is another place in Phoenix that has comparable frame selection I am unaware of it.   Sassy Glasses falls short everywhere else however. The problem is Sassy Glasses is just a middle man. They do not make their own lenses, nor do they have their own doctors. And their optometry knowledge is, to say the least, limited.   They are good at helping you find the right style, but the doctors they send you to are sub par and if there is a problem with your lenses you will not be able to deal directly with the lens makers.   The bottom line is Sassy Glasses is good for people with minor vision issues who want to look """"hip"""" in their glasses, but people who need serious optometry services should look elsewhere.",0,1,0.84573436,0,logreg_right_neural_wrong
test_1502,"I'm definitely not a fan of the customer service, but the place has gotten pretty sweet after the remodel. (the ellipticals have TVs on them, and iphone/ipod hookups for charging while working out and using it)  The store next door went out of business or something, so they opened that up and and put the weight equipment in there.  They bought a whole bunch more elliptical and stationary bikes, and now it's quite a bit more cardio.  I'm kinda proud of them for it, honestly.   Parking can be a little rough during the crowded hours, but if you don't mind walking a few extra rows, you'll be okay.",1,1,0.9009927,0,logreg_wrong_neural_right
test_1510,"A few weeks ago I came here to have an alignment, because someone hit a curb in my car and my tire was wobbling pretty bad.  they did the alignment but that didn't fix the problem.  Well as it turned out I needed a new wheel because the old one was bent.  I drive a mini cooper, and they didn't have the wheel for it so they told me to go ahead and buy it (I bought it online) and they would install it for me.  What I didn't realize until I took it there for the installation was that they were going to do it free of charge.  I think these guys are great.  I will continue to go to them in the future!",1,1,0.60989684,0,logreg_wrong_neural_right
test_1547,It's a Whole Foods. They are all the same! Which isn't a bad thing for Whole Foods considering the awesome food and product selection!,1,0,0.5842889,1,logreg_right_neural_wrong
test_1597,"Came in last night for FREE Blooming Onions. We went straight to the bar area and ordered our onion, mushrooms and two side salads.   First off the Blooming Onion is always looks fantastic but that sauce is horrible. I get that some people like horseradish but to me it's a taste that I can never get out of my mouth. I don't know who you folks are that like horseradish, but I just can't trust you.   The mushrooms were awesome as always! We even took half of the order home and warmed them up in the oven for a snack.  However, the salads were kind of pathetic and not worth $3.99 each. I loved the croutons though. But, the salad was very small with cheap iceburg lettuce.   Service was top notch. We never went without a refill and he checked back after everything he brought us.",1,1,0.5032151,0,logreg_wrong_neural_right
test_1713,"I brought my Moen white/ brass roman tub spout to be refinished brushed nickel to match my recently updated bathroom fixtures. Unfortunately, I discovered after leaving the tub project for last, Moen no longer makes a replacement for older spouts. My only options were to replace the entire tub and fixtures for $1000, keep the old fixtures that clashed with the new ones or have the spout re-plated.  I was reluctant to use Papago Plating after reading some of the reviews on Yelp, but went ahead with the order anyway. If you are looking for immaculate antiseptic office this may not be the place for you. However, the business looks like a typical small job-shop one might find anywhere. The lady that waited on me was very pleasant, knowledgeable and accurate with the final cost and completion date. It took one week and only cost $42.    Wow! Papago Plating did a fantastic job. The spout matches the new tub handles perfectly.",1,1,0.8164639,0,logreg_wrong_neural_right
test_1714,"OKAY...  So on my connecting flight home, i once again landed at Sky Harbor.  I had a great weekend, i was exhausted, and i suppose I didn't have much energy to hate on everything.  Second look at Sky Harbor, it's not so bad.  I suppose i wasn't in such a grumpy mood for having to stay here for 5 hours again.  Although I do still hold up to my previous statement that seating is a bit limited and that there aren't many food choices...but an airport is an airport right?    Unfortunately, I didn't get an opportunity to check out the Art Museum suggested by a fellow yelper (yes, they have an art museum!) but I was just glad to be on my way home.   And this airport is HUGE. I was lucky enough to have landed in A second time around because my connector was in A, but last thursday, i landed in B and trekked all the way to A to reach my connector. It was quite a walk.",1,0,0.6905267,1,logreg_right_neural_wrong
test_1737,"Awful place to have a layover. This airport is always overcrowded, hence, there is little seating and you'll likely find yourself squished between two strangers until your flight. To avoid the crowd, I recommend grabbing a book and finding a restaurant with bar seating to enjoy some quiet and a few drinks before boarding.",0,0,0.7707167,1,logreg_wrong_neural_right
test_1740,"Our flight was on time! That right there is enough to give any airport at least 3 stars. On top of that, we ran into no problems with anything! Even the TSA agents were friendly, which is totally unusual yet very much appreciated! There's not much as far as food is concerned if you go in the morning; make sure you aren't even the slightest bit hungry before going because there's nothing really to eat. Both my dog and I had a positive experience. Way to go, Phoenix!",1,0,0.61160237,1,logreg_right_neural_wrong
test_1772,"Definitely not one of the nicer Hiltons I've stayed at, but close to the airport...so its convenient and the inside of the place is nice enough.  Not the place you want to leave ANY valuables in your car though...the parking lot is dark in a lot of places, spaces can be finicky finding depending how busy they are and it's not in the greatest area of town.  In fact it was kind of comical...I left the hotel in the evening to grab a bite to eat...and less than a mile down the road was strip club after strip club...if that's any indication of the area.  Next door is a Holiday Inn and honestly I would recommend getting the rates on both and just staying at the cheeper one.",0,1,0.5778889,0,logreg_right_neural_wrong
test_1776,"One day I'll make it there for something besides breakfast, but I don't know why to bother when the breakfast is so good. They do stop breakfast at 10:30am though.",1,1,0.5062861,0,logreg_wrong_neural_right
test_1825,"My daughter really wanted to go to Sweet Tomatoes.  After some prodding, I told her we could go, but I wanted to find out what was behind this instance that we have Sweet Tomatoes for lunch.  What did she hold to be the very essence of Sweet Tomatoes that was driving her to say that we must go?  Here is my interview.  Interview with my daughter.  Me: What  do you like about Sweet Tomatoes?  Mira: The dessert and the pizza.  Me: What else do you like?  Mira: The food.  Me: But, why do you like coming HERE?  Mira: Because .  . . Of . . . the FOOD!  Me: Is there anything else you like besides the food?  Mira: The drinks.",1,1,0.5698433,0,logreg_wrong_neural_right
test_1828,"Taken my daughter to this office a few times, but won't anymore. The good points- the office is clean. The staff that answers the phone is nice and usually helpful.  The hygienists are all really nice and are kid friendly.  On the downside- when you walk into this place it just feels cold.  The staff won't even greet you since you have to sign in at a computer.  Dr. Ash wasn't as kid-friendly and a little bullish with my daughter.  I understand she was crying, but she didn't do anything to make her feel more comfortable.  They seem to be all about money; they are very aggressive about making future appointments and overcharging when they can.  I would not recommend anyone to this place.",0,1,0.7237012,0,logreg_right_neural_wrong
test_1850,I keep hearing good things about Neo Tokyo and have driven by it way to many times. I went for lunch the restaurant was empty well waiting for my food I saw everyone was getting take out. The staff was really friendly the restaurant really clean... I ordered the lunch combo #1 Teriyaki Chicken with brown rice I also ordered the 3pcs Shrimp Tempura. The Chicken was pretty good for the price without the hot chili sauce it would have been a D- The shrimp Tempura was not crispy on the outside it was soggy that makes it a D- as well. I will not be going back for lunch anytime soon.,0,1,0.58981526,0,logreg_right_neural_wrong
test_1855,"knowledge of the people in this store is hit or miss...  I stopped in because my pool motor is making a racket.  I had a picture of the label, showed them it's a 3/4 hp motor.  it either needs a rebuild or replacement  they don't do rebuilds, so I ask for a price on a replacement.  the guy brings out a 2 hp motor... and quotes me something like $450.   he was pretty clueless, asking me what type of motor I wanted.  umm... I showed you what I've got, why wouldn't you be able to tell me what I need to replace it?  I sure don't need a 2hp motor to replace a 3/4 hp.  I know two-speed motors can be used in place of my single-speed and they're more efficient, so I ask him about that.  He has to call a guy at another store to figure out what I need and how much it is.  like I said, hit or miss...",0,1,0.7833518,0,logreg_right_neural_wrong
test_1874,"Well, food was bad. My shrimp was TASTELESS....I mean....no seasoning AT ALL. Bland rice. Others at the table said the same thing about their food. Amazing waiter though. For a crazy Friday night with kids everywhere...he was amazing and attentive. Wish I remembered his name. Very tall guy. LOL. This place is geared more for children for sure. A big slide, a balloon guy comes to the tables ect. An adorable bull is near the entrance and the view is awesome. But I would say this place is more for kids than an adult night. That's just my opinion.",0,1,0.7365911,0,logreg_right_neural_wrong
test_1918,"The food is good, but the service isn't. Weekend mornings are a nightmare here, also they frequently run out of things.",0,0,0.6396718,1,logreg_wrong_neural_right
test_1938,I bought the voucher not knowing when I would use it. Then a carwash broke my windshield wipers on my brand new Q7 and the voucher came in very handy! I saved $25! Thanks YELP and Audi!,1,0,0.6693342,1,logreg_right_neural_wrong
test_1952,Let's just say I feel privileged and proud to be a nursing student at this community college!,1,1,0.5344345,0,logreg_wrong_neural_right
test_1953,"I never thought my favorite class would be the gym, but I absolutely love it! The people who oversee the gym are very friendly, and encouraging. I have never seen too many people in the gym, it has always had a dozen or so or less in it, so it is comfortable. If you are thinking about a routine, this is a great place to get your start, they also have other classes you may like, such as yoga,track, belly-dancing or karate.  If it wasn't for the gym, I would have been long gone from this school from hell.   As you can probably see by now, I am not a complete fan of the academics at MCC. I have taken around 30 credits here, and although I have a pretty decent GPA, some of the part-time online instructors are fairly 'feral' towards students( for some odd reason) which just messes up my degree plans.    MCC has a 16% (or was it 14%?)  graduation rate. The lowest in the nation. You can see the statistics yourself if you log into your FAFSA. Who needs a degree- right? Obviously this is play time. (sarcasm)   I'd say avoid the Religion at MCC, that one is a joke- save your money! I think it is ran by a bunch of secular-rabid-lesbian atheists.",0,0,0.5563515,1,logreg_wrong_neural_right
test_1965,"Food is always good. We have never been disappointed when coming here. It's a little pricey, but the portions are always a good size as well. Especially lunch. Like most reviews the service does lack everytime we are here, but the food makes up for it.",1,0,0.5607393,1,logreg_right_neural_wrong
test_1976,"Not a big fan of the wait, the run down location or all the birds attacking you for the food.  The food was great, but the atmosphere was kind of annoying.",0,0,0.70585215,1,logreg_wrong_neural_right
test_1985,"Read below the line of this post & you'll see my prior post.  I am a regular, or was a regular now!  I never come in on Monday's,  I usually come in on Friday or Saturday.  This is the first time I ever met Bale.  I normally get served by Sarah & Jenn (who are the best & I like dearly).    This night, Sarah served my first beer.  When Sarah went on break my beer was empty and I set my glass on the edge of the bar so the bartender knows I am ready for another.  Keep in mind, I am by myself at the end of the bar.  I see her look at my glass and walk away at least two times to serve others at the other end of the bar.  The third time I wave her down and she doesn't even give me a """"I'm sorry I will be right with you"""" (recognition of some sort).  So I do something I never done before and that is poor my own beer.  Now, I got her attention! After explaining to her why I did what I did (the fact that she was deliberately ignoring me), Sarah comes back from her break, and I explain what happened.  Sarah knows me and was very nice about her reasons of having to kick me out.  It is illegal to pour your own beer, now I admit, I was not thinking about that at the time, yet I am glad that happened just to prove a point.  It took me doing something like that to get Bale's attention, what does that say about a person like that.  In conclusion, I was told I can come back another night, but because of my action Sarah had to ask me to leave, I want to note that Sarah has always given me great service.  However, because of one person, Bale, I will not be coming back to this bar.  I have more class than that, to let someone treat me like I am nothing, when I am a consistent customer.  The sad thing about Bale, it is people like her that leave me hopeless in seeing this local economy thrive again.  I moved back to this neighborhood to support this area, yet people like her have made me decide to move back close to my job in downtown Phoenix  Everyone has to understand, I grew up in this area.  If you're a native like me, you'll understand, if not, you probably will not care.  The bottom line is thanks to the internet consumers like me have a voice.  Bale has got to go!      -------------------------------------------------------------------------------------------------------------------  Love this place.  Great dive bar, the bar tenders are really nice, they have the tall boy beers I like & mini pitchers for a good price.    I was impressed how much a crowd this place can draw in.",0,1,0.5448428,0,logreg_right_neural_wrong
test_2018,"Fun, but for a family of 4 to go two times, it's $78, way too expensive to come back!!",0,1,0.94116145,0,logreg_right_neural_wrong
test_2042,"So, here's the deal... and I kind of feel bad for only two stars... We went here for breakfast.  And the breakfast was okay.  It was... well... average.  I'm no cook- I'm a career girl.  But my breakfasts made at home KILL over what we got.  I was expecting breakfasty fireworks and culinary glory after a week of dieting and restraint.  It was a rare Sunday morning alone with my husband... no kids for a few glorious hours... and we decided to monumentally Have Breakfast.   I, of course, consulted my fellow Yelpers, who are generally the smartest, best, and brightest in the world... and having been to Giant Hamburgers for,well, a Giant Hamburger,years previously (which was FREAKING AMAZING) I thought that I could not go wrong in suggesting this place to my husband.  Many Yelpers highly recommended G.H. for breakfast so HOW could we go wrong?  And off we went. Between the two of us, we were able to sample a fair range of food. Okay, so the toast was just cheap bread (think 2 loaves for $1 at a bread outlet... it shreds apart when you look at it sideways) the eggs were very plain and bland... bacon was okayyyyy (and I love bacon with an unholy passion so it's rare that bacon doesn't blow my skirt up) but just cheap, thin cuts, not particularly underdone but not the usual glory that bacon is.  I will say that I did somewhat enjoy the biscuits and gravy, but I would swear to you on any religious book that the biscuits were pre-packaged generic, not fresh/hand-made.   The staff there is truly nice, and I like the personal service.  Saying hello.  Eye contact.  Genuine niceness.  This was consistent with my experience there a few years back, and it hasn't changed.  This kind of services is worth BUCKETS of cred in my book. What I *SEVERELY DISLIKED* was being the only english-speaking people in the restaurant for the last 15 minutes of our stay.  At one point, all the staff were speaking spanish, and after one older couple left, all of the diners were speaking spanish, and it was as though we had been transported to someplace nestled deep inside the manky heart of Guadalupe.  But without great food.  It was uncomfortable enough that we finished up, left some food behind, and bailed a little quicker than we probably would have.  So, although I am a big fan of the Giant Hamburgers at Giant Hamburger... I just didn't feel all the breakfasty love that other reviewers did.",0,1,0.55086887,0,logreg_right_neural_wrong
test_2049,I was in the area so I tried out royal cleaners. A bit pricey I think.....the 2 out of 3 pairs of shorts I had them repair (buttons) have came off again. Being that they weren't cheap I expected a much better job,0,1,0.56757605,0,logreg_right_neural_wrong
test_2069,"Online Sears has a new twist on an old con. Bait & Switch at it finest. I wanted to purchase 2 of these work benches at http://www.searsoutlet.com/Height-Adjustable-Clamping-Table/d/product_details.jsp?pid=13011&mode=seeAll&zipChange=true. The price on the page was  Craftsman Professional Height Adjustable Clamping Table Reconditioned Item # 65796  |  Model # 65796 (24 Reviews) $31.93 - $51.93   Reg Price $79.99 Up to 60% OFF  This product is eligible for Store pickup  NOTE: This item is eligible for store pickup, so I tried to order 2 and the price jumped to $79.99 each for a store pickup!.  I was interrupted by a Chat popup, so I asked Elaine for help. Her first reply was """"Might be tax"""" and then she suggested I try the help line totally ignoring my """"How did the price go from $31.93 to $79.99"""". Needless to say, I recognized the """"Bail & Switch"""" and I backed out of the order.",0,1,0.8041703,0,logreg_right_neural_wrong
test_2201,"I came to batteries plus after going to a couple of other stores that didn't have the batteries I needed. The batteries I needed were extremely small, smaller than hearing aid batteries, and they had little Japanese writing on them. When I went to Batteries Plus I walked up to the counter, and asked if they had these batteries. After waiting about 1 minute the gentleman emerged from their back room with the batteries I needed. I have never seen so many batteries in my life. For all of your battery needs, visit Batteries Plus!",1,1,0.78260344,0,logreg_wrong_neural_right
test_2257,Yangste Chinese bistro will be truly missed. Really you guys. The new place will not ever compare. Beware that the new place needs lots of work to be able to compare to the lagacy yangste had built,0,1,0.5678735,0,logreg_right_neural_wrong
test_2285,Someone deleted my review.. intentionally. That is very rude and disrespectful. Don't be silly guys.. I like this place and new owner is very nice and friendly. I really liked the chicken yakisoba and now they have more sushi stuffs too!! I cant wait to try them all. :) Good price and service :),1,0,0.8095371,1,logreg_right_neural_wrong
test_2293,"This place is awesome.  I brought my 2007 Jeep Cherokee because my brakes were making a squeezing noise.  The owner said that I just need back brakes and my front brakes had another 15k miles on them.  I will not go to another place.  If I had brought my car to another shop, they would have told me to change the front brakes too.",1,1,0.55345213,0,logreg_wrong_neural_right
test_2338,"Not my favorite place. I went today to get added RAM for my MAC computer. I was unable to purchase this at the apple store due the fact that apple only carries current stuff in their store bc space is limited. The guy that was helping at Best Buy, not friendly, not knowledgable, unable to answer questions I had. Needless to say, I did not purchase from Best Buy. Off to Frys electronics I go.",0,1,0.5702246,0,logreg_right_neural_wrong
test_2361,"Pretty nice. I was reluctant to go at first but it was totally not disappointment. Menu has a ton of items and most of them somewhat unusual and interesting. We had tandoori chicken pizza and it was pretty Ok, as far as pizzas from this kind of joints go. Salads looked very enticing as well. I think its pretty nice.  """"I like""""  Eugene",1,0,0.52571976,1,logreg_right_neural_wrong
test_2478,"I used to frequent this place 7 years ago, moved away, and went back again last night. The service is still efficient and good, however the noise level in the dining area is very high. If you are looking for a quiet and relaxing meal, this is not the place.   Let's start with the good stuff. The complimentary bread comes out crusty and hot and the flavored spreads were delicious!  The burrata with heirloom tomatoes and arugula with a balsamic dressing was slightly overdressed, but amazing! The little hint of fresh mint in the dressing takes it over the top! The clam chowder was very good. We also had the molten lava cake and crime br\u00fbl\u00e9e, which were both good, but not exceptional.  Now to the big disappointment. We both had the rib eye steak, medium rare. The seasoning was good, but the outside wasn't crusted or charred enough. The cut of meat was hard to eat with bite after bite of gristle and too much fat. Overall, just a bad cut of meat!  We used to have a manager's special, a double bone-in rib eye for two (that they no longer have available...not to be confused with the one on the menu) that came out sizzling hot and crusty, and was to die for! They need to bring it back!  Their signature potatoes were good, but came out with the cheese already hardened and cold at the top. Tasted like it was made far in advance and dried out. When I cut into the cheese, the top separated like you'd expect with leftovers. The asparagus was very skinny and so tough I couldn't even cut through them with my steak knife. To their credit, our server was happy to replace it with green beans (which were very good).  Overall, we had a pleasant experience, but the main attraction fell short. Where's the beef?!!",0,1,0.6501915,0,logreg_right_neural_wrong
test_2500,"Coming from Michigan which has one or two outstanding Deli's, Chompie's was a huge disappointment.  Their corned beef was lousy compared to Vienna brand.  Their prices are beyond ridiculous.  I will continue my search for a good Jewish Deli in Arizona.",0,1,0.54798293,0,logreg_right_neural_wrong
test_2513,"I used to LOVE this restaurant, but after some recent experiences, I plan to take my business elsewhere.  Their service remains excellent, but food quality has seriously soured.  I ordered the Chinese Chicken salad (chicken on the side since I am vegetarian), which they accommodated.  My mom and I split this along with a side of french fries.  The salad used to be so big I could eat and eat and eat and not make a dent.  We devoured this one quickly.  The carrots are in chunks instead of shredded and there are too many tortilla strips.  The greens are even lighter in color and less crunchy.  My mom enjoyed the chicken and the amount they provided.  The fries were disappointing.  They have changed the potatoes so they are much chunkier (not the shoestring yumminess it used to be) and the flavor is more comparable to fast food than to anything worth of a seated restaurant.  I didn't even eat them and decided to fill up at home instead.  Our server did take the fries off the bill after we mentioned how different they were.  We were told that they were changed for quality, but I am positive it must be a cost issue.  I would go to the bar for a glass of wine as I still like the ambiance and service, but the food is not up to par anymore.  I have other restaurants that are tastier.",0,1,0.58352774,0,logreg_right_neural_wrong
test_2554,"If I could give a nostar rating for my very first experience here I would. I decided to try them out since everyone gave them a great review and they are doing the 4 garments & 1 comforter for free deal. Well upon my arrival I mentioned  the """"Yelp"""" deal and they said that only applied to the Tempe location?!! I wonder f you go to Tempe, they tell you it only applies to the Scottsdale location. Not impressed on first contact. I walked out.",0,1,0.8958489,0,logreg_right_neural_wrong
test_2556,"I was very happy with my sales person and my purchase. They were not high pressure  and the ring and diamond I purchased were a higher quality and better price than other places I had been.   It doesnt stop there either, the  warranty plan we recieved was FREE and does not require us to bring the ring in at scheduled intervals to keep the warranty valid (Other stores charged for warranty plans and required the item be brought in every 6 months for a cleaning and checkup to keep the warranty valid) . After about 2 years my wife noticed one of the smaller stones had fallen out so I took the ring back and they replaced the stone no questions asked. Also we can take it back at anytime for a cleaning.   I would highly recommend anyone to at least visit Shane Co. when they are looking for any jewlery item.",1,0,0.765246,1,logreg_right_neural_wrong
test_2570,"This place has been here forever. Though, it has undergone a serious facelift over the past three or four months. The food is equally good, if not slgihtly better, and there is even talk of making it a bar at night. Booze and fried wontons? Yes, please!  The layout actually might lend itself successfully to a bar. You have the little takeout counter that opens up into an outdoor section that leads into another room. It hasn't happened yet, but it could be like a little Devil's Martini waiting to happen. Keep your eyes out for it!",1,0,0.51165557,1,logreg_right_neural_wrong
test_2584,"I love the food at cheesecake factory. I can't go there often though because they don't have organic non chemicalized products. If they had non GMO chicken and organic salads i would be back. But because like most restaurants they use the GMO foods now, i have to prepare my own foods at home. Look up GMO. Cheesecake factory should offer a non GMO menu for people who would pay a little less for food that is healthy.",1,0,0.60033417,1,logreg_right_neural_wrong
test_2676,"This is one of my absolutely favorite places to eat. Here is my guide to having a 5 star experience at this restaurant.   1. Make reservations a few weeks in advance to be sure to get the time slot you are interested it. They fill up fast.  2. Go for an occasion, not a holiday. Go because its your birthday, or you are celebrating a big business deal. Not on Valentines Day. This is not me saying it would be bad on Valentine's Day, but most people get frustrated when its busy at places like this and don't realize that, well, yeah...its VALENTINE'S DAY. (If you can set the right expectations then HECK YEAH go on Valentine's Day)  3. DO NOT and I repeat DO NOT take your kids here. It is not that the staff wouldn't be amazing to your kids, it is the fact that most people are here for a quiet night out, not a screaming 2 year old. (I leave my screaming 2 year old at home.) Here's the catch, if your kid is old enough to enjoy a good meal and experience and you would like some one on one time with them to perhaps congratulate them on good grades etc, this may not be a bad idea. Again...screaming 2 year old = NO.  4. Finding deals for this place is also a good tip. Sometimes you will see coupons in your local mailer, or you can sign up for their newsletter. If not prepare yourself for a high bill. Same as when you go to Fogo de Chao. You know you are going to a nice place, you also know you are paying for it. Go in with a good mindset and be expecting it and it wont shock you, either that or drink some of their fabulous cocktails and then you wont care!  5. Booths with privacy curtains. Don't ask. However be aware that they do have them and they can be fun. (Assuming here, I have never sat in one).  6. Last but not least and most important. I do not care if you are on a diet, or diabetic, or hate chocolate (what kind of nut are you). Make time, don't eat for a week, take insulin, and have the chocolate fondue. This is absolutely amazing and worth the trip every time!  Follow my 6 steps and you will have a great time at The Melting Pot!",1,0,0.5202786,1,logreg_right_neural_wrong
test_2696,"The only items worth getting here are the pollo blanco enchiladas, the chimichanga or the mexican pizza. The trifecta will not disappoint. If you order anything else, don't come complaining to me!",1,0,0.85211456,1,logreg_right_neural_wrong
test_2717,"Mmmmm....If you can get past the musty and damp carpet smell (prob from the """"lake"""" humidity), the food is pretty decent!!!!   Hey Buster's! Replace your carpet for Pete's sake (and clean it frequently once you do!)",0,0,0.5181526,1,logreg_wrong_neural_right
test_2771,"I usually don't like the old Marriott Suites. I just never did like the room layouts which is probably one of the reasons that they never took off. They are not set up for working. You usually can't sit at the desk and work while you watch TV. This one is a little different in that it is more of a vacation hotel then a business hotel. It is on one of the two TPC Scottsdale golf courses (not the one that has the Waste Management Tournament). It has a nice pool area, a great patio for dinning. Like all of the old Marriott Suites, it does not have a concierge lounge, but as a Platinum they provide free breakfast. Breakfast was good to very good.",1,0,0.5516621,1,logreg_right_neural_wrong
test_2856,"There are a handful of restaurants right on the park and this is one of them. We were attracted to the outdoor seating on a beautiful day. There is more seating outdoors than in and the inside feels more like a bar, with TVs playing sports. We came around 2:30pm and surprisingly had to wait for a table. Once seated, the staff began service that was quite friendly, but as the meal went on, we got less and less attention and an apathetic attitude. I don't think it was anything we did. Our party of 4 each got entrees and shared an appetizer.  I had the chicken wings mild which were quite weak. They make them crunchy here which is something I like but I wish I had gotten the hot ones. Mild just didn't do it for me. The lines for the bathroom were long and there were most certainly non customers using them. There is one bathroom for each gender that is a one-person-at-a-time kind. For a place that is named Euro Pizza, none of us got pizza, which should tell you something...",0,1,0.7190396,0,logreg_right_neural_wrong
test_2906,Usually my stop before heading into my account if I am working the night shift.  The food is a'ight.  I usually just get a bean and cheese burrito and often find that the cheese isn't melted.  Which is crazy that it isn't warmer considered how long the wait is.,0,0,0.8701825,1,logreg_wrong_neural_right
test_2911,very good!!!  really nice employees!  Tons of sugar free options!!   Cons: its that kind of place you can expect to see people who are not fond of the shower. Avoid them by using the drive through window. The free wifi is nice!  If I'm going someplace to work - I prefer the ambiance at Sbux.,1,0,0.6306095,1,logreg_right_neural_wrong
test_2946,When I first moved to Tempe this was one of the best places for a slice. However more recently they have been getting pretty bad in quality. I actually prefer some of the cheaper places in the area because their quality has gone down so much.,0,1,0.7526012,0,logreg_right_neural_wrong
test_2954,"This restaurant was just okay to me.  I ordered a thin crust and it was just average.  The garlic cheese bread was the best part of the meal. It was tasty.  The staff was friendly, so that was a plus.",0,1,0.59953773,0,logreg_right_neural_wrong
test_2983,"This place is pretty good! It might be all manicures, but mine chipped in about 2 days. But, it's cheap and they do a good job. The manicure looked great and professional. My toes look awesome too, and those always last a long time!  The only reason why I'm not giving 5 stars is because they made me walk to an ATM to pay in cash when they do take credit cards, they just prefer cash. I didn't appreciate the inconvenience.  Also, the hot rocks were burning my arms and so I pulled away. The man doing the manicure sort of laughed at me and then ridiculed me for not """"speaking up"""" and telling me that I need to speak up about things. How about you just use less hot rocks? That's not the type of person I am to yell at people about things, sorry!  They didn't hurt me at all, which is rare for me, so that's definitely a bonus. But, I recommend not letting them do the callus treatment, it made my feet worse!",1,0,0.54109573,1,logreg_right_neural_wrong
test_3009,"I have never heard of $25 massages ($20 for first time customers).  I guess this is a clinic for students just how medical students practice in clinics as interns.  I recommend come here early in the morning because the place can get crowded very easily.  Its about 30 min to 1 hour wait.  The waiting room is a simple area, so I recommend coming with a friend to hang out, bring music, or bring a book.  The process is very simple, as your name will be called by a therapist.  The massage is about 50 minutes in a communal area.  That is the only negative is the privacy, but I guess you get what you",1,1,0.54814696,0,logreg_wrong_neural_right
test_3013,"Reserved room a week in advance and requested 11am early check in, is now 3:45pm and we've been waiting at the resort all day. Classic bad business: under delivering after over promising. The Grand just a few miles away seems like a much better option.",0,1,0.5674397,0,logreg_right_neural_wrong
test_3032,"I was really excited about finding a gym that also offered a complete health and weight loss program. But so far I have been extremely disappointed with it. Everything that you get for free with your """"LT Bucks"""" turned into an hour of wasted time for me. No real information or counseling provided, just a sales pitch to try and get you to sign up for some weekly meeting with the trainer or nutritionist that is going to cost you 100 bucks an hour. And they really put the pressure on to try and convince you that you need all these tests - metabolic rate, food allergies, cortisol levels. And each one costs hundreds of dollars. Their strategy should be to educate those of us who generally want to learn about how to have a healthier lifestyle. Then we'd be even more loyal to Lifetime and they'd make their money back tenfold over time from the $55 monthly membership fee. And only push the extras if it is genuinely needed for that individual. Instead they all just seem like used car salesmen and it almost turned me off from the whole place.  For now I am just trying to push all that noise aside and focus on just the gym, which is actually pretty nice. They have a wide variety of equipment and there is never any wait. My biggest complaint is that their group fitness classes are insanely crowded. I actually saw one girl get knocked to the ground in Zumba class last week because it was just too packed in there. Seriously!",0,1,0.5768603,0,logreg_right_neural_wrong
test_3083,"Maureen was much too forward for my tastes I didn't want to go home with someone with that much red dye in their hair. I was flattered though. The bathrooms should have had drains on the floor, because that was where every one was urinating on. Most of the patrons look like ZZ Top roadies (and I don't say that in a good way). One patron was complaining about the """"baby"""" cucarachas in her ice - at least her's were babies. All things considered this is by far the best bar in Glendale AZ.",0,0,0.50949806,1,logreg_wrong_neural_right
test_3104,"I have 2 hypoallergenic dogs who have so many allergies. It is so ironic! Anyways this is where I usually get my dog food. They have a great selection and I can find no chicken, no grain dog food like taste of the wild for my allergy dogs. If you don't see what you like, make sure you go in the back where they keep the big bags of dog food and other brands. I also like to get them frozen bones to chew on. They go nuts over these bones and will spend all day in the yard eating them. I will not let them in the house though because they get all gooey. I think the prices are pretty reasonable. I have not found the dog food any cheaper in the area. I think the cat department is lacking though. They do not have a big selection and I could not find any food for sensitive stomach cats. (Geez, my animals are so weird or maybe I am just neurotic?) They also do not have any cat toys for me to buy! This makes shopping difficult because I have to go to 2 different stores if I need cat stuff. Luckily she eats a lot less, so her food lasts so much longer.  I also like to get my horse stuff here. They have lots of treats and supplies. It is mostly geared for the western type rider. You can get your dog groomed here. They tried but didnt get the cut right so we haven't been back.  If you are feeling blue, go look at the cute little chicks! Adorable. It makes me want to get chickens because they are so cute. Then I think about chicken poop, and I am like no, no more animals.   Also check out the farmers market they have on the weekends. Support your local farmers and businesses! Its important. My cupcake lady (cupcake cafe) is there sometimes. Its great!",1,0,0.8567013,1,logreg_right_neural_wrong
test_3105,"It's chicken time! My husband and I had been planning on getting chickens this January so we drove out to the west valley to The Stock Shop. On the phone they told us they had some baby chicks in stock, if they didn't have what we wanted they could order.  The staff was very friendly and helpful in answering questions and making recommendations for food and cage bedding. We picked out four little chicks, a bag of food and a 40lb bag of pine bedding all for around $32. Not bad!  We were told that the the likelihood of the chicks being female was 90%, as we wanted them for egg laying, and if they turn out to be male the shop will buy them back from you for $4 each. I guess we won't find out for a while but that's nice to know that they sort of guarantee their chicks.  Nice, clean store, plenty of parking, good customer service, fair prices.",1,0,0.5301639,1,logreg_right_neural_wrong
test_3122,"My husband and I hadn't gone there in many years - no idea why, but we always seem to end up in Arrowhead restaurant row,  fighting traffic and long waits (unless we're at Cheesecake Factory which always seems to have ample tables). It was our anniversary and we decided to try a different restaurant.  We were glad we went!  On a Friday night we only had to wait about 20 minutes, which we did at the bar - just enough time to have a drink.  The drink prices are really good and the bartender got our drink order as soon as we sat down, even though the entire bar was full (we got the last 2 seats).  About 10 minutes after arriving, the hostess found us in the bar and asked us if we wanted a table (she could seat us then) or if we wanted to wait for a booth (we did) - instead of just dragging us to a table.  We should have requested a booth when we arrived, and forgot, so it was nice that they asked before we vacated our seats at the bar.  The food arrived in a timely manner and was terrific - great steak and lobster and, again, great prices.  We really like the fact that you can order your steak to size according to your hunger: no reason for over eating unless you want to.  The veges were cooked just right - not too crisp nor too limp. The portions were all good sized except for my baked potato.  It wasn't as large as other restaurants, but maybe that's why I had room for dessert (usually don't).   For dessert we got the sampler, figuring it would be 3 small portions. Wrong!  They were all full-size as far as I'm concerned.  We both looked at it and said, """"how are we going to eat all this?"""" (we did lol). My husband liked the carrot cake & cheesecake, and I loved the pecan fudge brownie with ice cream/whipped cream/hot fudge.  Last but not least, our server was full of personality - we really liked her and tipped her accordingly...  All in all, a great night! We won't let so much time go by before visiting again.",1,0,0.7000134,1,logreg_right_neural_wrong
test_3229,Packed lines so messy I walk in I walk out,0,1,0.68439466,0,logreg_right_neural_wrong
test_3230,"I got a white chocolate mocha yesterday during happy hour. It was pretty busy so I wasn't expecting anything special. I don't know what the barista did with my drink but he's a freaking wizard. I swear it was the best white chocolate mocha I've ever tasted! Usually Starbucks is just kind of """"okay"""" plus a butt ton of sugar that makes it good but my drink tasted like heaven.  The only thing that I didn't like was the bathrooms. They were a nightmare. I don't know HOW because I've never even seen mud in AZ but there was mud all over the floor (Maybe it was poop idk). I don't really care about that kind of stuff but it IS a business and that's not very respectful to the customers.",1,0,0.65986586,1,logreg_right_neural_wrong
test_3232,"Not the best Starbucks in the land. The people are friendly enough but they have made our drinks wrong on multiple occasions. Also, they get their deliveries through the front door and the shop is essentially a long hallway so if you are there in the evening, prepare to have lots of material rolling past you. One of the delivery men even dumped a few boxes on a customer last time I was there. They do have some nice outdoor seating with misters but it is right on the corner of a parking lot so it's usually loud.",0,1,0.8286004,0,logreg_right_neural_wrong
test_3244,"As far as fast food goes they do well; never a long wait, employees are friendly, and orders are correct.",1,1,0.8006091,0,logreg_wrong_neural_right
test_3259,"Let me first say, that I have worked at a zoo and my entire educational life is devoted to animal behavior and physiology, therefore my critic of each and every animal park I visit is a little more intense to say the least.  Firstly, this is a private owned zoo and I know a few people that work or have worked here and believe me the so tires i hear is not pretty, but that is another story entirely.  This chapter is about my visit to the park.  I tried to leave as much bias judgement aside, since my girlfriend was with me and I didn't want to ruin the trip for her (well she told me not to).  The Zoo itself is well organized, clean, and can experience everything in one day. Here's the bad news; all the mammal exhibits are incredibly boring and small providing almost no enrichment for the animals.  The reptiles exhibits are extremely out-dated, albeit they are a wild selection of herps; their exhibits make me feel depressed for these animals.  This is a zoo that shows really easily that ones an area is built, it is no longer taken care of, instead just building on the next big thing.  There is a shining star in this review however, the aquarium is nice, they need more variety (there predator room as green iguanas in a huge enclosure.. GREEN IGUANAS!! HERBIVORES in a PREDATOR AQUARIUM!)..ugh pardon me... Given the small amount of choices you have to visit here in arizona, they do have penguins (oh yeah).. this aquarium severely trumps az sea life and any other faux aquarium we may have in this state.  in conclusion, i ranted too much.  It's a zoo, go outside, visit it, enjoy nature and see cool animals.  Downside..there are many many many many better zoos out there.",0,1,0.51411515,0,logreg_right_neural_wrong
test_3300,"I really should have known better-being that I was spoiled in NJ with such fantastic italian food. Once again, another restaurant (chain or family owned) that does not offer chicken francaise! What do I have to do to find some chicken francaise in AZ?! Anyway..food was bland-you have to order pasta seperately? really??? It's not included? what italian place doesn't give you a smidge of pasta? Even olive garden gives you some pasta! Oh well..server was great, so I gave the extra star for the super waiter and I actually love all the kitchy stuff on the walls.",0,1,0.54002625,0,logreg_right_neural_wrong
test_3305,"It's so promising. Great specials. Awesome space. TV's everywhere. Full bar. Good food. Great place to grab some beers before and after a spring training game.  But service sucks. I don't understand why I have to be carded at the door, carded at the table, then carded at the bar. There were 3 groups in the entire place, and we still got slow and crappy service.   I wish I had better things to say. But really.... the experience completely sours the good things about this place.",0,1,0.55123025,0,logreg_right_neural_wrong
test_3383,"Yes, you see it correctly, I just gave Chevy's 5 stars.... Why you ask? Well when i lived in Cali we would meet our friends at Chevy's for the awesome happy hour and have some great margaritas. Since coming to Vegas I thought that there was not any Chevys around anywhere.  We ventured over to the mall and guess what I spy?!?!?! CHEVY'S.   I think they have great salsa and I really like the nachos.. I am in no way saying that this is """"real"""" Mexican food but it was good and cheap. If I really think about it I am giving this place stars just like how you would give your friends that you have not seen in a long time a high five long before you ask how life has been treating them. So in all reality the food could have been so-so but it was all about the reminiscing.  Anyone want to go get a Margarita... Count me in!",1,0,0.58549803,1,logreg_right_neural_wrong
test_3412,"Sport Chalet only gets two stars from me because they do not carry ammunition which I was looking for on Saturday. I must say though, the staff was very friendly. The gentleman I spoke to did not hesitate to refer me to Dicks Sporting Goods. I appreciate the honesty and lack of excuses.",0,0,0.6480091,1,logreg_wrong_neural_right
test_3422,"I have shopped at ULTA many times and usually have a decent experience. Not since moving to Henderson though. I use the ULTA rewards and back in California the points accumulate and you may use them towards anything in the store that your little heart desires. That is not the case here, you can only get certain items that you could purchase at target or walmart for cheaper than ULTA offers anyways. Also, the coupons that are frequently in my mailbox offering great savings do NOT work on any of the nice cosmetics I go there to buy, in fact you can't use the coupon on any thing """"high end"""" because they limit the """"Prestige cosmetics and skincare.""""  Its funny because the coupon says prestige then lists some brands but they mean all brands except what you can find at target and walmart as well as ULTA brand you are also not allowed to use the coupon on fragrances. The ULTAs in CA let you use the coupon on most makeup brands and fragrance among many other items in the store that the Henderson stores do not. I'm not really sure why there is such a difference, but my trips to ULTA are limited to what is actually on sale in the ad because the coupons are a joke and the staff is less than pleasant.",0,0,0.6110565,1,logreg_wrong_neural_right
test_3438,"Philly cheese steak omelet Was amazing!  I like am usually disappointed with omlets, they taste too commercial.  But this tasted awesome!    The waitress was ok, nothing worth writing about!  As long as my food was good!  That's what is important to me!",1,0,0.7075082,1,logreg_right_neural_wrong
test_3468,"When we went to get my husband fitted and to pick tux and color schem for the groomsmen to rent for our wedding, the guy who help us was so nice and pleasant. He's very helpful and very patient.  Thats the only reason why i rate them two stars.. Because when we returned the tuxes we rented, the woman that was checking all the stuff gave my husband an attitude just because we didnt put the stuff nicely back in the bag. I dont think we have to put it back nicely cause we pay $200 anyway. I will never recommend this place to anyone..",0,1,0.8052096,0,logreg_right_neural_wrong
test_3497,"My husband and I love ice cream, who doesn't? And Cold Stone is our go-to place. It's conveniently placed right next to Chipotle and Jimmy John's.   The ice cream is great, as usual. Lots of goodies within the ice cream.  Our biggest problem was the customer service. The last time we went it took SO LONG for them to ask what we wanted. There was only one person in front of us in line.   The place was also dirty as can be. There was stuff all over the floor and we couldn't find one clean table to sit at. It was disgusting. We almost decided to go sit in the car in the parking lot and enjoy it!   Not the best Cold Stone I've ever been to. It's a shame - we love their ice cream.",0,1,0.67385995,0,logreg_right_neural_wrong
test_3521,"I've never had any problems with the fuel desk staff. As a truck driver it is a common stop for fuel. The showers have recently been remodeled, the Pizza Hut will give you their number so that you can call ahead and order a fresh pizza. However as a truck driver it is a pain to get to if your south bound. The fuel pumps are always packed so its always a wait to get fuel. I give this a two star rating because of the wait for fuel and hard on and off.",0,0,0.5854892,1,logreg_wrong_neural_right
test_3523,"I was chillin with the homies a couple weeks ago and we stopped by this hole in the wall to get some Korean food. You would not expect this place to have Korean food if you just drove by the place. I only found out about this place cause my homie is a regular.  I ordered the Bi Bim Bop, which is beef, rice, veggies and a fried egg. We wanted to dine-in but we got there 10 minutes before they were closing. We decided to get old school and picked up some cold ones and ate our food at the park. There was a lot of food and it tasted good for a hole in the wall.  I will come back to try their Kimchi Soup.",1,0,0.68505234,1,logreg_right_neural_wrong
test_3550,It's McDonalds that should say a lot. I really don't like the way their drive thru works... Why cant I just order at the board? It would be so much easier if you had the menu in front of you to double check what the guy at the window is saying... It's not like they were going to getting right anyway. I do give McD's credit for having great ice cream! I don't know why but I have always loved their cones... It's really the only edible thing there.,0,0,0.5525453,1,logreg_wrong_neural_right
test_3601,"If you like Disneyland and waiting hours to ride rides, you will love this s*!t show of an office. My son has seen Dr Burford, Ky, Greenspon, Blank over the past 4 months Plan on being there all day. They moved to an even smaller location this week which is nicer than their """"prison"""" looking old location. However the prison setting is rather appropriate since their staff looks like a bunch of degenerates on a work release program. Do yourself and child better like I did today and fire these losers.",0,1,0.54962415,0,logreg_right_neural_wrong
test_3611,Excellent service!  I brought my truck in for tire repair and the wait was longer than expected so I had to leave. I brought in back a few days later and I was not charged for the repair because of the wait.,1,0,0.55481756,1,logreg_right_neural_wrong
test_3620,"Service? Yeah....good luck with that. When you get help it's great, but finding good help at this location is like playing Marco Polo without any water and without anyone responding back.   I go here because of the deals. Sales and Kohl's cash make their usually ridiculous prices a lot more reasonable. Sometimes the inventory here is a mess, perhaps those same people you can't find to help you can't be bothered to stock the place either. And then there's the checkouts which when I go in always seems to have a line. A line that moves S-L-O-W! A line with some nice little old lady wanting to write a check. Or pay with nickels. Or they forgot their Kohl's cash and have to dig through a purse the size of Rhode Island to find it...all while you wait and cool your heels.   Oh and one last thing. Getting in and out of the parking lot to get back to the 215 is kind of a pain in the rear. It's definitely bad traffic design on display. In short I go here only when I kinda have to and while the jewelry sale pricing is insane and it makes her happy, I always leave grumbling about the experience.   2 Stars, and I'm being generous.",0,1,0.90214586,0,logreg_right_neural_wrong
test_3640,"A friend of mine, from Vegas, recommended this hotel for us to stay this past Saturday. The room was a decent size king bed room. There was damage to one of the walls in my room, so I called the front desk to be certain I wouldn't be charged. This is a party hotel booked solid with birthday parties, wedding groups, baccalaureate groups and bday groups too. In the line for checking in, there was a group of 9 girls in front on me. The lobby was all ready full with a party at 7pm, and the music was all ready bumping.   I checked out the lounge/bar/restaurant area. I sat at the bar, and a waitress tried to take my order and then the bartender stepped up and took over my order. Why the waitress would try to take my dinner order while i sat at the bar is beyond me (tips I suppose). The hamburger and fries were really tasty. The rum and coke wasn't strong at all (this was at 7pm, mind you,  before the raging party began.) Total for meal was 20 bucks.   There is no gambling machines at all in the hotel, quite refreshing. Next door is the Palace Station casino. Kind of a dump and not really worth it with a little tiny poker room. When I got back to the hotel at 1am, the party was raging. Note: There are a few strip clubs right around the corner and there were plenty of party people in the lobby to the hotel already. There had to be 150 people tripping on E. There was a little dance floor there in the restaurant area that was full of people dancing the night, and the morning away. Overall, there was a ratio of 3 guys to 2 chicks all night. The crowd was mostly, White, Persian, and Black and some Mexican.   If you are looking to sleep at all on a Saturday night, forget about it. The party down stairs, in the halls, in the lobby, and in the patio with music cranked up, celebrated until 10 am the next morning. No joke! I was hoping the hotel would provide ear plugs to muffle the noise... and in the bathroom there they were!  I only got about 3 hours sleep. The people watching is fun. If I ever come to Vegas again, I will be staying here for sure. Rage on party people! lol",1,0,0.58942235,1,logreg_right_neural_wrong
test_3685,"Pho w/beef, brisket, tendon and tripe.   Broth was ok, beef was good and the trip was good too. I was a little unhappy with the tendon....it was a little fattier than what Im used to.   Shrimp spring rolls were very good and super fresh.   Place was pretty dirty. There was about an inch think of dust on the window and shelves next to our table.   Decent prices and average service.",0,0,0.5912839,1,logreg_wrong_neural_right
test_3698,"this place is on the opposite side of the of the I-15, away from the strip. it's located right next to a Big Lots and a Lucky's supermarket. in an area where all the other asian establishments are in LV. Vegas chinatown you could say.  we've tried a few other pho places in the area, but for some reason we keep coming back to this one. it's your run of the mill pho place, nothing special. pretty much the pho joint that you'd find anywhere else.  the one major minus of this place is the fact that the pho takes FOREVERS to come out. usually when you order a bowl of pho anywhere else. it comes out right away. for some strange reason, it takes soooooooooo long for it to come out here.   I mean come on..   1)  broth? pre-made.  2) noodles? pre-made. 3) meat? all ready and chopped up.  what the hell is taking so long?? throw it all in a bowl, pour the broth and serve while it's still hot! no need to make us wait 20+ minutes. i'm still slightly drunk and hung over. i want my damn bowl of pho! what the hell are you guys doing back there, gambling!? well... viet people do love to gamble, and it is vegas...",0,1,0.71817,0,logreg_right_neural_wrong
test_3703,When it comes to Pho in Vegas...look no further. You will not find any better Pho even on the strip.,1,0,0.84148604,1,logreg_right_neural_wrong
test_3719,This place is good every once in a while. The servers are easy to talk too not much into customer service but its still cheap I think.,1,0,0.7615198,1,logreg_right_neural_wrong
test_3734,Rolls where pretty fresh tasting. Not bad for 20$ under new management price. Not sure for how long its up so take advantage!! Sushi maker Bon is on point and attentive Korean BBQ is under the same roof too. All in all good experience. Kanpaii!!,1,0,0.56242657,1,logreg_right_neural_wrong
test_3747,Really impressed with these guys. Yesterday was the third time I've come for a repair on my Civic. The rear shock absorbers and front brake pads needed to be replaced. The mechanic (Japanese guy) showed me how those parts looked like before he did any work on them. He handed me the estimate on the parts and the labor. I looked them over and they were very reasonable. So I waited for them to finish the work.   When it was time to pay I was told that the estimate turns out to be actually lower than what was previously given me. I compared both of them to see where the difference was. Turns out the guy doing the estimate punched twice for labor on the shocks. That would have been an extra $86. Now I could have just paid them the estimate that was given to me. I was only paying attention to the price of the parts. I'm happy that they were honest enough to correct an error that only they have realised in the first place. I know I should be looking more closely at invoices next time. I'm very satisfied with the service I get here every time. They are my go-to guys for all car repairs.,1,0,0.51462114,1,logreg_right_neural_wrong
test_3755,"I've been getting used (it takes 21 days for it to become a habit? the experts say) to my new diet now (low-sodium), and have been going to Trader Joe's for the past six or seven straight weekends. While I can't find everything on my list, I can find nearly 90% of what I need for the upcoming week: no salt tortilla chips, low-sodium salsa, many vegetables, such as jalapenos, green bell peppers, pre-cut romaine lettuce leaves, lemons, bananas, apricots, and basil, granola, meat such as ground turkey and oh-so-cute mini hamburgers, equally-as-cute mini hamburger buns, lemonade, eggs, and frozen goods such as, vegetables, fruit (for smoothies), coconut frozen dessert, brown rice, fish and clams.   Although, there are low-sodium options in chicken broth (still a little too high for my liking, though) and minestrone (better, and in moderation), the selection of beans are lacking in the """"no-salt added"""" department. I'm still trying to find low-sodium BBQ sauce, but that seems so hard-to-find (might have to make my one).   As far as convenience, this is the one closest to my house, compared to Whole Foods (more pricey too, guess I could go after work to the Town Square location, if need be; another option is to go to Sunflower after work, too) and the two Fresh & Easy stores which I loved, closed a while ago. But since adopting my new diet, I've found a new-found appreciation for this store, and will continue doing the bulk of my grocery shopping here. I've even got my husband doing his weekly shopping here too (meal bars, cereal, almond milk, pulled chicken). And, like me, he is reading labels for sodium content.  The first three sections (above) were written when I was pregnant in 2012. Ok, so you caught me, procrastinating...  So here's my update. We go here almost every week. I'm not on a super-strict low-sodium diet, but I still do watch my sodium intake during the weekdays (5 days out of the week). The truth is: there are so many good items to buy here, from the granola, the salads, the cheese (oh so many options!!!), the frozen mahi mahi burgers, chicken lime cilantro burgers, shepherd's bread, pasta sauce, orzo, frozen chicken breast, milk, etc. etc. etc. I can go on and on, but I 'll stop my rambling.   Nowadays, we do most of our grocery shopping here, then, Sam's Club, and sometimes, Sprouts, or Target, and if we are in the area, at Fresh & Easy.",1,0,0.70100456,1,logreg_right_neural_wrong
test_3766,"Oh Palace Station...should be Saddest Station. Where to begin.  The Pros: Clean sheets, overall secure feeling, nice/clean bathroom, nice soaps and lotions, working T.V.'s, nice manicured grounds, a decent shuttle to Fashion Show.  The Cons: $16.95/ night fee added on to our already paid for travelocity package (travelocity quoted it at $9.95/night), musty room, smelly room and whatever detergent they use for their towels, ouch. Can we say rash on my ash? I didn't gamble or eat here, so I can't vouch for the food.  For the price, I would rather pay a bit more and actually be on the strip next time. Definitely a locals place. Only stay here if you REALLY have to.",0,0,0.82048655,1,logreg_wrong_neural_right
test_3775,"Brace your lungs for stale and smoky air before visiting this local's casino. Sportsbook here is a bit on the old school side, but they do have one giant screen and several large couch-chairs to sit on while viewing. Crowd wasn't too rowdy, but the senior citizens here are serious about their college ball bets, so consider yourself warned.  Among the dining options here are a pizza place and a 24 hour Subway with questionable service- but then again, I'd be spaced out too if I were a teenage guy responsible for making sandwiches within eyesight of a televised basketball game on a screen that takes up an entire wall.  BF makes frequent appearances here for sports betting, and I occasionally opt to come along. There are table games here, but the majority of the floor is slots. Parking is usually pretty easy to find and there typically isn't too much traffic in this area, which is a plus.",0,0,0.5557599,1,logreg_wrong_neural_right
test_3789,"As long as your not trying to go at prime time during the weekend, your fine. Beware, this place gets packed during peak hours.   Def get the takoyaki, yellowtail tar tar, butter fish and eel fried rice! Just thinking about it is making me droooool",1,0,0.50634277,1,logreg_right_neural_wrong
test_3797,"Friendly staff and quick service for auto tinting, but wow quality was so bad. Film was wrinkled in a couple spots, bubbles galore, and don't expect them to tint to the window edge. I swear there is a 1/8"""" and close 3/16"""" on some edges. Of course, I didn't discover the edge issue for 4 days after the job was done (due to instruction not to open the windows until after a week).  Well, for $150, what can you expect?  On the other hand, I've seen $150 jobs that were flawless.  It's probably just an inexperienced tinter.  So, if you want your """"baby"""" tinted, I'd take it elsewhere.",0,1,0.83712685,0,logreg_right_neural_wrong
test_3808,"The Food: Sam Woo's has been shut down for health code violations a number of times within the past 10 years!  I was able to peak in their kitchen and noticed it was VERY dirty!  They had two huge pots with broth sitting on the floor.....on the floor!!!   The Service: Service staff currently works as though they were still living in China.  Culturally, American culinary (front and back house) service is very different from Chinese.  In China, people don't care if their server has the personality of a wall; they're only there to take their order and provide the food.  However, most Americans appreciate a server with a good personality and one who is genuine for the most part.  If you order a beverage, be sure to ask for a pitcher in advance because they only fill your glass up once....after that you've got to literally grab them by their shirt to stop them from brushing you off!  I feel as if there's better, more genuine customer service at McDonalds!   -This place needs improvement in all areas  *I've gotten the shits from this food every time I've eaten here!  I think that's saying something about their food.",0,1,0.6489444,0,logreg_right_neural_wrong
test_3813,"Was a bit skeptical having lunch here because of all the negative reviews, but we came based on my cousin's recommendation who lives in Vegas and has eaten here numerous time.  The positives: + Food came out very fast.  We were very hungry, so this was a bonus. + Food was tasty.  We had: beef chow fun, kung pao chicken, roast duck, roast pork, scallops with vegetables, choi sum, fried calamari.   The negatives: - Cash only.  - Extremely RUDE service.  Staff was more interested in eating their own lunch than taking our order of filling our water cups.  Actually, they never filled our water cups, just plopped a pitcher of water on our table and walked away.  As a matter of fact, that's how all of our dishes were delivered - server just dropping the dish on our table and walking away.  Never asked us how we were doing or if we needed anything.  Also forgot to give us the rice we ordered - had to remind the waiter.  Only made an attempt at being pleasant when it was time to deliver the bill.  Won't be going out of our way to eat here again.",0,1,0.68624026,0,logreg_right_neural_wrong
test_3826,"My cousin took us here to try this place out since it's one of her favorite  spots. Not a fan of their service since they were REALLY short handed.  Never checked on us until the end of the meal.  Things were forgotten. We ordered the steamed egg since it's my daughter's favorite dish, but it was overcooked.  She didn't eat as much as she normally does when it's yummy. But, if service doesn't bother you then this place has good BBQ.",0,1,0.7842933,0,logreg_right_neural_wrong
test_3856,Two words: giant donut.  Order one and you won't regret it. That's all I have to say.,1,0,0.5811121,1,logreg_right_neural_wrong
test_3893,"The guys at 1day are courteous enough just not very professional at running a business.  They are very disorganized, can't keep appointments they schedule, lose many parts, etc. They do the job but don't take care of the details like leaving over spray everywhere, scratching up the trim and glass, and again...lose more parts.  It will take about 5x longer than they tell you to get it done. Definitely would not recommend One day Paint & Body.",0,1,0.75063246,0,logreg_right_neural_wrong
test_3899,"THIS PLACE IS FLAT OUT, POINT BLANK, NO CONTEST, the best Bobba drink house in Nevada PERIOD! i have been drinking the black tapioca balls drink since i was 16 and now im 29 and i have had hundreds everywhere. Not only is it the cheapest place in town with a regular bobba being under 2.50 but the quality of the tea and the well prepared Bobba balls are cooked perfect. I really hate when people write comments like the balls were not cooked right when they had them in a frozen drink. When you have these cooked tapioca balls in a frozen drink you jepordize their quality. I would say get their standard milk tea with bobba and you will see the quality im talking about. This place only takes cash but they are fast VERRY clean and most of all verry good!",1,0,0.7978695,1,logreg_right_neural_wrong
test_3902,"the best thing about ronald's is that you can tell that each donut was made individually and not on some conveyor belt a la krispy kreme. as for the donuts (vegan donuts?!), they are ridiculously good - not too sweet, not too dry but soft and chewy like a great donut should be.",1,0,0.65022206,1,logreg_right_neural_wrong
test_3926,"I came here for Taiwanese style breakfast and I thought everything was good.   The space is on the second floor of the strip mall in Chinatown. The ambiance is your typical Chinese place. Not dirty, not immaculate, Asian style decor, well lit, small and large tables.   We ordered the fried dough with soy milk for dipping, the roasted peanuts and anchovies which normally goes with congee but we ate it straight as a snack, the rice ball, egg crepe and soup dumplings. The soup dumplings were average but the other items were good and satisfied my craving.   True, their tabletop chili oil is not as hot but I've been told that's the Taiwanese style and I believe there is beauty in every hot sauce.   The service was lacking but not horrible. They only had two servers staffed so they did what they could and at least brought the food out promptly. You don't go to Asian restaurants for their smiling service. It's efficient and to the point.",1,0,0.59425426,1,logreg_right_neural_wrong
test_3988,"This place is definitely in the shadier side of town. Just on the other side of the parking lot is a motel, which has a wedding chapel and seems like the rooms get rented out by the hour. Also, as a hint to those who have a hard time finding it, the place doesn't seem to have lighted signs, which in stark contrast to all the places around it.  As for the food, we ordered the Thai Papaya Salad, Pad Thai with Beef, and Red Curry with Chicken (~$29 total) as take-out. I really was expecting mediocre or worse. However, it was better than I expected. Granted it wasn't the best I've ever tasted. But, it you're looking for some reasonably priced Thai food near the Strip, this is a good place to check out. General flavors were there. The papaya salad had good flavor and kick, though a bit on the soggy side, which might have been due to the time between cooking and consumption for take-out.",1,0,0.9522116,1,logreg_right_neural_wrong
test_4064,"I've been buying furniture from Colleen for 15 years.  As she grows, her selection gets better and her prices are still low.",1,0,0.66537964,1,logreg_right_neural_wrong
test_4074,"I wish I could give a zero star rating. Last night I brought my daughter to Barnes & Nobel to pick out a book. I've been coming to this location since it opened in 2001. In the last year I've noticed the book selection is getting smaller and smaller and the toy selection (and not educational toys) is getting larger and larger. Seriously, toys now occupy 15 - 20% of the store. Rather than go to the children's book area my daughter, naturally, wanted to check out the toys.  What happened to the zen atomosphere of the book store? If I wanted to be around a bunch of screaming kids I'd be at Toys ** Us.  I went to share my opinion with the manager. She was very rude and said the toys sell better than the books and that Barnes & Nobel is closing stores that don't sell toys.   Books are my thing. I own an iPad, and iPhone, a touch laptop and a Samsung tablet. and guese what? I still prefer to buy the hard books rather than read them on an electronic device.  I love the feel of a book and I love to re-read them. I also spend a minimum of $2,500+ per year on books and magazines.  All at Barnes & Nobel.  But the dumb Barnes & Noble manager could care less.   Note to Barnes & Noble - please do a better job training your managers to be more customer friendly. It would also help to hire managers that actually like to read.",0,1,0.5230907,0,logreg_right_neural_wrong
test_4075,"Eeew. Just eeew! If you want some kind of soup and salad buffet, check out Sweet Tomatoes just across the street.",0,1,0.6969136,0,logreg_right_neural_wrong
test_4101,"This small family-owned eatery is a bit difficult to locate as the given address is on N Decatur Blvd, but the entry is on Vegas Drive.  I ordered a short stack of pretty ordinary pancakes while Ann could not resist the day's special, apple cinnamon French toast accompanied by an excessively sweet, sticky syrup plus 2 eggs and bacon.",0,0,0.5661593,1,logreg_wrong_neural_right
test_4144,"After finding out me and a group of my friends were unable to board a plane heading back to SF, due to the plane being downsized and due to there being no flights that would go out till the next day in the morning. The airline picked the hotel we were to stay at and we  were comped for a one night stay here.   At first I thought, """"Great, now they're going to make us stay at a crappy hotel,"""" but when we arrived I was surprised and glad that it wasn't what I had originally thought it to be! We walked in and yes it is small but it's super cozy. We walked up to the front desk and the woman who helped us check in was really nice, she informed us of when our shuttle back to the airport would arrive, thanks! I was surprised she wasn't overwhelmed by the amount of people who probably came to check-in pissed off or irritated due to the airlines BIG mistake.  When we opened the door to our hotel, it wasn't gross or deathly looking. It was really cute and cozy and the couch wasn't disgusting, it looked really clean! We were so glad to see that they had an exercise room, because after dealing with the whole airplane ordeal we needed to blow off some steam. The exercise room wasn't big, they only had a few machines and free weights.   Overall I enjoyed my stay!",1,0,0.77302253,1,logreg_right_neural_wrong
test_4160,"Picked up from the airport and AGAIN a complaint about where I'm going. Sorry cabbies, I like to hit up Mr Lucky's in the Hard Rock for some chicken soup and a sammie when I get off a long plane ride (yea, typically I'm hurting a bit).   'Hard Rock? Not far!' Complains the driver. He didn't say anything after that, so I'll 2-star it instead of 1, but why are these people such d!cks? Quit your whining. You're back at the airport in 5 for a other pickup. Another bad impression given to any new person arriving in this town. Thanks, Ace!  Bonus: He forgot I said HRH and brought me to the regular hotel entrance  Side note: Nicole (who responds but ultimately does nothing to all of these cab complaints), please don't waste your time and message me.",0,1,0.6080854,0,logreg_right_neural_wrong
test_4222,"I would recommend OBGYN Specialist to anyone!! I have felt that I matter to them as a person, not just a patient since the moment I walked in there a few years ago.  I recently suffered an ectopic pregnancy and they were on top of the situation medically as well as helping me emotionally.  The """"bedside manner"""" I received was one of a kind and I can't imagine going through this hard time with any other doctor.",1,0,0.63840896,1,logreg_right_neural_wrong
test_4262,"Just wanted a trim, got a quick perfunctory cut.  Grumpy hairdresser.",0,1,0.67459124,0,logreg_right_neural_wrong
test_4279,"The food was good. Prime rib was the best there. But, as the other reviewers mentioned this place lacks management. The lady behind the bar, Katelynn was VERY unprofessional. She had what appeared to be multiple groups of friends come and go as we ate. She gave them all unlimited drinks and seemed to be joining in the drinking with them. She flirted with men and I also heard her talking of going out after work with them. The cook was in view the entire time and seemed to be great at his job. Get rid of the corruption there and it would be perfect! Prices are decent too.",0,0,0.63248056,1,logreg_wrong_neural_right
test_4323,"My girlfriend wanted to eat here since we've seen the commercials down in So Cal. Now I have eaten at a Ruby Tuesday before in Cleveland, OH, and I thought this one would be the same as its midwestern counterpart. Wow, this Ruby Tuesday was completely different. From the outside it looked like a Cocos or Sizzler. The Ruby Tuesday in Cleveland looked and felt like an upscale Chilis but with a better menu. They even had Stella Artois (my favorite beer) on tap!  The service here was okay at best, but the food was disappointing, especially after having an amazing experience at another RT. If you want to eat at a Ruby Tuesday, you might as well go to one in the midwest. Stay away from this one.",0,1,0.7573267,0,logreg_right_neural_wrong
test_4385,"Disappointed is the key word. I was out looking for a new car, really unsure of exactly what I wanted. I know I was looking for a sedan that would be good on cross country trips something comfortable. The young sales person that I was speaking it with suggested maybe a lacrosse or a regal could meet my needs. I told him I would like to test drive one that is regular gas trippin and one that is a crossover since I've never driven a crossover vehicle. It was 105 degrees outside and he took me over to look at SUvs after we had already decided on a sedan. Once we got to the sedan I had to stand outside while he tried to find keys. I walked into the showroom and he was still looking for someone to give him keys to a couple of different vehicles we had picked out. After a few minutes I gave up and walked out, told the young man I would try another day when it was cooler.   I believe some of the young newer sales person should be teamed with a more experienced person looking better answer questions. I don't know anything about the product because I never drove one.",0,0,0.7144615,1,logreg_wrong_neural_right
test_4402,Update: This Winchells that I reviewed  on N. Decatur  has now closed and is now Dulce Donuts.    I hope to go over to Dulce Donuts soon and try them.  (the two stars are for the Winchells that was here. I just wanted to update so everyone knows that it is now closed),0,1,0.6123028,0,logreg_right_neural_wrong
test_4409,Delycios,1,1,0.51428366,0,logreg_wrong_neural_right
test_4465,"Good Beer and Good Pirogies, what else could a connoisseur want? Having this all in an old church makes it that much better. Whenever I'm in da Burgh I make it a point to stop here.   Just go there, you won't be disappointed.",1,0,0.5869437,1,logreg_right_neural_wrong
test_4720,"We went back to Outback last night thanks to a $10 """"gift"""" card and had hoped things had changed for the better but had not. I could drop my rating back half a star but my wife actually enjoyed her meal.  The reasoning behind dropping at least 1/2 a star is that Outback has deemed it necessary to skimp on their portions in order to make the plates more artsy-fartsy or more """"presentable"""", for those of you who drink with your pinky in the air.  Blooming onion was a bit overcooked and the coating was falling off the onions. (Onions were STRONG, Altoids\u00ae are a must this morning!). Caesar salad's dressing was very strong, too. Mixed drinks were on the small side. I could've sworn the glasses were bigger before.  Chicken and ribs: I got a very tiny grilled chicken breast that was a bit on the dry side. The side of ribs were 1/3 the size of their normal full slab and they were the best part of the meal. Side of mashed potatoes were too garlicky and portions tiny. My better-half had the sweet potato fries that were just """"okay"""".  Our server, Noah, was great. Fast, efficient, and friendly. I could almost bump up my rating to another star because of him.  Your pal, Walter",0,1,0.51708955,0,logreg_right_neural_wrong
test_4723,"Good food, great bar atmosphere with lots of TVs! Beer specials could be better, but certainly not the worst. Outside patio is an amazing space to watch the games.",1,0,0.5896072,1,logreg_right_neural_wrong
test_4731,I give the place 2 stars(wings are good...pass on everything else) for their food and two bonus stars  for being the best place in town to watch a Phila Eagles game!  E-A-G-L-E-S!!,1,1,0.91641986,0,logreg_wrong_neural_right
test_4757,"My friend and I used the recent $25 for $50 Groupon to check out Pewter Rose on a Saturday night.   Honestly, I thought it was a little bit on the pricey side for what it was so I'm glad that we had the coupon. The atmosphere was pleasant but a little kitschy and I kind of felt that plastic tablecloths were inappropriate when you're charging $20+ a plate.   That said, it was absolutely packed in there. We had reservations for 8pm and arrived right on time and the hostess was able to find us a seat within about 5 minutes. However the first thing out waiter said was essentially """"We're really busy tonight so I hope you're prepared to wait a while for your food"""". We weren't in any rush and agreed that was fine. The service was good, our waiter was very attentive and kept our water glasses filled but even though we ordered as soon as we were able to, it was after 8:30 before we got our appetizer and 9:20, and honestly that was more waiting than I had expected to do. While the restaurant was full, it is not *that* large.   I had the seafood risotto and it was pretty delicious and I would eat it again. My friend had the herb encrusted lamb and while it was good, we both found it to be overly salty.   I might come back and try the brunch but I don't think I'd pay full price for the dinner.",0,1,0.6063201,0,logreg_right_neural_wrong
test_4784,"There aren't a lot of great places to eat in charlotte and I was hoping Kabob grill would be different. For the most part the food was good, not fabulous or 4 star worthy, but pleasant enough.   The chicken kabob was nicely cooked, but they went a little overboard on the seasoning. The basmati rice was good (I'm a big fan of rice) and the potato harra was okay, but way too spicy. The grape leaves, however, were disgusting--way too bitter, they tasted similar to grape leaves I bought at whole foods a long time ago (big mistake).   I guess in charlotte this would be considered 4 or 5 stars, but for someone who has tasted the real deal, Kabob grill doesn't quite live up to it's high star rating.",0,0,0.6708081,1,logreg_wrong_neural_right
test_4806,"This place is such an interesting idea, because it specializes in state auto inspections.  I usually associate anything with the government or DMV as a huge pain is the @$$, but this was extremely fast and easy.  We pulled up, they grabbed our keys, and 10-12 mins later the car was inspected and we were on our way.  You do not even have to make an appointment.  There is no doubt that I will go back here for my next inspection.",1,1,0.5702079,0,logreg_wrong_neural_right
test_4822,"Was just down here on vacation, and I will be going back next time I am in Charlotte. This place is just simply amazing for food. I had some shrimp tacos that I loved. The app I had was average, and the beer selection was average as well. The waitress was just above average. If they just improve a few things, this is a 5 star place, but the food enough is reason to come back!",1,0,0.6975622,1,logreg_right_neural_wrong
test_4857,"Food was pretty darn good. Good portions for a good price. Inside decor and menu is adorable. Booth backs are uncomfortable if there is someone sitting behind you. It then turns into a battle to see who will end up hunched over with a back ache. Service was definitely a little lacking. We came in two hours before closing and our waitress' closing duties took precedence over our service. I would get that if we were there thirty minutes before closing, but we weren't.",1,0,0.8323449,1,logreg_right_neural_wrong
test_4858,"For stars for a great back patio! other than that it's a bar, and a big one. But yea, don't bother staying inside. Nothing wrong with the inside but it's like so many other bars out there. The patio on the other hand is special and worth your business.",1,0,0.7160574,1,logreg_right_neural_wrong
test_4879,"If you're at the hospital and want something other than hospital food, this place may be the ticket.  Right across the street, you can get a good variety of food.  It's quick and easy and not too expensive.  Just don't go for the atmosphere because, well, there isn't much.  But keep your head down and that won't matter much.",0,0,0.67341006,1,logreg_wrong_neural_right
test_4889,"This would be the the kind of place I would normally like and, therefore, I have tried it several times.  The service was good and the people were friendly, but I found the vegetables to have an odd chemical taste to them.  Maybe it's just my taste buds, but the other reviewers seem to like it.",0,1,0.5115769,0,logreg_right_neural_wrong
test_4895,"Local outdoor store with a small selection of clothes and gear. The selection for rock climbing gear was very limited. The store was clean and well organized. Prices were on par with MSRP. So, why two stars? Well, I don't particularly care for being followed around by employees as I peruse the store. I'll take my business elsewhere.",0,0,0.7723781,1,logreg_wrong_neural_right
test_4903,"Life is funny and ironic sometimes. When I was a wee teen ravaging the streets of Southern California, I always had this notion old people were odd and boring. They had weird hobbies like radio controlled planes and had very different perspectives on life.  16 years later and here I am, an adult male who has kinda matured and now perusing different hobbies and interests.   Different things like home aquariums. I mean, WTH, Fish? How can boring ole fish be so gratifying?  I turned into the dudes I used to make fun of.  Oh well.   So hello Fintastic, Charlotte's premier aquatic HQ. They stock supplies for all environments: Ponds, salt, fresh, brackish.  Lots of fish. Saltwater, freshwater, skrimps, snails, frogs. They have it all. They even have a shark you can feed on Sundays and I even saw an Alligator Gar in the pond for sale!",1,0,0.641163,1,logreg_right_neural_wrong
test_4946,"Nice guys, but SLOW! More like Pokie Lube! Only 1 car ahead of mine, and I was promised 20 minutes. Well they must have been reading War and Peace because it took almost 2 HOURS to perform a simple oil change! I didnt ask for any fancy synthetic oil, and it cost $42! Must have added gold flakes to the lube. There are far better, cheaper and faster lube shops out there!",0,1,0.51957375,0,logreg_right_neural_wrong
test_4949,"I like the staff here.. Came in for a $30 vehicle inspection, found out I needed two tires ($157) not a bad deal. I will continue to come here.",1,0,0.94260824,1,logreg_right_neural_wrong
test_4971,"I'll keep this short and to the point...  I went to CarMax to get an appraisal for a car I wanted to sell.  I chose CarMax because I didn't want to go through the process of posting a listing on Craigslist, Autotrader, etc.  My thought was if they gave me a good price I would sell my car on spot.  The service was quick, they have a very friendly staff and the appraisal took 15 minutes.  I was expecting the appraisal to be ~50% of what I had previously valued my car (using KBB and Edmonds), they blew me away and offered 80%.  I couldn't have been happier.  I'll definitely refer friends/family to CarMax as a great way to sell cars.",1,0,0.6410918,1,logreg_right_neural_wrong
test_4993,"Was able to get in and out, but something about this store doesn't quite add up.  Maybe it's the close calls by cars zipping through the parking lot, or how the store is so far into the WhiteHall complex (feels like you are driving forever once you turn off of S.Tryon).  Walmart is what it is... some locations slightly better than others... this is on the other end in my book.  Luckily I only have to go here once in a while.  It does serve a good place to kill time if you are waiting for someone to arrive at the airport.",0,1,0.517964,0,logreg_right_neural_wrong
test_5012,"It's a fine theater and all, but yeah, I can't go here.  Sorry.  I thought the audio was a tad loud.  More importantly, the seat are just average.  I can't help it.  I've been spoiled by super comfortable seats at other places.  dmo out",0,1,0.69598615,0,logreg_right_neural_wrong
test_5081,"A fair trade coffeehouse near the Capitol on State Street. I'm torn on my opinions of this place. I love coffee shops with comfy armchairs and lamps, and the art on the walls is beautiful.The wi-fi is free and doesn't require a password, and they have creative specialty drinks.  However, the turkey and swiss panini sandwich I tried was of low quality, especially the Oscar Meyer-like turkey slices, and the apple strudel pastry was soggy. My chai was okay but weak. They only take cash and check, but at least there's a handy ATM inside. And yes, there are persistent, annoying flies. Enough to really bother me while I was eating and studying.  Maybe I'll try this place again in winter and see if the fly problem and food have improved...",0,1,0.6065948,0,logreg_right_neural_wrong
test_5096,"I mean, I guess it's sort of a Madison Institution, right?  Brats are basic, no-frills, and mediocre at best. You're much better going to another place that serves quality, local cuisine. Cheese curds are on par with Culver's...which is saying something (and not a good something, I might add). Fries are curly and pretty tasty.  Beer is pretty pricey for a Madison dive.   Service is always excellent, bartenders nice. Cool outdoor patio. Food quality and prices makes this a 2 star joint, but it's important to note the service--which is, as said before, always great.",0,1,0.59707725,0,logreg_right_neural_wrong
test_5099,"I paid $20 for a sustantial hair cut (first one in three months) and a full beard trim (first one in over two months).   Very old school, and the barbers are all total pros.  Bring cash.",1,0,0.7615313,1,logreg_right_neural_wrong
test_5159,"This is a review to inform potential customers that Espresso Royale Caffe has moved down the block on state street and is now currently located at 224 State St.   The new location offers more outdoor seating with both smoking and non-smoking sections. Because the caffe was able to renovate the new location prior to opening the store is much cleaner than the old location.  The interior will seem smaller to customers of the old location, however there is approximately the same amount of seating, and because it was painted with a lighter color scheme it feels more open.  The new location also features huge front windows and plenty of lighting which makes it brighter than the old location. Great for studying!!!   The menu is exactly the same at the new location as the old, with most of the same employees.  They have added a few sandwiches, which are affordable and great on the go.   If you have discounted the old location or couldn't find it once it moved give the new place a shot, i don't think you will be disappointed!",1,0,0.643278,1,logreg_right_neural_wrong
test_5160,Only place in downtown Madison to get a Spanish latte that is in par with Think's latte in NYC.    Wednesday is $2.25 latte day so keep that in mind for Concerts on the Square nights.,1,0,0.58518994,1,logreg_right_neural_wrong
test_5191,"I had both my sons through doctors here. Neither births were positive experiences although my sons are happy and healthy. Pediatricians upstairs are grand. Obgyn, not so much.",0,0,0.65475893,1,logreg_wrong_neural_right
test_5205,"Well, I guess I have to up this review to four stars since I can't get enough of Rosati's Italian beef.  I have absolutely no idea how authentic it is, but since Rosati's is a Chicago-based chain, I'm guessing it's pretty close to the real deal.  Anyway, it's delicious, and the portions are extremely generous for what you pay (although the delivery charge still sucks).    Also, thin crust pizza is the way to go here.  It's still pretty greasy, but not as bad as the thicker crusts.  The individual-size pizza is pretty big for just one person and at a good price.",1,0,0.76302785,1,logreg_right_neural_wrong
test_5227,"I hate the idea of eating in a 'Sports Bar' but Babes is rather nice.  Granted I was not there during 'the big game' so it was not loud or obnoxious at all.  The place looks clean and more up scale than I would have thought.  The food is great I must say.  Sandwiches, wraps, burger and more.  I have not been disappointed yet. My gf is sadly a vegetarian but she was able to find some good choices and rally enjoyed her meal as well.",1,0,0.89158195,1,logreg_right_neural_wrong
test_5277,"Pros: Timely service; straightforward pricing; little to no upselling  Cons: $800 later, my car has the same issues it had before I visited Firestone.  My car started dying whenever I accelerated after slowing or stopping (turns, red lights, etc). When it did accelerate instead of dying, it was extremely jerky. I did a little research online and figured I might need new spark plugs. Firestone ran their electronic diagnosis ($100) and said yes, it was the spark plugs - and about five other issues (ignition housing, etc, etc). All told, the repairs would cost $700.  My car isn't new (14 years old) and this was the first time it's needed any repairs since I got it last year. So I paid the $700 and picked my car up a day later. The acceleration was noticeably smoother and the car didn't die -- for a grand total of 24 hours. Not a day after its Firestone visit, my car reverted to its jerky, dying ways.  I called Firestone immediately and asked for a new appointment, but they were booked for the week. My car kept dying in potentially dangerous situations -- crowded intersections, busy roads, etc. When I finally got back to Firestone, they ran another diagnostic test (for free, thank goodness). This time, they said something was wrong with my transmission and that I should get the car's computer reflashed.  When I directly asked the repair person, """"Why is my car having the exact same problems that it was having before you fixed it?"""" the man said, """"Honestly, I have no idea.""""  At least he was honest.  (Also of note: I called a different repair shop about getting the computer reflashed, and they were adamant that reflashing wouldn't help when I described my car's problems.)",0,1,0.60145867,0,logreg_right_neural_wrong
test_5287,"Eh! Taste fresh for take out, I guess. I ordered the Spicy Basil with Beef. The sauce was spicy, and the vegetables were fresh, well-prepared, and plentiful. A little too plentiful. I only had a small portion of beef in my meal so I won't be returning. :-(",0,1,0.686962,0,logreg_right_neural_wrong
test_5292,"My son was signed up for one of their programs, and without notice they changed the time he could participate from evening to morning (before School!).  Total disregard for how unannounced changes will impact families.",0,0,0.60632515,1,logreg_wrong_neural_right
test_5306,"I've never played laser tag before attending my triplet nephews' 9th birthday party this weekend. What a blast!!  This place was packed to the gills on Sunday afternoon. Not only did they have one party after another, but there were lots of families who were simply walking in. Now, maybe they have a procedure for entry that was blind from my eyes, but I did not see any ticket taking happening here. It appears that you can probably just walk in and join up with a group. Weird!  The cost of 7.50 per 15 minute game seemed a little steep to me, but I guess if you sneak into another game it might be worth it. (Although I would never recommend such a thing!) Buy games in bulk to receive a discount. They have other specials, so call them for details.  GAME TIPS: Get up as high as you can. People that are down below are easy targets. Capture the other teams bases for loads of extra points! Keep your gun down when you are not shooting. You can get tagged easily there.  LUKE, LUKE, LUKE.. you brave gentleman. Luke was the facilitator to our birthday party and games. This guy is the epitome of cool. He has just enough sass, sarcasm, and patience to be the perfect host to these wild, maniacal children. I found him to be quite funny too!  I am taking one star away because the second game we played had 36 players in it. WAY TOO MANY! We were simply falling all over each other and it made the game way less fun. TIP: I asked and apparently Tuesday nights are the least crowded.   Get in this place now!",1,0,0.60595465,1,logreg_right_neural_wrong
test_5329,A small coffee is now $2.50     Lol.,0,0,0.56493866,1,logreg_wrong_neural_right
test_5356,"Don't know why I haven't reviewed this place till now...  I've had good pancake breakfasts here before, and since it's been a couple of months (or more) since my last visit, I decided I'd stop by this past Monday since Mondays are double-stamp days at the Central Ave. location.  Restaurant was clean and bright.  Restroom counter needed to be wiped down.  Employees were warm and friendly.  My one whole-wheat pancake with glazed pecans took 15 minutes to arrive, which I thought was a little too long, but it did look like there were many diners at that time.  I've had better-looking pancakes at this location before (as in wider portions), so this morning's platter was disappointing (please read my review of Dobson location and refer to photo for size comparison).  My server did offer to have another pancake made if I needed it, which I thought was a nice gesture.  Had I the time to wait for the second piece, I may have accepted...    http://www.yelp.com/biz_photos/the-good-egg-phoenix-2?select=ajinBMQBGbNI3yXN71_tlA#ajinBMQBGbNI3yXN71_tlA http://www.yelp.com/biz_photos/the-good-egg-phoenix-2?select=1lYVcSu7Xj8d_UIHvCb0qw#1lYVcSu7Xj8d_UIHvCb0qw  I will be back soon to see if the inconsistency was just a fluke.",0,1,0.67308927,0,logreg_right_neural_wrong
test_5357,"Dear Hyatt--  It's time . Phoenix is becoming , or at least trying to become a big city and you need to seriously consider some upgrades. You are looking dated and tired. I suggest getting inspired and moving into the now.   Here are a few suggestions :  Go up to the eighth floor look out onto the atrium look at the tile and carpet It's hodge podge  , stained and worn out. Ick!   Remodel to  a  contemporary look that embraces the southwest feel.   Do something bout the curtains in the suites they look  faded and have strings hanging from the hardware.  Scrape off the popcorn ceilings and clean the other ceilings , I can see dust hanging in places.   Show off your elevators with flair and panache.   Love and Kisses , me",0,0,0.5591217,1,logreg_wrong_neural_right
test_5367,This place just doesn't feel very comfortable.  I get a very odd feeling when I am in the restaurant.  It is like eating in a fishbowl.  Everyone seems to have an air of snottiness.  Food is kind of pricey.,0,1,0.6926887,0,logreg_right_neural_wrong
test_5379,"Hertz in Sky Harbor always seems to upgrade me at no charge. This week was a Camaro with 2 miles on it!!! I needed a car for 3-4 people, but could turn down the muscle car. Service here is always good, and returns seem to be fast, except on Fridays and during baseball spring training.   The offsite airport location is way, way offsite and it would be really nice if SkyHarbor put a highspeed rail link to this rental car location. (Improve upon the SFO design).",1,0,0.5243945,1,logreg_right_neural_wrong
test_5410,"This is my favorite venue for entertainment.  I went to Maragaret Cho here and all of the seating is very good no matter where you are at.  We paid for a higher price point ticket which was at about row 19 towards the center section.  Staff are friendly, the vendors prices are  a bit ridiculous,so passed on any libations and got some afterwards.  I won't fault the Dodge for this directly but the vendors contracted.  Crowds also tend to behave not as trashy as at US Airways or Cricket pavillon which is a plus",1,1,0.5827138,0,logreg_wrong_neural_right
test_5465,"I don't write very many reviews but after three days of thinking about it, I had to write something about our experience. First off I tried to convince my partner to go to HTC because it was much more conveniently located for us, but she insisted because she had her nose pierced at Halo and had an excellent experience. So off to Halo we went. Now keep in mind we knew very little about ear gauging so we definitely needed some information about it. We were met by a woman with very short white hair (adorable hair btw) and a mechanic shirt that had the name """"Vincent"""". Unfortunately she was extremely rude and acted like any question we had was just plain ridiculous of us to ask. To say that it was a humiliating experience, would actually be an understatement. I wanted to walk out but my partner really wanted to go to the piercer at this location. So we continued to endure the rudeness and impatience from """"Vincent"""". I would have given """"0"""" stars if the experience ended then but thankfully we were called back for the piercing by Ana. She was awesome! We will never forget her wonderful smile, funny stories about her brothers growing up and some bodybuilding shows that she has competed in. If we had just met with her the experience would have been A+!!! So thank you for the great piercing. No thank you to """"Vincent"""" who tried to make two RNs feel like the stupidest people on earth.",0,1,0.57799894,0,logreg_right_neural_wrong
test_5469,Leonard. Leonard. Leonard.  Is there REALLY even a Leonard that works there?  Leonard goes to work and then takes an 8 hour break.  I called Staples to follow up on a print order and he told me he was going to have to call me back because it was time for his break.  I then went to the store and ole Leonard was too busy on his cell phone to help me.  The only upside to this place is the nice female that works in the copy/print center.,0,1,0.737673,0,logreg_right_neural_wrong
test_5511,"this was my first visit. there were a variety of items on the menu. you could order from a selection of sandwiches, which seemed fairly priced at $5.50-$7-ish or create your own ... but for the create your own,  you got charged for every little thing, including 45 cents for each veggie, which seemed a bit odd. you could easily create a $9 or $10 sandwich, without a side or a drink. there were lots of sides including  pasta salad, chips, asian noodles, and some yummy, homemade desserts. it was a bit chilly so soup was in order. i had the sonoran rojo clam chowder, which was not at all what i was expecting. the broth was very thin, not thick like clam chowder normally is. there was a plethora of vegetables and huge chunks of potato and a minimal amount of rubbery clams. it looked more like vegetable soup than any chowder i've ever had. i also ordered a side of asian noodles, which appeared to be angel hair pasta, some sesame seeds and a very artificial asian marinade. i got a free chocolate chip cookie, which was small and hard, but free so can i really complain? both items i ordered were odd. the soup was better than the noodles. maybe i ordered the wrong items? counter service was simply unfriendly. i wasn't impressed, but i'd like to like this place. i'll probably try it one more time, ordering a sandwich, when i'm in the area, very hungry, and in the mood to spend $10 or $15 on lunch.",0,1,0.5400929,0,logreg_right_neural_wrong
test_5521,"Da Vang (pronounced yah yang) is a hole in the wall in a sketchy ass strip mall next to the latin strip club and the Vietnamese Boba Tea shop. Weeknights and Weekends alike, this place is packed to the gills with Asian families, Mexicans from the neighborhood, and the few rogue gays and hipsters who wander in to try something ironic or obscure. Then you have the old Mexican ladies who walk by every table and put a car air freshener on it with a note explaining that you can buy it from her for $1. There are countless flies, the place hasn't been cleaned since Jesus was alive, and the parking lot almost requires four wheel drive. There isn't a more third-world dining experience in Phoenix.  My initial inpression was that this would be a fantastic trip to a Vietnamese wonderland. Seeing the types of people eating here, the extensiveness of the menu, and the overall ruggedness of it probably meant it was legit. I'm not Vietnamese, Asian, or any shade of yellow, but I like to think I still know my food well enough to say that it was an absolute let down. I ordered one of the most basic dishes, Pho Tai which is a beef broth with rice noodles and sliced beef. It's typically served with jalapeno rings, bean sprouts, basil, and lemon wedges on the side, yet mine was minus the jalapenos and lemon. Each table of Asian people who ordered the same thing both before and after me, received the said items with their meal. After my plate of half the veggies I need arrived, they brought by our spring rolls. Again, total disappointment. The sauce which accompanied them tasted like pure Hoisin, and I much prefer the typical peanut sauce or even a fish sauce. My girlfriend's bowl of Bun looked like the noodles were garbage, and was extremely short on veggies and meat.   Our server was nice enough, and rather typical of a restaurant of this type. They don't speak much, their way of asking if you'd like to order is saying """"are you done?"""" After a while though, I realized he was a Spanish speaker, and then I realized he was of hispanic heritage, nice. I come to this Vietnamese place and there are Mexicans working both front and back of the restaurant. Made me want some enchiladas. Overall, this restaurant was a complete let down and if it hadn't been for the very low price (under $20 for two people) I'd have been very upset. I'll keep sticking with Little Saigon, Pho Thanh, Koai Hoan, and Dong A.",0,1,0.80482185,0,logreg_right_neural_wrong
test_5524,"Having now tried & reviewed almost every buffet in Arizona (about 7 to go, mostly 90+ mi. away), I've been doing updates, & particularly trying to boost up some places that didn't fare well the first time.  This JB's was one of those, so when I heard they were having a """"Special Father's Day Dinner Buffet"""" tonight, it seemed time to wheel back in here & give them a chance to get up to 3 or 4 Stars.  Unfortunately, the """"big deal"""" tonight, wasn't.  There was really good Cream of Potato Soup, & the salad bar was ok, but the hot food was limited to slices of turkey, ham, potatoes & gravy, mashed sweet potatoes, & that's about it.  There wasn't even much dessert, & the whole thing came across to me as really weak.  I had a different waiter this time, but again the table service was amateurish, & the weird architecture of this building is a minus too.  It wasn't long before I was wishing I was at the opposite diagonal corner of this big shopping center, eating at the excellent Great China Super Buffet instead.  I enjoyed my visits to JB's on Northern, & also the one over in Litchfield Park, but this location is just a lost cause.   :-(",0,0,0.79600316,1,logreg_wrong_neural_right
test_5538,"I do love the food here.  Yin's is not much to look at from the outside of the building and I am not sure if I want to be in this neighborhood after dark but, oh, the food!  Hot, fresh and just the way I think it shoud taste every time.  The employees are nice and service fast.  A must try is the egg drop soup.",1,0,0.72168744,1,logreg_right_neural_wrong
test_5552,This is a fun family restaurant I will say the inside is quite old I was disappointed with the grease that was used for the to deep fry oil needed to be changed the coleslaw was not that great but everything else was very good the staff is young but friendly and we went on a Friday evening and it was not that busy overall this is a fun Country Western restaurant.,1,1,0.56237113,0,logreg_wrong_neural_right
test_5555,"It is closed. It was a nice, clean daycare and our kids were very happy there, but it closed abruptly. Two days' worth of warning to the parents and that was it. They say our kids can go to the other location but I have heard bad things about it and it is not nearly as convenient. We're still in shock.. We can't understand why it closed so suddenly.",0,0,0.7592675,1,logreg_wrong_neural_right
test_5617,"The glorious review of this place on the TV show """"Diners, Drive-Ins, and Dives"""" was a little surprising to me.  I can't figure how they used those camera angles to make the place look so much bigger.  Yes, make no mistake it is located inside a Shell gas station.  You can buy their pop or walk 10 feet and buy the Shell bottles of pop.  This might be a novel feature of a """"restaurant"""" but it certainly cheapens it a little, to say the least.  My cheese enchiladas had cold, unmelted cheese in the middle.  The bean burrito was fine.  Prices were reasonable, but this certainly isn't something worthy of putting on a national television show about great food.  There's also no place to sit if you're there any time close to the usual lunch or dinner hours.  There's no parking either, especially if people are using those few spots to go into the gas station for basic gas station items.",0,0,0.6913241,1,logreg_wrong_neural_right
test_5630,Came here with my friend who was having problems with his laptop and they give a free 15 minute diagnosis.  The guys there were great and spent plenty of time making sure everything was okay on his computer and after testing it and finding nothing wrong.  He suggested the problem was probably internet related with my friends home service.  Turns out he was right and it cost us nothing which is way to generous in my opinion.  I had to come on here and Yelp about it.  The place isn't fancy and is in front of the bowling alley on the NE corner of 35ave & Union inside the strip mall.  Check it out if you have a chance and skip the Geek Squad!,1,0,0.65230584,1,logreg_right_neural_wrong
test_5643,"We don't have Cracker Barrell in CA so we always stop in for some country cookin' while visiting AZ.  Today we learned they changed the menu and removed some of our favorite items.  They added a few menu items that do not compliment their """"country comfort food"""" theme.  I guess their executives don't know who their customers are or why people choose their restaurants.",0,1,0.67627335,0,logreg_right_neural_wrong
test_5653,"Wendys hasn't been Wendys for years now. It is owned by Arbys. But either way this is a very good """"Wendys"""". If anyone noticed, the food turned to crap awhile ago. If you are craving Wendys, this one is pretty much the cleanest in the area. The workers actually seem to care! This is my favorite Wendys.",1,0,0.66776896,1,logreg_right_neural_wrong
test_5697,"= = = = = =  CLOSED  = = = = = =  Came over here to enjoy another 2-Star lunch & get blown around by the outdoor coolers sitting on tables INSIDE this place blowing like a hurricane, but CB2K here is now so closed that it's hard to even tell where the place used to be in this ghost town shopping center!     :-O",0,1,0.562827,0,logreg_right_neural_wrong
test_5703,I love shrimp cocktail as long as the shrimp are de-veined. This place did not and I was unable to finish my $14 cocktail.,0,1,0.66442674,0,logreg_right_neural_wrong
test_5745,"Fry's Electronics is basically a toy store for adults. Want computers, electronics, CDs, DVDs, appliances, stereos. TVs, etc? You can get it all here.  Whether you want a fully built system that is ready to be set up and used in your house or you like to build your own computer or home entertainment system, Fry's Electronics is the place for you.... and the prices constantly put other stores to shame.  If you're looking for electronics, look to Fry's.",1,1,0.5960077,0,logreg_wrong_neural_right
test_5857,"I have heard wonderful things about Sushi Kee for some time now. We finally made our way in and we were not disappointed. We ordered the edamame, shrimp tempura and the murphy roll. All items were very flavorful and something we would order again.",1,0,0.9846025,1,logreg_right_neural_wrong
test_5893,"We have always been a huge fan of the ren fair. But my family and I will not be attending until they stop having elephant rides. Elephants are intelligent animals that deserve better than being a """"ride"""" or entertainment. Also when I kindly asked on their Facebook page I was blocked. Is that how you treat long time customers? Stop the elephants an you will again have myself and family attending again.",0,1,0.8161783,0,logreg_right_neural_wrong
test_5900,"Hmmm. Now what to say about this one that won't embarrass me and/or my husband too much :)  Let's just say, it's good but it ain't THAT good.  Now that that's over, the Better Than Sex Cake Cafe is above average for a cafe, especially one as small as this one is (7-10 tables in a hole-in-the-wall). Try not to be put-off by the name or the slightly shabby location and drop in for lunch one day. They offer a good selection of sandwiches, salads, pizza, and a few really tasty soups. They also have excellent quiche.   Now for the cake. In case you hadn't heard of this recipe of cake before, here's the concept in a nutshell: You bake a chocolate cake (from scratch is better of course but a cake mix will do), and after the cake is out of the oven, poke holes in the top with the end of a wooden spoon or something similar. Drizzle fudge, caramel, and sweetened condensed milk into the holes, so the whole thing is soaked through. Then top with crushed chocolate-toffee candy bars, whipped cream, and a few more toffee bar crumbles for good measure. There are a lot of varieties, but you get the idea.   At the Better Than Sex Cake Cafe they serve three different of these cakes. You'll just have to come in and decide for yourself if they are really better than sex...",1,0,0.50836784,1,logreg_right_neural_wrong
test_5915,"The supreme breakfast burrito is the number one breakfast burro in chandler, a must try for all.  I am impressed with the meat portions in the taco/enchilada combos as well..the downers...they desperately need some spicy hot sauce.  I hope to see this place do well and stick around for a long time to come.  I would also like to see the owner be a little tougher on a few of his employees (dress code, on the phone while working, smoking out front, etc). Overall, great spot to fill the hunger void for less than $10.00..giant drinks as well.",1,0,0.6487607,1,logreg_right_neural_wrong
test_5936,"I found the food to be okay, not great,  but the prices were quite high.  $3 for a side of chips and I think you could have counted about 35 chips in the bowl.  The salsa was delicious but the chicken burro was not that good and again quite pricey for the small size of it.  Also, shabby chic would be a huge upgrade from this mess of a restaurant.  Just a little too run-down for my liking.",0,1,0.6745503,0,logreg_right_neural_wrong
test_5941,Not a big fan. Hubby went here to get our car inspected. The guy quoted a repair cost that was a bit higher than what we expected. The mechanic tried to pressure my hubby into doing the repairs at their shop.   we Went to another repair shop (AAA certified) and we were given a quote of $180 less for the same sevice. We will not be returning to this place.,0,1,0.6235916,0,logreg_right_neural_wrong
test_5946,This is my Chandler go to place for Mexican food. Some things to be aware of:    (1) during school lunches they are packed (2) you pay for the chips and salsa (3) there is a cost of refills  look beyond that and you will have some great food for a very decent price!,1,0,0.56839275,1,logreg_right_neural_wrong
test_5999,"This place could be a great little saloon if you could get rid of all the drunk college kids and wanna-be cowboys, and then find a decent band that isn't constantly begging for tips.  On the up-side, its a great place to hang out if you're a drunk college kid or some wannabe-cowboy who likes listening to some half-assed band beg for tips all night long.",0,0,0.5059438,1,logreg_wrong_neural_right
test_6000,"Watch your drink! We loved going in to have a cold one every time we are in Ole Town, one of our party experienced being hit by a drug. It could have been really bad, had we were not a large group and was able to care for our friend!",0,1,0.6888931,0,logreg_right_neural_wrong
test_6078,"We went here for an Oktoberfest today after having purchased a coupon deal for admission and beverages (4 beers per person).  The place was easy to locate in Old Town Scottsdale, and on-street parking was readily available nearby.  Pros:  Surprisingly, this was an indoor venue instead of outdoor, and it seemed more like a large beer hall with lots of old world decor, which took some of the disappointment out of being confined indoors on such a beautiful day.  Staff were generally pretty friendly and helpful, seating was plentiful, the oompa band (3 local musicians) was entertaining and fun, and the craft beer (especially the Oktoberfest Lager) was very nice.  Cons:  In spite of having a printed (and web published) schedule of activities, the stage crew & management seemed genuinely confused as to the order of things.  When the band went on break, the sound team played loud rock music from some radio station over the PA system, rather then anything remotely themed to the event.  Food offerings were meager (brats $7, soft pretzels $4, small bags of potato chips, etc).  The brats were served in a sliced, hard baguette with choice of grilled onions and/or sauerkraut, but were dry and somewhat flavorless.  In addition, there was only regular, yellow mustard available at the counter.  No spicy or German style mustard was available, but one of the staff did manage to scrounge up a small bowl of Dijon after I asked.  No other accompaniments were available, such as potato salad or fries, nor were there any desserts on offer.  Overall, I'd rate this event at about a """"2"""", mainly because of the disorganization and poor quality of food offerings.",0,0,0.67499,1,logreg_wrong_neural_right
test_6080,"Now I've lived in Arizona my whole life and I've been going to this """"festival"""" for quite some time and it seems to me that every year it gets a little more expensive,the food is nothing special, the vendors get more sparse and more and more people feel the need to bring their kids and strollers to this """"drinking festival.""""   How can you call it a Culinary Festival when you have pizza you can get anywhere, mexican food I can get down the street and drinks I can make at home?   And for all you people out there who decide that you need to sit on someone's beer and spill it all over their phone and I don't care how wasted you are, don't offer them the butt end of your damn drink. I mean seriously is this really what the world is coming to? Not only did that biotch spill my entire drink but she fucked up my phone and I would have gone on my merry little way not giving two thoughts to what just happened but she had to offer me backwash.   I would like to send thanks out to the man that decided to give me and my two girls I was with $65 in free tickets. He was fed up and had to bail and was kind enough to share some love. So thank you free ticket man, you made the end of the """"festival"""" a lot more fun!",0,0,0.70401204,1,logreg_wrong_neural_right
test_6124,"All you chocolate elitists can turn your noses up at See's all you want.  I love it, and I always will.  See's was the """"special"""" candy my family tried to order every Christmas.  Back in those days before the internet (we still had 8-track tape players) at a time when no one really knew anything existed other than what you had seen, there was Russell Stover, Whitman's Samplers (that my cheap ass uncle was fond of giving in lieu of a real present), and See's.  There was no comparison.  See's was it.  I didn't even know they had stores then, much less stores that give out free candy just for coming in.  Kind of like a test drive without the pressure.  And I still prefer See's over it's closest competitor to me, location-wise, Godiva.  Why?  Well, the free candy for one.  Number two, it doesn't cost $60 a pound, more like $16.  Granted, Godiva has prettier packaging and perhaps a better product, but not enough to compromise my loyalty.    I was recently saddened to see the store at Fashion Square close, but luckily, this one is nearby.  Much larger and easier to shop in, but my only complaint is that I had to stand in line with people hand-picking their boxes to pay for my pre-packaged items.  But since my husband was one of the pickers, I wasn't going anywhere until he was done anyway.  And his box was for me:)",1,1,0.72646296,0,logreg_wrong_neural_right
test_6139,"Found this place about 15 years ago.  You guessed right....a referral.  Been referring and using ever since.  This is a no nonsense - CUSTOMER SERVICE oriented family business.  The staff is the same since the original trip.    If you are looking for fair pricing, personal service and no """"extra"""" suggested  upselling, this is a great place for you.  Wouldnt even think of taking my vehicles anywhere else.  Special thanks to this staff that goes out of their way for the little things too.",1,0,0.581607,1,logreg_right_neural_wrong
test_6143,"I LOVE this place!  Their prices have risen a bit to $2.25 but that is for ANY type of garment.  Other places charge your $15-20 to dry clean a dress but this place is $2.25 straight across the board.  They offer same day service too for the unbelievable price of $2.25!!!  I was so surprised when I asked for same day service that they didn't jack up the price but when they say they have a fixed price list, they mean it!!  The only (minor) negative is that you have to pay when you drop off the items so if you have 30 items to be cleaned, make sure you have the $$ before you head in there.",1,0,0.56826246,1,logreg_right_neural_wrong
test_6154,"Ok, so I've only been there when I'm hammered.  So sue me.    When I have gone to Joe's, it is VERY late night as the various clubs near Shoeman/Scottsdale begin to wind down, and this place has a huge line out the door every time.  The pizza, which is sold by the HUGE slice, is simply acceptable - not special, not delectable, not even excellent.....just acceptable.  For me, pizza starts with a great cheese, and the cheese here just seems so....bashas-like and ordinary, without that quality mouthfeel you get from cheese at places like Street of New York.      Of course, when you're binging after six drinks, """"acceptable"""" has a funny way of becoming """"I must have it right now.""""  So I'm sure I'll go there in the future, but my expectations will be well calibrated -- This is drinking food, placed smack dab in a location that caters directly to people that have been drinking.  Buzzed or not, that long line can sure be annoying.....",0,1,0.5152306,0,logreg_right_neural_wrong
test_6160,"In town for business, I picked this place based on other's reviews.  It was strange to be in an Americanized Thai Restaurant.  I've always had the best experiences in traditional, shopping center or strip mall Thai spots but thought since I was in Scottsdale, I would try mainstream and wasn't impressed.    I order the veggie summer rolls with smoked tofu (which I've never seen on a menu), thinking it would be nice to try something new.  The portion size was good, however, it was mostly glass noodles and lettuce with once slim piece of tofu and minimal carrots.  The peanut hosin sauce was pretty good, but tasted of BBQ sauce more than peanut.  I chose the Arizona Heatwave as my main entree with fried tofu and medium hot.  The spicyness of the dish was pretty good however, there was more curry sauce than anything else in the bowl.  I'm accustomed to getting large chunks of peppers, onions, bamboo shoots and carrots but there were hardly any vegetables besides celery.  Tofu was plentiful but I ordered the dish for the veggies.  I'm thinking I may have gone here on an off night because the meal didn't live up to my expectations based on other's experiences.",0,1,0.6607257,0,logreg_right_neural_wrong
test_6185,"Soo Short and sweet. The staff is extremely friendly but not a huge fan of the food. I ordered the 'Island' Burger (emphasis on the Island for Thousand Island but there was literally just a quarter size portion on the burger. Granted I asked for a side of it later so I could 'fix' my burger but just irritated me that it didn't live up to its name. It's pretty much a bar food type place, stuff you could make on your own with ease- just saying.",0,0,0.5133724,1,logreg_wrong_neural_right
test_6248,Good Sushi Way too noise!!!!!,0,0,0.61769116,1,logreg_wrong_neural_right
test_6271,"i don't know why i have no problem going into bars alone in non-english speaking developing countries and fucking shit up but in my own country i feel like a total twat doing it. some of my most memorable travel experiences started with me alone in a bar with a book- dancing on tables with randoms i met in ljublijana, clubbing with the croatian water polo team in dubrovnik, midnight motorcycle rides with cambodian teens in siem reap.  so what the fuck is wrong with me that i had to talk myself into going to a bar alone in scottsdale?? yes, true, i am in a red state and on many levels that scares the shit out of me. i just don't know. yes, i brought my computer to do some work, and i sat at the bar, but i was consciously self-conscious. maybe this is a sign of aging. i don't like it.  i do like pasta brioni. it is walking distance from the mother's house, and i think the happy hour aint bad. i had  a huge glass of wine, raviolis and a single yet potent meatball. the total? 10.80.  is it the best italian food i've had. not even close, but it's filling, not bad and as there are others eating solo at the bar, i felt less lame.  given, the others at the bar were mostly above 65. it kinda made me feel happy that women live longer than men, so when im that age most of my friends' husbands may be dead (knocks on wood) so that at least i can go with my aged pussy posse years from now.",1,0,0.75530326,1,logreg_right_neural_wrong
test_6301,Mojitos.,1,0,0.8095648,1,logreg_right_neural_wrong
test_6331,"Why do stores like this exist? Does anyone in Arizona really need more brightly colored, tacky tchotchkes? It looks like Elton John threw up in here and then Liberace tried to cover it up by bedazzling everything.",0,1,0.6385204,0,logreg_right_neural_wrong
test_6337,"We were staying at the Sanctuary for our anniversary weekend. Elements came highly recommended, but we had a lot of restaurants that we wanted to try, so had to go to Elements for lunch. The restaurant is beautiful with a fabulous view of the Valley. We had a window seat to take advantage of the view. Our server was prompt, friendly and attentive.   The food was unfortunately a huge disappointment. We started with the grilled pear and brie quesadilla. The pears were not grilled (were barely even cooked). The brie was good, but the overall combination lacked much flavor or pizazz. The honey and pine nut garnish were the only real source of flavor and made it tolerable.   We shared the """"specialty"""" Asian grilled chicken breast with grilled corn and cilantro slaw and the Angus burger with cheddar and balsamic roasted onions w/potato chips. The chicken specialty was an unseasoned cooked chicken breast with cold barbeque sauce poured on top and then cut into slices. I can't even remember having such a bland, uninspiring chicken dish. Trader Joe's frozen teriyaki chicken breasts are far superior. The grilled corn was actually grilled and was sweet and delicious. The cilantro slaw was some cabbage with shredded carrots and a few springs of cilantro, but no dressing or seasoning to bring it together.   The Angus burger was a good burger. Balsamic roasted onions were delicious. Potato chips were not anything special.   We also had breakfast from Elements via room service. Another disappointment. Average scrambled eggs. Fruit plate with limp, unripe cantaloupe and honeydew. Good latte.   Overall, I am glad that we chose to go elsewhere for our anniversary dinner. We may go back to the Sanctuary, but not to Elements.",0,0,0.50482,1,logreg_wrong_neural_right
test_6375,"I live around the corner from SGC, but will drive right by it to get to this great shop. Why? Customer service and taking the time to care about ALL customers. The manager says hello to everyone who walks in the door (male or female are treated equally--NICE!) and someone always takes the time to explain the purchase and never up-sell.   Small and friendly is how to run a business! Avoid the flashy over-priced places and go to Bear Arms, you won't regret it.",1,0,0.6419927,1,logreg_right_neural_wrong
test_6445,Been here quite a few times when I lived near Old town. Shame we moved to south Gilbert but I still call Harpers if I have problems with my plants. Mark has helped me numerous time over the phone with lots of patience and knowledge. I would probably drive 45 mins to come here next time I need my nursery fix instead of my local nursery.,1,0,0.50435174,1,logreg_right_neural_wrong
test_6499,"Not Bad sushi...very cool decor, a little too air conditioned...Definately a young good looking college crowd...and then us late 20 and 30 somethings..  A group of 12 of us went in tonight, a Tuesday, (we are all out of towners just here for work) and we got a table and served relatively quickly.   We ordered the Tuna Tar Tar, Spicy Tuna Roll, Rainbow Roll and some Nigiri...all I like is the Maguro combo's and they were great, nothing special, but tasty. At the other end of the table they got these deep fried rolls with cream cheese and all that I don't consider real sushi, they were probably good but I didn't try them.  The prices are ok, the 3 of us with all our sushi and $3.25 Miso soups and a few beers was only $77, maybe I'm just used to paying more in the San Fran area that I live...   The best part was the T-shirts all the waitresses wear..they say  """"Will you still _____ me in the morning."""" ....I guess you fill in the blank.",1,0,0.65257025,1,logreg_right_neural_wrong
test_6511,"The non-sushi items were pretty impressive! I had a white fish taco that was absolutely delicious! The decor is pretty and the mood is very nice. I would like RA to bring down their happy hour prices-they are rather steep, and I don't appreciate the fact that they have 75 cents tagged on each price...it seems like an advertisement ploy to get you to think you're only paying $2, but in reality, you're almost paying $3. The sushi was not impressive-in the past, I heard that the cuts at RA were much bigger, but the sushi I had today was thin-more rice than tuna. The California roll fell short on size, flavor, and plating, and I had to go and ask for wasabi and ginger because none was given to us with our sushi. The ginger was also quite potent-more than the wasabi as far as heat. I wish it was pickled just a little longer. Please fix it RA! You're a pretty cool place!",0,1,0.54422855,0,logreg_right_neural_wrong
test_6524,Yesterday beer battered shrimp and crab pita was ridiculously delicious.  Never disappointed with the food and beer.,1,0,0.5021912,1,logreg_right_neural_wrong
test_6572,"A hoping place with a great variety of  dishes to order Offers Brunch, lunch and dinner Food was good with great service. Wold just suggest to the chefs to scrub the potatoes prior to cooking them and add some spice to the Lavosh Shawarma Wrap. Nice but a bit tasteless and bland",1,0,0.5301583,1,logreg_right_neural_wrong
test_6582,I have to come here once a month to pay rent as it's the closest to my place and every time is the same thing.. Expect to wait in line at least 15min. There's normally only one banker taking all the clients.. Never a pleasant experience.,0,1,0.5033666,0,logreg_right_neural_wrong
test_6657,"My vegan wife loves this place.  It's nice eating there, but I'm trying to avoid soy protein, and there are too few such options on their menu (I would prefer more non-soy entrees).  And a lot of the food is much too greasy for my taste.",1,0,0.58080107,1,logreg_right_neural_wrong
test_6658,It's what health-intelligent people are looking for. You are now home.,1,1,0.59009665,0,logreg_wrong_neural_right
test_6669,"I recently quit this gym after being a member for more than seven years. The equipment is the same as it was in 2002, and desperately needs to be upgraded. In fact, the whole place could use a major renovation. Other locations are nicer, but I'd have to go out of my way to visit them. Two pairs of 35 pound dumbbells had been missing for more than a year and had not been replaced. No two Treadmills ever seem to move at the same pace. Then on top of everything, they stopped taking credit cards to pay monthly dues, and I had to pay directly through my bank account.  There was one big pro. Except during peak hours (just before and after normal work hours), the place was always empty, which made it easy for some one like me, with an unusual schedule to get a work out in.",0,1,0.5694945,0,logreg_right_neural_wrong
test_6686,"not a bad joint, but the crowd tends to be too college for me.  they used to have a lot more pool tables, and now calling it a cue club for two tables seems misleading. the music on weekends is usually top 40s with an emphais on hip hop, and they play accompanying videos on the big screen tvs behind the bar. i imagine this switches up to sports during the day or weekday nights.  drinks prices are average. the line to get in late on fri and sat not a big deal, goes pretty quick and possibly a small cover ($3-$5).",0,0,0.72590995,1,logreg_wrong_neural_right
test_6738,"Wow, we've been missing out, should've tried this a lot sooner. Our NYE at home featured pizza and tiki drinks. My bf called for take-out (I figured it would be at least an hour wait), and they told him 20 minutes, nice! It wasn't hard to find, though definitely not in a well-traveled area. Actually, had it been across Rio Salado in the Tempe Marketplace, we would not have tried it, because I HATE HATE HATE Tempe Marketplace, but that's another story.   We got the thin crust option with italian sausage, mushrooms and olives. So good!! like other reviewers said, the sauce is unbelievable. I wish I knew their secret.   What a great find in our (relative) neighborhood. I can't wait to try Spinato's again.",1,0,0.549595,1,logreg_right_neural_wrong
test_6748,"Can you say """"everclear 195 proof""""?",1,1,0.9911509,0,logreg_wrong_neural_right
test_6774,"New Zealand lamb and the salted caramel bread pudding.   I was left grunting with happiness.   Twice.   Nothing more to say, except come here.   More than once.   Life becomes that much better when you do.",1,0,0.84099746,1,logreg_right_neural_wrong
test_6808,"Hipster central. An old Victorian home converted into a cool laid back bar. Drinks were decent, just typical normal bar drinks. Parking is rough and it's a packed house especially on a Saturday night. It has the capability to accommodate a larger group but you might have to wait around a while.  Server forgot the order and took over an hour to get a club sandwich-nothing special. If you don't mind the chain smokers and the hardly working misters and go with a group this place can be a winner for you. I'd rather hang at more low key places & not at a college hangout spot.",0,1,0.6405267,0,logreg_right_neural_wrong
test_6812,"I can't speak to the food here, I've only ever had it drunk. Also, I've never ordered it, I've just stolen it from friends. If memory serves, the food was fine.  But more importantly is the beer. It's reasonably priced. Also, the people-watching is great because the crowd is ridiculously hipster. Yes, I realise the irony at staring at a bunch of hipsters, feeling superior, and judging them, but I guess that's part of why I feel so at home here. In a way, aren't we all obnoxious hipsters who don't know how to dress?",1,0,0.7876175,1,logreg_right_neural_wrong
test_6845,"This Walgreens has the busiest parking lot ever no matter what time of day it is packed! Kind of weird as the store seems empty. It is a standard Walgreens but this one sells liquor. The store is old and run down, the staff seems a bit distant.  I would never go out of my way to shop here, but it does get a pass for convenience.",0,1,0.6035929,0,logreg_right_neural_wrong
test_6884,"I have shopped at Fry's Electronics on several occastions but recenlty had to deal with returning an item to their store.  I had purchased a TV that was defective.  The manufacturer suggested I return it to Frys.  When I got to the store, I had somehow lost my receipt.  No problem....they looked me up in the computer.  They got a brand new TV from the back and actually tested it in store before giving it to me to take home!!  I have never had an electronics store do that before.  They returned my damaged TV and I had forgotten to bring back the remote control.  Again, no problem...they took the remote control out of the new TV box and completed my transaction.  I would definitly recommend them and will be shopping there more often!",1,0,0.77586496,1,logreg_right_neural_wrong
test_6905,"Nice friendly service.  Its a family owned business and the people seem rough and rude but once you get to know them you realize it's just their strong personality.  They have the best wings in town and my whole family have been coming here for the past 16 years.  I have tried other places but nothing beats the wings here, not even buffalo wild wings which to my opinion not so good.  Family from out of state either come here to eat when in town or ask me to take them some when I go visit.",1,1,0.6998118,0,logreg_wrong_neural_right
test_6916,"Heard a lot of good things about Pete's. I am from the Gulf Coast and was not expecting to find anything that would compare to the delicious fried seafood of back home. Glad I set my expectations low.   Pete's fish is ok, square, almost like processed but not. Strange but tasty. Chips are decent, taste like typical Ore-Ida frozen fries. The Onion rings were good (super greasy though). My biggest problem is that I am a bit of a traditionalist. If you are gonna call it """"fish and chips"""" like they would in the UK, then you have to at least have malt vinegar. The red sauce is good with their fries and rings (and maybe shrimp) but not on fish. It is the only sauce they have. I hear the burgers are good and may go back, if I am already in the area, to try one. I wonder if they have mustard? They may be trying to do too many things at once here. Seafood, Americana, Mexican, (fish, shrimp, burritos, hot dogs, chicken, oysters) Just a thought.   The seating is outside, if its summer you must get it to go. Between the heat, pigeons and huge flies (serious kitchen hawks) you will not have a good time.    The prices are very reasonable but they only accept cash. I would not go out of my way to eat at Pete's again.",0,1,0.6898964,0,logreg_right_neural_wrong
test_6922,I called this place because the people on the phone for the Chinese food delivery place closer to me were rude. The folks here were very polite. The food was good. Although I would not call the portions generous I didn't feel cheated.    There was an issue with the charge to my debit card. They researched the issue and resolved it the same day. Overall I'm pleased with this place.,1,0,0.5586209,1,logreg_right_neural_wrong
test_6930,Excelentes precios!! Y la comida esta muy rica. La limpieza es excelente y las personas que atienden son muy amables,1,1,0.94797885,0,logreg_wrong_neural_right
test_6941,"Mr. Puss got sick last month the day I had to leave town for a week for work. Estrella got me a rush appointment within 20 minutes of my initial call, took kitty in right away and carefully performed X-rays and blood tests. They sent me home with a bag full of meds (which my lucky pet sitter got to administer) and kept me up to date on test results via the phone. Once again I found them to be caring and responsive, and I will keep going back.",1,1,0.6531892,0,logreg_wrong_neural_right
test_6956,"I stopped in here for breakfast with a couple of out of town friends. We all got their 2 eggs, 2 sausage, 2 back and 2 pancake breakfast. It was massive and it was good. Something like $8 per plate. What this place lacks in atmosphere is more than made up for with its character and its food. It's cash only so be warned!",1,0,0.8685222,1,logreg_right_neural_wrong
test_6985,"I have to admit, that, over the years, my love of Chinese food has waned.  I'm just not used to eating such heavy food anymore and for the most part have replaced Chinese restaurants with Vietnamese and Thai (though there's no comparison between the latter and Chinese).  However, after reading the reviews on here, which said this restaurant was the closest thing to the NYC version, I couldn't resist trying it.  Having grown up on Long Island, I had my fair share of Chinese restaurants and I, too, think the best in the country are to be found there (and, to a lesser extent, San Francisco).  The star of this place is the pu-pu platter.  Hands down the best for a mere $9.90 for two people.  Spare ribs with plenty of meat on them; large -- but albeit greasy -- egg rolls; skewered meats that in no way resemble most of the pu-pu platters in the Valley, where, if you're lucky, your skewered meat and ribs will resemble something some other customer ate 80% of the way through and was kept out of the garbage to be put into some poor schmuck's order the next day (and that's if you're LUCKY; don't ask what it'll look and taste like, if you aren't!).    The hot n sour soup certainly doesn't skimp on meat and other additions to it.  But while it was good, it didn't wow me.  For the main dishes, we had Kung Pao Three and the Emperor Chicken.  Both were a bit salty, but that was our fault:  we don't use salt at home, so --- as you've read in my other reviews --- we should've remembered to say """"no MSG or salt, please!""""  Other than that, big portions; big pieces of meat.  Just be aware that, unlike kung pao dishes, the Emperor Chicken has NO vegetables in it (if that's important to you).  Service was stellar and I had no problems leaving a 20% tip on the total (subtotal and tax combined).  The server was friendly and gave lots of advice.  In fact, I would describe her, too, as being typical New York:  we can be very standoffish; but once we get to know someone or want to get to know someone, we can be very familiar and overly -- but genuinely -- friendly very quickly.  The restaurant is very well lit, but not obnoxiously so.  I don't know why -- no doubt some personal, buried memory -- but well-lit Chinese restaurants always remind me of the Christmas holidays, so it felt warm and comfortable to be in so well-lit a restaurant.  Overall, while the food  -- with the exception of the pu-pu platter -- didn't wow us, this place definitely ranks up there in the best of Chinese restaurants in the Valley.  Well worth the drive from Goodyear and its """"late"""" hours are an absolute godsend in a """"city"""" where most restaurants close down by 8pm or 9pm, even on a Saturday!",1,0,0.5185902,1,logreg_right_neural_wrong
test_6995,"I have been going to Brothers for almost 5 years now.   Usually on Sunday holidays. Or when we are going to do something and do not want to prepare food at home. Probably about 8 to 10 times a year.   Breakfast is the only meal I have eaten. Breakfast is not hard to prepare. Bacon, eggs, pancakes, waffles are not hard to fix. Why is this the only place I eat breakfast when I am in Peoria? """"Service"""" When you get there you are greeted with a smile. Everyone acts like they are genuinely glad you are there. They are ready to do what it takes to keep their customers happy. Your coffee cup is kept full. If your waiter or waitress is not there to fill your cup someone else passing by with coffee is. You can get bacon, eggs, two pieces of toast, and hash browns for $2.99. Why would anyone in the area go anywhere else? Everything always comes out tasting good,",1,0,0.52778065,1,logreg_right_neural_wrong
test_7035,"These guys have good BBQ, the only problem is they cook to their demographic so everything is over cooked, and they go light on their sauce on some and extremly heavy on many other items. Many bland items, but good happy hour specials and appitizers, and some good spicy bbq items.  Kind of pricy for what you get compared to others. Also the ditsy watresses would rather flit with guys in the back than ask you if you need a refill or something.(famous daves is way better) If I lived in sun city I would probably rate this establishment  with 4 or more stars but this young buck looks elsewhere for bbq delight. Texaz bbq or famous daves are much better choices.",0,0,0.5301832,1,logreg_wrong_neural_right
test_7099,"In addition to the dept. of health, I did complain to the hospital itself- formally and in survey form. I was also contacted by someone representing the hospital in regards to my review posted here. That was one month ago! Hey Rose! Haven't heard from ya.....  This incident happened in March. I've been waiting since for a letter updating me on the status of my complaint and a plan of corrections. For all I know, the blood is still there on the floor!  These were SERIOUS complaints regarding health/safety/privacy issues. I have to doubt they were even addressed until I hear otherwise.",0,1,0.6718001,0,logreg_right_neural_wrong
test_7102,"Overall we really liked the food. We started with yummy crab Rangoon to share, then I had the Singapore rice noodles which was nice & spicy. My husband had cashew chicken and it was also great. I do have to say after we took a table in the sit down part of the restaurant, we noticed 2 of the tables had food & drinks leftover from the last customers & they didn't get bused until we were paying our check & leaving. Also while we were eating, we overheard the girl taking the orders over the phone had apologized to 2 different callers for having delivered the wrong food. So I would suggest to come in & order take out rather than order delivery. Hopefully the next time we go, the tables will be bused. Overall the food came out quickly & tasted great but the service could use some work. We gave it an 8 out of 10.",1,0,0.50050664,1,logreg_right_neural_wrong
test_7104,"So the boba here is good, depending on who makes it. The food is hit or miss depending on what time of day you get it. I usually get Pad Thai here and sometimes it's fantastic, sometimes you wonder what the hell they put in it. Needless to say, I got food poisoning this last time around so I think I'll just stick to the boba. Other than that, the staff is pretty cool. It'll do in a pinch.",0,1,0.5169539,0,logreg_right_neural_wrong
test_7115,"One crazy place.  The are 2 separate buildings.  Terminals A, B, C are in one... and D (United only) is wayyyy out there where a tram/trolley picks you up at the B/C section.  If you had to go from the end of C to B or A, you'll realize how long  Terminal C is.  Shopping?  Not a lot of amazing souvenir stores.  I thought there would be more.  Clang clang clang of lots of slot machines greet you everywhere.  I have to say, since there isn't much """"shopping"""" to do, it's the only other entertainment available.  The food courts and restaurants are so-so.    If they could increase the lighting some, maybe it wouldn't seem so dreary.",0,1,0.5600111,0,logreg_right_neural_wrong
test_7116,I would like to know why all the good restaurants are by the baggage claim rather than where you are waiting for your flight? When I land I want to get my luggage and get the hell out of there. On the other hand I always like to get to the airport plenty early and relax and get something to eat. The only restaurants near our gate were not very good and stopped serving breakfast at ten AM. Rules made by some over educated idiot that has never eaten lunch at ten in the morning in his life. Life sucks then you get on your airplane.,0,1,0.67251396,0,logreg_right_neural_wrong
test_7121,"Meh. Its confusing to try and find where to be picked up by a private party, I felt like I walked 4 miles to get from y gate to the parking garage despite the ease of the moving walkways. I rather fly into Vegas than drive from my home in SoCal, but I wish the Airport was a little more user-friendly.",0,1,0.7848476,0,logreg_right_neural_wrong
test_7156,"I absolutely LOVE Southwest Airlines. Many of you already know about the 2 free bags, low prices, and great service. Something however that shocked me was when I needed to cancel my flight, they made it such hassle free. All I remember was before with AA that I went through such loop holes to try to cancel a flight and they charged me fees on top of overprices tickets. But with Southwest, I was able to call the night before to cancel my flight and they send me a confirmation right away. I just used those credits to rebook another flight and I got the low prices offered on the site and there was no charge to rebook. Excellent service and motto. I will always fly southwest if I can!",1,0,0.78264064,1,logreg_right_neural_wrong
test_7176,"Was surprised how many Hawaiian natives are praising this place. The mixed plate and Poke were both drowned in sauce to the point that the meal was ruined. It didn't taste like anything I've had in Hawaii, but was fascinated by this strange hotel named after California and filled with Hawaiians. There's a book on the hotel's history and its connection to Hawaii. I also went to try the Shave Ice at the ice cream shop next door, but the machine was broken. What a bust!",0,1,0.60577834,0,logreg_right_neural_wrong
test_7180,"Aloooha!  Alright back to writing reviews from our roadtrip.  I think all the reviews hit the mark with this restaurant...esp if you're a local from the HI....it's no Zippy's but when in Vegas, will take it.  Staying in the California Hotel aka the 9th island, it was great having a place like this to go to especially if you've been on the mainland for quite some time. Got myself a spam musubi and the aloha bento special...definitely not a place to go to if you're on a diet...was laden with fat, sodium and grease like any good ole spam can and made with aloha.  Just remember, this place is technically separate and independent functioning from the hotel so CASH ONLY...no DEBIT, no CREDIT, and you can't charge to your room..it was also super hard finding an ATM around the hotel and the only one I could find is the one downstairs between the main lobby and the entrance to the casinos.",1,1,0.537449,0,logreg_wrong_neural_right
test_7208,"This place was grrreat!!! The rooms were clean and the food was cheap... and I don't care what anyone says, all the native Hawaiians are cool. All the table games were cheap enough for a weekend but they still took most of my """"designated"""" gambling cash. The only problem I have with this review is not the hotel, but the area. The whole Fremont experience blows ass. The street was covered with trailer park, white trash, thuggish ruggish, drunk-out-of-their-mind, slutty, scum-baggy people. Luckily I didn't see any of those peeps in the California. The rooms were the best part but why didn't I give the full five stars?.. we paid $14.99 to watch """"Role Models""""... they saw us coming....!!!.. hahaaa",1,1,0.58372045,0,logreg_wrong_neural_right
test_7228,"Four queens used to be the class of downtown.  Now it has degraded to the point of A cross between a Dottys in the ghetto and an over elaborate mc mansion.  The slots are locked down at 89 percent, and despite having a few dealers that are 100 percent on point, fun, chatty, and extremely entreating, the majority of dealers are so cold, and deprived of life that they would fit in like a champ in a Adams Family movie, or even a Godzilla flick.  The mid shift casino manager is a grade A Dick, with a capital D, it's like someone got a soar dick and named it after him.   Carlos, yeah talking to you baby, take a few black chips off his craps table 3 or 4 nights in a row, and he'll kick you off """"his"""" table games.  Apparently winners are not allowed here.  The main bonus, and definitely a reason to frequent this place is there are lots of very attentive, cute, and quick cocktail girls.  I would rank them towards the top of the line on Fremont street were the average age of a cocktail girl is pushing 60, the queens has broken through and done something very right with younger, attractive, and pleasant gals.  Very cute outfits, and always smiling, what more could a man ask for, it reason to play in the casino if you can skirt the mean mugging dealers.  Ditch the crappy pit bosses whom have been promoted to the upper limits of there irresponsibility, get some dealers that smile every now and than, kick out the bums that get to ya before security does (need more proactive based security, kick out the bums as soon as they walk in ... Looks like a bum, smells like a bum, GTFO!), and the queens could return to the class of downtown that it once was.",0,1,0.57217497,0,logreg_right_neural_wrong
test_7259,"I didn't stay at the hotel, only went to the buffet.  All I can say is, It's bad when the best part of the buffet is the beverage.",0,0,0.7581669,1,logreg_wrong_neural_right
test_7266,"I recently stayed at the Golden Nugget on a Vegas trip, as we were interested in being near Binions, our favourite poker tournament location across the road.  First the good... The place, since the renovation is beautiful. The blown glass everywhere is stunning, and the shark tank pool is really quite something. Sitting outside at night under the stars with a free-pour (but pricey) drink from the pool area bar is really relaxing. The beds in the rooms are comfortable.  Don't bother purchasing Wifi (at $18 a day) - go down the road to Denny's where it's free all the time.  Now, the bad. The rooms were absolutely nothing special. Bring your own Keurig cups as they want $10 for FOUR Keurig cups if you open the box... I'm serious! $10! You have to pay $20 a night to get a fridge in your room, the """"view"""" room was of a parking lot (not that there's much to see that high up on Freemont Street, anyhow. The service is TERRIBLE in all the restaurants and bars in the place.  For example... my husband and I received a coupon book when we checked in for our 5 day stay, and in the book was a couple of drink coupons for a bar in the hotel/casino. We sat no less than 40 minutes waiting (AT the bar...) with the coupons (AND tip up front...) while the bartenders whizzed by us, despite us requesting politely to be served each time they went by. The service was no better in any other part of the casino bars and restaurants.  The other primary complaint? The timeshare people camped out posing as hotel staff at your elevator entrance to the hotel... You can't get away from them, and had to pass through a gauntlet of hounding every time you got off the elevators! It's harrassment, and annoying as hell.  Finally, a tip: If you get a coupon (should you stay here) for the buffet, know that it's only good for Mon-Thursday. The breakfast buffet on weekdays is relatively inexpensive, and the quality of food is good for the price. Do check it out (upstairs on the third floor).",0,1,0.50170076,0,logreg_right_neural_wrong
test_7307,"I'm rating this for their Poker Room only.  They have a $23 morning tournament for a Mixed Hold'em.  Not bad at all...your opponents are 95% seniors (they love socializing).  Payout was not bad as well (depends on how many entries).  If you came earlier and had time to spare at the same time haven't eaten breakfast yet, try the Sport's Deli by the Sports Book section.  Not bad for a breakfast sandwich there.  They also have a Loco Moco in their menu but wasn't able to try it (I didn't have enough time to do that).  Overall, I will come back here to try it again.",1,0,0.6883861,1,logreg_right_neural_wrong
test_7350,"KUNG FU KICKED TO 2 STARS     Kung Fu Restaurant broke an important rule. That rule is to NEVER EVER force your customers to leave a minute after giving them the check. Breaking this rule has consequences such as A ONE STAR REDUCTION IN A REVIEW RATING. As a result of their unprofessional action a 3.4 rating is dropped to 2.4 stars that is rounded off to 2 stars. Yikes! kind of how my brother and I also felt. In all honesty this a gentle response considering that many talented Yelper's would reward this experience with a one star rating.     Kung Fu Restaurant is located in the Las Vegas Chinatown District at the southwest corner of Valley View and Spring Mountain Boulevard. After a day in Springs Preserve suffering with a hurt left foot my brother and I decided to drive a few traffic lights South on Valley View Boulevard to Chinatown. This would be a convenient choice. Actually not really. Regardless that Kung Fu is at a major crossroads, the parking situation is atrocious. The diminutive parking spaces are more ideal for a golf cart than today's modern vehicles. I'd sacrifice my car if I left it there. So, we parked across Valley View Boulevard near Starbuck's with the intention of a post dinner coffee after. So I'd sacrifice my legs and limbs crossing a busy Valley View Boulevard.    The service started out allright. Immediately after walking inside there was a booth available (I wonder why). The waiter presented my brother and I with glasses of cold water and the menus.     Regardless that there was a large assortment of dishes to choose from, only the entree page dishes included jasmine rice. Nothing about brown or fried rice. I ordered the shrimp chop suey which was around $9.50. My taste buds say that the shrimp chop suey is 3.4 stars. In comparison to the Chinese restaurants that I have reviewed (my Chinese Restaurants list is the home of these reviews) the size of the shrimps trailed in comparison. Generally speaking, or tasting the quality from the vegetables to the sauce tasted fine. The soy sauce gave some taste to the jasmine rice.  With the shrimp chop suey and jasmine rice, I ordered hot tea. In my opinion it is nearly impossible to mess up the delicious hot tea that Chinese restaurants serve. After a few cups of the delicious green tea, I stand by my opinion. Thanks to the Yelp checkin offer, the tea was complimentary. I would of enjoyed a bowl of my beloved wonton soup,  one of my favorite foods in the world going back to my toddlerhood. But Kung Fu doesn't give any breaks with the soup. The war won ton soup is around $9. they ought to include personal portions of soup on the menu. Then again, they ought to include chopsticks on the table.     The food was good. I ate everything down to the plate including the sauce. My brother and I were talking at the time the waiter presented us with the check. Around a minute later the waiter tells us to pay because people were waiting for the booth. He wasn't giving us the stink eye and handed us our fortune cookies. Without a nasty demeanor he just rushing us out of the booth barely giving my brother and I time to split the bill.     I didn't read the fortune cookie. An appropriate fortune cookie would say something like, """"The average person tells nine other people when they are unhappy with a business where the average Yelper tells a couple thousand people when they are unhappy with a business."""" Or the fortune cookie might of said, """"You have a World of restaurants to choose from in your city."""" Or the fortune cookie could of said, """"There is nothing like competition."""" To close off this review, what I am saying is that Kung Fu rushed us out the door of their restaurant and it is a door I don't intend to open in a long time.",0,1,0.5394268,0,logreg_right_neural_wrong
test_7361,I finally found a nail salon I like! Joanne did a fill for me after a disappointing set from another salon. She was meticulous and made sure each nail was right on BOTH sides and also not too thick. This will be my new nail salon.,1,1,0.7641706,0,logreg_wrong_neural_right
test_7380,"First time @ CHANG's. Went here from recommendation. Pork shobao was good. Attentive staff and multilingual (Chinese, English and Tagalog).the congee was bland. The hargao was just ok. I would definitely come back.",1,0,0.7848074,1,logreg_right_neural_wrong
test_7428,"The beer selection is unique and delicious,  but the service sucks. Just moved into the area tried to find a new local joint and tried this place a few times. Couldn't get the time of day from bartenders on multiple occasions.  Go to PT ' S if you're looking for something in the area.",0,1,0.961582,0,logreg_right_neural_wrong
test_7435,"Who doesn't want to watch hockey in the desert? Even though the team is under .500 right now, they play hard and games are always entertaining. They played the Idaho Steelheads (I have no idea what a steelhead is) this past Thursday and Friday and both games ended in a shootout, with the teams splitting the games. There really isn't a bad seat in the house and prices are very reasonable. I had seats about 10 rows up from behind the net and they were only about $21 a piece. Kids under 2 get in for free. Not a bad family-friendly event, fights and all.",1,0,0.5194748,1,logreg_right_neural_wrong
test_7440,First I was really excited to do this. I have done the Go-karts before in other cities and loved racing my friends. I got a great Groupon deal for Fast Lap (their is a reason they need a Groupon to get business). The place is looks like an abandoned warehouse that Meth addicts hang out behind. Was going great till their employees started spinning out the other patrons. Not the best fun time to have when you can't enjoy the race when the employees are jerks and spin you out. They did this to several people. I went to Pole Position near by and the place is more upscale with better customer service and nicer facilities. Seriously don't go not worth the Groupon price.,0,1,0.7509208,0,logreg_right_neural_wrong
test_7469,"As captives of the Rio and all its sad offerings, Gaylord was one of the few things we enjoyed during a stay at this casino. We were whisked out of the smoke-laden casino area into a tastefully decorated tranquil space.   Most other eateries were packed with 30 minute waits trying to handle the overflow of a conference held here. With about an hour left to find lunch and return to the conference, we poked our heads into Gaylord.  Talk about underappreciated, the place was nearly empty, with one waiter and one busboy. We scored, with $13 lunch combinations served as a thali with rice and naan. We shared the tandoori combination and vegetable curry combination.  Very full bellies, lots of leftovers, incuding that lovely naan that we snacked on the next day. Our favorite curry was the one with spinach, peas and paneer.  But we were lucky. As mentioned before, this casino was not prepared for the overflow of hungry conference-goers. We were seated immediately and our food came quickly, sizzling hot. But just 20 minutes later there was a queue out the door, and people waiting frantically to pay their bills and get back to work.  The place couldn't handle the load with its small staff, and they had to take a lot of heat from impatient people.  Finally, they just had to close and not allow anyone else in, which is a shame because this was the best lunch option available, *especially* for that price.  The Rio seems to attract the kind of clientele that wants burgers and shakes, or buffets. So it's no surprise that Gaylord is staffed with an expectation of low patronage. But seeing how *all* the smaller restaurants in the casino seemed wholly unprepared for the streams of hungry conference attendees, I suspect Gaylord, as well as other places, should have gotten better warning by the casino management of potential increased business from the conference.  For all the harried customers and staff at Gaylord, our waiter took very good care of us, in a timely manner, even getting our leftovers wrapped up quickly and efficiently.",1,1,0.57474434,0,logreg_wrong_neural_right
test_7471,Thank goodness for this restaurant. Above average mexican food and spectacular salsa,1,1,0.7203359,0,logreg_wrong_neural_right
test_7528,"""""The original sports bar and restaurant""""? If by """"original"""" you mean old, this sports bar fits the bill. Located in a nondescript part of town off the strip, we weren't sure until we actually walked through the door whether this spot was actually still in business. Once we entered, we were confronted with a rather uncomely and smoky bar area; taking our chances, we proceeded to walk through a narrow passageway that opened into a back seating area with tables and booths. Very quiet. Strange layout, I must say.  Beer is cheap (e.g. Shiner Bock for $2.50). We happened to come in during a game, so pizzas were half off. However, we wanted to try the famous STROMBOLI, so we ordered a small original one to share ($8.49). It was pretty good! I was expecting something dry and tasteless, but the dough was soft, crisp, and perfectly baked. CHICKEN WINGS ($3.55) were cheap and decent.  Overall, having had low expectations for this dive bar, we were quite satisfied. There was an elderly couple across the room who ordered a large pizza (remember, it was 50% off). I think they only ate one piece between the two of them and packed up the rest to go. Smart idea if you don't want to cook dinner! The booth behind us consisted of a middle aged woman and her elderly mother: they enthusiastically ordered a TABLE FULL of dishes as if they were a gang of college jocks. I just saw the waitress bring them dish after dish. I think it was the mother's birthday or something. Or maybe just the daughter's annual visit. In any case, as we left, satisfied with our snack, we were somehow cheered and warmed by the memory of two grown women pigging out on some good ol' comfort food.",1,0,0.56513995,1,logreg_right_neural_wrong
test_7545,"This mall has been since as long as I've lived here in Vegas. It's been through some changes over the years, but it remains clean, up to date, safe and clean...did I say clean twice? I've seen some dumpy malls before, not here in town, but still, consider yourself lucky we have some decent mall here. No, this isn't a Fashion Show type mall and I'm glad for that. Keep your tourist dollars and ridiculous prices on the strip. This is the everyday mans (and woman's of course) mall in the burbs. Got all the stores covered, big department stores, boutiuques, food court (of course) and Spencers...what's a mall without a Spencers?! I do miss the sit down style restaurants though. Some of you may remember the old days when they had Der Baron's and a Mexican place I think was a Ricardo's. Anyway, those are gone so food choices are the food court and the obligatory pretzel stand.",1,1,0.6890942,0,logreg_wrong_neural_right
test_7600,"As a young adult, this was not the place to be in late july. Had a youth Basketball tournament going on which swamped the place. Little kids everywhere anyway.   The GOOD was that tables were $5 and I saved $100 on my car insurance.   I was also on the 17th floor, at the end of the hallway. And I get hit on by alot of prostitutes this trip for some reason. who knows.",0,1,0.68807346,0,logreg_right_neural_wrong
test_7669,"So I forgot to checkin to my SWA flight and when I did, I ended up getting B13.  My lucky number.  So hey, let's throw a quarter onto Black 13.  Guess what happens?  Yep. Double knockers.  I digress...  I'm still waiting for Harrahs to change their flagship over to Caesars.  This hotel is kinda a disgrace to use for their namesake, but I'm still a fan even though they're starting to get really stingy w/ comps and ratings.  Harrahs basically owns the East side of the strip.  I like this location because it's close enough to Venetian for conventions at the Sands or catching a shuttle to the LVCC.  Not as ghetto as IP or Flamingo, but taking the escalator next door to Palazzo is like going to Narnia.  Make sure you have your expectations in order when you come here.  It's an old, average hotel room-wise.  Mardi Gras tower has the slightly newer rooms.  Decent buffet, oyster bar...nice diamond lounge to chill in.  I do like the Improv show here.  They have random guest comedians so it's hit or miss.  But usually pretty good.  Like 6 pai gow tables here, so easy to try your luck at different spots.",1,0,0.5297475,1,logreg_right_neural_wrong
test_7689,So had lunch here with a colleague when we were passing each other going to two different conventions in Vegas. Food was good. Service was interesting. The servers were wonderful but the waitress was a little inattentive? Could of been just that it was slow and 2:30 so maybe they had cut staff. Enjoyed the lunch though and he picked up the bill! EDIT: The bread basket was great,1,0,0.6090343,1,logreg_right_neural_wrong
test_7744,"We approached Circus Circus with the sole intent of visiting the Horsearound Bar. After getting a footlong at the lovely Slots O' Fun next door, we sauntered over to Circus Circus. The first visual - a woman, bent over the divider wall right out front, hurling chunks, as her friend held her hair. When she was done, she went back inside. Classy. Go OUTSIDE to puke (lure in the patrons) and go back in when you're done. Once inside, it was as expected - full of your average state fair crowd (lowlifes, screaming kids, overweight people with fanny packs and roots.) The ceilings in here are unusually low and there is an overwhelming sense of panic as one makes his or her way through the masses. Built in 1968, I am amazed that it is still standing. Even at the time, it was considered tacky. They used to have real circus animals and one of the games was to throw balls at an elephants' privates to see if he would scream (one would win a prize.) I can't say it has improved much over the years. The facade is scary, the inside is scary...how, in the age of the Wynn, is this place still around? I mean, I love old Vegas and wish that they hadn't torn down the Stardust and the Frontier...but THIS place is beyond grotesque. Thank goodness the Horsearound Bar was open and functional when we got upstairs. That was worth paving our way up the """"midway."""" Highlight - they have a classic """"dip and dunk"""" photobooth upstairs for a mere $3!! I have looked high and low for one of these for years. They have two! If you can handle the torture that is Circus Circus, make you way upstairs for a spin on the Horsearound and a photobooth picture.",0,0,0.5440309,1,logreg_wrong_neural_right
test_7781,"We were in Las Vegas one week ago, We purchased a one day ticket for $12 each because we were wanting to get from the Wynn area down to the Luxor to pickup tickets for the show that night.  We had to walk from the Wynn down to the nearest station (that we were told was) at the Imperial Place......OMG what a long walk in 113 degree temperature.  Then the walk through the casino to get to the station.  We just missed the monorail so had to wait for the next one.....the platform is hot!  The monorail itself is beautiful, smooth, fast....perfect.  We got off at MGM (the last stop) and walked and walked and walked again.  After picking up our tickets we wanted to go back to the Wynn for the afternoon and decided to take a taxi instead of the monorail.  The taxi driver explained that the original idea was to put the monorail right down the middle of the strip but the taxi and shuttle services complained....therefore it ended up behind the hotels.  Really that is too bad because we will never use it again and it seems like it is a huge waste of money.",0,1,0.832054,0,logreg_right_neural_wrong
test_7816,"Go for the atmosphere and to hang with friends to chat over the endless house wine.  For whatever reason my friends get a kick out of eating here, so every once in a while we stop by.  During my last trip in the middle of last month, a bunch of us stopped in for dinner.    The food here is just really average.  The decor is cool and the location is really popular.  If you go, make a reservation and be ready for crowds.    I ordered the Veal Marsala and my veal wasn't the tender cuts of meat that you might expect.  Instead it was chewy.  Chewy veal?!?  Come on...    I do like drinking the endless house red wine out of the Godfather glasses, but that shouldn't be the only reason to go here.",0,1,0.5654345,0,logreg_right_neural_wrong
test_7854,"First I want to say I didn't come here by choice. It was my boyfriends fathers birthday so he chose where to eat. I haven't personally been to Hamada in forever but it was exactly how I recalled it. Big, slow, decent food, expensive.   Atmosphere: 4/5  You walk in this place and you feel like your in Japan. I liked the decor a lot of fake plants with a Japanese sand box in the middle (it was actually a rock box but I figured food + kids = dust everywhere). The lighting was very dark it helped disguised the fact they barely had anyone there. I was there about 6:30 prime dinner hours and that place was EMPTY.  Sashimi: 3/5 was delicious... fresh big chunks. They better be for the price! For an assorted boat of sashimi was $40 bucks. I basically inhaled it  Nigiri: 3/5 Great portions big fish and good amount of rice. I really liked their rice with the nigiri. It was a bit sweeter than most places.  Shrimp Tempura Boat: I'm not a fried food type of person but my boyfriends little brother loves Shrimp tempura. I can't give you a good opinion on shrimp tempura because I'm already bias on the friend part.   Teriyaki Chicken Entree: 0/5 I was so surprised how SIMPLE and HORRIBLE this dish was. I literally could've gotten better Teriyaki chicken from PANDA EXPRESS. The presentation was even horrible. A scoop of rice, teriyaki chicken, and edamame   Seaweed Salad: 0/5 What a rip off, this seaweed salad was mostly cucumber salad. They should call is cucumber salad with a dash of seaweed. What a joke..   Service: 5/5 Service was great, your waitresses are really nice and they get into character so well. Dressed in Japanese kimonos   Price: 0/5 Super expensive $$$$ for 3 1/2 people our bill came close to $300...and I was still hungry after.",0,0,0.6038618,1,logreg_wrong_neural_right
test_7859,"The MOST beautiful hotel.  Maybe ever.  Staying anywhere else just isn't as fun.  La Bette (yuck!) has been redone as Tryst, and is quite lovely.  Splurge on a cabana.  Don't miss the """"adult pool""""... it's hiding on the other side of the casino cabana, if you're lost.  Why every pool in Vegas isn't topless-optional is a complete mystery to me.",1,0,0.82828677,1,logreg_right_neural_wrong
test_7918,"what a find this place was , had the steak special thats not on the menu someone  just told me to ask for it . Really really  nice and only seven dollers we called in a few times after that .the true yorkshireman coming out of me.get it darn thee neck..",1,0,0.64321035,1,logreg_right_neural_wrong
test_7953,"check in was long even 10 at night. once through the line we got checked in by a nice friendly lady. We booked a luxury suite in the Monaco tower, the reservation was there and we were on our way up to our room in no time. Once in our room at the 22nd floor, I opened the curtain to see our breathtaking view of the 7th floor of the parking garage where I had parked my rental car. aside from the garage, my only view was into the windows of other rooms. Definitely not breathtaking. The room itself was clean, but very small. Not at all what I expected from a """"luxury suite"""" We tried to watch tv, but the remote didn't work. (dead batteries  assume) so I had to get up to change the channel, turn the volume up/down etc. This is an old run down place, it is located quite a ways from the heart of the strip, surrounded by a denny's restaurant, and a mcdonalds, I heard fire trucks and ambulances 3 different times pulling up to the place even from 22 stories up!! If you are looking for a cheap seedy place to stay, this is for you. I would hate to see what the cheaper rooms looked like. Next time in Vegas I will be getting a room elsewhere.",0,1,0.5788958,0,logreg_right_neural_wrong
test_7987,Come here if you are in Vegas with kiddos or you just an M&M's HUGE FAN. Don't come here if your purpose in VEGAS is to commit sins and to party. You will yawn while you walk through the entire place. That's what I did.,0,1,0.7282937,0,logreg_right_neural_wrong
test_7991,Probably one of the nicest afterhours place i've been to for a long long time...not the biggest place but its not all dark and dirty like the other 100000 after hour places.. ..good music...cool vibe..cept not many people really get down on the dance flooor...when i went the ratio wasn't that great either.. oh..if your lucky..you'll get to see one of the nastiest dancer i've seen for a long ass time...he's got this james brown move..and he danced with micheal jackson from 92-95..hahaha i recommend it for sure.,1,0,0.56257296,1,logreg_right_neural_wrong
test_8004,"If you have been to one Applebee's you've pretty much have been to them all.  Just your basic average chain.  I wanted a quick bite close to the Thomas and Mack so I didn't have to drive too far for my show.  I was not stepping in here to be impressed, but I actually was.  We were seated right away.  Wait staff wasn't overly friendly, which I like.  My hubby and I ordered the two for twenty deal, which is a great bargain.  We started off with the mozzarella sticks.  Most Applebee's will give you six, eight if your lucky.  We got ten and just about got filled up on them.  I got the A-1 steak burger and it was really good and they cooked it just how I ordered it.  Hubby got the double crunch shrimp and the portion was so big my mini hungry-hungry hippo could hardly finish it.  I also really liked the fries here.  They left off the nasty spice most Bee's put on there and let us choose dipping sauces for them.  If I'm in the area I will eat at this Applebee's again, this might be the only one I'll go to from now on.",1,0,0.8529506,1,logreg_right_neural_wrong
test_8054,"They switch owners like toilet paper. Food Is great, decent prices, workers are friendly and good ambiance.. Sucks that they charge for the salsa and chips now..",1,0,0.84240264,1,logreg_right_neural_wrong
test_8128,"We had visited the place during 4th July weekend. Right as we stepped in, we felt that the host was non-welcoming. The lunch buffet didn't really have enough options if you were a vegetarian. So we ordered a la carte. The curries were ordinary, and surprisingly even the breads weren't good. What we were most dissatisfied with, was their service - sloppy to say the best.",0,0,0.5458782,1,logreg_wrong_neural_right
test_8138,"Once again, it is what it is. It's Motel 6, it's not the MGM Grand right across the street. As of today (3/2/14) the room cost spiked...almost double...but it's doing that across the boards on the Strip as the result of conventions coming to town. My total stay here was 9 days. It's a glass half empty, glass half full thing. They provided what I needed. The $2.99 extra per day for WiFi is a little weird, but that's just how they do it. The room was not bad at all. The one thing I haven't seen before is fake wood / bamboo floors instead of carpet. If I were AT the MGM Grand I wouldn't walk around in the room barefoot...I've seen too many of those 20/20 black light """"investigative reports."""" But let's say you spill some water on these wood floors. Clean, clear agua. Wipe it up with a clean paper towel and it will be black. The floor LOOKS clean, but trust me. Wear slippers. Unless you're the kind of person who's not bothered by what I've just written, then go for it. Guests at the Motel range from average everyday folks too escaped inmates but this is the Vegas strip. A group of Manson family members (and I'm just guessing, but they would pass the frat hazing) bought some """"refreshments"""" at the 24 hour liquor store next door and then proceeded to get comfy under a tree with their refreshments and two pit bulls...two BIG pit bulls...that they SOMETIMES kept on their leashes. They weren't Motel guests, they were just Manson Family members (OK, """"alleged"""" Manson Family members) passing through. Was that the Motel's fault? Of course not. But it's the Vegas strip. It's not all Rod Stewart and Elton John """"residencies"""" here...walk around outside after dark (and sometimes during broad daylight) at your own risk. There is a Coco's Bakery & Restaurant next door that was a Godsend (walking distance, great """"comfort food"""" at around ten bucks a meal). Motel staff was CONSISTENTLY helpful. I'm not the most demanding guy in the world and I try to be polite to everyone but they responded promptly and professionally to any request I made...the staff is DEFINITELY a selling point of this specific Motel 6 location. There is a Rebel Gas Station & Convenience Store right across the street, great for drinks and munchies, and a McDonald's inside the MGM Grand, so you can drive to your heart's content or find anything you need within walking distance. The Motel 6 also has a small coin-operated laundry. I really liked this place. I'll be back.",1,0,0.8029707,1,logreg_right_neural_wrong
test_8139,"My two complaints - the big dead roach on my room floor & the small space in the rooms....other than that, my service was cool.  I was greeted by an old lady named Julia.  She was pleasant and the transaction was swift.  She even recognized I am military and added a discount.  I did think the $2.99 sucked for the wi-fi because almost everyone has it free, but I didn't stay in the room long anyway...after seeing the dead roach, I was a little concerned about the beds so I pulled the sheets back.  The linen appeared clean...I slept comfy...so I'd come again...I also like that they didn't do that credit card thing....I paid cash for my room....It was also a good distance from the strip...not too close, not too far.  There are stores and stuff to eat and grab and go...I would recommend this location to people passing through",1,0,0.5458358,1,logreg_right_neural_wrong
test_8154,"So, this is probably the worst Nordstrom I have ever been too. And I have been to almost all on the west coast. It is not because of lack of product or prices. Nordstrom is about top products but, first it is about customer service. I have lived in Vegas for a year and have visited this store at least 20 times hoping for a """"Nordstrom Experience"""". Only once from Jeanette in Men's sportswear and my monthly shoe shines are the times I get good service. I am just at the very least looking at getting greated once I am seen in a department instead of having to wait for salespeople to quit conversing with each other. I am from the Seattle area and I have personal shoppers still to this day help me with products. I would rather gather sku's in Vegas and have them send me product from Seattle than to shop at this store. Because I know the salespeople there will still send me a thank card, tell me about events and say hi if I am in there department. At least earn your comission somewhat; I know people in shoes earn 8-10% commission and clothes earn 5-8% comission so please do something about the service here or reread your handbooks or even the book """"Leave it Better than you Found it"""" by Bruce Nordstrom. Oh thats right this is an internal book that must be being used as a doorstop there.   @nordstrom",0,1,0.58071226,0,logreg_right_neural_wrong
test_8159,"The Best salad I've ever tasted could have and should have made my meal of it!!  The chopped Antipasto Salad full of pepperoni, pepperoncini peppers, diced tomatoes, and cucumbers!  Salad heaven!  Can't say as much for the featured Lobster Ravioli!  Bland and almost no flavor but my server was great even on a busy night.  They said it was a new dish on a trial basis I say foggedaboudit!!  Stick with your baseball size meatballs and tasty lasgana. I'll try other Bucca's since this one got me started!",1,0,0.52943146,1,logreg_right_neural_wrong
test_8170,"I don't know how to rate this.  The kid side of me wants to put 4 stars, but the adult side says 1.5/2.  Kid opinion: The big snake hanging down in the gift shop is cool.  The rain falling down and the fake thunderstorms and sparkling stars and atmosphere is neat.  And the desert with sparklers is awesome!  Adult side: The food is blah.  The alcoholic beverages were boring or too sweet.  Both: Customer service was good.",0,1,0.6642876,0,logreg_right_neural_wrong
test_8195,"Went here on Saturday night, 9:00pm, 11/16/13.  As I was in-town on business, I was alone.  There was plenty of parking for my double-cab, 8' bed, full sized truck.  Walked right in and had a table in 3 minutes.  Ambience is slightly upscale.  The men were dressed like you'd expect in the main dining room of a cruise ship.  The waitresses looked matronly, primarily because of their matronly uniform.  I guess the costume is some sort of a maid's uniform, which included a white cap.  I did not laugh to myself because they, and the rest of the establishment was indeed fairly classy.  No teenagers worked here.    I had a salad, med-rare prime rib, creamed corn, spinach, and  Yorkshire pudding.  Yorkshire pudding is a special bread that you dip your remaining au-juice and other juices off your plate with.  The salad came with a house dressing that seemed to be a mixture of catalina/tomato and french.   The dressing was light and not very thick at all.  The waiter did NOT ask me what kind of dressing I want, so that might be all there was.  but it was sooooo good!  The dinner also  came with sourdough bread and butter.  Don't let the name """"creamed corn"""" turn you off.  It's not the stuff you pour out of a can at home.  It really is very good.  Although the prim rib itself is very, very good, it really is no better than places such as The Outback and Texas Roadhouse.  So go for the ambience, or spinach, creamed corn.  If not, go somewhere cheaper.     Because of the ambience, creamed corn and spinach, I will be back!  (For sure.)",1,0,0.7932126,1,logreg_right_neural_wrong
test_8215,"I hate to be the one of unpopular opinion here, but my overall experience here wasn't that great.   Drinks were decent, amuse bouche of asparagus mousse was pretty good, and the souffles were fabulous as described.  However, neither of our entrees were good. My husband got the vegetarian crepes (the only vegetarian item on the menu) and found them pleasing at first, but overpowering after a few bites. I tasted it, too - it's like whoever created it didn't actually try to sit down and eat a whole one.  For me, the lobster was so tough and stringy that I had a difficult time cutting it with a knife. No delicious dessert can make up for that sort of problem.   Oh, I forgot, we ordered sides as well. The potato croquettes were pretty good as long as they were piping hot. Once the temperature went more toward warm, you could taste the grease, which to me is not ideal.  I'm happy to pay a premium for a great meal/service/ambience, but I expected much better from this place, especially in Vegas where competition is stiff.",0,1,0.54908544,0,logreg_right_neural_wrong
test_8224,"Ugh, I left a Review and took Pictures at this place and some how YELP has lost it or something did work the way it was supposed to but....  This place is amazing, Love the view, The food and the service. I had the entire dish in the I Phone Review now it is gone and the servers name ...UGH, Disappointing and the view.  I definitely love this place and recommend it highly.",1,0,0.6727972,1,logreg_right_neural_wrong
test_8243,I love Hampton Inn but this location is in serious need of remodeling and some deep cleaning. Musty smell everywhere.,0,1,0.7562912,0,logreg_right_neural_wrong
test_8287,"Raw, vegan food sounds scary to the uninitiated.  Nothing is cooked, no animal products are used=what the hell am I going to eat? But, do not be afraid, the raw-foodist vegans will not hurt you. You may even really, really like their food.  The menu at Go Raw resembles most american restaurants.  They have sandwiches, salads, smoothies, """"burgers,"""" etc.  The ingredients, however, are a bit different.  For example, the """"living bread"""" used for the burgers and pizzas is not really bread, and it's alive (but dehydrated -- it's not crawling around your plate).  Go Raw also does not use animal products whatsoever, so, their """"sour dream"""" ain't your grandma's sour cream (meaning no cows involved).  My go-to favorites are the Purple Burrito, purple cabbage wrapped around veggies, guacamole and and salsa. Soo tasty and healthy.  I also love the Mexicali Sampler which allows you to taste several entrees such as the Enchiladas, Mexi Toast, Flax Crax, and Mexi Wrap.   If you're looking for safe bets, try the pizzas, sandwiches, or """"burgers.""""    I may sound like a total wacko, but, whenever I eat at Go Raw, I feel totally energized for the rest of my day.  I love bloody, bloody meat but I get why the raw foodists swear by this stuff.  My only criticisms are that the food is crazy salty and the food takes forreeevvverr to get.  I realize the saltiness is probably to make up for the fact that nothing is cooked, but, damn, I drink a lot of water after eating here.  Regardless, Go Raw is great for someone looking for healthy food that is actually delicious as well.    P.S. - If you're a first timer, try the Westside location, it's, in my opinion, better than the Windmill location.",1,0,0.7412387,1,logreg_right_neural_wrong
test_8321,"To get this out quickly, the food is ohh so fried. I personally attempt to regulate my fried intake, and hush puppies will be a once in a blue moon treat. but what a treat it is.   I HATE catfish, yet somehow hush puppies has managed to convince me the devils fish is not only edible, but tasty. The meat is not at all gritty, and the batter is fantastic. you can order both fresh and farm raised catfish too!   alligator tail is also very tasty. I like me some Ali tail, and hush puppies does not disappoint. Not too chewy, and not overly battered. Fantastic.  Finally.....Sweet Potato Pie! Can't find good sweet slice outside the south, so just offering this made me happy. If you like sweet potatoes, and you like pie, you will like sweet potato pie. Makes sense right?  P.S Crab legs. Yes, crab legs. And they are generous with them. You get the good legs, not the shriveled legs from the lazy crab that never does push ups. These legs have meat on their bones....or shells, or under the shells....whatever.",1,0,0.5705607,1,logreg_right_neural_wrong
test_8325,"Normally, I would never go to a dealership for anything, but I needed a duplicate key for my Honda as it has a chip in it and required special programming. While there, I noticed that they do auto detailing. I had just bought a used Honda from a private sale, and it was filthy. I'm talking tan interior that was stained gray from years of smoking, sticky residues in all the compartments, stale smell from years of smoking weed in the car (there were weed bits all through the carpet). The engine bay had so much dirt on it that the car smelled like it was burning after even short drive. The car had not been loved. I felt like I needed biohazard wear just to sit in the seat.  For 125 bucks Honda West did a complete interior, exterior and engine bay cleaning. It came back sparkling, and smelled good without a residual chemical smell.  It looked like a whole new car. They even managed to get out some of the exterior scratches.  Definitely the best 125 bucks I've spent in awhile. My only complaint is that it was still soaking when I picked it up and I ended up with a wet bum on the drive home.",1,0,0.716219,1,logreg_right_neural_wrong
test_8361,"How disappointed I was to hear that the best restaurant in Vegas closed its doors forever.  When I ask myself, what is the best thing I've ever eaten?  I immediately answer...everything from Rosemary's.  I've purchased the Rosemary's cookbook """"Food of Love"""" and tried to duplicate some of the recipes.  A feew successfully, others, not so.  But knowing how much time, energy, and detail went into each and every one of their dishes, I completely understand why it was so amazing.  What I cannot understand is why they closed.   Until Michael and Wendy grace Las Vegas with their talents once more, I will begrudgingly patronize one of the overpriced and played out celebrity chef locations when I visit Vegas.  C'est la vie.",1,1,0.5076285,0,logreg_wrong_neural_right
test_8378,"I've been to fabulous Freddy's a few times and I'm never satisfied with the job they do. Half of the time the inside of my car doesn't look like they even wiped it down. The VIP wash isn't a VIP wash! I've said something twice to the manager and they go back through but it still doesn't look as good as it should. I bought a book of washes because they were having buy 8 get 3 free ( or something like that) before I even tried them out. I should have done a test run to see if they were good.  They are right around the corner from my house so it's very convenient. It's very frustrating that the people who work there go through the motions of cleaning it but it's not actually getting clean-- Puzzling to me!!!  I always end up coming home to clean it myself.  At least the outside, windows and vacuuming is done. I have to wipe down the inside every time.",0,1,0.6430128,0,logreg_right_neural_wrong
test_8385,"Hiddem gem!   Great food and service.   This  place is fine dining with an emphasis on service, being a new dad I'm new to this not bringing your new born to nice restuarants and honestly don't believe in that. She is going where I am going.  Staff did not skip a step, brought hot water for the bottle no dirty looks.   Thought the food was great and fairly reasonable for upscale dining.",1,0,0.5556675,1,logreg_right_neural_wrong
test_8398,"Let me start by saying....I used to be a big fan of this place. I would bring visiting friends there, recommend it to my clients from out of town as a must visit and eat, but that was years ago. When service was top notch, the portions were plentiful, and the food was great.  Now, when I receive a plate here (pulled port sandwich), I wonder what happened?  My food was absolutely tasteless, and the sweet side potato which I paid $4 (price+tax+tip)....or should I say """"my half a sweet potato"""" was clearly cut in half to add to the bottom line. It's a far cry from when they served decent portions of tasty food. It makes me wonder what other short cuts they have considered. I didn't realize there was a national shortage of sweet potato and a well dressed, cooked potato could cost me over $8 American dollars.  When I asked the Manager about the portion size, he simply stated """"that's how we do it"""".  Thank you, but no thanks!",0,1,0.696557,0,logreg_right_neural_wrong
test_8449,Best ayce sushi place I've been. Quality was great for the price point. My rating reflects that. However... I hated being hassled to finish everything on my plate before being able to place my next order. I understand they are working with slim margins due to the quality of their fish (which I applaud them for) and the Vegas market is tough for buffets but your patrons don't want to feel pressured while eating. 2-cents Thx yelp universe for letting  me rant,1,0,0.88999224,1,logreg_right_neural_wrong
test_8469,Great food! The food is really good but the hookahs suck!! We had to call the waiter over 15 times to fix our hookah and it was very unenjoyable. Maybe I would eat here in the future but I will never smoke here again.,0,0,0.89368695,1,logreg_wrong_neural_right
test_8482,"There is ALWAYS a silver lining.  I just want to say first that though Amy P.'s experience wasn't the best, you can always make lemons out if lemonade.   My bus yesterday had it worse off but ultimately had the best experience of everyone who had taken their buses earlier than me.  We arrived around 7:30am at the Info Center and the men who instructed us where to go did it in such a nice, humorous and very detailed manner that you couldn't get lost unless you didn't pay attention. After grabbing our wristbands and buying some water we headed out to our bus which acts on a first come, first serve basis.   My mom and I had decided to take the tour to Grand Canyon's South Rim and were actually the first bus to go. Everything was smooth sailing from our narrator to Hoover Dam to even our stop at Mickey D's. Everything was so pleasant until 2.5 hours into the bus ride.  Lemme tell you now that I have always had bad luck follow me, on this particular day it was supposed to rain for a start.   Our bus' computer broke down and had to be re-started; a process which took a little less than an hour yet yielded no results. One backup bus was called which later had to be moved back on it's course so the company sent another bus. The bus was going to arrive in an hour. By the time it arrived we had sat in the bus for 2.5 hours.  Everyone in the bus could have been irate and complained bitterly, but we didn't. The reason? Ryan, our amazing, superb and wonderful bus driver. Our bus driver was so calm, so collected that the mood of everyone in the bus was of great patience. He made our terrible predicament into an enjoyable time.   After we switched buses, our hero, Ryan, told us that we were going to make lemons our of lemonade. He didn't lie about that. Sure, some people were not able to make their tours, but the pink jeep and the helicopter tours cancelled all their torus all day due to the bad weather. People who had booked these tours were actually okay with that. Everyone realized that it was the bus that broke down, not the fault of a single man and the company had been punctual to dispatch another bus for us.  We got to the Grand Canyon and before we reached the first viewpoint he told the bus that since we are the last bus arriving, we get 100% visibility. Apparently the buses before who arrived on time got 0% visibility due to the rain. We got there, it was 70 degrees, sunny and the clouds were clearing over a MAJESTIC scene. It was SO WORTH IT. Everything which had led up to seeing the Grand Canyon- the commentary, the scenery, the bus breaking down; it made finally seeing the Grand Canyon the most worth it sight.   We were able to see the Grand Canyon at sunset, the most beautiful time of the day and yes, you can't beat seeing it for yourself.   Our ride back consisted of a 4-5 hour journey where pretty much everyone slept aside from the movie time. The only part I didn't like was our replacement driver, Mike who gave Ryan a break half way so he could go home. He should; it was already 12:08am and we arrived at our hotel around 1:30am. Mike was alright, but lacked the humor and patience that Ryan had. (This is probably why he drove the night bus since we're all sleeping.)   It was a crazy day. Like they say, life is about the journey, not the destination.",1,1,0.5918344,0,logreg_wrong_neural_right
test_8533,"When purchasing clothes, this place is a virtual haven for great finds, but I would not sell my used clothes here. I came here with a friend when she was cleaning out her closet. For three big bags, containing big name clothes and shoes, she received a meager amount of money. Yet then they turn around and charge three or four times as much for it. It is not because they sell it for a ridiculous price, the atrocity comes from how much they give for good quality items. It is better to just donate your clothes to a charity that gives it straight to the people. That way you can rake in some good karma.  Although I do not condone selling here, I am a fan of shopping here. There is nothing more rewarding that to find the perfect pair of vintage jeans for less than ten bucks, or a chunky cardigan in an obscure color. I know that my advice does not add up. Without people selling to this place then how would I be able to buy? Good thing not everyone heeds my advice, if they did, I would be looking to go into politics or becoming a cult leader. It is better, for the world, that not everyone follow my lead. Sometimes my own friends regret following me.",1,0,0.6858213,1,logreg_right_neural_wrong
test_8592,"The place is conveniently next to the gym. Great place if you are looking to drop off a lot of stuff I popped in one day and decided to find out how much they charged and wow.. Very cheap.  I didn't see any reviews so I only dropped off two of my dress shirts.  The gal there told me to come back the next day after 3pm.  FAST.  I came back and my shirts were clean and pressed.  Nothing wrong with any of my shirts.  I asked her if they did the pressing themselves, but they said that it was sent off to another place.  For the price, I didn't care.    Side note, they do alterations as well",1,1,0.5014283,0,logreg_wrong_neural_right
test_8661,I used to love this place but lately the spicy level is off. I order green curry spicy level 1 for delivery. It was so hot I couldn't eat it. I'd say it was spicy level 9. Very disappointed.,0,1,0.9481233,0,logreg_right_neural_wrong
test_8697,"They don't take reservation. Always first come first serve and there is always a wait. If you have something planned after , be there early !! For a party of 3 and more the wait time is normally 30min.   The food is yummy and fast. Personally I don't really like special rolls, I think Nigiri is the real sushi but the spider rolls here are really good!   When it comes to service, some servers are really good at what they doing, friendly and welcoming, however some servers are not. Some of my bestfriends mentioned that they were treated very rude last time they were there. Some of the fish didn't taste fresh but the server basically said eat it or else he would charge them extra.",1,0,0.53221333,1,logreg_right_neural_wrong
test_8698,I have been turned away twice even though there were empty seats in the restaurant.  Makes me wonder . . . I will never go back and encourage you to go to the next restaurant.,0,1,0.75075364,0,logreg_right_neural_wrong
test_8723,"went in tonight on my way home and scored two pairs of $35 sweats for $12 each, yea!!! also found a beanie for my kid for $7 not such a great deal but it does have a Nike swoosh on it and we all know that = $$$$ it was marked down from $15. this place is hit and miss but i have always been able to find a decent deal on something i wanted when i go in. check it out. the mall is kind of dumpy but they are remodeling it so hopefully one day it will be nice.",1,1,0.7588778,0,logreg_wrong_neural_right
test_8728,"They just finished my car, I have to say this is the best place to take your car in town. I called several places and they were quoting me way too much. Not only was the owner Jeff extremely honest and helpful, he told me I didn't need a lot of the things I was told I needed; I saved so much money.  It's hard finding a mechanic being a girl, but I got lucky with this place. I am extremely happy and will continue to be a customer here :D",1,0,0.50097156,1,logreg_right_neural_wrong
test_8747,"Go see Francisco and ask for the Adrianna Roll! It's not on the menu but is a specialty roll of his. He also makes a crispy jalapeno deal, ask for that. You won't be disappointed! I go there for happy hour when I don't feel like going far from home.",1,0,0.8875336,1,logreg_right_neural_wrong
test_8791,"Nice atmosphere, walked in & even though nobody could get to me  immediately, they put me in the big massage chair - so it was Alright ;-) Even though I'm male, I get pedicures which helps my feet. I actually picked this place based purely on its Yelp rating, so far that has served me well since moving to LV!",1,1,0.71101457,0,logreg_wrong_neural_right
test_8801,"I went in with my girlfriends for a fun saturday night to drink and gamble a little bit.  And I was surprised to find it truly was a very """"little bit"""".  I have never been to any place where I was told I couldn't tip.  I always tip the dealers, but then he tells me I could only bet certain amounts for him because now it's capped.  Seriously?   I don't appreciate anyone telling me what I can't and can do with my money.  Don't they see how obvious it is?  They think that if I tip less, I'll play more.  Wrong!  I'll go to Red Rock from now on.",0,1,0.5470456,0,logreg_right_neural_wrong
test_8828,Went to Paseo verde location,0,1,0.87321174,0,logreg_right_neural_wrong
test_8844,"Took my son here for """"finally"""" a haircut.  So far so good.  There was no wait at all.  Location and parking is easy.   Then comes the time when my son gets done with his haircut and his hair actually looks somewhat decent compared to how it looked before.  After leaving the place, my son shows me a longer piece of hair and what the heck, its uneven.    What is going on Supercuts?!  I gotta remember NOT to bring my kids here again.",0,0,0.72383285,1,logreg_wrong_neural_right
test_8865,"I thought I wrote about this place but when I did a search, I guess I didn't. One of my friends is in Vegas and was feeling down so I told my friend to go eat at Hikari.  What's good is that most AYCE places they will serve you nigiri only, over here you can just order just sashimi which is a hit with most girls as they get full on the rice. Selection of fish varies but there was enough variety to keep me happy.  Also unlimited soft shell crab which I really like. I really was debating on if I should be writing a report or keeping it to myself as the sushi bar gets crowded. The only reason for the deduct of one star was that the last time I went, they made a mistake and charged my credit card twice, so some other customer go a free meal. Tip - pay cash so no problems later.",1,0,0.50331366,1,logreg_right_neural_wrong
test_8893,"When I think of Big Manly Breakfasts ... the kind that John Wayne, Jimmy Hoffa, and Batman would all eat I think of the King of all Pittsburgh Greasy Spoons, Deluca's.  Don't trick yourself into thinking you are getting anything beyond the best greasy spoon breakfast you've ever had.  Your waitress may be rude and there may be odd sticky substances on your table.  Don't like it?  Fuck you, that is ambiance here!  The place is, almost always, packed to the rafters (especially at breakfast time).  You will wait for a table.  The wait staff is typically old and cantankerous.  You will hear the query """"whatta ya want, honey"""".  But the food is plentiful and out of this world.  Where else can you score a pepperoni omelette at any time of the day?  Pour some ketchup on that bad boy, order up a coke and I'm in heaven!",1,0,0.6776037,1,logreg_right_neural_wrong
test_8929,"We went here on a recent visit to Madison with our kids after riding the Polar Express train.  If you're not a fan of clowns and circus stuff surounding you at every turn, don't go here.  If you are looking for outstanding food, don't go here either.  After paging through the 30 page binder they call their menu, our table had a Chicago style hot dog, meatloaf and mashed potatoes, a cheeseburger, a reuben sandwich and some soup.......  We all said the same thing after we left, """"well that was a disappointment"""".  The kids really enjoyed themselves and ate most of their chicken tenders, I guess I haven't indoctrinated them enough yet into the belief that clowns and circus memorabilia  is evil.  Seriously, this may be a good place for desert and a quick look with the kids.  If you are looking for a great meal, keep looking.",0,0,0.5596577,1,logreg_wrong_neural_right
test_9038,"Let's be honest. Last Chance is not a place to take your date, your parents, or anyone else you're trying to show a good time. Yes, there are shoes and shirts strewn about - there are hundreds of pre-menopausal women clawing through the doors each day. No, the people there aren't always friendly - they're not trying to earn a tip from you...they're on a mission to clean up the 38,039 pairs of shoes and shirts left strewn about by said pre-menopausal women. Yes, there may be a line to the dressing room a dozen people long. Yes, there may be a checkout line 3 times longer than the dressing room line. *This isn't the place to linger with friends and admire the latest fashion - this is for die-hard bargain shoppers only.*  As far as the actual clothing goes, it's hit or miss. I've gone there many times without finding anything, but I've also left with $500 worth of clothing I paid less than $50 for. IMPORTANT: Carefully inspect everything before you buy it. Everything is sold as is, and there are no returns or exchanges - no exceptions.  Best advice? Get in, and get out. Best times are weekday mornings, though the last time I came I unexpectedly timed it just right when I thought it would be awful. I came in the early evening on a weekday, around 5:00. I had to wait over 10 minutes for a dressing room (it would have been much longer if I hadn't taken the open changing area), but once I was out there was no checkout line. The store was packed full of people, but it seemed that everyone had just arrived and wasn't ready to check out yet. If you can avoid it, DO NOT WAIT UNTIL LAST CHANCE CLOSES TO LEAVE. They will not let you keep looking around once 9pm hits, and you may have to wait in the checkout line for 30 minutes while the dozens of people in the store are pushed together all at once.  Know that everything is hit or miss at Last Chance. Some people are friendly and helpful, and some are not. Sometimes the lines are horrible, and sometimes they're quick. Sometimes you'll find incredible deals on beautiful clothing, and sometimes you won't.",1,0,0.82471794,1,logreg_right_neural_wrong
test_9065,"Ok, so I read a few of the other reviews before writing my own and I feel I have to state the following before continuing to my real review:   Disclaimer: I have never paid for food here. We always hit this place up when my family is in town and I have never seen the bill.   Sometimes the service is slow. When it's bad, it's really really bad. But when it's good, it's top notch.  I love the food here. I love the decor. I have swiped my fair share of the quality match boxes, but I'm sure I'll be swiping more before I'm done.   Limited vegetarian options, but I have always loved whatever I end up getting. The whipped yams are lovely. The drinks have the potential to knock you on your sandy ass. Desserts are big and delicious.   I recommend this place. Just have a snack on the way there.",1,1,0.8690535,0,logreg_wrong_neural_right
test_9091,"I knew it wasn't going to be the Venetian, but I didn't know that black oil-like substance would spew from the tub mid-bubble bath... No one knew what it was, and I really don't believe they ever even looked into it. I asked them to leave us a message letting us know what they found out, I was curious to know what it was that I was sitting in for a minute and I never heard about it again. Of course they offered to move us out of that room so they can fix it, but I actually had to ASK to be upgraded to a better suite. That should have been offered. No one at the front desk seemed apologetic, or even surprised, which was concerning.  They need to be a bit more thorough with their cleaning, there were body hairs in the bathroom when we were first checking into the new room. Two stars for the upgraded suite with a big whirlpool tub that I definitely appreciated.",0,1,0.63624674,0,logreg_right_neural_wrong
test_9100,"I had such an enjoyable time here that it earned them an extra star.  Okay, so it's located at the end of the strip and the surroundings take a decided turn for the worse about one intersection away.  I expected this so it wasn't a big deal, but I was worried about my gf's impression as this was her first Vegas trip.    We arrived about 10:30 pm.  The self-service lot is a lot less sketchy than some of the others we ended up using; I had no concerns parking.  Check in was painfully slow, and we were plagued by foreign tourists that had very different attitudes re: private space.  I was feeling pretty violated by the time another employee arrived.  They did not have the room I'd reserved (and prepaid for), so we were given the only other alternative, which was two queen beds and a beautiful view of the tower (and casino roof).  The room was otherwise nice enough, except that the curtains were broken and we were only able to draw the blackout curtain halfway.    I was very impressed with the professionalism and helpfulness of the staff.  However, if you're a couple and someone from the staff approaches you and asks if you're married, be prepared for a sales pitch.  This happened a few times by the escalators/Starbucks area.  Annoying.   It takes a long, long time to collect jackpots at the slots, and the entire time you're left sitting at the machine with little explanation...you can't even use the machine until it's reset.  But I'm not complaining too much...I was very happy that I managed to win that much.    We ended up giving a lot of that money back, but we had a very, very good time.  And we'll definitely be taking them up on those free nights....",1,0,0.6631402,1,logreg_right_neural_wrong
test_9104,"We went for the first time to try the infamous lunch buffet. The buffet was small, but everything on it tasted homemade and delicious. We eat at a lot of buffets, and normally the small ones end up being a waste. This was not! The service was a little slow, and it wasn't very crowded, so both of those things surprised us. The curry chicken they had on the buffet made up for most of it, and the most interesting and unique tasting hot and sour soup we have ever had. Each spoonful had a different and complex flavor. We tried to figure out what all was in it that wasn't obvious, but couldn't. We would like to come back and try ordering off the menu for dinner.",1,0,0.7559312,1,logreg_right_neural_wrong
test_9169,"Of course we tried it, for the name associated with it, however we were not impressed with the food.  We had a light lunch at the bar, service was good, the decor is very attractive and chic.    We were actually going there for lunch and decided on going light after viewing the menu and the prices,  The menu was not the most inventive for their few choices and the prices were a bit rich for our blood, for a casino lunch.  We had already ordered drinks, my hubby a coke and myself a glass of Chardonnay.  He had the New England clam chowder and I had the crab dip.    We were not impressed at all and still walked out paying too much money!  Emeril, I love you baby but the BAM factor was not here.",0,1,0.6423395,0,logreg_right_neural_wrong
test_9254,"His cooking was bold, spicy and has a Mexican flare.  What else would expect from a 4th generation Irishman?  I have my doubts too.  Does this this leprechaun know how to throwdown some mexican flavor in the kitchen?    read more here: http://www.bougiefood.com/?p=323",0,1,0.61919856,0,logreg_right_neural_wrong
test_9292,Ridicious grease. Too many french fries. Bring an appetite!!  I'd much rather eat at Uncle Sam's!,0,1,0.6442599,0,logreg_right_neural_wrong
test_9297,Food is really good and drinks also. It is a first time I had food on Pa. Prices also not bad. I heard they have couple locations here. I wish they were in MD,1,0,0.92238086,1,logreg_right_neural_wrong
test_9298,"Star of India is only good if you go to CMU and if you don't feel like going to India Garden or a better Indian restaurant further away from campus. They do have some good naan but the service is slow and not very good. The food is also not very good. The lamb vindaloo is the only thing that I'll eat there. The chicken tikka masaala has way too much butter and cream in it.   When it comes to the spiciness of food, a 6 is extremely spicy. And I do like my curry spicy. Overall, don't go here unless you can't go to India Garden.",0,1,0.5315549,0,logreg_right_neural_wrong
test_9340,It was Laosy.,0,1,0.51428366,0,logreg_right_neural_wrong
test_9342,"I had a good idea of what to expect, having had Laotian cuisine maybe once or twice in the past. I can't comment on the restaurant itself because my friend and I had our meals delivered. Upon its arrival (on time, btw), I realized there were two things I was not expecting:  1) The portion size. $11.50 gets you a LOT of food, more than a petite person can finish by herself in one sitting. You're looking at about two meals counting the rice.  2) The quality. My gut told me to order Tofu in Peanut Sauce with the lowest level of spiciness. My gut, as usual, did not steer me wrong.  I regret that I wasn't able to take the leftovers with me (long drive home with no insulated bag), but the memory of that sweet and delicious food will live on!",1,0,0.60833603,1,logreg_right_neural_wrong
test_9380,"Scones are outrageously good. So is the SCC. They have recently been experimenting with not calling your name out, which is a nice change, makes it quieter.",1,1,0.5886575,0,logreg_wrong_neural_right
test_9408,"New ownership, sign states they won't honor gift certificates issued by prior owner. (Am writing this review on iPhone.) Great location. You can tell authenticity with the details, e.g., beautiful sushi platter presentation, printed thick paper napkin, personalized printed chopstick wrap. Had the salmon lover sushi platter, got 8 pieces for about $15, served with miso and salad. For this price, I expected 12 pieces. But I guess the close proximity to the University and Capitol justifies the what seems to be downtown Chicago price points. Both salmon and sushi were freshly made. Salmon was tender, not  chewy. Except for price points, I would have given 5 stars. Would definitely come back and recommend.",1,0,0.55250514,1,logreg_right_neural_wrong
test_9424,$17.50 for one cheeseburger with bacon split into 2.   Need I say more? I think not. The waffle fries were very good that came with the burger and the bartender was very friendly. The bottom line is this place is very expensive.  Also the price of a single beer was $7.50. That is insane.,0,0,0.7316481,1,logreg_wrong_neural_right
test_9426,"Just checked out of this hell-hole hotel. Don't blame the staff for this mess, however...they were both friendly and helpful. The problem is that this place reeks of cheap. Yes there's a pricey Kartell Ghost Chair here and there, but other than that the negative reviews people have mentioned about the run-down conditions of this place are true. Think IKEA meets Howard Johnson's and you've got the idea.  They did upgrade us from our $300 king pool view room to an apartment...an enormous space with a separate living room, dining room, and three private terraces. But that only meant there was three times as much that needed to be gutted and re-done. Shame on you, Morgans Hotel Group, for misrepresenting this property. Next time I'll be staying at the Sanctuary at Camelback.",0,0,0.6806905,1,logreg_wrong_neural_right
test_9453,"The story you are about to read is true.  1:42 am, Christmas 2008, my wife an I arrive at The Orleans in preparation for my wake. I am celebrating the passing of my 30's as I move to a more seasoned 40th year. In classic Vegas style, I plan on a lot of drinking in my final days.  We check in with a very nice young lady and get our keys on the 17th floor. As we pass through the casino we see die hard nickel players and aging blue hairs with their long ashes defying gravity as they extend from their thin lips.  The biggest difference between The Orleans and some of the higher priced casinos on the strip is the air handlers. I once read that the Mandalay Bay casino changes and filters the complete volume of air in the Casino six times every hour. For the Orleans, the air is redolent with smoke and cheap air freshener.  One note - if you check in this late, be prepared for a death march to your room. They issue rooms closest to the elevators first, this late and you will pass by nearly every room on your wing before arriving.  The decor is fairly nice, there was a small window in the shower that you could open to the outside. Not too desirable in the summer when temperatures stay in the 100's even in the wee hours of the morning.  This casino is not walking distance from any other (outside of the Irish Bar where I was heading) It also has a bowling alley, movie theaters, several restaurants, and of course gaming. They serve Pepsi almost everywhere although Coke fans can get a fix inside the Friday's restaurant in the casino.  Not too expensive - not too fresh. This is old Vegas, the way it used to be.",0,0,0.5329801,1,logreg_wrong_neural_right
test_9508,"With ever trip to Vegas, I've marveled at how gorgeous Bellagio looked from the outside.  On my last Vegas trip, I finally stayed here as a hotel guest and I was disappointed at the room cleanliness and hotel staff service.  With any 5-star hotels, the service at the check-in is crucial because it is the first impression (based on interaction) guests get of the hotel staff.  I felt like I was checking into a Holiday Inn; it was very casual and unimportant.    When I got into the hotel room, there was a red stain on one of the blankets and so they came up to remove it from the room and said that they will replace it tomorrow (why the wait? I have no idea).  It took 3 staff members to take the blanket away and they didn't address the concern of cleanliness at all.  I gotta say that I'm surprised to see this listed as one of the 5-star hotels because it is only a 4-star in my book.  The rates at Bellagio are not competitive with other hotels with similar amenities and class, so I wouldn't choose to stay here again.  For a much better experience, I would recommend the Palazzo, Wynn or Encore resorts.",0,0,0.68280995,1,logreg_wrong_neural_right
test_9560,"I booked two nights through LivingSocial for only $56 (no resort fees) for Easter weekend and also spring break week for most college students. most hotels started out in the $100s (some with resort fees) for the days I wanted to book.  The hotel wasn't bad at all like what other people have reviewed here. Maybe I got lucky?  Our room was located in Central Tower and my only complaint would be that we chose the room next to the elevator since it was the only non-smoking and King size bed they had. You can hear the elevator from your room going up and down, though it wasn't loud enough to keep me awake at night.  The rooms actually looked like the pictures we saw online and it was clean and nicely arranged.  The hotel is conveniently connected to the monorail, so despite this hotel not being near the center of the strip, the monorail took care of that.  If I were to visit Vegas again I would definitely stay at LVH if there was another good deal like the one I got from LivingSocial.",1,0,0.53675294,1,logreg_right_neural_wrong
test_9563,"Like a hotel & casino that doesn't smell overwhelmingly like cigarettes and air freshener? then stay at the LVH! Walk through the casino floor without wanting to vomit.   Stayed here recently and I'm glad I did. I walked through a lot of hotel casino's of around the same price range and all the other places reeked!!! Its nauseating how disgusting the other places smelled! and they looked drab, old and sad! But the LVH looked fresh, spacious, clean, modern!   It's about a mile walk to the main main area of the strip! but as a New Yorker 1 mile is nothing! so my chum and i walked back and forth constantly. But if you want to walk from the hotel and walk the whole strip to the end that is 3.5 miles while we also walked a couple of times! Taxi's are available everywhere for those too tipsy to walk back. Surprisingly the taxi's were very affordable unlike everything else in Las Vegas.  Anyway, the hotel is pretty huge! they have 5 wings I believe. I was in the central wing and i was in a standard king room. King bed, tv, drapes that open and close with a switch, a whirlpool tub that felt amazing! and it was pretty spacious. I loved having the room all to myself! I didn't feel unsafe at all in this hotel. If you can ask for room 2349! you wont regret it.  There's loads of restaurants in the hotel. Oh, a huge plus is that if you choose NOT to have your room cleaned in the morning then they give you a 9 dollar voucher that you can use in any restaurant/cafe in the building. I used it for breakfast and ate for free! So that's a nice option to have because who really needs their room cleaned every morning anyway? I certainly don't!   you get free wifi for one device if you pay the resort fee which i believe everyone pays at check in.   so, i recommend this hotel. BUT if you're not used to walking a lot and don't want to spend money on taxi's back and forth then don't stay here. but, for those who don't mind spending money, or walking then choose this gem! It's not a party hotel. There are no clubs here which can also be nice because you can leave the party outside and come back to a nice safe, quiet hotel.",1,0,0.54180074,1,logreg_right_neural_wrong
test_9567,"I would like to amend my review, since i wrote it from the first of two rooms that i stayed in at the LVH. My wife and daughter came from los angeles halfway into this business trip since she has family in the henderson area. I realized i couldn't expect my wife and child to stay in this room, so i went downstairs and asked if i could upgrade my room. When they answered that i was already in an upgraded room, i briefly died from choking back laughter, and then asked to be upgraded to a suite, which was an extra 55 dollars a night, and this was the experience:  There's no fridge, there was one in the cheaper room. The emergency exit sign is a laminated sheet of printer paper literally screwed into the wall. There appears to have been a shootout at some point in history based on the location of several large carpet stains located at the door, sliding window, corner, and foot of the bed. I thought someone was jackhammering outside the room until i found that the noise was coming from the air conditioner. The 3"""" of dust covering the air filter did little to dampen the sound. The shower was awesome, huge and had like 14 shower heads, which dispense either an arctic ice blast or hot magma straight from the center of the earth at your choosing. I left an expensive photo tripod in the room, on the middle of the bed, but the hotel and the lost and found never found it.  The staff were still helpful and friendly, and one of them now has a very nice tripod.",0,1,0.5325111,0,logreg_right_neural_wrong
test_9579,"Excellent rooms (especially if you are comped!).  Plenty of space, even in the bathrooms for 2 people to get ready for a night out.  Beds were comfy.  On a business trip I would pay $150-180 for a room like this with the location.  Gambling wise, it is pretty much the same as the rest of the strip.  In my book that means expensive.  I  know I'm not a big spender, but I take about $3-400 for my bankroll for a trip, and I like a $5 craps table or a $5 black jack table so I can make the fun last.  For gambling I recommend going downtown.  The food seems to have gone down a bit.  When we came in April the buffet was great.  Now it seems just about average, although it did look like they were having an off night, and there didn't appear to be a manager on duty.",1,1,0.5694816,0,logreg_wrong_neural_right
test_9612,"NISHisHOT doesn't take shit from NOBODY.  NO body.  Especially at restaurants.  So if you want to offer a ginger infused lychee martini.  And it tastes like the vodka that comes straight out of my freezer.  Well . . .   It SUCKS.  It gets it's ass sent back to the kitchen.   And if you want to offer Mackerel on your sushi menu that's as stale as the Talk Threads on Yelp.  Well . . .   It's UNACCEPTABLE.  It gets it's ass sent back to the kitchen.  But if you offer. . . tiradito and lobster and oysters and sashimi and black cod and lions and tigers and a baby gorilla (it's Vegas, baby.  Vegas) . . .   that break-dances on your tastebuds and plays the drumline on your tonsils.     Well . . . It gets it's ass sent to my dancing buddha belly.  Happy buddha belly.  5 Stars.  A couple mishaps that got sent back to the kitchen and off the check.   But the other food more than made up for it.  Including the baby gorilla.  And the excellent, good looking service.  And about that check.  Well.  Shocking.  Stabbing.  No that's not my heart.  It's my wallet exploding.  So  . . . 5 Stars to my boyfriend for always knowing that I'm always better at being a drama mamma than ever paying for dinner.    (Okay!  So I had to wash his underwear for a month.  It's Vegas, baby.  Vegas)  NISHisHOT doesn't take shit from NOBODY.",1,0,0.7307564,1,logreg_right_neural_wrong
test_9632,"We stayed here, five people in one room. We drove in the middle of the night and arrived at 9:30AM in Las Vegas. We decided to try to check in early. They did have a room ready for us, actually upgraded to a higher floor that overlooked the strip AND took $50 off the bill. Not quite sure why, but hey, we're not going to argue.  The room was clean, didn't smell like smoke (even though some hotels say the rooms are non-smoking, they still smell). The house keeping cleaned up well everyday. The beds were comfy and the bathroom fit two of us at a time for getting ready.   Yes, you could hear groups of people when they walked by...but it didn't wake us up or anything. The room served the purpose -- we slept, we pre-gamed, we got ready to go to the clubs.   The parking garage was close...make sure you park on level 2, then you don't have to ride the elevator or climb the stairs to get to the casino entrance.   The food court is really what sold our group. Starbucks, Subway, Rubio's. Sbarro, McDonalds. We ate here at least once per day. Real savings on food, if you're not looking to spend a lot at hotel restaurants.   It was too cold to go swimming, so we didn't see the pool. But we are fans of this hotel and will probably stay again. You can't beat the price.",1,0,0.59614056,1,logreg_right_neural_wrong
test_9650,"After staying here for 4 nights Wed-Sun, I have to say this place isn't half bad. Rooms were expected, not completely luxurious but not your basic hotel room.  Prices were reasonable for the rooms, I booked two adjoining two queen bed rooms and it still ended up being barely more than just 1 room at a more upscale hotel such as The Mirage or MGM.  The pool is awesome. Lazy river, wave pool and a volleyball court. Casino isn't crazy big and just the right size. Game options are good, plenty to choose from. They have a food court with a good amount of options. Id avoid it though cause they literally rape you with the prices there. $10 for a $5 subway footlong?! I'll walk a bit more and grab something cheaper and better.  Location isn't bad either, it's at the beginning/middle of the strip. It's convenient that there's a CVS right in front of the hotel and tons of places to eat within the vicinity.  Overall if you're on a budget and don't need anything overly luxurious I would recommend this hotel.",1,0,0.5016347,1,logreg_right_neural_wrong
test_9657,"I wonder if all the cuts they are making in Vegas to stay profitable are also affecting the shows. This is the least impressive Cirque show and not worth the ticket price. Also, compared to similar """"sexy"""" shows in Europe, this is MILD! It's all like a glorified cabaret show, with some artsy fartsy thrown in: rip-off. I agree the best act was the water-bowl asian lesbian piece. As a gay man, I would have liked at least a hint of man on man action.",0,1,0.51806366,0,logreg_right_neural_wrong
test_9662,"This is the third Cirque show that I have been to. It is way different than the others. The show was very risque. If you go, be prepared for nudity, adult language and heavy sexual content. The show covers all sexual orientations and several fetishes. So if you have a hard time with that, I wouldn't recommend that you go. We made the mistake of sitting in the third row but luckily, we were safe and did not get picked for a bit. Don't know how we would of handled that. The acrobatics were incredible and it was a beautifully staged show.",1,1,0.95587873,0,logreg_wrong_neural_right
test_9666,"Reading the bad reviews for Zumanity made me want to right a great review.  I would gladly go see this show again, even though I know everything that will happen.  We went on our honeymoon and that show was a ridiculous amount of fun!  The performers are also extremely gracious.  If you are offended by tits, dildos, huge packages, fake fabric penises, etc.--just don't go.  Of COURSE there was crude humor.  It was raunchy!  AND FUN!  The costumes were great, the humor kept us laughing, and the acts were great!  Props to the fishbowl girls who didn't bust their faces open on the glass.  I was literally terrified that they would!  But Cirque du Soleil performers are amazeballs--end of story.  Go.  It's not a waste of money.  If you don't believe me, buy from the half-price ticket booth set up near New York New York.",1,1,0.6265838,0,logreg_wrong_neural_right
test_9684,"I feel bad having to give the Venetian only 2 stars.  The hotel was amazing.  The rooms beautiful, clean and comfortable.  The service was top-notch.  BUT...the scent they pump through this hotel is so overpowering you can literally taste it.  I asked the front desk if a perfume bottle broke or something and they proudly told me it was their signature scent, """"Seduction"""" (translation=cheap old lady perfume).  It is pumped through the air ducts.  Knowing what we do now about chemical fragrance products being toxic ...I can't believe they continue to do this.  It's in all parts of the hotel, even the restaurants.  When I left the hotel my hair even smelled like it.  :(    I really did love the Venetian, but this made me not want to spend my time there or come back.",0,1,0.7385682,0,logreg_right_neural_wrong
test_9710,"Usually I am not a big stickler for customer service.  It can be there or not as long as the goods are delivered, I am happy.  Customer service, although not required is definitely appreciated and noted to make a world of difference.  Allow me to relay my adventure the first night in Sin City. . . .  There were six of us, all beautiful girls, enjoying ourselves.  We went out to dinner, we enjoyed a show, we got dolled up and we were ready for some dancing action.  Being a group of beautiful girls, all we had to do to was show a little leg to get into the hottest clubs on the strip.  I got lost in the music, dancing and alcohol for hours before I realized that I was missing something essential in my small dancing purse.  Dude where's my wallet and phone?!?!  Snapped out of my intoxicated haze, I patrolled the club and harrassed security with no luck.  With nothing left to do, I returned to the Venetian tired and defeated.  My exhausted group decided to go back to the room while I inquire at the front desk about a business center.  I am a responsible mature young lady; I needed to notify my five credit/debit cards that my wallet was missing.  The front desk lady, whose name I did not catch, was Caucasian with medium long hair, tall, thin and working the hours between 3-4 am deserves an award and to be recognized.  When I told her of my misfortune, she not only found all five customer service numbers on her computer, dialed the numbers for me and waited patiently as I struggled to talk to ppl who may not reside in the country.  Once I had my card situation figured out, I had the audacity to ask if she can call long distance to my boyfriend so I can let him know that I am unavailable. . lost phone and all.  There could never be a more appreciative drunken fool to have stumbled through the Venetian than me that night.  Yes the Venetian is a beautiful facility with great rooms and a central location on the strip, but it is that lady who has earned my loyalty.  A word about the room. . . We stayed in the Rialto suite - two full size beds, pull out sectional, two TVs.  The bathroom is large, separate shower and bath tub and private room for toilet.   Don't worry, some extremely good samaritan turned in my phone/wallet to security with ID, cash and credit card intact.  The rest of my trip was salvaged and there are now permanent indentations on my phone/wallet from my death grip.",1,0,0.67708707,1,logreg_right_neural_wrong
test_9722,This place is all about the hotel and the shops.  It's a great place to visit and have fun.  They are more expensive than a lot of the other casinos.  The Bourbon Room (bar) is a total rip off.  Don't order a beer or a drink there.  You'll pay more than you think.,1,0,0.68736696,1,logreg_right_neural_wrong
test_9731,"let me bust one..... It was cool! i'll keep it short and sweet, not like MGM where it stank and reeked. the room was roomy and the bathroom was small, i didn't smell the cigarette smells at all. the mirage, yup i'd stay there again. and i'll even recommend it to a friend. burppp, haahaa, burppp, burppp!  thank you all for coming out! god bless good nite!",1,0,0.59257287,1,logreg_right_neural_wrong
test_9754,"YOUR MILEAGE MAY VARY.  lately this place seems to go in either extreme- feast or famine. sometimes, the food is absolutely incredible and everything is jusssssst right. othertimes, it just falls flat on its face. in all fairness, it's a really large restaurant and i suppose it's inevitable for some things to get lost in the cracks here and there. still, the first 3-4 times i ate here, everything was flawless... so i know what it could be.",1,1,0.89881045,0,logreg_wrong_neural_right
test_9790,Rofl good lord this place...why did I pay $40 to come here?  :/  Probably because the bf and others wanted to...  Super dark and super crowded.,0,1,0.668918,0,logreg_right_neural_wrong
test_9791,"This isn't going to be much of a review because there isnt much to say... I don't want to act like I DONT frequent these types of estabishments - but for you people who know what a typical one is like then I have no problem with saying that this place is heaven.  Theres not need to be scared... they wont bite you, without a private room.   I wish I could give more stars, as I've already given enough money to them. There must be at least 5 girls there that I've funded their entire college tuition.  Your welcome ladies.  10 out of 5 stars...  ...and thats all I have to say, about that.",1,0,0.8637949,1,logreg_right_neural_wrong
test_9804,"Overall will recommend to anyone and will stay again, I will only list my complaints here. We got 3 nights comped, and were hoping to get our 4th night comped, but apparently the comp process is just too complicated for us to understand. No fridge, microwave, or coffeepot in the """"deluxe"""" room, you have to upgrade to a celebrity spa suite if you want a fridge (we didn't because we wanted two separate beds). The biggest complaint is that the TAXI STAND TAKES FOREVER. We waited in line at least 15 minutes every single time we took a taxi out of this place, and the doorman only brought up one taxi at a time, which I assume is because he was trying to get tips by opening up the taxi doors for the patrons. That was the only bad part. Overall this is my favorite casino in Vegas. Oh btw the lobby smells like roses. I love this.",1,1,0.68111366,0,logreg_wrong_neural_right
test_9827,"Update:  We went back to MGM after their renovation.  This time we stayed in the West Wing.  After our amazing experience the first time, my wife and I were less than impressed with the West Wing rooms.  They're pretty small and far away.  Definitely the """"low rent district"""" rooms.  Our room had a broken lamp, stains on the carpet, and stains (maybe paint?) on the comforter and sheets.  We'll might stay here again because the service is great.  If we do, we'll avoid the West Wing rooms.",1,1,0.55166537,0,logreg_wrong_neural_right
test_9859,go here everytime......,1,0,0.6902703,1,logreg_right_neural_wrong
test_9862,Super smokey inside. The day bartender has real attitude. Not all good. Friendly crowd.,0,1,0.5184123,0,logreg_right_neural_wrong
test_9890,"This Place has changed since a long time ago. Early check in, clean hotel, free champagne, """"ok room"""" and ok price, though the resort fee sucks. By no means a 5 star hotel, but the vaue and complete package is a 4 star, with easy walking distance to mall and the wynn.",1,0,0.8640824,1,logreg_right_neural_wrong
test_9928,"You get what you pay for. One star for location, one star for price.  Those are the only positives. The line for our elevators were always insane (we stayed in tower 5, don't know if that makes a difference). At one point security actually had to escort us to a secret elevator because the line was getting too out of hand.  The other huge complaint is the insane music blasting until 3 or 4 in the morning. Seriously, what the hell? It was coming from a bar or a club or something, but can't they pop some Pink Panther in the walls for us?  If you need somewhere cheap to stay and don't plan on being in your room very often, this isn't a bad deal. But if you've got an extra 20 to 50 bucks a night to spend, you're better off forking it over.",0,1,0.73380923,0,logreg_right_neural_wrong
test_9946,"Overall, a great restaurant! Not too overpriced- of course price will depend on your hunger, pocket and taste. This is perhaps the only restaurant that allows you to sit outside & view the beautiful Bellagio Musical Fountain show (every 15 minutes or so), while enjoying fine gourmet French-American cuisine.  I'd give it 5 stars, except for the following few reasons: 1. it is slightly on the noisy side (being on the busy 10-lane Las Vegas Blvd S) 2. It takes more than an hour to get seated outside, due to the popularity. 3. Some of the waiters are not very friendly or personable. Especially this one guy called Kareem: he is too moody for a waiter at a French restaurant. And unpredictable... He snapped at me in a very unkind way for simply telling him we're ready to order """"why- are you in a hurry?"""" No, I am not in a hurry, but we waited over 80 minutes to sit here! """"Well I have so many customers before you"""". I guess you must be overworked, Kareem- but it is none of my business. As far as I am concerned, you still need to treat me as a valued customer! I don't deserve to be given attitude in front of my lady. At a restaurant that costs $60 or more per person...  Other than that... highly recommended!  Our favorites here are: - Escargots Bernaise - Warm baguette bread - Delicious """"Market Salad"""" with fresh tomatoes - Belgian Endive Salad (with blue cheese and pears). - Steak au Poivre (peppercorn wine sauce)- prepared medium - Red wine from Burgundy (around $7.50 per glass) sorry cannot recall the name :) - goes so well with the meat! - Creme Brulee - amazing - Tarte Tatin - apple & cinnamon- but ummm, so yummy, so warm, so sensual. Not your average apple cobbler!",1,0,0.5634242,1,logreg_right_neural_wrong
test_9952,"This establishment is located in the Paris hotel, across from Bellagio. High volume is during the weekends for dinner. PLEASE try to make a reservation during the times of Christmas, NYE, and Valentines Day season. It will be very hard to get a walk-in. There is also many sections of the restaurant to be seated at. First room is the wine room, which is midly dark. Chose this room if you are there for drinks or for 'intimate' time. One problem is that it is near the front where people are walking in and out constantly. There is outside seating available, which faces the strip and Bellagio fountains. It is both good and bad, since some annoying tourist might bother you while you are eating. But the fountain show is wonderful to watch while outside. There is also a room that is inside but right behind the patio, so you get all the ambiance of the patio but you are technically inside.  I believe I have eaten here four times.   The first time was with a friend for lunch and both the food and service were excellent. We were walk-ins on a Saturday during lunch. We were seated outside facing the bellagio fountains, which was beautiful.  I had clam soup, brie & garlic, Shrimp Gabi and escargot. We also ordered the Pinot Gris, which was excellent with the meal. The price was reasonable for the quantity and quality of food we had (the bill came to about $120US). Everything was flavorful and fresh. Based on this meal alone, we would highly recommend this restaurant.  Second & third time was with my friends (who are yelpers as well). The third time, we sat in the room behind the patio (since it was hot outside).  I basically ordered all the same things from the first visit and it tasted just as good. These times, were had ordered dessert, which was a vanilla type of milkshake. It was incredible.   Fourth time, I will say I was disappointed in both the food and service. Perhaps cause one of the individuals with us was a friend of the assistant manager, and it seemed that we were being ignored or just not waited on as well as others there. The service at lunch was erratic and inattentive though the restaurant was not that busy than it had been at any of my previous meals. I wanted to try their Quiche and was not impressed. It was dry with very little flavor, and bland.  My boyfriend's meal was no better, which I believe was a steak of some kind. It was pretty dry. Even though we did not pay for this meal, the value was not nearly as good as the value the past few times.   From my experience I would still highly recommend the restaurant. I have been to more expensive French restaurants and this place is honestly great for the price. Just do not be discouraged from one bad meal. I would say that  is a great ratio.",1,1,0.5833614,0,logreg_wrong_neural_right
test_9955,"The food was well priced for what we got.  I think the service was above average but not stellar, probably what kept me from giving it 5 stars.",1,0,0.93006814,1,logreg_right_neural_wrong
test_9993,"Went here a few months ago for a last-minute fancy Friday. We had a reservation but still had to wait at least half an hour before being seated, which got everyone in my party a little grumpy. However, once we got inside, the atmosphere made it a little better. The waiter was attentive and helpful without being overbearing, which is a plus.  Our table of four had an order of escargot since half of us had never tried it before. They were iffy about it and could not get used to the taste but the two of us who had escargot before loved it. It was well-seasoned and not too chewy. My friend's steak frites classique was a bit dry but not too bad, just not our favorite I suppose. I had the vegetable pot au feu, which was pretty much amazing and well-worth the price. I would definitely order it again, but will probably try something new next time I go.",1,0,0.5099598,1,logreg_right_neural_wrong
test_9994,"Always a guaranteed great meal in Vegas. Ambience, location, and such tasty food. I've only been here a few times, but I am never disappointed. To keep from the monotony of everyone else's reviews, here are my top three:  1) warm brie. 2) escargot. 3) mussels.  If you decide nothing else, decide on those three.",1,0,0.571486,1,logreg_right_neural_wrong
test_10043,"The Peppermill defies description.  Refined tackiness.  Utterly Craptastic.  Could it be that a Flamingo exploded in this place to give it the outragious pink hues?  All kidding aside, the best thing about this restaurant is the decor.  It screams cheesiness and vintage Vegas, with its faux neon lights and the veritable faux forest.  When was the last time you saw a deciduous tree in the middle of the desert?  I love the decor, and make sure that I always step into the lounge, open 24 hours a day, to see the fire and water fountain as well as the cocktail servers in the evening gowns split up to...here.  Now to the substance.  Peppermill is an institution.  It has been around seeming forever, and had a scene from """"Casino"""" filmed there with Sharon Stone.  The food is average, at best.  It is also overpriced.  The place is best on its breakfast foods, in my humble opinion.  The omelets are huge, but again, overpriced.  The appetizer sampler platter is good, but overpriced.  Oddly enough, the onion rings on the appetizer platter are different than the onion rings as a side item.  I recommend this place for drinks in the lounge, and for breakfast on the weekends if you are staying on the Strip.  The place, while overpriced, is still cheaper than the buffet.  And more fun.  Are you noticing a trend here?  I will hit you over the head with it one more time...overpriced.",0,0,0.72109246,1,logreg_wrong_neural_right
test_10077,"I have never in my life been to a hotel that will charge you for every little extra you can imagine.  $15 a day for internet/wi-fi access and $10 a day for access to the gym.  If you are on vacation for 4 days, do the math, it adds up quick.  And you pretty much need wi-fi access because neither me nor my wife could get a cell phone reception in our room even though we had windows facing outside.  Wait a year and pretty soon they will charge you for towels, the pool, and cleaning your room.  Oh, and this was our honeymoon, which the hotel did NOTHING special or comp'd us anything on our special occasion.",0,1,0.63754106,0,logreg_right_neural_wrong
test_10098,"Oh man! What a disappoint. The lunch buffet really needs a visit from Chris Angel because it's in need of a magic show, make this food disappear!",0,1,0.6408266,0,logreg_right_neural_wrong
test_10099,"My friends and I stayed at Flamingo hotel at their Fab Deluxe Double Queen room. It was a good deal, two nights coming out to about $250 for 2 queen beds. My two friends had stayed at Flamingo hotel before and recommended it because it was a good deal for how much you pay. I was skeptical at first, because Flamingo has been around for a while (compared to the other hotels on the strip), but I decided to give it a try, and with two couples, $250 was a steal!   While reading the website, it stated that the room was newly remodeled. My friend was telling me how their bathrooms were really nice and had a tv inside. When we arrived, all we saw that was remodeled was the floor. The beds and bathroom felt like I was staying at a motel! It turns out she was talking about the Go Deluxe! We were coming from LA after work, so we were too tired to ask the front desk if we could switch rooms and we decided to stay at the Fab Deluxe Double Queen.   Their bed was mediocre. Their blanket was hardly a blanket. It was a flat sheet with a  cheaper feeling fleece blanket. I think the blankets also made me a little itchy =[   The bathroom was really small! The last time I had a bathroom that small was when I went snowboarding in Mammoth and we stayed at a motel! The shower was very strong and was hurting my back =[  For what we paid, it definitely was what we got. I probably would not come back to this particular room. I would definitely book the Go Deluxe next time to see the upgrades. In terms of a Vegas room, it is definitely what I would anticipate if I was heading to Vegas. So many other hotels with great quality but you definitely would have to pay more for the rooms.   For this price, I would rather take my money to MGM. Flamingo made MGM feel like a 5 star resort when I usually think of MGM as one of the lower quality hotels compared to Venetian, Cosmopolitan and Aria.",0,1,0.51350075,0,logreg_right_neural_wrong
test_10117,"My fourth time in Vegas we stayed at the Luxor.   Probably wasn't such a good thing that the third time we were at the Venetian because the standard had been set pretty high.  Really though we weren't looking for a total Vegas experience.  My boyfriend was there for work and we kind of just planned to chill.   In the 110 degree sun we spent time at the pool and I was busy looking for shade because there is no way you can drink vodka and grapefruit juice slathered in oil baking under a sub-Saharan sun.  The pool was very packed and I was a little surprised because there are such nice pools nearby, like Mandalay Bay.  But it was convenient and apparently a popular weekend to be in Vegas.    As I lay in the shade scanning the complementary Vegas magazine I can't help but look at everybody, I'm looking at their bodies and their state of intoxication.  I'm wondering how much time they spend at the gym, what Midwest state they are from and if the couple making out on the side of the pool are on ecstacy. I am wearing dark sunglasses so for all these people know I could be asleep and am not staring at their breasts. I look back at my magazine when the ladies who are sitting directly across from me return with their aluminum bottles of Bud Light.  One of them has a fresh looking tattoo and I squint to try to make out the words and as I stare and squint I see that it says in curly lettering """"Brad's Bitch.""""  Did she have a crazy drunken night or what?  I then thought that there is no way someone would really tattoo that on themselves but then I thought, maybe someone actually would. Some guys came by their chairs and one of them posed for a picture next to her freshly tattooed arm.  Could that have been Brad?  I mean I hope that was Brad and I hope that was his real name.  This was one of three stories I left the Luxor with so I'm giving it only two stars because there are many other options in Las Vegas.  I truthfully can't say it was a bad experience overall but the atmosphere felt like Reno,",0,1,0.58004963,0,logreg_right_neural_wrong
test_10153,"We stayed at the Luxor for 5 days, 4 nights in December. While reading other reviews I was a tad worried that our rooms would be awful.  Other then that I had no major worries. Check-in process was insane. There were so many people trying to check-in and out that you could not tell which line went where. Also there were many Luxor employees """"hanging"""" around the registration area that did nothing to let guest know where to go. Once we found the line it was not that bad of a wait because they opened up more check-in stations.  We were in the Pyramid and were told how to get to our room which was pretty easy. My only complaint was that it was on the other side of the casino but that is nothing major. I was pleasantly surprised when I entered our room to see modern and updated furniture as well as a brand new TV. My only concern with where the room was that we would hear a lot of noise from the casino below but we heard nothing our entire stay.  As for the casino it is just like all the others I have ever been too. My biggest complaint of all the casino is Vegas are that they allow smoking which is disgusting and make it unbearable to gamble in the evenings. During the day and early afternoon I was fine but once the early evening and late night hit I could not stand to be anywhere near a casino.  Food was rather lacking in my opinion but they do offer an array of fast food and casual dining plus two Starbucks. It was not that big of a deal to us because we went to Mandalay Bay and New York, New York for dinner the entire trip and that was connected by walkways. I just wish they had a few more options for breakfast other then Mcdonalds, Starbucks, and the Pyramid Cafe.  There were about three shops in the Luxor so just go next door to Mandalay or down to City Center or Planet Hollywood to get your shopping fix. As for entertainment the Luxor has Criss Angel's Believe, Carrot Top, Fantasy, and Menopause the Musical. We saw Criss Angel and I was not impressed. Compared to the other hotels on the strip Luxor needs to think about getting some more or different shows. We did not try any of the bars or lounges at Luxor as we went elsewhere since most were closed on Monday and Tuesdays.  Check-out was a breeze since we put the daily resort fee on a credit card. We just used the express check-out located by the bank of elevators or the main desk to return our keys which avoided the long check-out line.  Overall this was a great hotel and even better deal for six people. I would not hesitate to stay again.",1,0,0.80479926,1,logreg_right_neural_wrong
test_10183,"I booked a package deal and selected Luxor since it was one of the lowest priced deals. Since i had never stayed there,  I thought I'd give it a try.  Check in was fairly easy. They don't seem so friendly with the guests but that part was alright. My non-smoking room on the 19th floor smelled like a mild cigar. The bathroom and beds seemed really clean.  I actually only have two things that were deal breakers for me:   1) it's a bit too far from the middle of the strip so it isn't the most convenient if you like to go down to the Miracle Mall shops and Bellagio/Ceasar's Palace. Very limited places to eat (with any decent reviews) without having a walk a ways,    2) The air conditioner had a problem during the day keeping it cool in the room due to the glass windows. It seemed the room was probably about 80 degrees inside. I must say it was 100 degrees outside but I need a more comfortable room when it comes to AC.  The room seemed to get somewhat comfortable around 3am.  They do have the Titanic exhibit at the Luxor.  I don't plan to go back to the Luxor.",0,1,0.780969,0,logreg_right_neural_wrong
test_10196,"The rooms are average. They look like every other place in Vegas except with different theming. That's not a bad thing, because generally the rooms at the hotel/casinos are nice, it's just that it doesn't stand out for me. What did stand out for me is the pool area. It's like a freaking amusement park out there complete with wave pool, waterslides, and lazy river. If I had kids or for that matter wanted kids, this would be the place to stay at.",1,0,0.85714114,1,logreg_right_neural_wrong
test_10238,"I've stayed here many times over the years and the Four Seasons has always been my first choice, but the number of dogs on the property has seriously gotten out of control. On my recent stay I could almost literally not get on the elevator without someone's little yapper trying to bite my ankles, and I almost never walked down the main hall to the lobby without one or more dogs being walked in the hallway. It takes the ambience from elegant to trailer park in a hurry. Fortunately there are no shortage of 5-star hotels in Las Vegas to choose from.",0,0,0.605955,1,logreg_wrong_neural_right
test_10266,It was wonderful.  It's not cheap but they are not cheap on the serving sizes and quality.  I think I was over served with some great food.,1,0,0.6930585,1,logreg_right_neural_wrong
test_10278,"The food at this place makes cardboard taste like fine dining. Fantastic service, crappy """"Mexican"""" food. That being said, the first couple of bites were phenomenal - and really only because we went here after one of the EDC nights. Basically, we got back to our rooms at the Hard Rock around 7am...I showered/cleaned up, because there's just no way I can bring myself to sleep without taking a shower after EDC, then we all woke up around 10, cleaned up, checked out, then headed to Pink Tacos around 12:30. The last meal I'd had was breakfast...the previous day (don't judge! who has time to eat or sleep in Vegas anyways??!!?!).",0,1,0.6819734,0,logreg_right_neural_wrong
test_10280,"Hmmm....I must of have hit them on a very good day, because we thought the food was really good! We were there between lunch and dinner, so no sloppy drunks around. Ok, so we only had the appetizer platter, but everything on it was delicious and had some unique tastes. They make their own tortillas and you could really tell the difference in flavor and texture. Yes, everything was overpriced, but that seems to be the norm now for Vegas. Oh yeah, the mango margarita was mucho bueno!",1,0,0.7820483,1,logreg_right_neural_wrong
test_10298,"Great poached eggs and corned beef hash but wow, salty. Good coffee and great pecan sticky bun - really small so don't skip the """"pastry course"""". Really slow service; we arrived at 9:30am on a Monday and there were about 4 tables of people. However the hostess & waitress for our group of 8 was very nice.",1,1,0.5128027,0,logreg_wrong_neural_right
test_10333,"So for my birthday I wanted to sit out by the Bellagio Fountains, so we chose to eat at here. I had read all these great reviews and heard good things, so I figured the food would be amazing. Not the case.  Good things - the service was amazing - the cocktails were exquisite (especially the """"Life is Fresh"""") - the bread basket before the meal was wonderful - the chocolate cake and panna cotta  Bad things - every entree was gross (I can't think of another word) - the scallops were covered in a weird, thick brown sauce that ruined the dish - the sea bass tasted like water - the duck was overcooked and tough  I think the view is nice, and the service is great, but I wouldn't go back except for cocktails and desserts.",0,1,0.77615553,0,logreg_right_neural_wrong
test_10340,"Olives at the Bellagio overlooking the fountains we sat inside 8 tonight and after our standard have a drink at the bar moment we proceeded to the table after getting a quick fountain show which is of course a don't miss anytime at the Bellagio especially when It is in tune to Sinatra.   Had lunch here sometime ago and I remember it being good, but the menu was recently changed and not really for the better.  Sommelier was very good and our waitress was excellent.  Breads presented followed by multiple appetizers including     Beef Carpaccio*  gorgonzola polenta, balsamic reduction, parmesan, cipollini onions, scallion cream, garlic aioli.....19 Best I've ever had.    Tuna Tartare*  spun cucumber salad, crispy rock shrimp, sesame dressing, scallion cream, whitefish caviar.....18 I didn't partake but was told it was OK nothing special.    Todd's Caesar Salad  eggless roquefort Caesar dressing, olive oil brioche croutons, tomatoes, shaved parmesan.....15  w/ anchovy fillets.....17 Traditional and large to split but dressing taste lacking    Fiery Chicken Sausage  herbed ricotta cheese, balsamic onions, roasted tomato sauce.....18 OUTSTANDING!   Meatball & Eggplant  spicy tomato sauce, caramelized onions, imported buffalo mozzarella, hazelnut basil pesto.....18  Very good.  Entrees: Butternut Squash Tortelli  brown butter, amaretto cookies, sage, parmesan cheese.....24 their signature dish was outrageous and Don't like Squash. Ricotta Ravioli  roasted tomato basil sauce, sweet Italian sausage, garlic bread crumbs.....25  EL PASSO nothing special here.  Hawaiian Mahi Mahi  lime & cilantro basmati rice, ginger bok choy, miso butter sauce, crispy leeks.....39 Another nothing special dish. Prime Beef Tenderloin  Lyonnaise potatoes, garlic braised greens, black pepper demi, truffle brie, crispy onions.....51 Small piece of beef for the price but very tasty.  Two Lobster Fra Diablo specials $54.00 over pasta were both extremely weak, sauce lacking in any taste or substance and lobster one small little tail.  Although our waitress was excellent extreme amount of time between appetizers and entrees to the point of where is our food?    Some dishes great some hit or miss some downright over priced and lacking.  A generous 2 star as 2.5 would be more accurate. Much better dining options in Vegas I'd pass on a repeat here. Fountain show good though go have a drink catch the show then eat elsewhere.",0,1,0.72785985,0,logreg_right_neural_wrong
test_10370,"This is the REAL Las Vegas Outlet! There are a few other lame run down outlets in the Las Vegas area, but make sure you go to this one, LAS VEGAS PREMIUM OUTLET!  Who says there's nothing to do but gamble in Vegas? I personally hate shopping maybe it's a guy thing, but I hate looking at the same crap that's  never on sale. This outlet is great for men! I'm not into men if that's what you were thinking (that's what he said). Let me explain. Most malls are composed of 95% womens products. This is no joke! And the 5% of stores that are not women's I am counting the food court and gift shops that don't even sell clothing. I admit malls are great for guys to go window shopping for eye candy (go on ladies do your thang), but if you want some decent clothes there is no mens clothing! This outlet actually has stores that men will  shop at! Also, unisex clothing stores have a men's section and not just on rack hidden in the back of a women's store. There's nothing more embarrassing than wondering if something is your size and it turns out to be womens clothing. That's a nightmare for a straight guy.   Van Heusen, Nike, Reebok, Adidas, Nautica, Calvin Klein, Keith Cole, TIMBERLAND!! One of the last Timberland stores open. Other outlets will only have a few big names and no section, but the premium outlets have what you are looking for. There's too much good stuff! Usually, I only get halfway through the outlet because I have bought too much stuff before I make it all the way through.   If you are going to shop for reals, the Las Vegas Premium Outlets is for you. If you just want to look around, still go... but you should buy something because the prices are awesome. This is a must stop everytime you go to Las Vegas. The only bad thing is you may freeze your ass off in the winter and you will melt like a ice cream in the summertime, because this is an outdoor mall. I still don't get what the designers of this mall were thinking! Outdoor mall in Vegas?  Written via blackberry",1,0,0.6493548,1,logreg_right_neural_wrong
test_10372,"I'll have to admit, I thought this mall would rapidly decline over the past 3 years since I wrote my last review.  With the economic downturn and the overall decline of Las Vegas, I thought for sure it would suffer.  However, I was wrong.  It's time for a review update...  All of the Pros/Cons from my prior review still hold true.  The only thing I can add is to the CONS....this mall has a ton of those annoying kiosks that sell perfume, jewelry cleaning, and other stuff....what makes it annoying are the sales people who make cat calls at you as you walk by....it feels like I'm at a Middle Eastern """"souk"""".  I just act like I can't speak English and walk right by them.  Besides that one annoying item, it's still a solid place to do some shopping.  There are some great stores here and I'm surprised they didn't leave during the economic downturn.  Return Factor - 95%",1,0,0.7135378,1,logreg_right_neural_wrong
test_10390,"Out of 6 sushi places we tried in Las Vegas this ranked the lowest. We ordered several rolls and they all fell apart when we picked them up with chopsticks. Their signature roll was lame. Other rolls were not impressive. The sashimi was certainly fresh so no complaints there.   If you want excellent sushi and want to pay less than at Nobu, try Little Buddha at the Palms.",0,1,0.8416883,0,logreg_right_neural_wrong
test_10463,"This spot is along the main thoroughfare through NY NY, so you'll probably come across it pretty easily. Seemingly a good alternative to a buffet for breakfast, we stopped by and were seated quickly as it was a Monday morning and pretty dead. Our service was with us immediately...but that didn't last long.   But let's start with the positive - tasty Eggs Benedict. The yolks were perfect, the sauce was tasty. It came with some potatoes that were nice as well. It was a bit pricy, but that's to be expected. Everyone else seemed to enjoy theirs - omelets, french toast, etc. Nobody seemed blown away by theirs, but nobody really complained.   Now the reason for the two stars, despite the decent food - really, really slow service. Unacceptably so. It took 10 minutes to get our drinks, and refills required your offer of a first born child. Our server, while okay (but not great) as far as friendliness goes, was never around to show or provide much. And there were barely any tables sat. Food can't make up for service.",0,1,0.71413296,0,logreg_right_neural_wrong
test_10543,"I sampled a number of dishes including shrimp cocktail, a spinach salad with goat cheese, skirt steak, Chinese broccoli, sweet potato mash, a bbq rib, and 3 desserts.  Everything was fresh looking, but each dish seemed to be aimed at not offending rather than titillating one's taste buds.  A rating of 2.5 would be appropriate.",0,1,0.9151855,0,logreg_right_neural_wrong
test_10589,"I am writing this for those parents looking for stuff to do with kids.  While expensive, this show is definitely worth it.  We took our 4 and 1 year olds here and they were totally occupied from the minute we sat down.  From the pre-show guy going around in the audience, to the dude dressed up as a baby, to all of the acrobats, they loved it.  My wife and I really enjoyed it as well as did our 16 old niece.  Don't miss.  Oh, and there ARE NO BAD SEATS IN THE HOUSE as far as we could tell, so don't pay over the top for seats up close.",1,0,0.5739316,1,logreg_right_neural_wrong
test_10591,"""""Woah! What the heck is that?!"""" """"Oh wow, did that just happen?! """"How the heck do they do that?!"""" may be just some of the questions you say in your head, or out loud, as incredible acts that defy gravity and human strength go whizzing past you. I could not believe my eyes through many of the acts. This is my first, and only, Cirque show, and I was enjoying the exciting spectacle. They definitely work for their dollar. Although, it did irk me slightly that they sat people even after the show was in full motion, can't they wait until a proper break in all the action? Anyways, if you want to see one Cirque show in Vegas, this one is highly recommended.",1,0,0.5147605,1,logreg_right_neural_wrong
test_10599,"We stopped in here for a late lunch after touring the Capitol.  They had a 51 beers on tap (!!) and close to 100 in bottles.  We tried a local beer and ordered some grub.  The food (salad for me), was fine but nothing special.  The location of the restaurant and all the beers on tap (along with the ambience) definitely makes up for the food.",1,1,0.5450857,0,logreg_wrong_neural_right
test_10610,"I went recently for my sister's bachelorette party. We weren't on the VIP guest list or anything but still walked in without having to wait in line or pay the cover charge.   If you don't like waiting in a long ass line or paying to get into a club, you must go with girls. Preferably hot girls.  If you're a guy, try to surround yourself with as many girls as you can. If not, you won't get in buddy.  Tao has both indoor and outdoor areas. The outdoor area is called Tao Beach. It kinda feels like you're on a tropical island, with tables galore. Overall it's a very fun place.   Oh, they have great music too!",1,0,0.50530875,1,logreg_right_neural_wrong
test_10621,I really enjoyed myself here! Went with my girlfriends and they waived the cover but I'm sure they do that for groups of girls anyway. We danced the night away and the crowd was drama-free! Drinks were expensive but we didn't exactly pay for any so I can honestly say my low-cost night at Tao was just lovely.,1,0,0.55983603,1,logreg_right_neural_wrong
test_10626,"I know this venue is wayyyy too small but I think when they first built it, they had no idea it would reach this level of capacity. I mean literally you cannot reach the dancefloor, its impossible. Its so small.  Tao cant handle the ppl and now they are getting horrible reviews for it. Ppl still come here tho cuz this is where the crowd is at. Very mixed crowd, great service, free drinks for girls for an hour. Honestly there seem to be more girls then guys here, which of course pisses me off lol.  Come here and you will definitely hook up with somebody haha. If they open the beach during the warmer seasons, it wont be as packed on the main levels cuz ppl can go upstairs and chill. Dont pay cover, get on glist. I got kicked out once for being overly intoxicated but even so I always enjoy going to this club:) one more thing, tao pls upgrade! Its time to expand.",1,0,0.5502026,1,logreg_right_neural_wrong
test_10632,"who's ready to parrrtayyy! my girls and I had sooooo much fun! i wish we could have stayed longer, but our feet just would not allow. Different rooms with different music. If you just want to dance your heart out stop on by.. try and pre-game because drinks are an arm and a leg. Thank god we made friends with a promoter, who 1. got us in free and skipped the line, and 2. gave us each a drink voucher, or else we would have had to pay 26 bones for a shot of patron! *gasps*...i know! terrifying!. but all in all a must stop when in town!",1,1,0.72290546,0,logreg_wrong_neural_right
test_10660,Here's why it's one star ... BALLY'S CLOSED IT DOWN.  Too bad. I used to love this place.   What the heck is going on at Bally's?,0,1,0.5499233,0,logreg_right_neural_wrong
test_10712,"Wasn't impressed by this show and even slept through part of it. I saw another cirque du Soleil show at Suffolk Downs a few years back that was much more entertaining. I have to give the performers credit though, the acrobatics and diving were pretty cool.",0,1,0.5310323,0,logreg_right_neural_wrong
test_10731,"My fianc\u00e9 and I spent $175 each on really sweet tickets, and were very excited to see this show.  We had dinner at SWITCH at the Wynn which was excellent, and then headed to MGM Grand for our 9:30pm showtime.    Perks:  They serve 32 oz alcoholic beverages.  I got some peach smoothie something or another which was delicious.  The vertical stage was pretty neat, but you can only watch people fall off it so many times before that gets old too.  Disappointments: Everything else.  The show was SOOOO boring.  I was ready to be amazed and in awe and not wanting it to end.  Instead Jon and I found ourselves looking at each other wondering when the cool effects and acrobatics happened.  We ended up leaving after an hour and ten minutes.  We just couldn't take it any more.  The straw that broke the camels back was when there were crabs and starfish running around the stage.  This isn't Disney World for kids, this is Vegas people.  So awful.  Definitely do NOT see this show.  It's just as expensive as O, Mystere, Love, and Le Reve, so see one of those where you are sure to leave happy!",0,1,0.5068619,0,logreg_right_neural_wrong
test_10752,"I was looking for a good place to eat breakfast in the Sun Prairie, WI area that had a gluten free menu.  As one of the Food Fight Restaurant group establishments, I figured I'd give them a whirl.  I was not disappointed.  I ordered the corned beef and hash, which was excellent.  The only aspect I wasn't completely happy about was the portion/price ratio.  It was a tad expensive for the amount of food I received.  I probably should have went with the breakfast brunch for 10.99 that looked AMAZING but I wanted to be sure I was getting a gluten free meal.  I'll definitely go back, I just may ask about the portion before I order something next time.  If you can eat gluten, the bakery items are no joke...",1,0,0.5754684,1,logreg_right_neural_wrong
test_10807,"No POOL ACCESS at a 4-star where you PAY A RESORT FEE! unbelievable! Beautiful furnishings but the beach pool is shut down in 78 degree weather. Misery during a great long weekend holiday. ANd they have the nerve to charge a $27 RESORT FEE ON TOP OF YOUR HOTEL ROOM PRICE!!!!!! Although very far from the strip, reserved the place for Valentines weekend because it was 4 star hotel. Even encouraged 3 other friends to join up! Very unfortunate that the hotel management has decided to NOT OPEN THE POOL so it sits there in all its tempting beauty with cabanas and waterfalls all around.  Also, it's not as quiet in the room as you would expect. I can hear people in the two neighboring rooms talking.",0,0,0.7352011,1,logreg_wrong_neural_right
test_10810,WhatEVER.,0,1,0.51428366,0,logreg_right_neural_wrong
test_10811,"Not impressed with service and food was decent.  it's a good place for sharing during lunch, though.  don't order a dish for yourself!!  i hate places where you have to ask for refills even on WATER!  we were a party of 2 and a party of 4 sat down 10 min after us, they got their lunch b4 us.  WTF!  the smoked salmon with capers and cream cheese with toast is YUMMY great for breakfast or a light lunch.",0,1,0.51166236,0,logreg_right_neural_wrong
test_10820,"Had lunch here when I was looking for something quick for lunch. There wasn't much available for someone who needs to be gluten free but they put all the sandwich fixings in a take-out container for me. Sadly, they forgot the best part (the horseradish condiment) and my friend's sandwich bread was moldy. The dessert was good but my first impression of the place wasn't the best.",0,0,0.50204015,1,logreg_wrong_neural_right
test_10830,"The girlfriend and I attended the Vegas Uncork'd After Hours at Tom Colicchio's Craftsteak event.  Included in the price of admission were VIP passes for Studio 54.  We're not the dance club types, but we wanted to check it out for the experience.  Plus, it was already after midnight on a Thursday night on our first night in town, so we were feeling adventurous.      The Vegas version of the legendary Studio 54 has been around for as long as I can remember and it had been over 10 years since I last stepped into the club.  It looked pretty much unchanged except a lot less crowded.  It's obvious that Studio 54 has gotten very long in the tooth and has been surpassed multiple times with each opening of a new """"flavor of the month"""" dance club.  On this particular evening, even though it was far from a capacity crowd, everyone that was there and the go-go dancers were dancing their hearts out.  The dj was putting out a driving beat, the alcohol was flowing and the drinks were pretty decent.  The club staff was professional and didn't give the impression that they were just going through the motions.  The GF and I didn't stay for more than just one drink, but we didn't feel like we wasted our time stepping into the place.  You have to admire the fact that Studio 54 has been so long-lived.  While many clubs have come and gone, Studio 54 has outlived them pretty much all of them!  If it were a thoroughbred, Studio 54 would be put out to stud.  Unfortunately, Studio 54 isn't a racehorse and its time has passed.  It should be retired for something new, different, bright, and shiny.",0,0,0.66139925,1,logreg_wrong_neural_right
test_10833,"Everything was delicious!  I would've given them 5 stars but the waitress came back twice to tell us that they've ran out of what we ordered.  We ended up getting full on bread and getting our food 1 1/2 hours after we ordered.  However, the taste of the food and the prices made up for the wait.  Yum.",1,0,0.7269839,1,logreg_right_neural_wrong
test_10936,"I got here at 4pm on a weekday in Dec 2006 and maybe I had the skeleton staff because service really sucked ass. No smile. No checking back. Wrong orders. You gotta be kidding me.  The gazpacho was good but not extraordinary and to my surprise, the waiter didn't even know what kind of olives I was being served. The sangria was good but... honestly... my glass was more ICE than it was DRINK.  So sad because 4 years ago I ate at Babareeba in Chicago and had such an amazing experience. Fun, lively, great food, and very knowledgeable waitstaff. I talked about it for the following week!  Going into the Las Vegas restaurant and asking a simple question about what kind of olives are in the olive appetizer and getting a blank stare as an answer was just the beginning of a disappointing experience.",0,1,0.5105913,0,logreg_right_neural_wrong
test_11050,"This place always looks crowded from the outside. Hmmm if its this crowded all the time, this place must be a great place to check out! Or maybe not.   Did I just get a kids cup of beer for $6?    Why is it crowded outside but not inside? Maybe everyone is trying to leave the place but no one is moving out the way!   I wonder if the food is good here though, because the wings and nachos looked good.   Time to move on. I was out of there as soon as I got my drink.",0,0,0.7528669,1,logreg_wrong_neural_right
test_11070,"Very romantic restaurant.  Food and service is really just FAIR and mediocre, not Provence authentic at all (YES I've been to Provence 4 times). Pasta is not fresh, nor is it that tasty.  Another Disney like theme restaurant in Paris Paris hotel... find a better Italian off the strip as I found 1 thats run by Sicilian family 5 miles away frequented by locals.  They get you in and out without much pizzaz. Wham bam thank you madam, now get out.",0,1,0.6340937,0,logreg_right_neural_wrong
test_11088,"Awesome place. Cheap entertainment.  Not sure why it took me so long to check this place out. I was only there for a few minutes, killing time before heading to the Thomas & Mack for the Rodeo. I put 50c into a Star Wars pinball machine and played the 3 balls. I then put $1 into a TMNT machine and got a lot more plays than I thought I was supposed to. It made me think, """"Maybe I left some credit on the Star Wars machine."""" Sure enough, I went back to it and it had a few more credits left to use.  The point of that ramble is this: Your quarters go a long way here. I definitely have to come back. I didn't get to walk around the whole place and check out every row. As others have said, this place is truly a hidden gem.",1,0,0.6488316,1,logreg_right_neural_wrong
test_11108,Chocolate pasteries are delicious.  Crepes are nicely prepared and not overcooked which could be prepared as a desert or entree.  This location is not as busy the one in Belagio during the time I stayed in Aria.  It is conveniently located for those that are staying in Aria.  Location is not to far from the elevators from the rooms.,1,0,0.7476424,1,logreg_right_neural_wrong
test_11148,"okay wow this was amazing. first enjoy the scenery as you walk into this REALLY pretty hotel lobby. and just that alone was enough for my appetite.   next walk past the tables and enjoy the hotel. MAKE SURE YOU WEAR SLEEVES. nothing less than a tshirt or there is a 1299 FEE for a shirt.   40$ for the buffet was to be expected so its fine.  the food selection is plentiful. and the quality of the food is amaze balls lol.  i like to do a section at a time at the buffet so that im not so over whelmed, each section did not dissapoint at all.  the DESSERT MADE ME THINK I NEVER NEED to have sex again hahaha! okay maybe not soo dramatic but it was that good. def make a crepe! the selection isnt as big as the other buffets but its enough and THEY ARE SO GOOD.  the service was kind of slow for someone who only had a few tables but thats okay. im not expecting the waiter to be at my side the entire time.  a must go.",1,0,0.8125293,1,logreg_right_neural_wrong
test_11154,"I came here hoping for some good food but I was disappointed by the offerings. The meat was generally dry, and the crab legs were really stringy. The only exception was the prime rib, which was done nicely -- tender and flavorful. Otherwise pretty much everything was dry. Also, for a buffet that cost around $40 per person I would have expected more seafood, honestly, but it was pretty much just crab and some overcooked fish...   The only redeeming part of dinner was the dessert. I sampled the dulce de leche, creme brulee, chocolate with orange marmalade, raspberry cake, raspberry cheesecake, and lemon meringue (or something like that). I liked the creme brulee quite a bit and the dulce de leche was also good. Just the right amount of sweetness.  But at the end of the day I found myself completely stuffed but not satisfied with the food and wondering why I did this to myself. A sad day indeed.",0,0,0.5704673,1,logreg_wrong_neural_right
test_11162,"I experienced better buffet, especially at Wicked. The variety was very limited in my opinion. The dessert was not as much as Wicked. I don't see why this is the best buffet, as it cost almost $40 for dinner, it's just a dollar cheaper on Sun-Thur vs Fri-Sat.   The only good thing I liked was the veggies, but other than that, carving station was small, barely any chinese food, indian or greek. There was italian, but very very little. I think this buffet is more of a healthy buffet because they had a lot of veggies like salads.  Dessert was snot great, it was either super sweet or just not good. I only liked the passion fruit tapioca, but discarded the passion fruit because it was too sweet. The raspberry cheesecake in a cup jar was good because it was light.   I don't think you should come here if you're expecting larger variety. The flavor wasn't bad, but go to Wicked instead.",0,1,0.7119246,0,logreg_right_neural_wrong
test_11176,"Ruined by music. It should be calm and tranquil, Like wood on ceiling.",0,1,0.9683555,0,logreg_right_neural_wrong
test_11225,The only thing consistent about this place is how often they get my take out order wrong. I've given it lots of tries because I used to live within walking distance and it has mostly ended in regret.     The ambience when dining in feels like an arcade more than a restaurant and trying to have a conversation inside is a nightmare.,0,1,0.5821043,0,logreg_right_neural_wrong
test_11257,"Yes, the Wynn is expensive. If you're going to eat in any of the cafes and restaurants here you just have to accept it. And if you're exhausted from a night of gambling you probably won't have the energy to wander very far for a bite to eat in the morning. But that being said, I felt like I *almost* got my money's worth with the veggie breakfast bagel. It was huge! There must have been around 4 egg whites in there. It was a tad bland since it was basically poached egg whites with a bit of spinach, but it was fine with a touch of salt, and totally filling. They also have a sausage or bacon breakfast bagel if you're so inclined.   At $8ish it was a good deal for a simple, quick breakfast compared to the Terrace Pointe Cafe which had more elaborate breakfast choices for double the price. If you can wait until 10 am, Sugar & Ice (towards the end of the shopping esplanade) also has some cheaper breakfast options, though I didn't have the chance to try any of them.",1,1,0.50431055,0,logreg_wrong_neural_right
test_11265,"Well, if you want to stay in Treasure Island and really don't want to spend toooooooo much on food, I guess this is your only option.  Do not try and use your MGM Mirage player's card here!  They only accept the comps that are issued at the player's club!  MGM Mirage casinos are notorious for being un-user friendly when trying to redeem your points.    The restaurant has two sides: one side is American'ish cuisine; and the other an Asian'ish cuisine.  The service is much better on the Asian side, however, the menu is MUCH SMALLLER!  When we dined on the Asian side, I ordered chicken pho.  It was okay to good.  The vietnamese coffee was excellent, but the only way you can screw this up is if you get the coffee grounds in it or if there's not enough sweetened condensed milk.  On the American side (as I call them for easier reference), the menu is quite large!!!  The prices are moderate to high for the type of food you are ordering.  For instance, I think the 2 egg breakfast w/bacon is around $10.  You can go to a """"local"""" diner and get the same thing for $6.  Anyway, the breakfasts look great!  The eggs are done to perfection and taste as good.  The breakfast potatoes need a little help and I would say they are bland and mediocre.   On another trip, I got a dinner salad which was very good!  All of the ingredients looked and tasted fresh.  I asked for some things to be omitted on my salad and the server got my order correct!  Kudos to her (I really thought she'd eff it up)!  Though I did not ever try the burgers, fries, waffles, or pancakes, they all looked scrumptious (I was admiring them from afar).  The service on this side of The Coffee Shop is in need of some serious help.  They seem to have enough people working, however, the staff need a bit more direction.  On our second visit, we waited at least a half-hour before our order was taken; we saw two different couples who were seated AFTER us, get their orders taken and food served to them BEFORE we even ordered!  Oh well, life goes on...  Overall, the place is clean with a cozy/inviting decor.  It can be loud at times since it sits next along a main walkway with lots slot machines at a stone's throw away.",1,0,0.5653945,1,logreg_right_neural_wrong
test_11276,"Second time here and first time to review. A friend of ours made dinner reservations for Sat evening by the window and within 10 mins of arrival, we were seated right above The Strip facing the Wynn. My recommendation is to bring 3 friends so you can order the """"Family Style"""" meal on the back of the menu. There are three price points and we chose the $30.95/PP. You choose and everyone shares 2 salads, 2 appetizers, 2 pasta dishes, 2 entrees, and 2 deserts. And if you want more, just ask. It is AYCE. :)  My rating is for the """"Family Style"""" experience.",1,1,0.68352896,0,logreg_wrong_neural_right
test_11332,no that great just pricey,0,1,0.83002603,0,logreg_right_neural_wrong
test_11339,"This place is just an open pavilion with bars and random t-shirt stands.  Don't get the wrong idea, it's not meant to be an entertainment hub (though they do have kareoke) but if you're looking for cheap booze and some drunkie hottie singing off key, this is your spot.",0,1,0.74218196,0,logreg_right_neural_wrong
test_11353,"I was underwhelmed with my experience at Matt's Big Breakfast, although I visited the place prompted by reviews from others.  The location is cute and the place delivers wholesome foods made with fresh, organic ingredients.  The breakfast fare here is nothing spectacular, although they do simple brunch foods well.  Don't expect anything fancy or fusion.    My waffle was perfectly adequate, and while I thought the almost spaghetti-like hash browns were interesting/tasty, the rest of my table disagreed.  Standard breakfast fare done simply, nothing to write home about.",0,1,0.5444799,0,logreg_right_neural_wrong
test_11383,"after having seen almost all the cirque du soleil shows, im not too impressed w/ Le Reve. It seems like Dragone took a more artsy approach w/ this show to differentiate from his previous Cirque shows (which i think are much much better).   The stage and the lighting are the best things about the show. The stage is a circle and the audience encircles the stage, so there isnt a bad seat in the house. And the stage is so complex: certain parts raise and lower so the water level in the stage changes throughout the show. and when the different colored lights hit the water, its really pretty.  As for the show itself, the acrobatics have all been done before and much better too. There were no """"Oh my God, please don't fall/break your neck!"""" moments that make these shows so exciting. Unlike Cirque, the music is in English and it sounds like its sung by a drunk Michael Buble.   Go see Mystere or O, or even Ka before this one. If you do see the show, don't pay full price. You can get good prices at discount ticket stands. I got discount tix at the stand in Circus Circus Hotel. All the tix stands sell diff. shows. Tix were around $80, much cheaper than the list price!  *oh yea, if you're bald, they'll pick on you during the preshow :), so if youre shy wear a cap!*",0,1,0.5299203,0,logreg_right_neural_wrong
test_11403,"We went to Greasewood Flat after hearing good things about it from a few different people. It was a Friday night and the place was packed! For being (seemingly) in the middle of nowhere, I was surprised how many people were there, young and old.   If you're ordering food, you go up to the window to the right of the entrance. We had the bacon green chili burger, pulled pork and the cowboy beans. It was all tasty and fairly priced. They had live music, plenty of alcohol and several fire pits to keep people warm. Unfortunately, I've heard through the grapevine that Greasewood Flat is closing soon :( It's too bad we waited this long to try it, because I'm sure it would be a place we'd visit often.",1,1,0.87453866,0,logreg_wrong_neural_right
test_11418,"If you don't want to go to bed drunk on an empty stomach while staying at the Valley Ho, I highly recommend the fries with the sriracha aoli! If you're still not drunk enough, order a dirty martini while you wait for your fries.",1,0,0.88516784,1,logreg_right_neural_wrong
test_11422,"My husband and I stopped in here to grab a quick bite just to hold us over until our Cirque show was finished.  Hubs got a piece of pepperoni pizza and I got a fruit salad.  The fruit salad was good, very fresh with yummy pineapple, strawberries, blueberries, etc.  My hubby's pizza was a greasy mess!  It looked so nasty, I can't believe he ate it.  He did use several napkins to blot the grease, but that didn't seem to help.  The crust was also burned to a crisp so he almost chipped a tooth on that!  All in all, if you don't really care what you're eating, go for it.  If you want a solid piece of pizza, look elsewhere.",0,1,0.5906495,0,logreg_right_neural_wrong
test_11448,"The first time that I ate here, I really really loved it, so I had to eat it again on my recent visit.  Sadly, it just wasn't the same.  It was still good, but just not as good as I remembered.  I remembered there being a much bigger variety when I was here two years ago, but on my most recent visit, it seemed lacking.  It seemed like it was a lot of the same meats and pastas.  The sushi also looked really unfresh so I stayed away from that.  The price was pretty good for dinner, so I decided to just load up on crab legs.  I would still definitely come here again because even though it wasn't the same, it was still pretty darn good.",1,1,0.6976451,0,logreg_wrong_neural_right
test_11452,"Mediocre food (similar  to Home Town Buffet) for a VERY expensive price and an extremely long wait in line. The locals might tell you its a 'Nice place for brunch' which is true if you're only going for the venue, but as far as the quality of the food goes, well...just don't do it, you""""ll be setting yourself up for disappointment like i did. If its a Vegas buffet your looking for, try Rio's world buffet! its hands down the best buffet Ive ever been to. The food Is great, the service is prompt & the wide selection of food will leave you feeling like a kid in a candy store.",0,0,0.5388734,1,logreg_wrong_neural_right
test_11504,"Mac's Speed Shop has three locations in the Charlotte metro area.  I went to their South Blvd. location (since it was an approximately 10 minute drive from work).  As I am on my way inside, I immediately noted something that gave me a promise of hope: the smoky smell of meat cooking on a fire.  I walked in and was seated less than 5 minutes after arriving, even with the large lunch crowd they had.  After browsing the menu for a few minutes, I decided to go with an appetizer and a main course.  For the appetizer, I could not say no to the Tabasco fried pickles.  The texture of the pickles indicated that the batter was a cornmeal batter.  Also, the pickles were probably soaked in Tabasco for some period of time prior to being battered and fried.  There was not an overwhelming taste of Tabasco in these pickles.  I enjoyed eating them, although they didn't quite have that """"wow"""" factor I was hoping for.  I had trouble deciding on a main course, so I decided to go with their combo platter.  The combo consists of four different meats to choose from (out of five) and two sides.  Being the heart-healthy, health-conscious person that I am, I ordered the pulled pork, beef brisket, ribs, and chicken for my meats.  For my two sides, I chose macaroni & cheese and baked beans.  I was thinking that there would be a little bit of each on my plate... and then my plate arrived.  I confess that I was disappointed to only find one piece of brisket on the plate.  The brisket was smoked for about 12 hours and then finished off on a grill with their red BBQ sauce (KC-style).  The texture of the brisket was outstanding (not too tough, and not so tender that it was mushy).  However, I was hoping for a little stronger smoke flavor.    Next came the ribs.  The ribs appeared to be spare ribs trimmed down to a St. Louis cut, dry rubbed, and smoked.  They were served with the red BBQ sauce glazed on top.  I was pleased with the brisket, but I was AMAZED with the ribs!  Finally -- a BBQ joint in Charlotte where I can actually taste the smoke in ribs!  The texture was just right: the ribs did not fall off the bone.  The bite marks left in the ribs were just right.  The ribs were a winner here!  Then comes that big hunk of chicken leg quarter.  The chicken was served naked (no sauce), which was just fine in my opinion.  The meat was very moist, tender, and juicy.  The skin didn't have as much flavor as I would have liked it to have.  There was a faint smoke taste that complemented the meat very well.  Again -- another winner here.  Then I finally made it to the pulled pork.  The pork was pulled and not chopped.  Out of the four meats on my plate, this was the one that impressed me the least.  While there was good flavor with the pork, by itself the meat was a bit on the dry side.  I had a few bites with both their vinegar-based sauce and their """"Carolina style"""" sauce, and this greatly improved the dryness of the meat.    The mac and cheese was very rich and creamy, and the baked beans had a very nice bold flavor.  All in all, I was pleased with the meal overall.    This review is available with photos at http://bigwaynerbbq.wordpress.com/2011/01/18/review-macs-speed-shop-charlotte-nc/.",1,0,0.5284237,1,logreg_right_neural_wrong
test_11509,Damn fine BBQ.,1,0,0.5211465,1,logreg_right_neural_wrong
test_11528,Pretty good food... pretty authentic its expensive but its vegas so win some money and pay... haha.... I'm really chinese so I can tell you that the food is good but its lacking in MSG. Its not as msg filled as most asian places so it tastes good but not like china-town. Most people should like this...,1,0,0.65704024,1,logreg_right_neural_wrong
test_11538,"Desperate for food was more like it...after walking from Monte Carlo all the way to the Venetian till 2am our party was starving. I was reluctant to have chinese food here in Vegas since Toronto by far till this day has the best Chinese food.  Service was a 2/5, our server seemed a bit snobbish, and was not at all a people-person.  Perhaps its the the """"AM"""" time which was getting to him.  However the female manager who came by to serve our food was very pleasant, and indeed a cutie with a twinkle in her winkle lol.....  I had the night market fried rice 4/5: sliced beef tossed in thai chilli, basil, bean sprouts, and diced tomatos was yumm!! perfect balance of flavors, however the beef slices could have been smaller.  Each slice was half a mouthful lol...  BBQ Pork & Duck Noodle Soup 2/5: Barely any duck, and a few slices of bbq pork, the presentation was great, but honestly not worth it.  Fu Chow Fried Rice 3/5: presentation, taste, and portion was bang on! lots of shrimp, chicken, mushroom, calamari, and scallion gravy...worth it!!  Overall the quality of the dishes were below my expectations.  This restaurant almost seemed like a waste of space that lacked the taste. Sorry Venetian",0,1,0.5375532,0,logreg_right_neural_wrong
test_11544,"This dinner was wonderful.  I had the rigatoni and found it absolutely delicious!  My boyfriend had the lobster gnocchi and found nothing to complain about whatsoever.  I am giving this place four stars based on the food.  The service was smothering.  We barely had a chance to glance over the menus before he came to our table.  He was overly helpful, making the service seem comical yet annoying.  I found a few things that prevented me from giving it five stars.  I do not drink during dinner and therefore ordered a coke.  My boyfriend's beer was six dollars, my coke was 5. That is just outrageous.  For a good meal, come to this restaurant.  For great service?  I have seen better.",1,0,0.80877566,1,logreg_right_neural_wrong
test_11551,"Gina - the manager, great service. Food came out as expected for a few of us, one party did not like their fish with skin, so Eric, our server fixed it.",1,0,0.75929934,1,logreg_right_neural_wrong
test_11621,"Honestly the two stars is pushing it.  The staff are very kind. .. the show is full of wardrobe  and set changing and there is a multitude of men to choose from.  I went to men off the strip when they toured in Denver and because of how great that experience was I have to give chippendales a sub par rating.  At men of the strip ALL the men could actually dance, they were extremely interactive (yes chippendales had a few crowd interactions but no where near as much) and the men simply seemed way more personable energetic and over all happy (they actually smiled)... It was a semi entertaining show but not worth the cost.  I didn't even care to stick around for a picture yet With men of the strip I HAD too have a picture and have the tie hanging on the mirror. So I say go watch it but keep in mind there is extremely better out there !",0,1,0.77360827,0,logreg_right_neural_wrong
test_11622,"ate hear after cruising the old car show at vivalasvegas rockabilly weekend, was hungry lamf; this place sucked, thank god they had liquor, totally weaksauce! waitress was cool! def. not my fave!",0,1,0.8535992,0,logreg_right_neural_wrong
test_11631,"Food was good but the wait was not. As an invited guest to the hotel I expected to be seated at a decent time, 3 hours later we we're finally seated. That being said, the food was amazing enough to make me forget why I was angry for waiting.   We had the chiefs tasting menu, solid choice but it was way too much food. There were so many dishes I really dont remember what we ate that night. Yes I know, useless review.",1,0,0.541586,1,logreg_right_neural_wrong
test_11669,"I don't even normally LIKE philly cheese steaks- but the sandwiches here are AMAZING! They put cheez whiz on them. WHAT?! I know, sounds completely revolting, right? Turns out it isn't. I though cheez whiz was E-Z Cheez. Nope, it is something completely different. Combine that with the grilled onions, and perfectly grilled steak chunks? Hello taste bud meltdown experience.    And the Cheez Whiz fries with grilled onions? HOLY Mother of God are those GOOOOOD! I don't even want to take a guess on what the caloric intake is on either- but if you don't care, or only want to eat once that week anyway- take a trip to Corleone's. You won't regret it. (Well, you may if you don't wear your stretchy pants when you go)",1,0,0.66021156,1,logreg_right_neural_wrong
test_11679,"This place must be be a front for some illegal activity behind the scenes. When one orders steak at a steak house you expect flavorful pieces of meat. I ordered the porterhouse and the waitress asked if I wanted steaksauce. Now, a perfectly seasoned steak from a steakhouse should not need steaksauce. I needed steaksauce after one bite. It was tender, nice grill marks, but whomever cooked my steak neglected to use the basic seasonings of salt and pepper. It was the blandest steak I've ever tasted. I asked for potato chips instead of the potato, and loved the homemade chips. Dark, crispy and salty, not greasy at all. Came here for lunch once and had the eggplant parm, it was very good. The chef used Pank breadcrumbs and the edges stayed crispy even under a blanket of excellent sauce. Lots of fresh mozzarella on top. Very good dish, but not enough to make me forget a very bad steak.",0,0,0.68645126,1,logreg_wrong_neural_right
test_11747,"I went with my bf and another couple. . . of course, me and my friend (being girls) got in with no wait. . . while the guys had to push their way in. . .the bouncers were only looking for the good looking people first. . .it always sucks for guys to get into a club in vegas. . . this club sucked ass. . .even though i got hooked up (thx CJ, u're d best!) drinks were hella expensive. . .we went here on a saturday night. . .but only stayed for an hour or so. . . the dance floor was hella small got crowed within the first 30 mins. . . it only deserved the one star b/c the decor was awesome. . .",0,0,0.6570833,1,logreg_wrong_neural_right
test_11769,So much fun!! My only real complain was that our server never came to get our drinks even after I asked another lady to bring our server over. My mom kind of missed the opening because she was waiting at the bar.  You also get a poster if you check in on yelp! Sadly I left mine in the hotel room by accident. But I got an amazing picture with them which is far more valuable ;),1,1,0.7919495,0,logreg_wrong_neural_right
test_11788,"I do love Shady's but i refuse to pay $14 for a martini in a CenPho bar, or anywhere for that matter. 4 stars fotr the Juke Box",1,0,0.8210553,1,logreg_right_neural_wrong
test_11800,"We visited this place around Christmas time and it was packed with lot of people.  I remember then when I visited few years back, it was the same situation with lot of people with no room to sit and rest.  And I remembered I would never come back to this place again!    I'm getting old.  This place is one of the popular place for young children when their parents are visiting Vegas for gambling.  They probably drop them off here for all day ride passes and pick them up after midnight.  This place during holidays and weekends are over capacity to the point where you can't even move around to get through.  You are sort of circling around the perimeters of this place with so little space and people bumping into you, after the long day, you don't know what you did and what you rode. Parking is not easy, lot of walking outside, not clean being old Circus Circus town.  It's that crazy here and unless you have absolutely nothing else to do, do not come here.",0,1,0.5455663,0,logreg_right_neural_wrong
test_11835,Terrible.  Stick to the excellent egg kitchens on the strip rather than venture out to this strip mall outpost.,0,1,0.67440295,0,logreg_right_neural_wrong
test_11853,"The Cook Out is an interesting beast because no one can seem to figure out where they're based.  I've heard reports that they are out of Greensboro (NC), but they don't seem to have a web site at this writing, and it just doesn't seem to be anything that anyone can verify.  Nonetheless, the company is doing something right.  Their down-home style, the original hamburgers """"cooked outdoors style"""", the 36 """"creamery"""" premium milkshakes and the retro styling of the building has kept the double drive-thru near our house hopping since they opened nearly six months ago.  My only complaint is that the milkshakes are more like a soft-serve sundae.  Nothing wrong with that, mind you, it just makes it hard to drink through the straw.  The flavor is stll quite good, you understand.  It's just better eaten with a spoon.  As to the food, it's good.  I'm not a huge fan of burgers, so it's tough to judge, but I've been happy enough with what I've had to eat, and the family seems to be okay with what they have had as well.  Not earth-shattering, but not bad either.  Probably worth checking out the next time you're driving by one.",0,0,0.70465875,1,logreg_wrong_neural_right
test_11884,"As an informative museum, this is only meh. As a fun way to spend a few hours in Vegas, this is five stars. So, figure out what you want of your day and you won't be disappointed.  The museum has a nice amalgamation of things, but they aren't necessarily curated in a way that helps explain context. (i.e. why is a 21st century book on Atomic Cocktails mixed in with all the 1950-s era materials? Why is there a stuffed mountain lion atop one of the the fake rocks? I'm sure there is a reason - help me understand.)  Others have indicated that the museum is slightly biased. I would say that the museum is tremendously biased. And, that's ok provided you keep that in mind. They do not even try to hide the difficulties of waging war with nuclear weapons, but, there is minimal discussion of atomic waste or decisions over which areas of the world (outside of Nevada) were selected and why for testing. An example of propaganda? In one location, a giant bore bit is displayed with a sign that suggests that, were it not for underground testing, we would not have had the equipment needed to rescue the Chilean miners.  The Area 51 exhibit is ridiculous, but I would totally go through it again  If you read all the signage, it will take you several hours to work through the museum. And, a warning that the movie has VERY bright lights, sound, and even wind. It scared the crap out of me.  I had a blast (no pun intended) and would recommend it to anyone interested in seeing unusual sites. But, as a museum with the Smithsonian name on it, it has some deficits as an educational facility.",0,0,0.7700753,1,logreg_wrong_neural_right
test_11908,"Return visit for work.  I was training a new hire, and remembered this great little shop. Not a good place to study:/ or have a work conversation. Too much noise between the 90s music and staff... Still great coffee but not a place to concentrate:).",1,0,0.53965306,1,logreg_right_neural_wrong
test_11925,"Maybe my son and I have different tastes than most of the reviewers or ate here on an off night. Our experience was that the decor, menu, service, and presentation were all great, however the BBQ was tasteless. We ordered the Whole Hog to share. It included two types of ribs and two meats. The meats were all beautifully prepared, fall-off-the-bone tender, looked great, and then very little taste except for the sweet sauce on everything.  Maybe we are BBQ-spoiled living in Texas.",0,0,0.63322675,1,logreg_wrong_neural_right
test_11943,"I first ate at Sun Penang over a year ago and remember it to be a decent meal. Like most people have already said in their reviews, finding a restaurant for Malaysian food in Pittsburgh is in and of itself impressive. I think once I got over the novelty of finding a place for prawn noodles, hainanese chicken and roti canai, I could more objectively rate the restaurant itself.   I just don't think Sun Penang deserves high praises for being the only place where you can get _______ in Pittsburgh. This city is better than that! And, I believe the other reviews that say the food used to be better. So, before giving the stars away , let's make Sun Penang earn it again!   The one saving grace is their outdoor seating. On that one beautiful Pittsburgh spring day, having a meal while people-watching in Squirrel Hill is definitely a treat.",0,1,0.55419374,0,logreg_right_neural_wrong
test_11946,"Came here with a couple of friends a while back, since it's one of the few restaurants in PGH that serves Malaysian food.  One of my friends and I spent several months in S.E. Asia back in 2010, and we were excited to see laksa, one of our favorite dishes, on the menu.  Since it was awhile ago, I don't remember specifics about the flavor profile, etc., but I remember that we were both impressed with the quality for a place in PGH.  The atmosphere is pretty laid back, though I agree that it's dark.  Don't remember much about service, so it must have been okay.  If you're looking for decent S.E. Asian food in PGH, give it a try!",1,0,0.5073832,1,logreg_right_neural_wrong
test_11973,"Planet Fitness was exactly what I was looking for in a gym:  - Inexpensive (I joined for $10 a month, I believe it was a limited time promotional special) - Convenient (open 24 hours on the weekdays) - Nothing fancy (I don't like to pay for a pool, a sauna, tennis courts and whatnot if I'm hardly ever going to use it. Planet Fitness is just cardio machines, weight machines, and freeweights. They've also got tanning booths if you can't get enough sun in Arizona for some reason. )  Their machines are well kept and better than anything I've used at other gyms (LA Fitness, Pure Fitness). The gym is very clean. I can't vouch for the locker rooms because I prefer not to use public showers in general.   There are always machines available to use, the place is never uncomfortably crowded or loud. The staff will help you out with a particular machine if you need it, and they have a personal trainer on staff that you can set up appointments with (charged separately, since it's a separate company).  There's some debate among the management, apparently, as to whether or not they should ban talking on cell phones in the gym. I'm all for a ban, cause I really hate having to listen to people talk on their phones too loud (especially when they just sit on the machines to do it...and don't work out).   All in all, I like this gym more than any other I've been in. I feel comfortable there and can zone out like I want to.",1,0,0.74494463,1,logreg_right_neural_wrong
test_11974,"These guys are pretty good (and cheap!) for a no-nonsense gym.  No pool, no group classes, just a bunch of ellipticals, weights, and treadmills.  For the low cost per month, it's a good deal.    They provide cleaning solution and paper towels to wipe down the machines after you're done. I have previously been to gyms that make people provide their own towels to wipe down with, and I find this much more sanitary.  Four out of five stars only because they're only open 7am to 7pm on the weekends.",1,0,0.5243665,1,logreg_right_neural_wrong
test_12018,"Not a buffet that I'd recommend in Vegas!  The lay out and design is poor. I know that doesn't seem important, but it is. When you have people going in a million different directions with plates piled high, small children darting all around and very little space to move in - It's a disaster waiting to happen! The actual counter space is pretty expansive, but they only use half of it and cram it all together. This is what creates the CLUSTER!   The offerings on the buffet are fairly dull. Not a lot of flavor to any of the dishes. The only items worth checking out are shrimp & crab legs. The crab legs are sliced right down the middle which makes easy retrieval of the meat without little effort - perfect! The seafood is only offered at certain times of the day so make sure you've timed it right before throwing down the cash.",0,0,0.5127359,1,logreg_wrong_neural_right
test_12053,"I adore each location I have been to.  I truly wish this location had not moved from its place on Hayden Road (as it was so close to my home), but I do hope the foot traffic is better for their sake.  The selection is amazing. I can spend hours smelling each mix and pondering what I want to cook next.  I have successfully replaced every spice and herb in my cabinet with a Penzy's version, and I am so happy that I did.    You will not be disapointed.",1,0,0.5657459,1,logreg_right_neural_wrong
test_12064,"Make sure you eat dinner BEFORE you arrive...and bring lots of money because you're going to blow it all.  The place itself is great.....atmosphere is great.  Small....good vibe.  But, the portions are TINY....and I mean TINY.  I've had Tapas in other cities and they are great.  These are small & expensive.  We dropped $55 among three of us (not including alcohol) and I had to eat after.   It just wasn't worth the price....",0,1,0.67319155,0,logreg_right_neural_wrong
test_12070,"So, we are waiting for a flight at 8AM and having a breakfast burrito at Blue Burrito (connected to Taberna del Tequila at Sky Harbor Airport) and I was complaining to my boyfriend that they don't give out their really good hot sauce anymore - instead they give Tapatio (sucks).   The guy sitting next to us (Roger) works at Taberna del Tequila and he got up and went to the restaurant and brought us some!  Went out of his way to make sure we were good and it wasn't even something we bought at the restaurant!   Needless to say, over and above.  Thanks, Roger!",1,0,0.7608833,1,logreg_right_neural_wrong
test_12077,"Haha I'm not sure why I haven't reviewed this place. But I've had many a drunken night here. So Carnival Court is an outdoor bar in between Harrah's and Imperial Palace. This bar is Harrah's Money Maker. It's usually packed and the bartenders are all flairdevils(Flair Bartending group) They have a band area....dj....sometimes 80s bands, cover bands....etc...Roomy dance area. Most of all folks, they pour heavy. OH YEA. With Flair bartenders you get a show. Don't expect to just drink and run. The crowd is friendly and drinks just flow. Try not to expect expensive drink prices. Because it averages 6 bucks versus the clubs and their 10 -11 dollar drinks. It's loud and just like going to spring break in Tijuana or Ensenada.  Check out Renee Garcia who's been there since they opened. Filipino dude usually works the front of the bar facing the stage. World Champion Christian Delpeche from Argentina flairs there, etc....If you think the movie Cocktail you know what flair is...WRONG AGAIN....",1,0,0.52370393,1,logreg_right_neural_wrong
test_12128,"oooohh i'm teetering on a 5 star review...we'll see how that pans out. I arrived for dinner at MTR around 530PM yesterday and the place was full, with no indoor seating left. I sat outside, somewhat reluctantly because christ it is cold outside and i thought this was arizona and i would be hot all the time but i wish i had a fleece jumpsuit right now...  anyway. I went ahead and ordered the mandala masala, an indian inspired dinner with garbanzo beans, veggies and small-chopped potatoes over brown rice with a side of steamed spinach. The scents wafting out of the front door were just intoxicating, and when my dinner arrived it smelled equally as appetizing. The taste was on par, minus the dry flavorless brown rice that may have been a bit stale. I would say that $14 is a bit much for the size of the meal but on the whole I was satisfied.   I ordered a piece of vegan chocolate raspberry cake for dessert and it was good enough to write a movie about. romantic comedy i mean. first off, it was huge and just...just...perfect...sigh. secondly, the frosting was that thick dense style, and it was the perfect frosting-to-cake ratio, with just that hint of raspberry glaze mixed in.    well i couldn't talk this up to a 5 star rating, but I will eat as many slices of chocolate cake as it takes to get it there! (estimate: a whole cake)",1,0,0.5734036,1,logreg_right_neural_wrong
test_12182,"This was the third time I ate there.  The quality of food was not as good as it used to.  The fruits are not fresh and the meat dishes are greasy.  Well, what you cannot complaint is the price, which is cheap and the dining area is clean.",0,1,0.74346256,0,logreg_right_neural_wrong
test_12186,"I've definitely experienced better. But it's a decent price. So you gotta weigh the possibilities here.  The wait was quick. With a club card, it's $14.95 for dinner, which isn't too shabby. Bottles of wine can be purchased for $7.  The buffet is on the smaller side and offers seafood, Mexican, Asian, Italian, BBQ, salad, and dessert options. The seafood and BBQ sections are where to fill up. They doubt the prime rib and shrimp - and both were the highlights of my dining experience here. I also enjoyed the potato salad and pasta salad.  Go in hungry, with low expectations, and not craving anything in particular.",0,0,0.5148579,1,logreg_wrong_neural_right
test_12187,"The only thing edible here was surprisingly the prime rib, which stands up to almost as good as any you'll find even at any of the top five casino buffets in town. Juicy, nice color, and tasty. If that's all you want with a few sides, this will be a fantastic buffet for the price and i would give it a solid 4 stars. Unfortunately, 90% of the other food was slop and the chefs and management need to make significant improvements. They probably make themselves better food for their families at home.  They had buttered noodles that would had been great topped with parmesan cheese that i couldn't find anywhere.  Asked the waitress for some parmesan cheese and she was too lazy to get some for me...pure laziness.  She just kept yapping with her coworkers, while the place was dead slow. I still tipped her 20%, but she deserved zero, and so overall this place gets two stars. If I'm nearby and hungry for prime rib, I may give it another shot but won't have high expectations on anything else.",0,0,0.6250298,1,logreg_wrong_neural_right
test_12203,"Today I decided to try Amigos Tacos to see if it would compare to Roberto's, which I think is pretty decent for cheap Mexican food. I have to say, I was VERY impressed with the quality and flavor or the food. I ordered the Carnitas Chimichanga combination plate and it truly was one of the best ones I've had in Vegas. Everything was well cooked, seasoned, and fresh tasting. After this experience, I'm making the switch, sorry Roberto's...Amigos just kicked your ass in my book.",1,0,0.5204824,1,logreg_right_neural_wrong
test_12220,"Vegas isn't the best town to see bands in. mainly becuase, if its not mainstream radio, odds are we are ignored. but when a band does come, odds are it is to the Joint. I have seen many shows here, Muse, Interpol, Death Cab for Cutie, Vampire Weekend, Snow Patrol, The Beastie Boys, Wolfmother, and I could go on. Whats great is that you can always get down close to the band, without really having to push your way through people, which i wont do, but many people do anyways. This is becuase of the 3 leveled floors. But the common theme of almost all shows ive seen here has been dicks. i have seen a number of fights (at fairly peaceful bands), People are always smoking, spilling drinks, and having no regard for those around them. but thats vegas people, not the joint. so i cant knock it down for that. But the venue is clean, rarely sells out (once again, vegas music scene, not the joint), and lets you get close to really good bands.",1,0,0.50785017,1,logreg_right_neural_wrong
test_12230,"Came here with a few colleagues on a recent meeting, one of them recommending it.  The place is huge. They have 2 sides/lines of the same items, so you can pick which side has the least people. The assortment is grand. I haven't gone to any other buffet that has the assortment of dishes, seafood, pastries, and desserts as this buffet.  But the quality just isn't on par with some of the others in the same price range. There were several people waiting for the crab legs and I had to wait for about 5-10 min. Some of the seafood like the baked mussels and shrimp cocktail just didn't seem that fresh and I didn't finish what I took which is rare.  Although decent, I rather goto the Wynn, Mandalay Bay, or Planet Hollywood which are on the strip. Being that this is on the opposite side of the freeway from the strip, I wouldn't go outta my way coming back.",0,1,0.51806694,0,logreg_right_neural_wrong
test_12247,"Ummm.... Wow!!! I never thought I'd write a bad review of my favorite restaurant. The winds of change have blown over Dick's and rendered it impotent. I've been coming here for 20 years and never thought... They stopped carrying my favorite beer, removed my and my girlfriend's favorite dishes from the menu and jacked up their prices through the roof (which they've been doing for awhile). The only reason I give them 2 stars is for their 5-star service staff. If it weren't for them.... NO STARS FOR YOU!!!  Save your $$$ and go to the Vig across the street",0,1,0.65222186,0,logreg_right_neural_wrong
test_12299,"Love the food and the happy hour where you can experiment and try several dishes, sort of a Spanish tapa restaurant. Chicken lettuce wraps are always a winner!  Great decor, cozy, reasonable prices ... BUT a consistently uncaring, careless almost arrogant service all three times I've been here. And the wait staff isn't young and inexperience so I'm at a loss why they can't be more customer-service oriented.  Shucks. Love the food, so maybe take-out is the way to go or just avoid this location.",0,0,0.7053323,1,logreg_wrong_neural_right
test_12305,Have been going to Half Moon for years but today is the last time.  I ordered the grilled cheese with a slice of tomato and my guest had the bacon cheeseburger.  I had to search for the cheese on my grilled cheese and you could read through the slice of tomato because of the thinness.  The only thing good was the bread and the fries.  We were surprised at the size of the cheeseburger; it was half the size of the bun. The burgers used to be good size.  This is probably great for sports watching but for business lunch - I would pass on Half Moon.  Our server was really sweet and efficient but the service was VERY SLOW (don't think it was the fault of the server).,0,1,0.7854318,0,logreg_right_neural_wrong
test_12355,"Went here because I wanted to take my mom since I'd been to the one in San Diego and loved it. Got seated in about 20 minutes, which was pretty good considering how crowded they were and the fact that it was Black Friday. Our food came out pretty quickly and everything was good, though I will say that the location in San Diego was better. While the portions were really large for most places, they were much smaller than the SD location, though that's not a bad thing since there was no place to take leftovers for us and it feels a bit weird to eat a burger with a knife and fork because it's literally impossible to pick it up. Service was a bit slow, but not annoyingly so. I wouldn't be afraid to hit it up again the next time I'm in Vegas.",1,0,0.6975483,1,logreg_right_neural_wrong
test_12369,Yo I came in this b\u00ectch with the whole squad and we aint been serviced in like a couple of hours. Me and the homies set up a dam camp in the lobby cuz we was afraid we wouldn't find shelter before sundown.,0,0,0.89800406,1,logreg_wrong_neural_right
test_12396,"Unfortunately everything was overcooked, catfish, rib tips, and baby backs. Service was good, staff is friendly. Yelp deal. I haven't been here in a while, the food was much better a few years ago",0,0,0.7336706,1,logreg_wrong_neural_right
test_12411,"The best item to order isn't even on the menu: the tasting menu.  I didn't know about this secret the first time I ate there and had wound up ordering the sea bass, which I found to be overly hyped.  The tasting menu consists of a multi-course meal of items selected by the chef depending on your food preferences and your price point ($60-$120 per person).  If you're in town for a short time and don't see yourself visiting again any time soon, the tasting menu is what to request!",1,0,0.58270264,1,logreg_right_neural_wrong
test_12420,"Not at all impressed! The place is a maze - a condensed outdoor mall with lots of cheap stores.  The best stores are Target and Kohls which says a lot.  Desert Ridge seems to be for teenagers or young moms.  Difficult to find your way around the narrow streets - no large directional signage with store names. Instead you must drive round  and round to try to spot a store.  Drivers don't pay attention to Stop signs painted on the crosswalks - I almost got hit twice.  Even the walkways in the mall were tight and congested.  I think Arrowhead Mall does it right!    I was truly glad to drive out of the mall back to open space.  And, unlike Arnold, I will not be back.",0,1,0.8075222,0,logreg_right_neural_wrong
test_12442,"Really wanted to love this place. Great location, excellent service, and nice atmosphere. The food is just okay.  Brisket was sort of dry, and served chopped and sauced. Pulled pork had very little flavor to it, same thing with the Chicken breast. Coleslaw didn't have much seasoning to it. The baked beans were decent. The potato salad was tasty.  Maybe I'm a BBQ snob because I've had some excellent options in other cities I've lived in. I don't think I'd go back.",0,1,0.89954346,0,logreg_right_neural_wrong
test_12454,"I am still just as pleased with Sonoma Grille as I was the first time a reviewed it.  I would say I am up to eating here twice a month, or as often as I can afford.  On my latest  visit I requested the tapas platter for two, which had never been a problem for me to order for lunch before, but on this occasion I was told it was a dinner item and that I couldn't have it for lunch. I was pretty let down by this.   What the Sonoma Grille offers for lunch is just not hearty enough for me. I like to EAT! not snack on salad. Anyway I know better next time though just to go for dinner.",1,1,0.6443541,0,logreg_wrong_neural_right
test_12463,"Good value hotel, rooms are cheap & basic but all you really need for a trip to Vegas. We requested no smoking floor / room which is what we got but the rooms still smelt of smoke like majority of vegas really just a warning. Annoying but a reality of a casino in Nevada. Gaming floor is mid sized and never crowded operating around the clock. The Brewery is actually in the 777 restaurant. Their beers are also available at the main bar and from cocktail waitresses.  Microbrews are cheap and quite good. Food from 777 is great with some dishes having a Hawaiian influence due to the high number of Hawaiian tourists in this hotel. No laundry except weekday dry clean so we went to the attached Rv park laundrette which was fine but wouldn't be doing at night time.    Overall good value for money",1,0,0.74750555,1,logreg_right_neural_wrong
test_12474,"Its 102 degrees, you're hungover to all hell and are in need of something low key to pass your time until you're ready to do it all over again that night.  It's way to hot to tan by the pool, and after the $$$ spent the night before, shopping wasn't on my mind.  For us, Bodies was a more interesting and air conditioned alternative than wandering the strip or watching the Bellagio fountains over and over again. (I was super hungover alright?! The options were limited.)  I was doubtful that anything interesting or productive could have come out of that depressing, smelly and lonely casino, The Tropicana.  However, my boyfriend reasurred me that there would be a reward at the end of this walk through possibly the most joyless place in Vegas.   He was right, there was.  The bodies are actually very interesting to inspect- they're right out in the open, not behind glass.  The controversy behind them is also an interesting subject to research (most of the bodies were former Chinese prisoners).  They had a very intriguing section about the development of human fetuses...not for everyone, but interesting for me.  I also appreciated that we were able to walk through the exhibit at our own speed, rather than being hurried along by some annoying tour guide blabbing away.  And, there were plenty of benches for my pathetic ass to stop and rest for a minute.  It had been a rough night.",1,0,0.6329956,1,logreg_right_neural_wrong
test_12528,"My grandfather loves Vegas, and so does the rest of my family.  I've visited Las Vegas at least three times a year every year since I was five.  We often stayed at the MGM growing up, and so as an adult I continued to stay there.  The MGM was like a second home when we visited the strip.  In the past couple of years I started staying at the Signature, because of the room size.  My first two experiences with the hotel were great.  When my little sister was about to turn 21 I convinced her to fly to Las Vegas from New Jersey to celebrate.  They spent a lot of money to fly out, and it was her boyfriend's first trip since coming home from serving three terms in Afghanistan.  I wanted this trip to be perfect as you can imagine, but when they checked into the hotel they found vomit in the bath tub.  Vomit? Are you serious.  How we can we believe the hotel is clean and bed bug free if they can't even clean up vomit from a bathroom.  I felt awful that this was their first Vegas experience.  Very disappointed.  We even let the hotel know that we were celebrating two special occasions and they offered them a room with no balcony and no view, even though we paid for a balcony.  I'll never stay here again.",0,1,0.61147213,0,logreg_right_neural_wrong
test_12543,"OK so after going to the nightmare which is criss angel I needed to be magically redeemed. I had never seen copperfield before. I liked his show very much. I liked his presence on stage,he came across as genuine and friendly.Unlike angel who is a preening ass. and his show sucks badly. anyways,back to copperfield. He did some great tricks and he had a really nice piece on a bit of fantasy and his father was really nice and not what you might expect from a show of this type. I will say that they did have table service which feels like going back in the time machine to dinner shows,they didnt serve dinner but as you know today you dont get jack at these shows. The only other thing i can say is that the theatre is dated and is in need of a revamp.Otherwise it was a nice evening.Hakkasan for dinner and copperfield for entertainment. Life is good ! :)",1,0,0.57989466,1,logreg_right_neural_wrong
test_12574,"This restaurant was suggested to us by the gal at the Roaring Fork, as they were not open for lunch. I had the turkey sandwich, it was like having Thanksgiving between two slices of bread! It was awesome! The staff was engaging, not taking offense to our preoccupation with trying to figure out why some people got white napkins and some got black napkins. Turns out their white napkins are """"linty"""" and they have had people complain, so they give out black napkins to anyone with dark pants on. Why anyone would complain to a restaurant  about lint on their trousers is an entirely different question. This place has great ambiance too. Check it out!",1,0,0.6317918,1,logreg_right_neural_wrong
test_12600,Food and service was outstanding. Very flavorful and presentation was exceptional. Unfortunately the front end folks had an attitude because of our appearance (dress). If you can get pass that every thing else is worth the trip.  Thumbs up to the food and service. Thumbs down to the arrogant stiffs  up front.,1,0,0.7870633,1,logreg_right_neural_wrong
test_12631,"Oyster Bar combo pan roast, $24.  A  discordant mish mash of spiced up odds and ends with about 4 big shrimps thrown in.   I don't get it?  What's so great?  I think it costs 2 or 3 times what it should.  Slightly odd slightly smirky server.  Inside a casino.  I thought it was slightly weird, but then I think the whole Las Vegas scene is weird.",0,0,0.50845504,1,logreg_wrong_neural_right
test_12654,"Great food, view was ok, service was excellent. Total bill for 2 was $175 with appetizers, salads, and main course, and drinks. Not bad",1,0,0.65321314,1,logreg_right_neural_wrong
test_12701,"After checking out a laser show, rainstorm, the fountains and almost all the stores at Miracle Mile, it's time for tea.  We needed change and it had started raining outside.  I like Coffee Bean's Japanese Cherry and was amused to discover you can follow them on Twitter and Facebook.  What could a coffee shop possibly have to say?  I was curious to find them and check it out but disappointed that my tea was made wrong.  The water was poured boiled hot which scorched the tea bag making my tea bitter. I drank some of it anyway because it was getting really cold in Vegas and we had to leave the shops soon for our next adventure.",0,1,0.5794151,0,logreg_right_neural_wrong
test_12726,"For my first trip to a Vegas buffet I expected more. The food was tasty, and seemed to be of high quality, but there wasn't the variety that I heard so much about. For $35 a pop I expected more.",0,0,0.7050662,1,logreg_wrong_neural_right
test_12735,"I'll start with 4 stars for the Bayside Buffet, located in Mandalay Bay, for the food. They kept the shrimp coming, they had some really killer steak, and the fruit was ripe and edible.  However, they had us standing just inside their entry area for about 15 minutes while they tried to figure out if they could accommodate our group of 10, regardless of the fact that we had told them they could just split us up and put us anywhere. We could see huge expanses of tables open. No idea what the hell was going on there. By the time we had been seated, several of the guys had already gone and eaten two plates worth of breakfast.  Drinks were served quickly enough, though there was some confusion as to who ordered what.  Price was reasonable for a buffet with the quality of food they had. But there is a lot of competition in this town. I seriously didn't need to be standing there that long, caffeine-less.",0,0,0.79384065,1,logreg_wrong_neural_right
test_12794,"They were friendly and nice, but I ordered chicken curry wrap and immediately found a hair that stretched from one end of the wrap to the other in my first bite. For $11 I expect more. I won't be returning or recommending them to anyone I know.",0,1,0.91444,0,logreg_right_neural_wrong
test_12819,"Why have I lived in the Valley for eight years and not been here until yesterday? Seriously was missing out. (And being such a Mexican food junkie that even my friends and family can't stand me warrants the trip alone).   Chimi = Good. Not as good as some other places I've been to. But good.  Everything else = Really good.   Food is filling, and its easy to indulge in...  Service bothered me. Don't get me wrong. Our waiters were very friendly. But its like...  Dude...this drink has been empty for 15 minutes...why is it not full?! Had to ask for things, refills on water, more chips and salsa (Which are fabulous, by the way), etc, etc. Maybe I'm overly expectant and believe that water glasses should be full at times. Either way, its not a big deal.   Carlos O'Briens - you should expect my business in the future. I promise I'll be good and go the gym soon thereafter.",1,0,0.5269718,1,logreg_right_neural_wrong
test_12847,"This is a great """"scene"""" but the food was not that great... I had the filet and it was not  very tender and didnt have great flavor... but the wings were great... I think the apps are better than the dinner menu!   The patio rocks!!",0,1,0.86359537,0,logreg_right_neural_wrong
test_12883,Bourbon Steak House- was fantastic  Property not well maintained   The property staff and service is deplorable --- STAY AWAY,0,1,0.52451754,0,logreg_right_neural_wrong
test_12888,The complex is beautiful - especially around the holidays!  Lots of fun activities for kids & families.  The pool with the slide is only open from 10-4 - VERY DISAPPOINTING considering the $30/night fee to use it!  The rooms are good sized but are VERY OUTDATED!!!  Prepare to walk a mile to get to your car if you're not willing to pay for valet.......,0,0,0.5163881,1,logreg_wrong_neural_right
test_12891,"I'll give it 2 Stars for the lights and Christmas tree, otherwise it would be less. To our fault, we did not do enough research prior to coming so we really didn't know what we were getting into. $30 for the """"self"""" park option set the tone. This is a Christmas experience to pay for, not to be enjoyed at your own leisure. Tried to make our way through the maze of a complex to find restaurant options only to be told at each you would need reservations. Gave our three year old a cookie and waited an hour to ride the """"free"""" train only to say we did something. The lights and Christmas tree viewing was pleasant, but back in Colorado this is usually a free experience. Strange that an expensive outing felt like they have cheapened the Christmas season.",0,1,0.7603371,0,logreg_right_neural_wrong
test_12976,It was an ok price for the food. The food has a good taste. I ordered the Chicken Wings and it was soooo gooooooood. If you check in you get a free egg roll. I gave this place a 4 star because they gave me a veggie egg roll.,1,0,0.5823522,1,logreg_right_neural_wrong
test_13036,My wife got a bannana mocha and she really didnt like it but she did finish it over the 5 hour drive home.,0,1,0.574155,0,logreg_right_neural_wrong
test_13123,"I must have been there on a bad night (Sunday) because there were not actually any people there. Even the free bottle of vodka did not help the situation. It did have a good view of the strip, but that only entertained me for about 3 minutes. Drank our vodka and then moved on to Lavo...THAT is where the people were.",0,1,0.8964318,0,logreg_right_neural_wrong
test_13175,"This place is not that great but it delivers so I have ordered from here a few times.   The pad see ew is pretty good.  I also like the pinapple fried rice - it's well spiced but not over spiced.    I've gotten the panang curry a few times and it has been hit or miss ranging from decent to bad - sometimes its just overloaded with sugar.  The tom ka gai is ok but there are large pieces of galangal and ginger that you need to pick out every bite.  My fav Thai in town is Lotus of Siam ( http://tinyurl.com/l8hr9w ) , and if I don't feel like driving clear across town, Archi's or PIn Kao are decent enough.",0,1,0.75065005,0,logreg_right_neural_wrong
test_13181,"If it was just based on the food, I would have given it a solid 4 or 5 stars. Unfortunately their service is their crutch. Even when placing delivery orders, the staff seems to always sound and feel uninterested. Same goes for when you go in person. It almost feels like everyone hates their job. Well that's at least how they make you feel. We keep going back because of the food, but their service needs some help. Had amazing service when we used to live closer to the Northwest Pin Kaow location, but unfortunately we don't get the same TLC on this side of town.",0,0,0.7319067,1,logreg_wrong_neural_right
test_13210,"So I was out in Scottsdale early on a Thursday night.. where to go? Well we just wanted to be drinking, so I looked up dive bars on Yelp (this being Old Town Scottsdale I didn't expect anything wonderful). Well I was surprised when we ended up at DJ's.  The guy at the door was half way through Braveheart, so that should tell you pretty much all you need to know about the place. There were about 4 people in the whole bar, a sad little Marlboro dispenser with a tv screen that kept playing ads with cowboys on horses - hello how sad for someone that wants a cigg at the bar! It must be torture for some people.    They had a few HDTVs playing golf, so you could see each drop of sweat on Tiger Wood's face - literally you could! I don't really enjoy such things.  Well I ordered a Cran Vodka, and it was standard fair... you know with the cranberry juice, that is unnaturally red... like Hawaiian Punch brand red. Well it was decent, not too strong but not weak I suppose. Then after having been whining earlier about how I couldn't do shots, I did one of Absolute LA. I had wanted to try it since I love Acia. But I usually hate flavored vodka, even blueberry, so it could have been awful. But it wasn't, especially since the bartender shook it in ice before hand.  Overall, we got drunk and they didn't charge us an arm or a leg! A great save, thank you mobile Yelp.",1,0,0.7537721,1,logreg_right_neural_wrong
test_13231,"This is a reasonably modern theater with good stadium seating, decent prices on concessions, and decent ticket prices (plus they have student tickets).  I also like their loyalty cup program (buy a four dollar cup and you get refills for a buck for the balance of the year).  There are plenty of downsides, though.  My primary complaint is that they don't do enough to keep the screening environment pleasant.  The patrons are very loud and very rude, and the theater staff just ignores it.  The last movie I saw here was full of talkers.  The guy sitting in front of me was texting and surfing the web on his Blackberry the whole time, and at one point in the middle of the movie he actually GOT ON HIS PHONE and had a conversation.  What the hell man?  Now a rude patron isn't the fault of the movie theater, but when the manager was standing ten feet away and didn't intervene, that's not right.  They should enforce their no phone policy and make the experience comfortable for the rest of us.  Also, they don't shut the door to their auditoriums, which mean light from the hall gets in and hits the screen.  Very distracting.  There are plenty of better megaplexes around here.",0,1,0.5200596,0,logreg_right_neural_wrong
test_13247,"I checked this place out on a Saturday around 11pm thanks to Yelp. Its surrounded by about 5 other bars, which you may want to go to. Walked in with a friend, there was about 75 men and 8 ladies. We pretty much turned around and walked back out. You can get that ratio at any pub in Vegas. Dark, older, bench seats, it wasnt impressive at a glance.",0,1,0.5367516,0,logreg_right_neural_wrong
test_13264,"Was looking for some cheap eats while in las Vegas and ended up here. ... not a bad choice.  Tons of food, low prices and great service.  The tempura coating was a little heavier than what I am accustomed to but it wasn't bad at all.  All and all, I would come back. ..",1,0,0.83065224,1,logreg_right_neural_wrong
test_13288,"One of my favorite places because they host so many events that I enjoy.  Barrett Jackson Auto Auction Arabian Horse Show Parada Del Sol Rodeo Good Guys Car Show  However, it's not an ideal place for large events.  The parking is atrocious.  Anybody who's made the trek to one of these events knows what I'm talking about.  The lots are dusty, dirt lots and oftentimes there's no organization in the lots....you're left to fend for yourself where to park.  Plus the walk to/from the parking lots is far.  Also, traffic flow is awful.  You have to dodge cars between ropes with flags that delineate the lanes of traffic and pedestrian walkways....not really safe.  The bathroom situation here is really bad too.  There are too few permanent restroom facilities.  Certainly not enough to accommodate the huge events they host here.  The restrooms are like the public park restrooms you see around town....small, concrete structures with a handful of stalls.  Instead, you have to use port-a-potty's....which are nasty.  Overall, there are some great events here and in my opinion, the city should put some money into making this a top notch facility for attendees of these events.  However, I just read an article in AZ Central that said Westworld will lose $3 mil in 2014, so I'm not sure any of this is possible. http://www.azcentral.com/community/scottsdale/articles/20130125audit-westworld-faces-million-deficit.html  Return Factor - 100% (because I enjoy the events that much)",0,0,0.5424092,1,logreg_wrong_neural_right
test_13382,"Japanese food at its finest wanted to do the eat all you can sushi, but wanted to try this place this the reviews were glad to say that Naked Fish did not disappoint. Will be trying the other dishes when we come back here.",1,0,0.62777835,1,logreg_right_neural_wrong
test_13426,"Went here cause I've heard from a few people it was good. Being a huge fan of Mexican food, I had to check it out. Pretty nice happy hour special, half off appetizers. Very nice staff. Food was just ok. Queso dip was the consistency of water. Valle luna is still the best i've had. Manager was very helpful and eager to please, but the food was just ok.",0,1,0.7151426,0,logreg_right_neural_wrong
test_13460,"The cheesecake is good and the waitstaff tend to be friendly, but the food definitely leaves a lot to be desired. I've had several entr\u00e9es and appetizers here and not been impressed by any of them. I'd especially recommend avoiding the nachos!  That said, it's a decent place to go late night for dessert.",0,1,0.7283776,0,logreg_right_neural_wrong
test_13499,"I've been going to rehab for the last few years and its been on a fast decline the last 2 years.  It started when they got rid of all the Helles Belles dealers inside so now the casino is half full on weekends and club Vanity is far down the list of popular clubs.  I went to Rehab on Memorial weekend and can finally say I am done with this pool scene as it now draws a crowd of mostly degenerates and low end undesireables.  The classy people have all moved on to EBC, Wet Republic or Marquee.",0,1,0.6764021,0,logreg_right_neural_wrong
test_13533,"Best burgers. Nothing more to say.    Alright, I will say it again - Best burgers.",1,0,0.5365808,1,logreg_right_neural_wrong
test_13539,Chicken Kabobs where on Point!!!,1,0,0.54574096,1,logreg_right_neural_wrong
test_13568,"This place definitely has an awesome ambiance...very trendy chic. In respect to the food, there was definitely something left to be desired there. I love how a place claims to be tapas...but it is just smaller portions of a regular dish. That is not tapas! True tapas is small portions yes but incredibly tasty and delectable...something that packs a punch! The food here was okay...we tried the risotto, fish, pasta, and the cheese platter (pretty awful), just to mention a few. For me personally, not worth the price. I have had better and cheaper tapas in NYC.",0,1,0.7306744,0,logreg_right_neural_wrong
test_13590,"Boyfriend & I got 2 meals for $11.  That's about all I can say about this place. The food is basically fast food diner style. I probably would only go here if I wanted to be waited on. Or if I was 16 and wanted to go on a date (there were several cute little couples here, on Valentines day!).",0,0,0.783915,1,logreg_wrong_neural_right
test_13594,I love the food and the great service BUT I made reservations for my work event (7 people) and the location on Tropicana was closed.  I wish they would have told me this when I called the Tropicana number and made the reservations??? We had to wait for a taxi to take us to the 2nd location.  Not a good way to impress the owner of your company,0,0,0.5721544,1,logreg_wrong_neural_right
test_13628,Food is great when they get your order right or haven't ran out of something.  The staff needs to learn how to treat customers better...thus the 2 stars.,0,1,0.5094429,0,logreg_right_neural_wrong
test_13666,"I am a las vegas local who has been to plenty of buffets all around vegas with that said i was not impressed with this buffet what so ever! After waiting in line about 45 mins we assumed the food must 've been great . I would think a popular casino right off the strip would have excellent food selections, wrong.  The food did not look appealing. I couldn't even bring myself to try it. The desert selections are very very limited, and sad . The only thing that made the buffet was the crab legs. Those were great but that's it!! Buffets should rely on one item alone! If it weren't for the crab legs and a decent slice of meat this buffet would have only got one star.   If u want a great buffet go to the M resort. That is one of the best in vegas.!",0,1,0.62479126,0,logreg_right_neural_wrong
test_13680,"The GF and I have heard so many good things about Binkley's over the years from people that we know that have dined there and from reading reviews online. We finally decided that we had to try it to see how it stacked up against Kai, which is our favorite restaurant in the PHX area. I made reservations for Friday night of Memorial Day weekend a little over a week in advance. Since Binkley's is about 35 miles from the neighborhood that we both live in, we decided to make a weekend of it and stay at The Boulders. The week leading up to the meal, we were both so excited that we both joked that we were getting very little work done due to the anticipation of the amazing meal we were going to have on Friday night.  Friday finally came and we arrived right on time for our 7p reservation. We were promptly greeted by the hostess and promptly seated at the absolute worst table in the house. It was in the bar area, right next to the front door. The most insulting part of it was the hostess tried to tell us what an amazing table it was because the vases of flowers that separated our table from the front door were so pretty. In the grand scheme of things, not a big deal if you wow us with the food. After all, we knew from many reviews that atmosphere is not the strong selling point of the restaurant.  After we were seated, we waited for a good 15 minutes before being greeted by a server. This is one of my pet peeves in a fine dining establishment. I like to be greeted promptly by the server and offered a cocktail so I can enjoy a drink while reviewing the menu. Once we were finally greeted we ordered cocktails and enjoyed them when they were finally served. Being that this was our first Binkley's experience, we both decided that we would go """"whole hog"""" and order the 6 course tasting menu with the $50/ea wine pairing. As has been mentioned in may other reviews online, a meal at Binkley's consists of a long parade of amuses. Sadly, in a meal of more misses than hits, the amuses provided more of the hits.  The big hit of the night was the summer truffle grits that the GF ordered as her hot appetizer. Both of us agreed that these were amazing. Unfortunately, most everything else was relatively forgettable (her halibut fish course was absolutely boring). My quail meat course was quite good, but not something that I would drive 35 miles to experience again.  Throughout the night, the service and the pacing was uneven. Sometimes there was a very lengthy time between courses while other courses were brought to quickly. While our main server was perfectly friendly, she lacked fine dining polish and disappeared for long periods of time (especially when it was time for the check!) several times over the course of the evening.  As for the wine pairings, those were also hits and misses. The pourings themselves were quite anemic and with long times between courses, there were several times that I had finished my pour before the course even arrived. For a total of $100 between the two of us, I felt the wine was a weak spot in the evening.  The most entertaining part of the meal was the Gordon Ramsay-esque, f-bomb laced tirade that Chef Binkley went on at some point during the meal. Apparently his kitchen staff wasn't doing things his way and he was letting them know. Quite comical, although a little uncomfortable to other diners around as we could clearly hear every word that he screamed at his staff.  When all was said and done, we spent a little over $400 with tip for dinner. While it certainly wasn't the worst meal of either of our lives, we both agreed that it didn't even come near cracking the top 20. We were both glad that we dined at Binkley's to have the firsthand experience, but we both left feeling that it was overrated. Perhaps they were having an off night, maybe it has slipped over the years, or maybe it's just a victim of being over-hyped. Whatever the case, I don't think we will be dining at Binkley's in the future.",0,1,0.76607186,0,logreg_right_neural_wrong
test_13749,"Offering everything from Chinese food to pizza to burgers, this eatery is good if you need something in a hurry and don't have high expectations. Quite frankly, I haven't dared try the Chinese food.  I did have a cheeseburger and shrimp cocktail recently.  The shrimp cocktail, at 99 cents, is a bargain and is much improved over the one I had here years ago.  The burger was over cooked, and I had a fairly long wait to be served with my burger.",0,1,0.70471567,0,logreg_right_neural_wrong
test_13751,"On the first day of my Vegas Vacation I realized somewhere during our travels to Vegas my camera had broke. Ugh. My mind was preoccupied by the thought of a vacation with no camera. I lamented the whole morning about my options, ruling out disposables because no self respecting photog would stoop that low. I even called all of the local camera repair shops with no luck for a place to get my broken baby repaired. I started to get frustrated as we walked to the Forum Shops at Caesar's Palace. I finally had a mini-meltdown where I burst into tears by the fountain at the shops. After wiping away my tears I looked up to see a beacon of light - no wait, it was just the Sony Style shop where I bit the bullet and bought a brand new Cybershot for $180 (totally compatible with the fully charged battery and 4GB memory card from my broken camera). The day was saved! I immediately started taking pictures and felt a million times happier.  Long story short, thank god for this store. The staff was totally helpful (and sympathetic) and the price was right.",1,0,0.5921633,1,logreg_right_neural_wrong
test_13795,Hey this place rocks! Richard took care of us. The raw bar was fantasti please give it a try.you will not be disappointe,1,0,0.928901,1,logreg_right_neural_wrong
test_13841,"Packed with dog....duh....but even more....ignorant owners.   No turf  Muddy when wet  There is a nice dog part literally right around the corner. They have actually drinking fountains for the dogs, and it's rarely crowded.",0,1,0.56252974,0,logreg_right_neural_wrong
test_13843,"This is normally our fav place to eat - normally good sushi and great crab legs. Normally... last night EVERYTHING had been out for too long. The sushi rice was hard, the crab meat was grey inside the legs. Service at the table was great, but the food was horrible!  We likely won't return.",0,1,0.6410833,0,logreg_right_neural_wrong
test_13849,"First time here. Did not disappoint. Great burger. Too often burger joints disappoint. My #1 combo lived up to the yelp reviews.   Very good fries. Friendly, fast service. Came at 1230, long line, had my food at the table within about 10 minutes of walking in. Don't let the lunch line scare you away. It almost sent me elsewhere. I would've missed out.",1,0,0.5824666,1,logreg_right_neural_wrong
test_13850,"This Lenny's is VERY small when they don't have the extra side open. The three of us had to sit at the counter, which really prevents any conversation from happening... The service was quick and friendly. Burgers are OK. I got the grilled cheese this time, and it was good. I really like the fries, but they give you way too many. Think I'll share one with my hubby next time and save a few bucks. They do have styrofoam cups which is nice in the heat, and the decor inside is 50's diner cutesy. Overall, I wouldn't go back. There's just better, cheaper places out there for a basic burger.",0,0,0.5054251,1,logreg_wrong_neural_right
test_13971,"*&$% you Discount Crab. I have been a loyal customer to Sunrise Cab for about 5 years now and they have never let me down. Sometimes I wish they would get there a little more quicker but they will always give you a call when they are on their way and help you out with any bags you might have. I was giving 40-50 bucks to Discount Cab every other week until I learned about Sunrise. So my bill went from 40-50 bucks down to $30 bucks or sometime under. The drivers never give you an attitude if you want them to drive you YOUR way unlike the drivers for Discount.   One driver I had from Discount cab went the long way one time purposely to make more money because I did not know the directions exactly. Well I made sure that did not happen again and had I directions the next time and did not use them anymore. A lot of drivers I talked to either used to work for Discount or came from a big city. Some of the cars can be old, like 1980's old but they are getting new cars, the fleet they have now used to be police cars. Bud is always great when I call him although he can curt sometimes but that's just his way. He always helped me when I was in some tight spots before.   They only service Phoenix-mostly the metro area but they will come pick you up if they are driving you out to Chandler or to some other boonie location. Just let them know ahead of time that way you can save some money on your return trip. They will drive you out far from Phoenix because that is worthwhile for them to make the trip.",1,0,0.57736504,1,logreg_right_neural_wrong
test_13981,"Had a chance to play the palm course, what a nice course. Yes I have played better courses, but you can't take any thing away from this place. Mostly flat and rolling hills. Water only plays in a couple of holes. Bunkers placed at very good locations. Hopefully I will become a regular here.",1,0,0.63684064,1,logreg_right_neural_wrong
test_14011,Never enough employees working especially in the morning. Food is good and customer service is standard. Just wish they had more people working there to speed up the process.,0,0,0.548216,1,logreg_wrong_neural_right
test_14045,"I love this location. The people are courteous and friendly, and I have never had to wait in line.   To make a very, very, very long story short: I am a recent convert to Wells Fargo. Tom Quinsler, the Branch Manager, for this location went out of his way to assist me in the cash purchase of a home. Due to the large nature of the transactions, my money could have been held for weeks until the bank was certain I was not a terrorist or a thief. Tom inserted himself in the situation and allowed me access to my money so that I could meet the date requirements for my home purchase.   Tom risked a slap on the hand to meet a customers' need, and that is customer service that we just no longer see. My thanks to Tom and his staff for making what could have been a nightmare into a good experience!",1,0,0.62016684,1,logreg_right_neural_wrong
test_14135,"*Update* Oh... my... GAWD... what happened to you, Safeway?   The wine selection is about a third of what it used to be.   The bakery doesn't carry the yummy desserts that it used to.   The staff... WTF? Does Safeway not have a secret shopper program anymore? I had to return an item, which I had purchased yesterday, but then realized it was 11 days expired. There were SIX employees, literally standing around, as a manager rang up customers and handled my return. Does she apologize? No. Does she ask one of the employees to get a replacement? No... she tells me to go get it and come back to the CS desk. So I grab the item and go back... but she's ringing up another customer and I'm staring at 6 people, who just stare back. I was truly apalled, at this display of mismanagement and apathy.   This location started off so well, too. I guess that is what happens, as the real estate flopped pretty badly in this area.   Time to select the cheese to go with my whine elsewhere.  Down from 4 stars, to 2. Sad. Just sad.  ____________________________________________________ I don't care that Safeway charges a bit more for normal stuff. I just love this location. Friendly, helpful people, always yummy stuff in the deli, fresh veggies/fruits, pretty big wine selection for a chain store, and the guy in the bakery is an absolute doll to my cookie-grubbing offspring. This place is really convenient (gas station, gift cards, flowers, Starbucks) but it could have all that and I'd pass it up, if the people weren't so darn nice. Yeah, I know they do (or did) secret shopper, but the cashiers are always really fast, talkative (I'm a total stranger talker) and smile when I have to force my kids to put back the umpteen packs of gum they've grabbed. They make me feel welcome, instead of rolling their eyes when I can't find my card or just gossiping with whoever is bagging instead of saying 'Hi'. Plus, I usually don't have to play 'dodge the f'n shopping cart' in their parking lot. A little ambience goes a long way. You live out this way... try it.",0,0,0.7268877,1,logreg_wrong_neural_right
test_14165,"Yes, I am reviewing a Circle K.  If you need ice chips post-throat surgery Circle K is your place.  Their ice is 'soft', like melt-in-your-mouth not hard-as-a-rock ice, and not like the ice-daggers that come out of your crushed ice dispenser on the fridge at home.  They also have cheap slurpies and Styrofoam cups to keep ice chips from melting!  I never knew these things were important until I needed them.    To top it off the sales associate was extremely nice every time my sister or I went in there.  Even though I sounded like Kermit the frog and looked like death, they didn't make me feel like a weirdo.    This store is not large and it is not a gas station,  but they have a decent selection and cheap drinks if you are on the go.",1,0,0.59565485,1,logreg_right_neural_wrong
test_14202,"This place is a big bag of little sh!thead teenage girls who like to be rude because they don't care about their jobs. Cool, I'm impressed!  The pizza is great though.",0,0,0.50807226,1,logreg_wrong_neural_right
test_14223,"I live in Scottsdale and went out of town to Southern California for 4 days and booked this rental. The price was $116.00 total and I got there at 6 am on a Thursday so there was no line. The woman was nice and didn't try to up-sell me AT ALL. I didnt have a credit card so I had to put down a $400.00 deposit which was annoying but manageable. Brand new Chevy Malibu with 4900 miles which ran great. Brought it back at 3pm on Sunday with no line. Overall, I was pretty impressed. Last time we took a trip to Sedona and used Payless at the airport and it was horrid. I would rent again from Fox.",1,0,0.76316476,1,logreg_right_neural_wrong
test_14240,"I really couldn't ask for anything more... from a tire store. I mean, free cognac and dancers on poles would be nice, but these guys are here to move some rubber and that's what they do.  They are efficient and professional--I brought my car in for four tires and I was out in under an hour. They do offer many other services, but I politely declined. I like that they ask first though--I hate taking my car in for one specific thing only to have the salesperson come back with a list of other unrelated items they are more than happy to handle for me. Just tires, thanks. They also present several options for tires, and don't just try to stick you with the most expensive ones while pretending they don't have anything cheaper. Again, kudos!  The thing that impressed me the most was that it turned out they only had three of the tire they sold me--so the manager upgraded me to the next level of tires for no additional cost. The tires now on my car were $20 more/ea than the ones I paid for.  Good people here--perhaps I'll return for other services.",1,0,0.55254674,1,logreg_right_neural_wrong
test_14256,What can I say!? It's Starbucks....,1,1,0.8978851,0,logreg_wrong_neural_right
test_14317,"Glad I had a BOGO coupon, because this place sucks. I may slide in for happy hour at another time but there's better places for less at Westgate and Park West.  If you have to hit this chain, try 59th and Bell.  Tips: - Correct usage of past-tense in """"Steamed vegetables."""" How long ago they were steamed is the question. - When did fish have a casing? Mahi Mahi dog ftw! - No refills for drinks so make it last.",0,1,0.5099072,0,logreg_right_neural_wrong
test_14339,"This place is AWESOME!  I'd recommend everyone take management's advice and try your entree with the chef's hair...it truly is something you won't get anywhere else (we'll...you'll get it here and there, but mgmt probably won't promote it).    If you are slightly adventurous like me, order the clay pot with beef stew and turnip.  When I got mine, there was a hair on one of the turnips in the stew (I'm definitely one of the lucky ones...don't be jealous Lana Del Rey!).  No big deal, i get that it happens...so I wait until my waitress checks on us and point out the hair.  The waitress then picks up the pot for a close inspection and acknowledges that it is truly human hair (good thing she did, since my vision at age 34 is deteriorating quickly).  She then holds the pot, looks at me, and asks what I would like her to do (she is young..i'm guessing in her early 20's, speaks English fluently, probably grew up in Phoenix and is part of the restaurant owner's family, at least to my understanding).  Since she is new to this culture of 'eating out at a restaurant', I advise her that my preference is for the kitchen to re-make me the dish.  The waitress gives me a stunned look (since I am asking for the pot of gold at the end of the rainbow) and tells me that the hair is only on one turnip.  She then puts the clay pot back on the table, and provides me her advice.  She (and Confucius) says that I should simply remove the turnip with the hair from the stew and continue eating the dish.  (Whoop, there is it!).    My first reaction was that this was crazy, but then I realized... the human hair was actually being used as an ingredient in giving flavor to the stew/broth.  Although not meant to be eaten, it was one of the magical ingredients that made the food at Nee House special.  No wonder the waitress looked at me like I was a leprechaun (and not the lucky charms type, more like the scary 90's movie version...you know the one they did so many sequels of)!  Well, it is May, but Happy St. Patty's Day, and go check out Nee House!  It is a dining experience you won't forget.    Tip: Keep your fingers crossed you get the early 20's female waitress (I think she's the only one in that age group working as a waitress there).  She will make sure you get the royal treatment.",0,0,0.52271897,1,logreg_wrong_neural_right
test_14413,"The food is amazing here, that's why I went back and originally gave them 4 stars.  My most recent visit, the place was packed, I only had 40 minutes to eat.  Placed a small appetizer order and after waiting for 25 minutes they finally told me they were out of what I ordered.  Great food, poor service when busy.",0,0,0.9281994,1,logreg_wrong_neural_right
test_14427,"K. I'm not a fan of the neg, but coldstones is my least favorite kind of icecream. Some people love it. I don't know what it is about the ingredients. But it didn't taste right to me. Maybe because I'm do used to real foods.",0,1,0.70526993,0,logreg_right_neural_wrong
test_14432,"I have used Gloria's Blossoms for many corporate events where balloon bouquets where ordered.  On each order, I have received exceptional customer service which was often above the norm. The manager is very personable and flexible in scheduling set up and delivery.  I recommend this service and will utilize them again in the future.",1,1,0.5249294,0,logreg_wrong_neural_right
test_14433,I use this shop pretty frequently and have never been disappointed!!! will continue to give them my business for years to come!!!!,1,0,0.8959645,1,logreg_right_neural_wrong
test_14449,The only reason I end up here is because my in-laws love it. I've been to this place 4 times and I am just trying to get that delicious first taste back from when I first came in to eat. The biggest problem about this place is that it lacks consistency. For instance tonight my soup was cold and my wife got the wrong order. We have only seen the waitress twice tonight. Next time I go could be awesome. It is hit and miss.,0,1,0.81243294,0,logreg_right_neural_wrong
test_14454,Arrived to sit down with a good crowd & ambiance. Soon a stinky bar tender assisted with our order. His body oder was so offensive that it made me gag... We didn't want him to come near us. Couldn't even enjoy our meal. Came here on a Monday evening to watch a football game.,0,0,0.5963329,1,logreg_wrong_neural_right
test_14535,"We had been to only one groomer before and each visit I never had that warm fuzzy feel.  When my normal groomer couldn't get my dog in I decided to try something new and got a last minute appointment at Jeannie's Grooming.  I felt warmth when I entered the door.  When we walked in there were 4 or 5 smiling groomers welcoming us.  The deciding factor for me was when we brought Lola home she was excited and playful.  Not scratching herself on the floor and hiding.  She also had the cutest cut I have ever seen on her!  Thank you, we have found a new groomer!",1,1,0.86547065,0,logreg_wrong_neural_right
test_14584,"i stopped by multiple places today just to find a kitchen cabinet door.  Finally I found a single cabinet with the right door still on it here.  $40.  That's all I needed but the rest of the place had a huge selection of doors, windows, granite, etc.  I wish they sold appliances and more lighting fixtures.",1,0,0.59045994,1,logreg_right_neural_wrong
test_14593,"Why would anyone who lives in Mesa go anywhere else. I can't believe I have been a AAA member for 8+ years and never gave this shop a thought until now. With 5 vehicles to keep running the other shop I was going to has gone down hill fast plus I like to be a loyal customer, but with AAA 2 year warranty and the quality of people they have (Jeff Delong), and his well trained mechanics are going to get my business for a long time :-)......",1,1,0.5657215,0,logreg_wrong_neural_right
test_14604,"This place IS really GREAT except for one thing that some people like. THE NOISE! We almost left, it was so noisy we couldn't have a conversation and neither of us could hear the drink special from our waitress. The noise level did get better towards the middle of our stay I guess if you are there during the happy hour you might hit them when they are busy and noisy.  However  The food was good, I started with a little romaine salad it was only $3. it was good except for the apple slices that tasted like onions (that might mean something wasn't cleaned). My roasted salmon was delicious and came over a cold quinoa salad. I was surprised to find out they use high quality Scottish Salmon that only better restaurants use.   My companion had the cheese flat bread and the Pork Chile Verde and was pleased.  We spent much less here on dinner than we would have spent at many other places having a similar meal.  I do plan to return but will wait for a patio seat where dining is much more pleasant.",1,0,0.5808681,1,logreg_right_neural_wrong
test_14709,"This office is a mix of good and terrible. Dr Cheng and Dr Herrera are great,  Dr Cheng assistant Pedro is amazing, now the front office is totally unresponsive, over a week ago I sign a form requesting they send me my medical records to my email, I've call in requesting an updated and all they do is they put me thru an obscure extension. My wife had to take a day off to get a critical prescription refilled this after repeated attempts to get it refilled. Every time I've been there I see people that arrive way after me being called in before me and I've have to wait over an hour and be late to work. This office has potential but must work on the basics I will be transitioning to a different Family practice.",0,1,0.6148495,0,logreg_right_neural_wrong
test_14711,"Smelly Dog is a staple in CenPho.  I've been taking my dogs here for several years.  Previously, I'd been very happy with the service that I had received.  Like other reviews, I've always gotten great smiling service and my dogs always looked great after grooming and tired as all get out after doggie day care.  Recently, I got my little miniature schnauzer and thought """"What a wonderful way to exhaust him... i'll take in him in for doggie day care."""".  Never having actually looked at the facility where my little guy was going to be staying, I decided to ask for a tour.  Our request was granted (minus a few looks of concern from the staff) and we went back to the day care area.  Almost immediately my stomach dropped.  You have to walk outside the storefront to what I can only describe as a converted old garage.  Walking through the gates we were met by a gentleman that reeked of last nights alcohol.  We were not allowed to walk through the facility, rather we were shown what we could see from the gated entrance.  Bleek, boring and not well maintained are the words I can use to describe what we saw.  Zero grass and and old dusty ground is all there was to lay in and they only break out the pool on """"special days"""".  Long story short there just isn't much to stimulate.  It is my opinion that a little bit of paint and some minor landscaping (fake astro turf even) and this place would be amazing.  I can only imagine my lack of excitement would be translated into a lackluster experience for my little guy.  Whenever possible I like to patronize local establishments before the big box stores.  Until a little bit of care is invested in the doggie day care facility we will not be back.  I really hope some consideration is given to updating the facility and hiring some more responsible staff for day care because we'd love to come back!!  The boutique section and grooming are all great.  I look forward to continuing to use this part of the business.",1,1,0.50934553,0,logreg_wrong_neural_right
test_14750,"I am not proud to admit this, but I always feel nasty after eating here. Don't get me wrong the place is kept clean, the staff looks presentable,  but my food is always so greasy! It's fast 'Amerexican' (American + Mexican) food at its best. Order the carne asada burrito with guac and sour cream and you'll be set for awhile on your 'Amerexican' fix.   Stop by their salsa bar too and pick up some red sauce - it's probably the only reason I come here once in a blue moon.",0,1,0.72969997,0,logreg_right_neural_wrong
test_14752,"Wow, the 5 women in this place are hardcore tweakers...  And yeah what's with the insane prices",0,1,0.7744025,0,logreg_right_neural_wrong
test_14761,"The place itself was interesting and Las Vegas themed through out.   Service was a bit slow sometimes so once again another restaraunt i am not blown away by at all as far as our waiter/waitresses. We had gone with a lot of people for a fantasy football draft party type shin-dig. But you would think if a waiter/waitress has a big party they would want to work it to their best effort by making sure everyone is satisfied.  A lot of people were getting annoyed by the waiter forgetting about their drinks or not coming around often enough.  Lets get to the FOOD: i had ordered a turkey burger """"The gobbler"""" to be somewhat healthy for the night.  It came out piping hot! awesome.  But...The turkey was bland. my mustard, ketchup, and pickle made it better but nothing Rachel ray mouth watering gurgling noises came out of me at all. I was starving so you would think with me being starving that someone definitely would have heard some sort of a mmmm oh my god yumm of some sort. Nope. None.  Tasted like i could have made the same thing for the same price but made 4 burgers instead even though it wasn't stellar.  My boyfriends buffalo chicken tender sandwich looked more mouthwatering than my plate. The fries were decent enough and i happened to steal off his plate when he wasn't looking.  I had ordered the red cabbage cole slaw which was awesome too especially with the french fries! YUM. Those two things together were awesome! Not too many beers on draft. Disappointed with that for sure.  If we go to this location again with friends i will definitely order something else because everyone elses plate looked more amazingly mouthwatering than mine. :(",0,0,0.5040258,1,logreg_wrong_neural_right
test_14765,I had a delious chicken filly deluxe sub. Everything is freshly made. The chicken is grilled and very tender and not dried out.,1,0,0.828838,1,logreg_right_neural_wrong
test_14786,The girls that work there are so nice and helped me find food for my sick cat and neighbors.,1,0,0.59258425,1,logreg_right_neural_wrong
test_14810,Cannot request level of spiciness of the pad Thai when ordering online. I wanted no spicy but it wasnt too bad anyway. I can deal w a little spice.,1,0,0.5067018,1,logreg_right_neural_wrong
test_14847,"Heck of nice guy and I think an overall good person. He knows pools and when he shows up, is worth having.  Unfortunately the company is unable to hold an appointment, consistently has an excuse for missing commitments and overall is not all that reliable. The only time they were reliable was when our tech was out of town and another firm was covering for them.  Something needs to change as they are spread too thin, are unreliable and in general are not a firm I would recommend to a friend.",0,0,0.5776588,1,logreg_wrong_neural_right
test_14871,Was super excited to try this place out after all the reviews ... We ordered the meat pie & it looked delicious!!! After taking about two bites the overwhelming saltiness over took me! The dough is amazing!!! But I do not recommend ordering the meat pie ~ Staff friendly .. People seemed to be locals or people escaping the strip .. More then likely will not be returning.. Super expensive .. $35 for a large pizza & $2 for a small drink,0,1,0.7233906,0,logreg_right_neural_wrong
test_14905,"The first time I stayed at South Point was in mid of 2006, not long after they grand opened. It was very clean, large rooms, nice staff and not to mention the price....  Have been a fan ever since then~~~though their price has doubled since then too... :)",1,0,0.691753,1,logreg_right_neural_wrong
test_14913,"Friday night $2 drinks, an arena with jousting, a great movie theatre and a showroom are all pros. Lack of a good but not expensive food spot removes a star. The showroom is always cold FYI... Otherwise I somehow find myself here more often than most casinos!",1,0,0.77557653,1,logreg_right_neural_wrong
test_14944,Came here for happy hour after work. I got a beef fajita quesadilla and a couple of beers to was it down.  The quesadilla was really good. I asked for roasted jalape\u00f1os inside and extra crispy and they hit the mark. I couldn't have been happier. And pints for $2.50 isn't bad either.  When I got in it was dead and 30 mins later the bar was packed. I felt bad for the only one bartender on duty.,1,0,0.766098,1,logreg_right_neural_wrong
test_14973,"Never coming back here. The ac in our van has gone out more than once and hasn't been fixed properly yet, we were here a month ago and they said it was fixed.  Also, we need new o2 sensors and they are overcharging me to fix it.  They told me around $550 for two to be installed, I found them quite cheap on the private market and was able to get them installed quite easily.  Each o2 sensor was about $67 and was installed in less than ten minutes.",0,1,0.64056003,0,logreg_right_neural_wrong
test_15002,"I brought my FJ in a few days ago because I could hear some squealing at times. I thought I needed the brake pads replaced for sure. However, these guys were honest enough to tell me that there were plenty left. The breaks just needed some maintenance done on it.  After they bled the fluid and did what they had to do, no more squealing and my brakes are working like the day I bought my car. Thanks Just Brakes!",1,0,0.5940514,1,logreg_right_neural_wrong
test_15008,"I love Ross and have been an avid shopper there for many years. I was excited to go to this store, because I have been trying to get christmas presents for my family and friends. As I go up the escalaor, i realized there were just rows and rows of clothes it looked great. Hoever when you start browings though all the clothes, i started to think to myself that it almost felt as if I was walkingi n a thrift store. The had very low quality clothing and the clothes were shoved into each section, i hand the hardest time to even look at the clothes. I do not want to go to this Ross ever again. It was a really junk Ross.",0,1,0.68401873,0,logreg_right_neural_wrong
test_15054,"Wow, this particular location is situated on a busy street and yet nobody has done a review? Ok so here's mine. When it comes to fast food taco joints the two names that come to mind are Taco Bell and Del Taco. Im telling you right now, I am never gonna do a review for Taco Bell unless I am blown away by some memorable event foodwise.   Del Taco has better choices, specials, and heck, you can even order a burger off their menu if you're bored with tacos or just wanna change it up a bit. That's pretty bold I think and I do admit that their bacon double del cheeseburger is pretty good.   A lot of people tend to go here on tuesday nights for dinner. Why? Because tuesdays are taco nights! This is what a lot of college going students live for! A lot of good food for not a lot of money! Most places have 2 tacos for 99 cents or 3 for 1.29! You can choose either hard or soft tacos. I think the most tacos I ever ordered were 40! I had a grip of people up in my house and I only paid around 20 bucks for a boat load of tacos! Hell yeah!  Just about everything on their menu is the bomb! I have yet to begun to scratch the surface! Also I dont ever remember getting any bad service from these guys whether its this location or another. Most locations are 24 hours so for you peeps that get the munchies at 2 in the morning for some reason or another (you know who you are!), then you are definitely covered!  So for more info on their menu, go to: www.deltaco.com",1,1,0.5434837,0,logreg_wrong_neural_right
test_15081,I love the store it is the Best Juicy Couture I ever been to so much good Sales beautiful Handbags absolutely a great place to shop was greeted nicely until they gave me the  The Worst Worst Service ever I ask for a price and they told me  a great price and I was blown away after getting my stuff they told me that they had made a mistake and the prices were not right and they personally told me themselves  get more organized and Manager take your customers serious,0,0,0.5563594,1,logreg_wrong_neural_right
test_15092,"I was initially a bit skeptical about coming here because 1) there were bad reviews and 2)  they were doing a groupon sale.  I know my second reason may sound weird to some of you but businesses promote their business on groupon normally when they're struggling, which may be a result of poor service.  So I contacted them to ask them if their groupon deal was applicable to any day since it was a """"now"""" deal at the time. But the man who answered, Joe, told me that I don't need to purchase it online through groupon and that I just come in and tell him my name and look for him so that he can honor the deal regardless of whether I purchase the deal or not.  So I made my way there which is in the gas station at the intersection of Sahara and Durango. A bit far from where I live and work but most places around me were going to charge me $35-70 for the same service so I made the trip here.   As soon as I arrived, my car was immediately attended to and it took about 35-40 minutes to do which was standard and efficient to me. Really liked the service and I'm proud of taking a gamble regardless of its low Yelp ratings. Joe, whom I assume is the manager, was very courteous and professional. I definitely can't ask for more. For my reminder sticker, they listed $3 off for my next visit, which I assume is not combined with the groupon deal.  Overall, very satisfied with my experience here.",1,1,0.61046326,0,logreg_wrong_neural_right
test_15098,"I give this place 2 stars because of the new car buying experience. I have always owned an Acura and never really encountered problems with buying a new car. I was referred to a salesman Chip, who by the way is amazing!!! He wasn't there at the time and  I wanted to purchase a brand new car, so I saw the next salesman named Steve W. He was just as amazing as Chip. He worked with us throughout our process and was incredibly patient with us.   At the end of our car buying, we had a bump in the road and had a huge misunderstanding about the price of the car. Steve W. remained professional and patient with us. When the sales manager, Chris B. came out, he wasn't happy with us. He was a tad bit short tempered with us and made us feel like crap. It ruined my experience with buying a car with Acura, which is probably the reason why I am looking in Henderson or California to buy (has a much more competitive price as well). Chris B. was nice when he thought we were going to buy the car, but the fangs came out when we decided not to. I think he could have handled it a little better without being so rude at the end, considering he is a sales manager and represents the company. He made us feel stupid the way he talked to us and belittled us.   All in all, I give FIVE stars to Steve W. and Chip for always making me feel welcomed. They are amazing salesmen that will never make you feel like crap and never pushy.",0,1,0.67703253,0,logreg_right_neural_wrong
test_15110,Really great moving company. With these guys - what you see is what you get. They won't nickel and dime their customers or charge them for petty things. They also include drive time in the overall charge so that's a huge plus! Really good people. I plan on using them again next month when I move.,1,0,0.7606101,1,logreg_right_neural_wrong
test_15132,"Their customer service is great and the place is nice and presentable but as far as their work goes, it's not the best. On top of their work not being the greatest, I have never seen them sterilize their tools. I've been there several times because they are my last resort when I need something done last minute and out of all the times of been there (6?7?) not once have I seen anyone pick up new/clean tools from the sterilizer. I asked once if they sterilized and they said they did yet I've never witnessed it.",0,0,0.56476784,1,logreg_wrong_neural_right
test_15175,I stayed here once during the '08 campaign.   That's enough candor for one review.,0,1,0.5127331,0,logreg_right_neural_wrong
test_15247,I wish you would deliver to is since you keep sending your adds,0,0,0.5473614,1,logreg_wrong_neural_right
test_15251,"I wanted some Korean BBQ in Las Vegas, and went to this restaurant for dinner.  The decor was very nice with stone, wood and artwork, and the service was very good (albeit the restaurant was mostly empty on a Tuesday night).  However, the food just wasn't that good.    I had the Dak Bulgogi (Chicken) and am used to the very well marinated meats in Korean BBQ restaurants in Los Angeles, etc.  However this chicken just wasn't flavored well, and was pretty bland.  With the large number of Asian restaurants in the """"Chinatown"""" section just west of the strip across the I-10 I was surprised that this was one of the most heralded restaurants.",0,1,0.5999452,0,logreg_right_neural_wrong
test_15270,"From what I understand, Yelp is to review unique and fun places, not your typical everyday joints. For this review, and those rules, please accept my apology. What I have to say must be heard.  You see, Arby's is an amazing place. It is lumped in with the McDonalds and Burger Kings of the world, when in fact, it should hold a different place in the hearts of Americans.   When I was 16 years old I landed my first real paper paycheck job at an Arby's in Holland, MI. I thought I was big time. I made $8.00 an hour. I scored free grub from time to time. I flirted with the lizadies who came through the drive through window. What else could you want?   Through my time at Arby's I learned a man named Russ Umphimheimer owns the most Arby's under an umbrella corporation called RTM. He also owned a few other joints I think a Hardees (never seen one), a breakfast roll place, etc. Arby's was his crowning achievement though. He owned an empire of roast beef and curly fries. I met him once and shook his hand. He had a bunch of gold rings.   Anyway, now you have the background of my review, and you see I am only giving this joint 2 stars, you have to wonder why. I will tell you why..  no green beans on the menu.  Through out parts of the mid-west and the south there are renegade rebel Arby's. They were not bought out by RTM during Russ Umphenhimer's Arby's empire take over. Think of these places as the rebel alliance in Star Wars, and the RTM Arby's as The Empire. Russ Umphenhimer can be Darth Vader if you want him to be, but he's really not that mean.   RTM (stands for Results Through Motivation) set a menu standard through out his millions of Arby's. Every menu had to be the same. You can always tell when you are in a rebel Arby's because they will have some random stuff on the menu, such as green beans. The franchisee operator will sell you green beans (at least they used to), but hardly any of the Arby's would order them because they were all RTM Arby's and thus, couldn't be free to set the menu as they saw fit.   This Arby's had it's typical roast beef sandwiches. I opted for the beef and cheddar sans red ranch sauce, cause I think it's gross and I saw somebody dump a whole tub on their head once and run around chasing a girl. Bad juju right there. I also ordered the chicken fingers, which are back on the menu after a couple year MIA stint. Topped it off with an order of curly fries and a jamoca shake. I can't spell jamoca. Sorry.   The food I ordered was great for a fast food joint, and worth the extra dollar to upgrade me from a whopper or big mac. However, to have a truly 5 star Arby's experience, I lust for the day where I can order green beans off of a fast food menu and have a hearty chuckle about this fact. Until this day, fight The Empire, and support your local rebel Arby's (they usually have those old signs """"Arby's Rost Beef Sandwich is Delicious"""").",0,1,0.6479479,0,logreg_right_neural_wrong
test_15274,"The wait for a new card, not that long. The two stars is because some asshole backed into my car and took off without leaving any insurance info. Was a really nice surprise to come out to my car and see a bunch of paint missing. Conveniently there weren't any cameras that caught what happened. Oh well. Thank god I'm covered.",0,0,0.7294659,1,logreg_wrong_neural_right
test_15341,"I hadn't been to a Sonic at all in my life. I passed by this place in 2009 but now I can say I finally tried it.  It is near the Palms Casino, had the All American Hot Dog and the Coney Island Hot Dog w/ chilli and cheese. It definitely hit the spot at 3:45 in the morning or so.  Even if you walk up and order you can't physically go inside the restaurant, you order from the outside box and the people come to you with your order and you pay cash or credit.  The drink was cool too, the ice was chipped in a different kind of way, so the Sprite tasted like a total slushie.  The handmade Onion Rings tasted unbelieveable also. I know there are a few Sonic's in Jersey, but I am never really around there but the commercial play all over NY, nah mean. So the word is out there.",1,0,0.58609605,1,logreg_right_neural_wrong
test_15352,"This place is such a nice change of pace from the crappy, corporate tanning places that are pretty much the monopoly in town.  They actually offer shorter packages and don't require your first born and all your banking info just to flipping tan!  The owner and employees are really chill, not high pressure sales people trying to shove $80 bottles of lotion down your throat.  They also have a cool assortment of unique purses and clothing.  Very cool to see a biz woman making it instead of a corporation:)",1,0,0.60047114,1,logreg_right_neural_wrong
test_15382,"Nice theaters, quick lines to get tickets.  The prices for goodies are outrageous.  Almost five dollars for a bottle of water!  Candy that costs more than the movie tickets!  I feel like I'm getting clipped here.  The theaters are good, they keep them clean and the staff is always nice and professional.  Overall a five star movie going experience if you don't have to pay highway robbery prices for snacks.  Five stars for the staff and zero stars for the overpriced snacks.",1,1,0.60247725,0,logreg_wrong_neural_right
test_15394,We used to go to this Denny's and then the service was so bad we stopped.  Had breakfast today and the new management has whipped this restaurant into shape.  The service is great thank you.,1,1,0.6886256,0,logreg_wrong_neural_right
test_15402,I wish I  could give it less.  They used to be good.  The owner was a jerk on the phone.,0,1,0.70505273,0,logreg_right_neural_wrong
test_15469,"Yes, you cannot beat the review.  But $10 for two ginger ales?!?!?!?!  You have got to be kidding me.  Even for a club that is a little ridiculous.  I wouldn't have minded if the waitress disappeared until the check came when she hovered over us.",0,0,0.52891684,1,logreg_wrong_neural_right
test_15470,"As many have stated already, one of THE best views of the Vegas strip... especially since theHotel is already on the very southern end of it.   My group came here at around 1am on a Saturday morning. I was even ready to pay cover since that's what I read on the website ($10 for theHotel guests), but they ended up not charging us anything. I guess it wasn't extremely busy and they were just looking for more people. Not really sure how much the drinks were, but probably typical Vegas prices. Also didn't try out any of the food they might have. At the time we went, there was loud music playing and most people dancing, but not like an all out club. Not sure what it's like at other times, but if you're coming here you're definitely coming for the view and chill vibe.",1,0,0.8097761,1,logreg_right_neural_wrong
test_15623,"Frozen custard....  Very decent here, but not as gourmet as the one at the Chocolate Swan at Mandalay Place! I had the cookies and cream custard here, and it was pretty good. The owner was very nice, and was curious how my friends and I heard about his place.   """"We were just passing through, as we were going by the Sunset Station....""""  The place looks like one of those Mel's Diner places, but not as fancy. The taste of the frozen custard has that egg taste to it, and is a required taste, I believe....You can also buy little pints of the frozen custard as well...  Make sure you eat this right away, and don't take it home and refreeze it! It'll get very hard....and will not be enjoyable....  Also...to get here...there is really only one entrance and exit...not very accessible from Marks Street...",1,0,0.9443679,1,logreg_right_neural_wrong
test_15641,"Good food, as far as I can tell since in 45 minutes we have only gotten our appetizer.  So far, the only reason to come is to get $35 in free drinks.  Stay away!",0,1,0.8079508,0,logreg_right_neural_wrong
test_15679,I was there one a date and lost the opportunity to bed one of the cutest little French spinners you have ever seen over the service we received.  We waited an hour and a half for our stinky meatloaf.  Followed by our 30 minute wait for cheesecake.  I have to admit the food was actually good.  The problem is the little hot French spinner had a curfew.  She had promised me a great time.  We were late for curfew when we left the Restraunt.  Thanks a lot.  She got back with her boyfriend of 4 years the next week.  I could have been her mistake.,0,1,0.7522517,0,logreg_right_neural_wrong
test_15689,"I scheduled an appointment, waited three days, rearranged my schedule to meet with them for estimates; They call me 5 hours before the scheduled appointment telling me they can't make it. They want to schedule for the next day. I have to work. Not good!  I don't know what their skills are like, but my time is valuable... How about yours?  Update: The owner of the company came over to my property and presented himself in a Professional way.  As things progress, I will update here and perhaps improve my rating for this company.",0,1,0.5258521,0,logreg_right_neural_wrong
test_15709,"I had just signed up for the Fast Track service. It took 15 min to get through the line for the Fast Track. Took a quick look, loaded up, and off. A little advice - bring a flashlight and spend 5-10 min checking for damage. My $110 rental included $275 in """"damages."""" It looked like a very old scratch that had been repaired and chipped off. I have rented from Avis for 30 years without a hitch, but never again from Budget LV.",0,1,0.8426392,0,logreg_right_neural_wrong
test_15725,"Update: May 12 2008:  After 5 visits to this place, I am now completely fed up with the incompetent service people.  Not only are they not fixing the things that I brought it in for in the first place, but I now suspect they are breaking things so I will have to keep bringing my car back.  STAY AS FAR AWAY FROM THIS PLACE AS POSSIBLE!!!!  I am going to report them to the BBB and contact Land Rover corporate to formally complain.  Something really wrong is going on at this dealership!!!  ~~~~~~~~~~~~~~~~~~~~~~~~~~~~~~~~~~~~~~~~~~~~~~~  Recently dropped one of my cars off at this dealership to get serviced.  VERY friendly Service Advisor (Terry).  Professional and knowledgeable.  Clean environment and decent location.  As for pricing, it is the same everything.....through the nose!",0,1,0.53822786,0,logreg_right_neural_wrong
test_15748,Came here twice since I was staying nearby. One evening I came in and asked for decaf coffee which they didn't have but the young female Barista said no problem I'll make a fresh batch for you. I was taken back BC usually other locations won't be as customer service oriented to this was a pleasant surprise.   Second visit was after hitting the gym up and I tried the strawberry smoothie which hit the spot after a decent workout. This location has a drive thru if you're in a pinch for time also.  Thanks for the great customer service and quality that I expect from Starbucks!,1,0,0.7854939,1,logreg_right_neural_wrong
test_15868,What can you really expect from an airport chinese place....really?!,0,1,0.5147073,0,logreg_right_neural_wrong
test_15869,"Adrenaline junkies unite!  Similar to Supreme Scream @ Knotts in Brea, but WAY better since you're higher by about 10x more.   Only bad part I have to say about this ride, is being the clumsy me I smacked my head against the harness RIGHT before I got on.   But very fun and a must try.",1,1,0.5716253,0,logreg_wrong_neural_right
test_15904,"this review was for the hypnosis show  there were some parts that were funny, but overall it was TERRIBLE. can't complain much since it was a free show for me, but i felt like i wasted my time sitting there. I've been to a hypnosis show before at a college campus and it was highly entertaining.",0,1,0.87454194,0,logreg_right_neural_wrong
test_15907,"The rooms here were all right, there's no mini fridge to keep stuff cold, so me and my friends made the bath tub our """"cooler"""" by filling it up with a shit ton of ice. It wasn't too much of a problem, because we only stayed in our room to watch the 2013 aspen x games. The rest if the room is alright nothing to fancy. Our room was decorated with stuff about Sulvestet Stalon, it was pretty weird. The casino floor however was much better, there are a lot of tables and slot machines and a bar/ lounge in the middle of the room. The miracle mall wraps around the outside of the casino and makes it convenient I'd you wanna shop, eat, or buy some cheap beer at one of the 2 ABC Stores. Overall my experience here was great.",1,0,0.5290195,1,logreg_right_neural_wrong
test_15938,"I was very disappointed in this place. All the food tastes exactly the same. I couldn't even tell s difference in the texture between the shrimp and the crab.  Once we ordered they brought out the good in big plastic bags, steaming hot. However, there are no sides included, and limited sides to add on even if you choose to.  It didn't get one star because Laura was great. She kept our completely flat sodas refilled, and checked back on us frequently.  Also, the corn fritters were delicious. I would say stop by and ask to sit in Laura's station, get the fritters and one kind of seafood, a beer or water, and if you're still hungry go next door for desert or up the street to Ronald's Donuts.  Really overpriced for what it is, I think.",0,1,0.581201,0,logreg_right_neural_wrong
test_15961,"Always have a great sandwich here. One time it was cold, but it won't stop me from coming back.",1,0,0.5729399,1,logreg_right_neural_wrong
test_15980,"So this is a really cheap golf course.. It is fine for beginners.   It is not in the best shape. It is what it is.  They have a range as well... They have carts for the course.  It is short..   Doubtful I would go back. But for people starting out, it should work for them.",0,1,0.77195525,0,logreg_right_neural_wrong
test_16025,We like this movie theater.  It's always clean and never crowded.  Movie prices suck of courseBut if you go before noon is not to bad.  Get the cup I'd you come more than twice.  It's worth it.,1,0,0.8537383,1,logreg_right_neural_wrong
test_16046,"I ordered the lamb kabobs and the shishk kabobs. I also ordered the lemonade. The kabobs were edible but entirely devoid of flavor, the lamb was better than the shishk. The rice that came with it as well as the salad was very good, flavorful. For food I would give them 3 stars, but the lemonade was worth 5 stars. Thus the 4 star rating. The atmosphere was meh. The lemonade is what it's all about.",1,0,0.93340933,1,logreg_right_neural_wrong
test_16052,The price is a little high for me.  They don't give enough bean sprouts without asking for more.  The pho broth is a little too sweet for me also,0,0,0.7169825,1,logreg_wrong_neural_right
test_16058,"I've only had Ethiopian at two places--Tana, around the corner, was the first. Abay was the second. So obviously I know nothing about what authentic Ethiopian food tastes like...all I know is that I liked Abay so much that I began to frequent it, and never went back to Tana (especially since if I were to walk from my apartment to Tana, I'd have to pass Abay on the way and resist going inside...impossible) so it really wouldn't be fair of me to compare the food between the two.  That out of the way...I love the food here! Don't even think about ordering one thing, just do a combination platter. Most of the foods are stew-like and served on a large piece of injera, which is basically the lovechild of a crepe and sourdough bread. I think I would literally eat all my meals on injera if I could, but that's just me and my love of fermented anything. I've tried most of the menu and my favorites are the Kay Wat (beef with berbere), Zil Zil Tibs (beef with peppers & onions), Gomen Besiga (beef with kale), Kay Sir Dinich (beets & potatoes), and Ayib Be Gomen (collard greens & cheese). During restaurant week, they had scallops as a special that were insanely tasty. If they offer those again, get them! I also get serious cravings for their savory pumpkin soup.  I do have a problem with the lack of heat in the dishes. Things that are marked spicy are not spicy. I'm not sure how spicy Ethiopian cuisine is supposed to be, so maybe it's just my high tolerance that is making me disappointed. That being said, those scallops I had on my last visit were the first thing that actually made me reach for the water, so they definitely have the ability to do spicy. I will try asking for my food extra spicy next time.  I also have seen photos of Ethiopian food where there's 5 or 6 heaps of food on the injera, almost blending together because there's so much on the plate. Abay only gives the option for four items, and the portions are on the smaller side. That being said, I always leave here full and satisfied, and it's still one of my favorite places in Pittsburgh!",1,1,0.6327831,0,logreg_wrong_neural_right
test_16074,Flies EVERYWHERE! Great food but it's ruined the instant you get it because there are flies CONSTANTLY landing on your food. They have a serious fly problem. My advice is get it to go because the food is worth it.,0,0,0.91650593,1,logreg_wrong_neural_right
test_16077,Burrito with chorizo had far too much chorizo. I requested light chorizo yet it was so overloaded I couldn't see or taste the egg. Wondering why they say they will make it with light chorizo and yet they never do. I'd prefer you mention up front if there is no possibility in decreasing the amount used..... This prevents setting one up for disappointment.,0,1,0.63574845,0,logreg_right_neural_wrong
test_16102,"If you aren't in a rush to catch a plane, this is a decent Mexican food place to catch food at. Just be prepared to search high and low for a table. And when you do happen to get a spot, order asap as your waitress comes. Took 10 to even get one, another 20 to order and then about 15-20 for the food. I had a taco salad with chicken that was really good for airport food. Dark red salsa is extremely spicy! All the waitresses were working their butts off so make sure not to complain and just be patient.",1,0,0.8377155,1,logreg_right_neural_wrong
test_16155,heard a lot of good things about this place unfortunately the closest to me is in las vegas. since i was in vegas i dropped by for a sandwich to go and decided on the capistrami. i thought it was a 8.5 out of 10. The bread was the best part of the sandwich. the pastrami was tasty but i've had better. that's not saying i wouldn't go here again because i absolutely will. good thing that i just found out there is one now in my city of torrance. i will be trying that one shortly...like as in tomorrow!,1,1,0.6662233,0,logreg_wrong_neural_right
test_16159,Want to try more!,1,0,0.8337705,1,logreg_right_neural_wrong
test_16209,"For a long time I felt that we'd never get a place a like this out here, and then all of a sudden the mighty vinyl gods atop Mt. Olympus gave us Red Hot Robot. After going, I now find myself paying tribute to said gods through plush toy sacrifices on a funeral pyre on a weekly basis. Hopefully my tributes shall keep the place in a business in these difficult times. It's a low-key place, simple and clean, without too much clutter and nobody bugging you while you peruse the fancy wares. Making things all the more comfortable for you, the patron, is the fact that everything is so clearly priced. No longer must you awkwardly ask the owner how much that Kozik is. You can simply look at it and learn that it's totally out of your price range. It's a good place. Lots of neat stuff, and at prices that are actually pretty damn fair compared to what you'd have to pay online (and that's not even counting shipping costs!). Here's hoping this leads to more in the local scene!",1,1,0.59886986,0,logreg_wrong_neural_right
test_16257,"A meal here is still 5 bucks more than what it would be at Wendy's or Mcdonalds. Also the fact that they don't allow free refills is interesting. The business probably pays pennies on the dollar for all their supplies , they own the space they're on , where is the high prices coming from? When prices go down I'll be more than happy to be a regular here.",0,1,0.71169025,0,logreg_right_neural_wrong
test_16281,"Again, Great drinks, great service, great happy hours, and great style but I never have any luck with the food here.   This time the bread was not crunchy, it was stale. Appetizer FAIL. Then tried the special of the day, some ravioli dish. It pissed me off, $17 bucks for THREE medium raviolis with a little bit of spinach, pine nuts in a brown butter sauce.  Way to small for the price.    I repeat for emphasis, great drinks and happy hours, but the food is and has always been a huge let down with me.",0,1,0.618593,0,logreg_right_neural_wrong
test_16328,"Good food, good atmosphere, would recommend it.  Cant go wrong with what you order.  I have had lunch here twice and have not been disappointed.",1,0,0.6172831,1,logreg_right_neural_wrong
test_16337,"By default, food in a mall food court is supposed to be greasy and leave you counting down to a heart attack.    Opa is in a food court, but the food isn't like that.  I had the gyro wrap with a greek salad.  Both were delish.  Not greasy and full of flavor.  The gyro is perfect and the salad is romaine lettuce topped with lots of bell peppers, tomatoes, cukes, and olives. The guy making the plates up was friendly and confirmed what I wanted in my wrap.  It's a little more expensive than other places, but is well worth the $2-3 difference",1,0,0.6138569,1,logreg_right_neural_wrong
test_16340,"have been a customer for years as I was first introduced to Wally's when they first open by a very dear friend """"Al"""". At first opening they may have experienced a few growth pains but I was not aware of any and the food (lunch and dinner) I would put up against any fine restaurant like Wally's - and Wally's would be the clear winner. Remember reviews are that of one person (well intended I'm sure)  and may be as a result of only one visit so I think some of the negative comments I read should be taken with that in mind. My review is based on many visits over the years and is reflective of a composite of all those visits. The people/ staff at Wally's are outstanding - from ownership down to the newest hire. One thing I have noticed is turnover is a rarity at Wally's - speaks highly of the management and ownership in my opinion. Suggestion - if you have a bad experience give it another try just to confirm you didn't experience an """"off day"""". Thanks my story and I'm sticking to it  and no, I don't work there!!!",1,1,0.64553714,0,logreg_wrong_neural_right
test_16383,"The Place serves up the biggest portioned breakfasts you've ever seen! I ordered the meat and eggs with diced ham in scrambled eggs, diced potatoes, and toast. The meat and eggs were basic but good. The diced potatoes were greasy and tasted like the curly fries at Arby's! Toast was covered in butter. Probably not the greatest place to go to when you are watching your diet, but great for feeding a bunch of really hungry people! I like that they give you the option of ordering toast, biscuits and gravy, pancakes or tortillas with your entrees. Good prices for the amount of food you get and super quick service too.",1,1,0.5529332,0,logreg_wrong_neural_right
test_16414,"Funny how such an old, small, non-glamorous casino can get a solid 4 star rating.  Anyway, I only go to Bill's for two reasons:  Drai's Afterhours and The Victorian Room for some 24-Hour food.  Don't let the old casino look deceive you, this place is the bizness.",1,0,0.6514872,1,logreg_right_neural_wrong
test_16517,The good was decent but the staff didn't seem very friendly here. They really like to nickel and dime you here for everything it seems like. It was clean at least. They don't really offer anything that would make me want to come back. Go down the street a block to Los Taquitos instead.,0,0,0.50715077,1,logreg_wrong_neural_right
test_16534,"Let me start by saying that the tailors are incredibly kind and helpful. They were able to alter some of my dresses quite well (doing simple alterations). However, when it came to altering some suits, I was really disappointed. One of the suit jackets, which was originally too large, was know misshapen and disproportionate. One pair of dress pants was extremely unflattering after the alteration, being too tight around the pant seat/hip area.  I spent over $100 on alterations and would say that half of them either do not help or have made the garment worse. For simple hems, I would go to AJ Tailors, but for anything else, I would look elsewhere.",0,1,0.75009096,0,logreg_right_neural_wrong
test_16559,"I usually get the traditional Lox and Bagel set up to go, and not until recently did I dine in. Actually we were outside on the misted patio with our two dogs. My brother ordered an omelet of the """"Healthy menu"""" and I ordered the French Toast off the same menu column. We did the divide and conquer thing so the waitress brought extra plates, but let me just say that is probably the best french toast (or is it freedom toast) I have had in a long time. They encrust it with nuts and granola, and it is insanely good. I think they are sometimes lacking in the service area, but not enough to write a letter to the editor. It was rather busy as we were there on a Saturday AM but we did not wait long to sit.",1,0,0.6925809,1,logreg_right_neural_wrong
test_16593,"I honestly don't know why everyone says this is the best fish sandwich. All the native Champaignians say this, so maybe it's just home-town pride or nostalgia? Anyway...  Of course I got the fish sandwich. I didn't enjoy it, and I love fish sandwiches! It was pretty flavorless, and the tartar sauce/vinegar combination didn't please the palate. I've heard some people like it with hot sauce, and I think that might help, but my sandwich shouldn't have to be soaked in spiciness for it to taste good.",0,0,0.7792423,1,logreg_wrong_neural_right
test_16600,"We always have a good time whenever we hit the Luxor! Before, when it was still called 'Ra' it was crowded, it was fun, and there was always someone new to meet.   My girls and I unknowingly planned our trip to Las Vegas for Memorial Day weekend. I say unknowingly because I know better than to go to Las Vegas during a holiday weekend. Too many people (I just don't do big crowds), too many drunks, and clubs become too expensive. However, it wasn't my birthday and that weekend worked so we went.   We hit LAX the last night of our stay in Vegas (Sunday night). We got scammed by some dude selling club passes on the strip (in front of Caesar's, don't give him your money) so we knew it would a rough night of clubbing ahead of us. We decided to just go for it and headed to the Luxor. We weren't on a list, we didn't have passes, we were doing it 'the regular way' which I haven't done since I first started clubbing (about 10 years ago). We expected the cover to be insane, especially when we discovered that Ginuwine was performing (don't judge me, I still love Ginuwine). We were told that the cover was $20, but we could expect to pay more by the time we got to the door. Totally understandable, this is Vegas, the goal is to make money.  We got to the door in record time (less than an hour of waiting in line, score!), and we only paid $30 to get in. I look at this as a bargain because it was a holiday weekend, other clubs were charging much more and there was a performance that night.  The only real problem we had was that the club was so packed. It was really hard to finish my drink without spilling it on myself (thanks to the thousands of people milling back and forth bumping in to me). After Ginuwine performed a lot of people left so it was easier to dance. Easier, not easy. It was still super packed, no real dancing could be done and getting off the dance floor was very tricky.  Over all, we had a great time; the Luxor never disappoints me. It's always an adventure when we roll through the Luxor.",1,0,0.5470036,1,logreg_right_neural_wrong
test_16635,And then the century old battle of Home Depot vrs Lowes commenced. And.. the girl that was forced to go to both did not see a difference.  I think you grow up with one and just like it?  For me I love how everyone is helpful and you can be as vague as possible and they can find what you need. thing such as: Hole in wall. Need stuff for the hole. is suffice.,1,0,0.551778,1,logreg_right_neural_wrong
test_16701,I had a blast here at Dicks! I must say it was definitely a different experience than your typical restaurant experience and I loved it. First off I have to say if you have no sense of humor then don't eat here because at this restaurant the waiters are rude and crude and they make fun of you. They also let you make fun of them which is alot of fun. Then at the end of the meal you get these big paper hats that say funny things on them. Our waitress was so funny. When we first got there she threw our plasticware on the table and walked away. Then she came back and asked us if we decided yet and was telling us to hurry the hell up. She was making funny jokes and really had us laughing the entire time. She actually scared this Asian family out of there. I don't think they knew what the place was about and she was asking them if they spoke English and she told them to lighten up. They got up and walked out. I never laughed so hard in my life. When we had a legitimate question she went into waitress mode and answered it for us. This is the only restaurant where I told a waitress to bring me a damn to go box and it was ok. My husband told her to bring us the fucking check. It was a hoot. As far as the food goes I thought it was really good actually. I got the pulled pork plate and I loved it. My husband got the BBQ beef brisket and the ribs and he loved his also. The prices were good for Vegas. We all know anything in a Vegas casino is going to cost way more than it would anywhere else so I have different price standards for Vegas. This is by far the only redeeming quality the Excalibur has to offer and I will only return there to eat here.,1,1,0.5714568,0,logreg_wrong_neural_right
test_16711,"Yummmmm-hum. This review is for drinks and dessert. Which should be enough for you to get an idea because it was for me!  Dish is fannnnncy but I think the service, food, ambiance, furniture, etc. are all in accordance with the price.   The bar is copper. Probably not to the core but it's copper colored or plated! Pretty and shiny! I had a ginger old fashioned. Highly recommended over their sazerac which was just okay.   The chocolate bread pudding was really really good. Hot but not dry, spongy but not gummy, and topped with chocolate sauce and fresh, delicious blueberries. Eating blueberries in February is cheating but if no one hears about it then it's ok. They were like tangy gifts from Mexico. The fruit kind.   Next we asked for espresso Martinis but I kind of wanted just an espresso and maybe another drink. Next time I won't have a coffee martini. I feel like my brain was confused by the chemical combination, like, I'm tired! Noooo I'm up! Nooo I'm wired! When all I ever really was was full.   The dinner menu looked great too. Many options for all diners. Maybe will try again on a visit to Pittsburgh. It will have to wait some time but the place comes highly recommended so it won't be forgotten.",1,0,0.7043188,1,logreg_right_neural_wrong
test_16779,"3.5 stars  I ordered the Full Montagu. The first half of the sandwich was good.  But after eating half of it, I got pretty sick of it and it felt really heavy. I ended up just throwing away the second half of the sandwich. It's good, but not THAT good. Lines were pretty long, but moved quickly so the wait wasn't too bad.",1,0,0.733565,1,logreg_right_neural_wrong
test_16808,"Not sure why this place has such great reviews. I am surprised. I think its an ok sandwich spot. It does the trick, but nothing outstanding.",0,1,0.65993685,0,logreg_right_neural_wrong
test_16840,Service is not so great. Took long to make my order no waitress in sight for 15 mjn. Eggplant crisps are good. Margarita pizza came without basil tho :( Once fixed was good. My Italian soda never received.,0,1,0.5500289,0,logreg_right_neural_wrong
test_16929,"High quality cuts of meat,the sesame duping sauce is on point, my only issue with this place is the size, so I give it four star for that reason, otherwise this place is flawless",1,0,0.72902966,1,logreg_right_neural_wrong
test_16951,"Although I am a Beatles fan, I must admit I was not psyched about seeing this show. I thought it may not live up to the standard cirque show because a few of my friends felt it was lame. I was overly impressed by the prediction and I really enjoyed it. I would completely see it again. It is family friendly and very affordable. Loved It :)",1,0,0.7018863,1,logreg_right_neural_wrong
test_17037,"we came here because of a groupon deal, but it was a good atmosphere, good service, good fish and chips, good drinks. can't go wrong. too bad it's so far away!",1,1,0.9188063,0,logreg_wrong_neural_right
test_17127,"I've been going here for a couple of years already and enjoy their Italian beef sandwiches. This place has got them tasting closest to Chicago style Italian beef, but I'm still on the hunt for something that tastes just like Portillo's. Their Chicago style pizza is also very good. If you've never tried it before, get the smallest pie possible. One slice will do you in, unless you can eat like a total fatty. Oh, and of course, try the Chicago dog!",1,0,0.54385316,1,logreg_right_neural_wrong
test_17170,I am fan of the pulled pork sliders and the biscuits with honey butter.  The service has never really been good and they are not very accommodating.  Let me explain a little... like I said I like the pulled pork sliders... they come with 3 sliders and a side.  I asked if i could get 2 pulled pork and one beef brisket slider??? That was a big fat NO!  Strange since they are the same price.  They like to stay strict with that menu:).  I have definitely had better bbq other places.,0,1,0.74970573,0,logreg_right_neural_wrong
test_17171,"Good food, but portion sizes don't make much sense.  We ordered a half of the sampler appetizer, which was HUGE!  It was also very delicous.  We had also ordered a sandwich to share, and we were disappointed with the size of the sandwich.  Overall, everything tasted good, though nothing truly to write home about.",1,1,0.54223174,0,logreg_wrong_neural_right
test_17218,"Mastro's price point would lead one to believe the service and meal would be of the best quality. i'm afraid my experience would say this is not true. As a last night meal in  town for the next month , my husband and I had dinner at Mastro's. We had been there many times ,but this night my crab cake was not even warm ( they said it should be room temp) really? Then the porterhouse steak steak for two we ordered came out as a porterhouse steak for one we could share! Our service was below what anyone would expect and there is not a reason in the world to go there when many other options are out there. You must have to be a celebrity to get service that  any normal couple would hope to get for a  price point in this place.",0,1,0.5358581,0,logreg_right_neural_wrong
test_17221,"The concept for this show is great, and it could be hilarious.  But, one of the actresses, Lisa Mack (playing the professional woman) is such a terrible actress, it's impossible to get past her hamming it up and just enjoy the show.    The song adaptations are funny, but the singing in this play is NOT at a professional level.  This show needs to be re-cast with professional level actresses who can actually sing!  All in all, I kept thinking, """"This is like a bad high school production!""""  This show definitely is NOT worth $60!",0,1,0.9247367,0,logreg_right_neural_wrong
test_17224,"I really didn't know what I was getting myself into. But I stayed about 15 mins before calling it a night.  Not a huge rock fan and if I wanted to watch women shake their moneymakers about, I could have easily gone to my room mirror and jiggle my jello for free.  I need something with guys. Lots and lots of guys. I think I'll go to the Chippendales show at Rio next time.",0,1,0.7317831,0,logreg_right_neural_wrong
test_17293,I've been to many mastro's and typically leave happy.  I had the bone in filet which was mediocre/good and for the price charged that just isnt acceptable.  Crab cakes were tasty but not as good as another restaurant in town that were amazing (eddie v's)!,0,1,0.5553209,0,logreg_right_neural_wrong
test_17296,i died and went to heave. it was an expensive trip!,1,0,0.60127985,1,logreg_right_neural_wrong
test_17365,"I have been going to this place for over 20 years now and it is the ideal greasy, cheesy and sinful cheeseburger and fries. The burgers are great and that goes with saying I don't eat meat anymore but I remember what they used to taste like. Fortunately, I can eat lots of other items that they have. The shakes are thick and fruity. I appreciate fries that are greasy but crisp, and in a brown paper bag and that's what you will get from Lucky Boy.   Lucky Boy not to be confused with the famous Big Boy burger shop (although you cannot miss the shop, there is a gigantic Big Boy-esque sign in red on top of the restaurant). It's not in the best area but neither are you going to see bullets come flying at you, come on some people have no clue what the ghetto really is.",1,1,0.5541033,0,logreg_wrong_neural_right
test_17377,if it had been any less like the original i would have been sad. granted i'm not totally into jazz. ( i know. i'm a monster) but if you go there on an off night it's a really nice place to go to with a date followed up with of course their black and white picture booth so you can remember the night forever. :) isn't that romantic?,1,0,0.61734295,1,logreg_right_neural_wrong
test_17384,"More is definitely less. I can find a better buffer in like Bakersfield. The selection is small and the food taste a little better than what they prepare at a high school cafeteria. The cocktail shrimp are half the size of those of the other buffets and the prime rib overcooked to perfection. If it wasn't for the $5 off coupon and the reasonable price, this is definitely a one star.",0,1,0.525088,0,logreg_right_neural_wrong
test_17408,"OK, I am not a shopper...by no means! But, as part of the activities for a small family get together in Vegas, I agreed to go along. I had no idea what to expect but had heard that there was this great new mall in vegas.  Let me preface this slam of a review by saying it was the end of June in Vegas which means it was hot, but not yet Vegas (read: Africa) Hot yet. I think it was about 100-102.  So, the backers of this project must have picked their architect from a pool of guys passing around a massively packed water pipe.   WHO BUILDS AN OUTDOOR MALL IN THE MIDDLE OF THE FREAKIN' DESERT!  Someone should have told the guy that most people in the USA go to the mall to GET OUT OF THE HEAT.   Now, add to this that instead of one main thoroughfare like the outdoor mall in SLC (The Gateway), this place has side streets and the sight lines and the signage makes it impossible to see what stores are where. Between the heat and the need for a GPS to navigate this place, most people must go to one or two stores they know they need to go to, then pack it up and head out.  Now, they did have misters here and there, but the ones that did work did not do much as they were 10' off the ground and the water evaporated too high off the ground. The real kicker is the kids play area (which was quite nice) had very little shade and NO MISTERS! Top that off with the water feature in the kids area was not even working!  In the end, the best part of my trip to this mall was leaving the group behind, driving across the parking lot, and exploring the nice air-conditioned realm of Fry's!",0,0,0.57300425,1,logreg_wrong_neural_right
test_17537,"I find this place quite interesting since it's not the typical, bousie club/lounge you would find on the strip. And interesting I enjoy; bousie not so much.   Gold Diggers is somewhat hidden at the Gold Nugget. You have to go up the stairs to find it. First off, the times I've been to Gold Diggers, the bouncers AREN'T dicks or are minimal dicks and appear to lack egos. This is few and rare in the Valley. Second, this is the most diverse crowd you will get a chance to interact with. The people that come here can be bousie (not as much as on the strip though), can be very modest, come from all different cultural backgrounds as well as different shapes/ages/sexual orientation etc.! I think this is awesome considering I'm all for diversity :). Third, what makes this place even more interesting is the music they play. Music is from a wide range of decades and genres that include the 70's and even country.   I like Gold diggers because drinks are cheap compared to other places, (I believe I paid 6-8 bucks for a jack and coke), the bartenders and cocktail servers are pretty yet have minimal/lack pretentiousness, the bathroom design and interior is pretty impressive for this kind of place and the patio overlooking freemont st. is pretty cool.   It's too bad that there aren't many places like this in Vegas...",1,0,0.68704337,1,logreg_right_neural_wrong
test_17541,"I had an amazing time the first time I went here and was eagerly waiting for the next chance to bring friends out here.  No cover, great prices, fantastic drinks, and the music was great.  However, the next time I went there, the vibe was completely different.  The bartender made the smallest shots possible and they were still $45 for 4 of them.  There was also cover for some reason even though there was not enough people to justify having cover (no events, no appearances, etc).  Unfortunately, their service is hit or miss but the location is on Fremont which is experience on all its own.",0,0,0.75349736,1,logreg_wrong_neural_right
test_17610,"A Friend of mine really wanted to come here for dinner so a group of us (guys and girls) decided what the heck.  This place is an awesome sports bar/restaurant as big flat screen TVs were everywhere.  The girls here were no Hawaiian Tropic models, but they weren't bad looking either.  One of them had stuck up attitude and that is a big minus in my book.  Now to the food.  The prices were not too bad, but we didn't know what to expect. I had the Crackling Pork Shank.  It was effin HUGE! I don't care what others may have said, but it was good.  If your Asian, Filipino, Pacific Islander..whatever, you'll like this.  We ordered other dishes which were all good, but this one stood out for me.",1,0,0.69109166,1,logreg_right_neural_wrong
test_17629,Really small selection for an H&M store. I would call it H&M express or something. It's about 1/8 the size of normal H&Ms.  I was however fortunate to find a shirt to wear that night because I didn't like the one I brought from home.,0,1,0.7078726,0,logreg_right_neural_wrong
test_17678,"I like this place. When giving ratings to sushi restaurants in Madison, it's always hard to know if I should base it on a Madison scale or a national scale. In other words, if Sushi Muramoto delivered the same quality sushi in california, they'd probably only get three stars. But being that we're in the midwest, they deserve their four stars. I'd have to say that Sushi Muramoto is one of only two sushi places in town that serves decent quality fish.  My only complaints about the food are: 1. the red sauce they put on the bottom of some rolls is WAY too overwhelmingly spicy. It takes away from the taste of the roll. 2. you could tell that they used the shittier hamachi for the negihama roll compared to just the yellowtail sushi. I love love love yellowtail so I'll usually get two pieces of sushi as well as a yellowtail+scallion roll. There was a noticeable difference in the quality of fish they used for each :( Also, 3. I ordered coke and got pepsi. I know it's not THAT big of a deal but it's a big pet peeve of mine, so I thought I'd mention it anyway. Read my tagline. I hate pepsi.  But this place gets gold stars for not being overpriced. I feel like some of the more upscale sushi places can get away with charging outrageous prices for items that should be cheap (e.g. miso soup or inari). Here, I found that they don't really do that. So props to them.  The restaurant has a good vibe and a cool lounge you can hang out in while you're waiting for your table, which you'll probably have to do. I'd definitely come back.",1,0,0.6432997,1,logreg_right_neural_wrong
test_17746,Good service and above average pizza. Felt welcome and treated us like locals.,1,0,0.6866778,1,logreg_right_neural_wrong
test_17765,Max front end supervisor is the biggest reason I go to this Costco. Has that place on.lock down. Handles whatever is thrown at him. Will make a great manager one day,1,0,0.75576913,1,logreg_right_neural_wrong
test_17768,"I'm reviewing the retail side of Fine's Cellars since it's out of my normal area of town and I have not eaten at its restaurant.  Let me just say this about Michael Fine, he's been in the retail end of the wine business for a long time (name a longer running wine store than Sportsmans) and he knows both a lot about wine and a lot about what wine sells.  I recently visited FC for a saturday afternoon tasting.  Now, all of the wine tasted was meant to be drunk NOW.  This wasn't a high-end tasting but that's exactly the point.  We left the tasting with two cases of good wine, wine we'll drink most evenings, and paid less than $9 a bottle.  Good luck finding a better deal anywhere in town.  Fine Cellars is serious about fair pricing on good, easy drinking wines.  Care for something more up-town?  This is your place for once-a-year Turley allocations or any number of terrific bottles.  Chateau Montelena, Schaffer, Freemark Abbey, they're all here.  Looking for something truly special?  There's a good selection of old world varietals and if you talk with Michael  he'll find something for you.  This is not the largest wine retailer in town but you won't be disappointed with the selection, prices or service.",1,0,0.55270076,1,logreg_right_neural_wrong
test_17783,Sushi is pretty good but prices are outrageous. I bought two drinks and two rolls for happy hour and two rolls after and the bill was over $60.,0,0,0.5468937,1,logreg_wrong_neural_right
test_17785,"This is a refreshing change from your small quick dining options while in Vegas. You're usually either stuck with the run of the mill 24 hour hotel lobby diner, a subpar casual dining experience, mall food or gift shop snacks. Also, if you don't want Starbucks, or maybe you can't stomach another vodka redbull amidst all the casino funk, wander over here and have an affogato or any of the other espresso treats. You can keep going, and the precious caffeine will subdue your eventual onset of a hangover just a few additional hours.  It's Vegas, everything is marked up, so get over it. 2 scoops of gelato will run you $8.08 (tons of flavors and very hard to pick just one), and lunch specials (paninis, salads, etc.) start around $15, I believe.",1,0,0.58404577,1,logreg_right_neural_wrong
test_17861,I really like the atmosphere of this place. I think they were a little short staffed or something the night I was there because service was a little slow. But they made up for it by treating me to a margarita. Enchiladas with chicken and red sauce were quite decent!,1,0,0.58904046,1,logreg_right_neural_wrong
test_17868,"When I saw Bette Midler being interviewed on someone's TV show earlier this year, she mentioned she will probably retire after her Las Vegas two year run. Retire?  Well, she is 62.  I've been to Bette Midler concerts for the past 30 years and thought okay, i've gotta go to this one even if she does make a comeback at age 70...  I wasn't disappointed.  The venue was huge...how did she run back and forth across the stage?  There wasn't a bad seat in the house, although bringing a pair of binoculars is recommended if you can't afford the $300 tickets and are seated in the upper levels.  The Divine Miss M's energy wasn't toned down much, although she did include aging jokes several times in her schtick.  But, she still could get around in that mermaid costume and tell those nasty, fun jokes. And her voice is still as big as ever.  She still belts 'em out!  If you can afford to go, it's one not to miss.  We used our tax incentive checks...flew Virgin Air (GREAT) and stayed at The Platinum Hotel (see review).",1,0,0.61123025,1,logreg_right_neural_wrong
test_17910,"I'm very impressed by the service here, and the food is pretty damned good.   I'm also impressed how they play nice with the neighboring Crapriotti's, despite the fact that Crapriotti's had people break the Pepe's sign on the building. (Funny, the only sign that got broken on the entire building on a night with no wind, is the Pepe's sign that was advertising Subs, huh?)   Will be ordering from here again, though. Pretty good price for such a huge amount of food. Sean and I have more than enough left for lunch tomorrow.",1,0,0.63897383,1,logreg_right_neural_wrong
test_17933,"I like this place. I went with a group social group to this place. The atmosphere is great, [for a non-restauarant] and the food is good.. They have a decent selection of beer. The service wasn't horrible. Although, it looked like they were a bit stretched for serving a large group.   If you're on a date, you should go here. The insulation of """"upper class""""ness [being a wine place] is nice, dim lighting, and the atmosphere is cozy.   CONS: They have 2 TVs in this place. If I'm in a place for socializing I rather not have TVs on.",1,0,0.5655354,1,logreg_right_neural_wrong
test_17947,"Today we had our security screen door serviced and the piston replaced after several years of use. When the technician finished, the door looks brand new!  He went over and above what we expected.  We recommend First Impression again and will tell our family and friends to use this company in Gilbert.",1,0,0.6984387,1,logreg_right_neural_wrong
test_17965,"For our birthdays, my parents treated me and my husband out to Famous Dave's. Our waitress, Brenda, was really good and friendly and I could have sworn she'd been a waiter for a long time but she told us that it was her first week. Nevertheless, she knew the entire menu and answered my mom's questions about the garbage can platter.   Let me say that the ribs are seriously meaty!!! About an inch thick from the bone. I love all the choices in the barbeque sauces. Their coleslaw is super creamy (I don't think it has onions in it, hey, not everyone can eat onions). The pork and beans were warm and not from a can. Afterwards, they brought out ice cream for us on account of our birthdays and the cool part is they bring it out with a sparkling Roman candle on the plate; it's quite a sight.   Only dinged them one star for a few MINOR reasons. The platter is just too much meat. It's almost nothing BUT meat. It'd be great if they mixed it up and replaced those huge chicken breasts with more of those carrot sticks (we only got two for four people), and maybe with onion rings or mustard potato salad. The corn muffins are NOT good at all. They taste like cardboard.   On a quick note, the little drawing that the waitress is forced to draw on the plate is useless. It's trivial and the plate just takes up more room on an already cramped table.",1,1,0.53373706,0,logreg_wrong_neural_right
test_18007,"Today was my second time at Crema. Both times I have been there, the meals have been divine. The first time I ate there, I had breakfast, today I had a sandwich with artichoke, spinach, cheese and mayo. Both were excellent.  Everyone in my party today also loved their meals. The apple pancakes, which were the special of the day, were melt-in-your mouth amazing and the cute rainbow of fruit served on the side was clearly very fresh. I love Crema's small, cozy atmosphere, the fun colorful plates, and of course, their delicious food.  Sadly, however, I cannot give Crema a five-star review.  I was extremely disappointed today at the customer service and how a mistake was handled. When our food was brought to our table, an order of children's pancakes was missing.  We asked the server about it.  In my opinion, his response should have immediately been, """"I am so sorry, I will get those right out to you.""""  Instead, he said he would have to look at the ticket. A couple of minutes later he returned to let us know that there had been only one order of pancakes on our menu. This was a error on their part.  We ordered two - one apple, one regular. There were clearly two children standing with my husband when he ordered.  Then, again, instead of immediately getting us our pancakes, the server suggested that my husband should go and place another order.  So my husband waited in line (behind five other patrons - it was lunch on Mother's Day) to order the same pancakes that he had previous ordered.  By the time he finally got back to the table, his meal was cold, and by the time my son's pancakes finally arrived, the rest of us had finished our meals. This was their mistake, yet we were the ones that ended up with late food, cold food, and having to stand in line multiple times.  No one apologized. It was just a bummer - and the table next to us had an issue with their order, as well.    Food wise - this place is perfect.  I might suggest they spend a tad bit more time working with their servers on listening and how to handle errors.",1,1,0.6675919,0,logreg_wrong_neural_right
test_18073,"1/2 Chicken Dark Meat: Seasoned chicken from a Moroccan rotisserie was crisp and a bit salty for my taste on the outside, but the chicken on the inside was very juicy and tasted slightly sweet (the kind of sweet a meat naturally has, not like sugar).   Hummus: texture is smooth, flavor is good, not heavy, not light, and a small amount of paprika is sprinkled on top  Pita: their pita bread does not come grilled and comes in small triangular strips.  Side Salad: diced cucumbers, a couple ripped pieces of lettuce, a Greek vinaigrette, and a Kalamata olive, just one... but tastes yummy.  Drinks: They have specially bottled sodas there as well as fountain drinks.",1,0,0.6809615,1,logreg_right_neural_wrong
test_18076,They warn their food is highly addictive and they're not joking!  I usually get the Teriyaki Chicken / Spicy Chicken Plate with steamed white rice and macaroni salad.  I've been eating here for the past 2 years and I've never had a single time when I was disappointed with their food.,1,1,0.6651218,0,logreg_wrong_neural_right
test_18141,"In-N-Out, good as always. The company store is actually located right next door. This location is sooo busy! They should just open another In-N-Out right next to it.  -1 star for the ridiculous line and wait for the food",1,1,0.55482495,0,logreg_wrong_neural_right
test_18147,Wait time wasn't long and food was great!  Give me a double double with animal fries!,1,0,0.69665086,1,logreg_right_neural_wrong
test_18176,"Most sushi places end up with a bill with around $15-30/person depending on how much you order or where you go.  Unless you are going to be planning on eating a second dinner or drinking a lot, usually you need more food afterwards to settle your stomach.  Mido sushi has all you can eat $20 sushi.  I have been to places like this, such as Todai.  The significant difference between Mido and Todai is that they ask you what you want to order and it is freshly made.  The all you can eat also comes with a soup, salad, tempura, edamame, hot tea, and ice cream (get the mango, has a few chunks of real mango).  I didn't waste too much space other than the sushi, and that is what I recommend if you want to get a bang for your buck.  I think between the 4 of us, we ordered around 25 rolls of sushi.  As much as the sushi was excellent, the service is a hit or miss depending on the mood of the servers.  I think last night was a good night, but I have heard they can be crabs.  I also heard they actually ask you why you don't tip at least 15%.  In my opinion, even though tip is very standardized, I still feel you have to earn your tip.  My standard is 20% for far exceeding service, 15% for great service, and 12% for average service, 10% or sometimes less for poor service.  When we entered, they had a disco ball and some music playing for someone's birthday.  They should have had the """"Celebration"""" theme song after the amount of sushi we chowed down!",1,0,0.6058061,1,logreg_right_neural_wrong
test_18213,A bit expensive since in the hotel but the bar staff rock and the sushi is not bad.,1,0,0.9343162,1,logreg_right_neural_wrong
test_18226,Upsells.  Only need to say no then they drop issue.   I like 10th wash free Had windshield replaced in past. Got month of unlimited basic washes,1,0,0.7046399,1,logreg_right_neural_wrong
test_18258,"21 Dec 2013  This was my first time going there, and I took my girlfriend around 4:30pm on a Saturday. It was already packed, so I had a good feeling! We got seated immediately since it was just the two of us. We looked at the menu and was surprised to see that they had half off selected sushi for 1/3 of the menu--maybe more.  We ordered a salmon nigiri and seared white tuna nigiri. Hands down these were the best in the area. We also got the Gordon Gecko, Eating Nemo and Chuck Norris rolls. Eating Nemo was a glorified california roll--I wouldn't get it a second time. Gordon Gecko was okay. Chuck Norris tasted like a Doritos. Even though we didn't really like the rolls, all of the fish served was fresh!",1,0,0.5577379,1,logreg_right_neural_wrong
test_18313,"Authentic Chinese from from different parts of China.  Not a long menu, but quite a few signature dishes.  Getting better and better.",1,0,0.7288116,1,logreg_right_neural_wrong
test_18365,Excellent fish and chips. Yummy. You are not to have hard liquor at the bar due to a weird liquor license. The gaming machines are alright. It has an old feel to it because of all the wood. I like this place because of the fish and chips not much more. Other than that ...its just the same old pub.,1,0,0.71875787,1,logreg_right_neural_wrong
test_18383,"I have been scarfing down her delectables since I found her through a recommendation from an Italian restaurant ( Shout out to Angela's- who also happens to have a kick ass cannoli ! )   Someone there told me of such a place where I could buy almond paste cookies and pignoli cookies and sfogliatelle *light flaky pastry , that is filled with sort of an orange flavored ricotta cheese , excellent when warm* (which come in two sizes).   Like a flash of lightening I was there and have joyfully been a return customer.  I have had it all cookies, cakes, pastries, her homemade chocolate, something from the new cupcake bar, and even a stick of torrone! It's all good !   When I first started buying her cookies, which she sells literally PER cookie( not by the pound ) she has lowered her price!  I was first paying about 95 cent per cookie (ouch) but the last time they were about 65 cent per cookie.  Coming from the North ( right now is where the natives of Charlotte hear, blah blah blah blah blah blah ) I was use to purchasing cookies by the pound but as long as I get my favorites I'll spend.   I love Nona. She is just as sweet as her treats! See you at the new location!",1,0,0.57040584,1,logreg_right_neural_wrong
test_18403,"A huge fan of Fox restaurants, I was beyond disappointed with my experience at NoRTH. My friends and I love dining out and Fox restaurants are always at the top of our list of places to go. During our recent visit to NoRTH, we started with the bruschetta (with asparagus and prosciutto) and the calamari salad. The bruschetta was tasty, but I simply could not stomach the salad. The arugula was limp and the calamari was 75 percent batter, 20 percent oil and a dash of seafood. It was clear the cooking oil had not been hot enough as the ringlets were soaked with grease. The dressing (which I, thankfully, ordered on the side) was both heavy and bland. Additional acidity (preferably fresh lemon juice) would have brightened the dressing and the salad (which should have been replaced with fresh greens), and the correct temp for the oil would have resulted in crisp, tender morsels of goodness. My friend ordered and enjoyed the pork tenderloin. But my scallops and risotto were undercooked, the former cold in the center, the latter crunchy and chewy, about 3-4 minutes ahead of al dente.  We wanted to enjoy a casual but fabulous dinner and we were looking forward to a lovely meal. I will always love the Fox brand and his amazing concepts, but to sum up this particular experience: #FAIL",0,1,0.5913638,0,logreg_right_neural_wrong
test_18435,"We went on a Saturday afternoon, the decor was inviting. The staff wasn't  as friendly as some places we have been. However, they were not rude or anything. Just not overly friendly.The Rolls are good sized portions and the sauces are really yummy. Food overall was great!!!!!!",1,0,0.5511106,1,logreg_right_neural_wrong
test_18480,"Everyone else has covered the burgers but I'm a shake fiend.  These are made from real ice cream in the stainless steel shake containers that are HUGE.  You can make any combo like amaretto + peanut butter +chocolate & no one bats an eye like how can you drink that...    The onion rings are ok, fries are standard, but if you don't have time to wait for your burger, don't come cuz the sign says they are not fast food.",1,1,0.60021156,0,logreg_wrong_neural_right
test_18496,"Kinda blah... their yogurt tastes kinda watered down or something. It just isn't as creamy and sweet as other places around the valley. I do like the variety of toppings and the staff is really friendly, but overall it's nothing special.",0,1,0.5348348,0,logreg_right_neural_wrong
test_18502,"Had no idea we were going to a mall to eat to begin with! We were told that we should go here for the chambord margaritas. They were very good! The guacamole and queso was delicious. No need to get dressed up to eat here. If you were shopping and needed a place to eat, not a bad choice. Any of the other restaurants would be just as good. Would have been better just for happy hour.",0,0,0.60759324,1,logreg_wrong_neural_right
test_18514,"Decided to try lunch as it was close to my home.  Went in and was surprised to get both fried rice and chow mein, instead of having to choose one.  Also, went there for dinner, it was good.  My complaint was I ordered the large party trays for my sons b-day party.  I spent almost $200 and was not given anything extra such as crab puffs, egg rolls, etc.  NOTHING!!  When I ordered party trays from Jacky Chan, they gave me crab puffs, which are my favorites.  We haven't been to Rice n noodle, since and never will.  We aren't asking for hand-outs, but when we spend a couple hundred, include something extra, even a fortune cookie would have sufficed, but nothing gets you NO MORE OF OUR BUSINESS!!!!!!!!!!!!",0,1,0.6243372,0,logreg_right_neural_wrong
test_18528,"Wait, a Korean-run kaiten-zushi joint with Hispanic sushi chefs? LOL, NO THANKS.",0,1,0.6585811,0,logreg_right_neural_wrong
test_18580,"I expected a lot more from Sunday brunch. I am a Vegas local and have been to several places on and off the strip for brunch. The food was ok at best but not great and not nearly what I expected as far as quality and selection. The restaurant is beautiful and has a great view of the pool. Our service was pretty good but a little slow and the she forgot several items. I was disappointed that we had to remind her several times with each item we ordered and refills on champagne, especially considering that the place was virtually empty. The only reason I have them 2 stars is that the server was friendly and very nice although a little scattered.",0,1,0.6065991,0,logreg_right_neural_wrong
test_18599,"I like Cracker Barrel. Well...at least this one. I've never been to any other location.   No, the food isn't great (at least the lunch/dinner options), but it's not bad. It's been awhile since I've been here for breakfast, but if I recall that stuff is actually quite good (and cheap).  My dad freakin' LOVES this place. We came here for his birthday dinner recently so that's what I'm basing this review on. I got fried chicken and it came with two sides. The fried chicken was actually quite good. It was crispy on the outside, juicy on the inside, and nice & hot. Cracker Barrel gives you several different side options w/there meals (like, around 10). I had the hash brown casserole thingy, which is also a side they serve with breakfast meals. It's yummy! Basically, it's cheesy hash browns. I also got turnip greens. They were OK, but not great. They were kind of watery & lukewarm. I get the impression most of the sides at Cracker Barrel are cooked well in advance and just sit around most of the day. I also think turnip greens are most likely an unpopular side, and therefore probably sit around longer, without a fresh batch getting made.  I also had some lemonade to drink. It's basically liquid diabetes, which also means it's delicious!   This place is ALWAYS packed (on the weekends anyway). This was the first time I've been here since moving back to AZ in June, but it's not for lack of trying. I've tried to stop in w/my parents a few times over the past few months, but the wait was ridiculous (this past time we waited 20 minutes for a table, which really wasn't all that bad). Cracker Barrel has a gift shop set up as you wait where they sell overpriced country/southern novelties.  Service was fine & the food here is VERY affordable. I probably wouldn't choose this place, but I don't mind coming here at all w/my dad who like I said, LOVES this place.",1,0,0.6113018,1,logreg_right_neural_wrong
test_18609,"Okay this is an update to a previous review.  I so would've given this place a 5 star, but some of the workers are super stuck up!!  Get an attitude check on your employees and this place would def be a 5 star !  Pros:   All you can drink option   beer pong, beer bong, and shots off an ice sculpture   interactive atmosphere  Cons:   Attitude-induced female workers   Crowds aren't too friendly   All you can drink option isn't too great.   Small dance floor   Electronic Dartboard, but no one could tell me where to get darts!  Verdict:   Despite the attitudes I encountered. there was a plethora of games and things to do....Still a good place to go with a few friends and get drunk for a decent price.  I think the bracelet is $35 for mens and $25 for women.  Don't quote me on that though.  I won a free  all you can eat pass so I didn't pay anything.  Just tipped my way to a drunken-stupper.    Info/ Tips:   Just so it's not a surprise.. the AYCD bracelet gives you the following-  Whisky, Vodka, and Gin as a mixer option.  No this is not brand names, but I must say that Whiskey could of passed for Jack Daniels... then again how do I know... I was drunk!    Get a game of beer pong going.  Just get enough beers to start the game.  Plenty of tables, free cups, and pingpong balls available    There is a 4-hosed beer bong, but the thing was getting no action and the bartender couldn't give me a price so I just passed and downed some Jager off the ice sculpture that catapulted a large dose of licorice flavored courage down my throat.    The dance floor is small but  large enough to hold 20 plus people.      Very interactive...listen to the DJs cues for giveaways and prizes throughout the night.      There's a bar at the far north corner of the bar... go here to avoid crowds.    Try your hand at the boxing game.  900 is a perfect score.  Hit it!!",1,0,0.5974356,1,logreg_right_neural_wrong
test_18651,I love Forever 21. I usually always shop online. But I heard Vegas has one of the biggest forever 21s. I went to this store yesterday. I was not impressed. The same shirt I seen online was more in the store. The plus size section was not very organized to me. The plus size clearance was one rack while there was entire section of clearance for the smaller sizes.  I'll continue to shop online I'm offered more.,0,1,0.7947776,0,logreg_right_neural_wrong
test_18678,"The venue itself if quite charming.  Quite old school vegas while amenities offer plenty of comforts.  However, the two older ushers that work there need to retire.  They are grouchy, rude and should be put out to pasture.  On my 2 trips to this showroom I have heard them insult and humiliate a man who was so large he needed a little extra help to be seated and a latino couple who were having a hard time understanding the ushers instructions.  There's never a need a need to make people feel bad!  Might be time to consider hanging up you colored blazer and staying home!",0,0,0.6794046,1,logreg_wrong_neural_right
test_18680,"Omg they give out toppings like they are going out of business and trying to make their last bits of food last.  I feel like I'm being rationed.  What the heck, how much can beans and rice really cost!?",0,1,0.8471638,0,logreg_right_neural_wrong
test_18685,"It's not fair to Raku that I come from California.  My exposure to and experience with izakaya restaurants is varied enough that I know 5 star fare when I eat it and Raku is close--so very close--but lost points on service and price.  The kobe beef tendon and grilled duck with balsamic soy sauce sold out.  It was 7:30PM on a Monday night and the place is open until 3AM.  Since we were severely disappointed, the waitress pushed the specials of the evening on us.  We ordered the bluefin tuna (toro), the unagi (cooked in two styles, grilled and with salt and pepper), and the grilled salmon cheek (kama).  From the regular menu, we also got the homemade tofu served in two different ways: cold with green onions and ginger (hiyayakko) and sitting in hot broth after being fried (agedashi).  We also had the grilled pork cheek (kurobuta), a couple of chicken wings, and chicken and egg served over a bowl of rice (oyakodon).  For dessert, the green tea creme brulee.  The toro was amazing and should be the #1 reason why you come here.  It was soft, smooth, and slightly sweet, as perfectly fresh toro is supposed to taste.  $25 for 6 huge slabs?!  Yes, please!  The homemade tofu is reason #2 why I'd come back.  I prefer the agedashi style just because I prefer hot tofu over cold, but both styles were enjoyable.  I particularly liked how flavorful the broth was.  The unagi was a total rip-off.  $30 for 6 small, bony pieces.  Grilled was better than S&P but neither were things I'd order again and I strongly suggest that you don't either.  The salmon kama was okay but not something I'd order here ever again because almost every good Japanese restaurant in California makes it better and for a cheaper price.  That isn't to say it's terrible, though.  If you've NEVER had salmon kama ever and you can't get it where you're from, it doesn't hurt to try it here.  The kurobuta and chicken wings were salty, greasy, and fatty, as expected.  Would have been great with beer, which unfortunately we lacked.  I'm sure we would have had a better experience with the meat had we ordered something like the foie gras or a kobe beef item.  The oyako (which means 'parent' and 'child', referring to the chicken and egg, respectively) is classic Japanese comfort food and I loved it.  Tender chicken pieces nestled in a bowl of warm, soft rice that's gooey from egg yolk made this reason #3 why I'd come back.  For some, this dish is about as special as fried rice, but if you love both as much as I do, I'd recommend getting it!  Lastly, the green tea creme brulee was mediocre but come on, you don't go to a place like this for a fabulous dessert.  Try Nobu or a French or Italian restaurant if you want a dessert that will knock your socks off.  Now let me talk about the sub-par service.  We ordered tea (which, surprise surprise, cost us $) but the waitresses rarely refilled our tea no matter how many times we asked.  And when they did, they'd refill it 1/4th of the way.  The tea, by the way, is roasted green tea and is amazing so I suggest ordering it even if you do end up getting sake or beer.  But know your rights--don't be afraid to ask for more and demand that they refill it!  That's what you're paying for, after all!  Another waitress also charged us an extra $50 out of sheer stupidity.  When we discovered the discrepancy between the amount listed on the bill and the amount we were charged, she tried to defend herself by saying the restaurant was too dark.  Try going to a lighted area, then?  A bill isn't something you 'guess'...if you have a question about what is written, ask us.  Sigh.  With all this said, Raku is as good as a non-sushi Japanese restaurant as you will find in Sin City and an eye-opening experience for people who think Japanese cuisine is all sushi and sashimi.  Bottom line: if you're in Vegas, this is a must-try.",1,1,0.6132894,0,logreg_wrong_neural_right
test_18704,"My first reaction was that the food was kind of expensive.  There were recognizable barbecued meats, but it seemed more liked they were cooked on the kitchen grill than one of the barbecue variety.  There was a good variety of Barbecue sauces from around the country.",0,0,0.55061126,1,logreg_wrong_neural_right
test_18707,"We went for free lunch buffet using a coupon from Bingo.  They were located in the Suncoast Casino on Alta Dr in Las Vegas.  There were 6 international stations: Mongolian, Seafood, Chinese, BBQ American, Mexican, and Italian.  There were 2 salad/fruit stations and a dessert station.  The fresh fruit was good.  I wouldn't pay for the meal and probably won't be back.",0,1,0.5646729,0,logreg_right_neural_wrong
test_18716,where is this place?,0,1,0.8621886,0,logreg_right_neural_wrong
test_18777,"It's pretty straight forward. THEY ARE THE SLOWEST STARBUCKS ON THE PLANET!!  Good coffee as always, but it seems like a 20 min ordeal each time to get my iced coffee!!  PLEASE SPEED IT UP.",0,0,0.5160215,1,logreg_wrong_neural_right
test_18796,"I stopped in at the start of my lunch hour. My tire had a slow leak and I asked them if they could plug it. Sam mentioned that plugging a leak would be free of charge.  After eating lunch, I returned to the shop and my car was ready. They informed me that my tire had a corrosion leak. The wheel was corroded and they buffed it down added some bead sealer and inflated the tire. There was no charge. They did inform me that the I may need to replace the wheel in the future if the wheel continues to corrode.  Overall, I had a great service experience.",1,0,0.79782957,1,logreg_right_neural_wrong
test_18813,"I came on vacation to Vegas and I research the crap out it everytime I come here.  Recently I discovered Yelp.com so I looked up I swear hundreds of restaurants in different price points.  I brought my male friend who lives in Vegas with me and had never been.  He is a guy, he likes food, he eats a lot and stays skinny...and I hate him for that.  Anyway, I thought I was going to be able to show him this really awesome place with great food because of all the great reviews.    Let me ask you...do you people have dead tastebuds???  We shared the Fire Fries...those I will give some props to...they were good and left my lips on fire!  But they seem like something you can easily make at home.  We both got smoothies.  I got the Creamy Strawberry one and my friend got the Strawberry Banana one.  They are non fat.  My male man did ask if they had a fat option, they don't.  They were pretty tasteless.  They tasted fresh I will give them that, but there wasn't enough fruit to really give it a kick that it needed.  My smoothie was made with non fat sweet cream and it just tasted like milk with one strawberry grinded in there for color.  Next we both got macaroni and cheese.  It was so bland.  I decided not to eat it because it wasn't worth the calorie in take.  We tried to put some pepper in it, we tried some salt.  Nothing could save it.  We both agreed on this, so it's not like one of us thought it was wonderful and the other was having a grumpy tummy day.  The table next to us didn't care so much for their food either.  On and upside, our server was pretty good...and he refused to sell some lady who came in all of the remaining bags of chocolate chip cookies.  So thank you nameless server guy for that.  Let's talk turkey...I mean dessert (this place is Vegan/Vegetarian for the most part, so there isn't a whole lot of turkey...but they do have it and I wish I had gotten the grilled chicken and turkey panini.) Anyway, the chocolate chip cookies are Vegan.  VEGAN!!!  And delicious.  I mean they were probably the best cc cookies I have ever had.  Pretty much everyone has to leave with a bag of them and now I know why.   I also had the famous red velvet cupcake.  The reviews on this are spot on...OMG, party in my mouth.  What can I say that hasn't been said about it already?  My male escort got the cinnamon cake.  Also delicious.    Honestly the atmosphere is the best part.  People who give this place an extra star for the great RV cupcake are really doing other diners a disservice.  I didn't care for the food here and neither did my male companion, however he is going to go back for some dessert.",0,1,0.605698,0,logreg_right_neural_wrong
test_18822,"I've lived in the area for three years. Since the nearby Ace Hardware went out of business, this Home Depot is the only hardware store in the area. In those three years I have had to make multiple improvements to my house including redoing two bathrooms.   One thing has been consistent though through all these years. This Home Depot has had terrible customer service. From getting snarky remarks from sales associates while trying to find things, to getting blank stares from """"professionals"""" when asking technical questions. Every time I come in the most helpful person is generally the greeter. Once I get past him I'm generally on my own in the store. If I need help Google is a better source than asking an employee.   The only reason this is a two instead of one star is because the brand in general is good and because every once in a while I do get some help.",0,1,0.81415874,0,logreg_right_neural_wrong
test_18846,was great but sadly it is now closed :(,1,0,0.859291,1,logreg_right_neural_wrong
test_18863,"Despite their awful business practices and allegedly poor treatment of their workers, they make excellent pastries and coffee. They are also a 24 hour joint. That's really all you can ask for in a town with few other all-night eateries.   I get so bogged on just the pastries and coffee I haven't even tried their sandwiches which are probably also great.  My only complaint is the people. I'm a pretty antisocial person and not a hipster so everyone in the """"always-longest-line-ever"""" line really bugs me. Just a personal thing but it still doesn't stop me from going so there's another testament to how good this place is.",1,0,0.5203736,1,logreg_right_neural_wrong
test_18939,"Burger King is Burger King...this place is always clean, which is a good thing. I just wish they had their coke and tea available to customers.   It's a pain to try to get them to assist you for refills, guess they are all about cost savings rather than taking care of customers as other Burger Kings do.",0,1,0.5851748,0,logreg_right_neural_wrong
test_18965,"Ok, so I don't wear a wig, nor have ever purchased extensions.. but if I did, this is where I would go. This place is THE source for Indian hair, Bohyme hair and Pre-Tipped and Clip-In hair extensions (as boasts their website). I've walked around this store several times and tried their wigs on, so much fun! .. The hair they use is Indian hair donated at Hindu temples in India. So it is the real deal, and you can curl and color it too. The hair is a bit pricey ($100 for extensions, $200+ for wigs), but If you're looking to change your looks or have the misfortune of losing your hair check out Sunny's.",1,1,0.6511542,0,logreg_wrong_neural_right
test_18990,"After eating at Mad Dogs, my only comment is:   Ugh, Chicago-style hotdogs, or Madison-style shitdogs?",0,1,0.6542882,0,logreg_right_neural_wrong
test_19020,"My new favorite sports bar.  I've heard about RT's but never came.  Finally, my visit here is well received.    Came after a fight night, but apparently they show the fight here too.  Plus, all the NFL games.  Service was not at it's best, but maybe because we sat in the patio.  The place definitely had the Irish sports bar feel and look.  The men's restroom was interesting, but let me tell you about the women's restroom.  I was invited in because my gal pal said I had too see this.  Needless to say there's a huge Troll looking back at you in the mirror -- totally awesome, but spooky.    Why do I like this joint?  Dancing drunk old man and the drinks are cheap.  Take a shot of whiskey to warm yourself in the patio and enjoy your company. - Enjoy!",1,1,0.8051732,0,logreg_wrong_neural_right
test_19043,Fast no wait seating on a Saturday night ...but be prepared to pay for substandard food!,0,0,0.9813579,1,logreg_wrong_neural_right
test_19105,"Never really have been to impressed with this place.  I haven't really felt compelled to write a review for this place until last night when we paid $30 for a barely cooked pizza that we couldn't even finish.  There's plenty of great places to get pizza in Pittsburgh.  This is good for drunk denizens of Shadyside and dopey Duquesne frat boys from the Southside.  If you're going to spend this kind of money for good pizza, make the trip to Squirrel Hill.",0,0,0.68528235,1,logreg_wrong_neural_right
test_19134,"Pathetic. $10 just to view Ferraris that are roped off?  They could have done this in a more friendly way, perhaps at least allowing some reasonable viewing from the outside and through the glass.  The Ferrari dealer here in AZ has about the same selection and you can get as close to you want and browse on Sundays when the salesmen are not there.  What a disappointment!",0,0,0.86002463,1,logreg_wrong_neural_right
test_19154,"Food was really not that great.  The garlic shrimp appetizer, granted, it was good and ample, but the shrimp were overdone and tough.  We had two platos, I had a tamarind pork and my husband had shredded beef.  Tamarind Pork-It was a huge plate and portion, but the tamarind sauce was way sweet.  Usually, my notion of tamarind is savory.  The side vegetables were alright and the beans were decent. Shredded beef-We both thought it had a funny flavor to it.  Once we literally got in to it, we realized it was green olive flavor, which we both don't like.  Other than that olive flavor, it was okay. Mojito - good, but not great and it was quite small.",0,1,0.634072,0,logreg_right_neural_wrong
test_19158,"I have 2 cats, and I love this place.  I buy them things like Innova Evo (dry and canned) and Nature's Variety frozen raw meat medallions, which are difficult to find.  I can get the Evo at the Tempe Feed & Tack, but they don't have a freezer for the other food.  Sunflower even has the canned duck, which one of my cats inhales.  Previously, I was going all the way out to In the Raw in Gilbert for the frozen stuff, ugh!  I'm so thrilled this little place opened!  It's not too far from my house, and the owner is awesome.  Great product selection.  Closed on Sunday.",1,0,0.8055736,1,logreg_right_neural_wrong
test_19161,"If you don't mind paying a ridiculous cover charge to listen to loud, live music you could hear just about anywhere else, and don't particularly care what you're drinking, this is probably a really fun place. The coolest things about it are that it's a huge space and they have coin lockers so you can ditch your backpack, purse or briefcase and have fun all night hands-free with nothing but your ID, cash or credit card and that orange key in your pocket.  Would I go here again? No. Why? Because they don't have any whiskey!  I know it's a glorified All-American bar. But if you're going to call yourself Whiskey River, carry some bourbon I haven't already had a million times!  Wild Turkey (crap!), Makers Mark (crap!) and Johnny Walker (bo-oring!) hardly create an amazing selection of booze. Maybe I'm completely missing the point. But I'm a whiskey drinker and there's no notable selection of whiskey, whisky or even moonshine here. Call it """"Swill River"""" and stock nothing but """"well"""" labels and you won't disappoint.  Also I have no interest in the electric bull gazing crowd. That's usually a half step from a strip club, with guys ogling and girls just trying to get in and out of the spotlight. But Whiskey River is a really cool looking bar with cow themed booths, lava lamps and seemingly friendly people just out for a good time.",0,0,0.5084337,1,logreg_wrong_neural_right
test_19176,"I've been to Vegas a bunch of times and have always gotten a table/bottles and rarely had to wait in line so my review may be biased. Of all the clubs I've been to in Vegas (which is a lot) Jet would have to be at the bottom of my list for  a couple reasons, mind you we got one of the best tables on a sat night in the club at the time as well:  1. It's a weird crowd and the people were ghetto..  Im not the one to judge normally but in Vegas and from the times I've been out, you see some pretty damn good looking people out and there were few and far between.  I dont want to see the people I saw dancing on the stripper pole in the middle of the dance floor... its just wrong  2. The music was not good.  I dont know who was Djing but the music did not rile me up and I usually have a good ear for whats good and gets people dancing/having fun.  Not sure what they were playing but there were way too many people standing around.  3. The layout of the club is like a box.  Nothing special, nothing fancy, just a regular club.  If I go to Vegas I expect to see/feel like Im at a club that I cant experience at home.  4. The place is a lot more smoky than other clubs.  Maybe a vent/air filtration issue?  The one good thing about the place was our cocktail waitress and the fact that since the club wasnt good (I mentioned something about that) even after we finished the bottles they let us stay at our table. She also brought us a free round of shots.  Sweet but not enough to get me back there.... actually dont think they could do anything to get me and my friends back there.  I would definitely go somewhere else if you want to experience Vegas nightlife, there are tons of other clubs - Tao, Pure, Tryst, Body English, you get my point..  Couple things when reading reviews - people shouldnt completely weigh their rating on a Vegas club because they got in FREE, the drinks drinks are too expensive , or how long they had to wait in line. For the best clubs, of course you're going to wait in line (if you dont have a table), everyone wants to get in..  Its like a popular or nice restaurant... if you want to eat there, you better be willing to spend the money and book a reservation far in advance or walk in and be prepared to wait hours to get a open table. Also drinks are going to be expensive, its Vegas.  What should really matter are the reasons why you go to a Vegas club : MUSIC, WOMEN/MEN, VIBE, SERVICE.",0,1,0.6933474,0,logreg_right_neural_wrong
test_19178,"I walked in and i saw two stripper poles in the middle. That alone gave me an idea of what my night would be like at JET.  Me and my 4 girls got walked into the club on halloween night- we got to avoid the ridiculous line- and the entrance fee. That was definitely nice.  There was free sky vodka drinks for everyone (Not a big drinker, but my friends definitely appreciated it.)  Everyone was in costume and enjoying themselves, but despite the spirit of halloween the club was just... whats the word I'm looking for... GHETTO.  Stripper poles, enough said.  Music wasn't flowing, a lot heavier on hip hop old and new (which isn't my thing to begin with.) Also the crowd wasn't the best- I'm not elitist or anything, but what's the motivation of breaking out your best moves if there aren't any good looking people around?  Me and my BFF couldn't take the Ghettoness of the place, and split- apparently that one chick Snookie from that one show was gonna be there, but since idk whotf she was, we left happily. That explained a lot about the type of crowd in the club last night- bunch of Jersey Shore wannabes.  No thanks Jet, not even for free.",0,1,0.5770839,0,logreg_right_neural_wrong
test_19184,"I want to rate 608 higher but I've had so many sub-par experiences here. The wait to get a table is never long (1st star) and the drinks are pretty strong (2nd star). Unfortunately the wait for drinks is always long, even when there isn't many customers. The food takes equally long to get to your table, I've actually gotten a COLD sandwich because the turn around time was so long. The view in the summer is nice, sitting on the roof people watching after being couped up in an office all day is a excellent way to unwind. It's also nice to take your food and drink into the theatre with you if you can't finish in time for your movie.",0,1,0.54578197,0,logreg_right_neural_wrong
test_19206,"I was pretty disappointed in the size of this location. It's super small and had a really small selection compared to other BevMo locations I have visited. It's a shame because the staff wes super friendly and helpful. I may come back just because this is closer to my house then Total Wine, but only if I want something very common.",0,1,0.6373408,0,logreg_right_neural_wrong
test_19212,"I went there after driving 9 hours from California. I was starving and decided to go there, because it looked pretty good. We split the basil-tomato-mozzarella pizza which was just ok. For the main course I decided to get the Bj's Burger, expecting that the burger which is named after their restaurant is the best burger they have. Normally after a 9 hour drive and I am extremely hungry everything tastes great, but the burger was probably the plainest burger I ever had. I doubt that we will return to this restaurant.",0,0,0.74932396,1,logreg_wrong_neural_right
test_19226,"There are two locations! We went to the one in Laval, which is a short drive on the highway from downtown montreal.   Came here for a bachelor party on a Friday afternoon. There was a lot of down time between events (took about 2 hours to finish a go-karting package that was three fifteen minute races) because the place was so busy. The karts had good speed, and the staff were quick to help people who were stuck along the walls. The paintball area probably had too many large places to hide behind. I would personally prefer a few smaller obstacles to encourage movement and not just camping. The ground was also completely wet--it was like playing in a swamp, but I guess it's tough to maintain an indoor field. All said, we had a good time.",1,0,0.536093,1,logreg_right_neural_wrong
test_19233,"La m\u00eame succulente cuisine grecque depuis 1970. Les meilleurs souvlakis en ville ! J'ai connu Arahova Souvlaki en 1974 alors qu'il avait un seul emplacement qui d'ailleurs existe encore aujourd'hui sur la rue Saint-Viateur. Mais \u00e0 l'\u00e9poque, il y avait au plus trois tables dans ce minuscule espace avant que le restaurant s'agrandisse et que les emplacements se multiplient partout \u00e0 Montr\u00e9al. M\u00eame apr\u00e8s 40 ans c'est toujours aussi bon. Essayez la salade \u00e0 la tomate et feta ! M\u00eame les dieux grecs n'en reviendraient pas.",1,1,0.82134885,0,logreg_wrong_neural_right
test_19294,"If you like bad chinese food, you'll love this place. It's one of those everything-tastes-the-same kinda places. Even the fortune cookie was boring; it said, 'have fun tonight.'   Got delivery, kung pow chicken and s&s pork (though it could've been a shoe for all I could tell). Right now, I'm lying in bed, hoping I won't have terrifying weird protein-induced dreams, clutching my stomach. Have fun tonight, indeed.",0,1,0.58302313,0,logreg_right_neural_wrong
test_19316,"29 ao\u00fbt 2012, heure du midi. En qu\u00eate d'un petit coin pour d\u00eener j'ai d\u00e9cid\u00e9 de mettre \u00e0 l'\u00e9preuve Steak frites St-Paul. Je vois au menu des tapas (on dit bien au pluriel... tapas... amuse-gueules, car tapa c'est une seule bouch\u00e9e, petite). Il est clair que pour rater ce plat il faut donc servir tr\u00e8s peu, m\u00eame en entr\u00e9e. C'est donc ce que Steak frites a d\u00e9cid\u00e9 de faire. Malheur. 9 $ pour une maigre creuvette en tampura + un petit 8e de poivron rouge en tampura + un petit quart d'\u00e9chalotte en tampura. Dommage. LES TAPAS sont faits m\u00eame en entr\u00e9e pour \u00eatre servis \u00e0 plusieurs dans une m\u00eame assiette. \u00c7A commence mal.  Puis, pour VRAIMENT tester un resto de steak, il ne faut pas prendre le steak. Si je veux manger du steak, du vrai bon, je vais aller chez La Queue de Cheval ou au KEG pour moins cher mais tout aussi bon. Si un resto RATE un steak c'est vraiment dommage mais un resto qui RATE son hamburger double avec fromage \u00e0 13 $, c'est IMPARDONNABLE. Pour 13 $ vous avez 2 boulettes de steak hach\u00e9 bien ordinaire sans pr\u00e9paration, ni go\u00fbt particulier ni assaisonnement + du fromage en tranche Kraft + des cornichons industriels tranch\u00e9s et quelqu'autre accompagnement (laitue, oignons, etc..) servis avec des frites fines peu croustillantes sans saveur particuli\u00e8re et 3 petits contenants cartonn\u00e9s de moutarde-ketchup-relish. Ah j'oubliais, le hamburger est servi avec un Coca-Cola ! Attention.  Pour finir, si vous payez par carte de cr\u00e9dit, il n'y a qu'un seul choix de pourboire 15 %, c'est tout. J'en conclu qu'ils RATENT LA CIBLE LAMENTABLEMENT et qu'on peut trouver beaucoup mieux chez KEG !  August 29th 2012, diner time. Looking for a nice corner of old Montreal, to eat something I decided to test Steak frites St-Paul. I see tapas (said in plurial form... tapas meaning many bites for a snack... because tapa is singular form for one bite only, little). It's clear to me they poorly missed the bull's-eye. If you serve so few bites, even for appetizer, you call it tapa. Bad choice. 9 $ for an all tampura appetizer : 1 shrimp (small) + 1/8 of a red pepper + 1/4 of a french chalote. It starts really bad.  Then, for a REAL test in a steak house, don't go for the steak. If I need steak I'll got to the Queue de Cheval or KEG. If a restaurant MESSES UP a steak, it's really bad. But if they MESS UP a double hamburger with cheese for 13 $, it's UNFORGIVABLE. For 13 $ you get 2 meat patties without any seasonning or particular taste + Kraft cheese singles + industrial pickles sliced + oinions and all served with shoestring fries not really crunchy and without seasonning or taste + 3 paper containers with mustard-ketchup-relish. Ah I forgot... it comes with a Coke ! Watch out !  If you pay by credit card, you only get ONE selection for tip : 15%. So I come to the only conclusion... they HAVE PITTYFULLY MISSED THE BULL'S-EYE. You can choose KEG for a better price !",0,1,0.56417304,0,logreg_right_neural_wrong
test_19332,Came in late on a Wednesday night about 30 min before closing. This was not my first choice as I was hoping to try some authentic French montreal food. Unfortunately most closed by 10 pm.   It was late and I didn't want a big meal. Server suggested ribs or a salad but these were fairly large portions so I went with the appetizer portion of chicken tenders and an iced tea. The ice tea came in a very small glass probably less than 6 oz. it also tasted like what you get from a Lipton or nestea canned drink which is horrible. At $3 it was not a good value. So I didn't have high expectations for my chicken tenders. Boy was I pleasantly surprised!  The tenders were not dry and came with plenty of fries to complement. It was definitely an above average dish.   Kudos on the chicken tenders but thumbs down on the ice tea. Thanks for staying open. Server was also friendly and courteous.,1,1,0.5819933,0,logreg_wrong_neural_right
test_19344,"Les pizzas sont vraiment mauvaises, tr\u00e8s grasses et sans gout.",0,0,0.85550046,1,logreg_wrong_neural_right
test_19356,"Hate to say it, but this was the only place I didn't enjoy while in Montreal.  I ordered an omelette with cheese, bacon, tomato (they offered a make your own omelette with 3 ingredients).  What I got was a tomato and bacon omelette that was over cooked and then covered in melted cheese.  I""""m sure I'm not the first person to order this item so i'ts not possible they didn't know how to make it, right?  And this was a French Bistro, right?  To be fair, my companion enjoyed his eggs florentine, and they did look delicious.  Maybe I just got the cook on a bad morning.",0,1,0.60337615,0,logreg_right_neural_wrong
test_19370,J'ai mang\u00e9 le plat du jour; un plat de p\u00e2tes trop cuites avec de l'eau au fond de l'assiette quelques pilons de poulet et morceaux de chorizo qui semblaient avoir \u00e9t\u00e9 bouillis. Le tout couronn\u00e9 de morceaux de carottes et pois surgel\u00e9s. 16$ avant taxes et pourboire! Ex\u00e9crable!,0,0,0.6327949,1,logreg_wrong_neural_right
test_19379,Pour notre brunch hebdomadaire de fin de semaine nous avons d\u00e9cid\u00e9 de venir ici. Bref nous avons un peu attendu avant d'avoir une table. nous avons pris le breakfast universel avec gaufre aux bananes et nutella. Pour 15dollars cetai vraiment copieux. Il y avait une grosse portion de pomme de terre.le bacon \u00e9tait croustillant. Et la gaufre \u00e9tait bonne. Le service \u00e9tait rapide et la serveuse agr\u00e9able. Peut-\u00eatre que la portion de viande \u00e9tait un peu petite. Sinon tout \u00e9tait tr\u00e8s bon,1,1,0.67158246,0,logreg_wrong_neural_right
test_19389,"Let's be fair.  I'm about 20 yrs older than the average age here.  So if you're mid 30s to early 40s and looking for a gay bar where you can hear tunes and drink...I don't think this is it.  Its huge and seems to have a regular clientele.  A good mix of girls and guys which is so different than the Chicago bar scene.  I do like that the house vodka was a brand name.  When we arrived there was a Tina Turner doing Proud Mary.  But then they grabbed people and it seems like it was a contest?  Its all in French.  We heard some good songs and the people from the crowd that was on stage all knew the dance moves.  I think the 2 big offenses for me was the back door where the smokers hang was left open so I got to enjoy all of the smoke floating in, and the bar tender spraying the crowd with water spontaneously.  We were dressed up coming from dinner and didn't want to be sprayed down. This place is probably fun if you're in your 20s and attending college.",0,1,0.5406267,0,logreg_right_neural_wrong
test_19403,"Delicious food! The concierge at the Ritz Carlton told us about this place. I had the hangar steak and it didn't disappoint! If you want French with generous proportions, you need to try this restaurant.",1,0,0.8409306,1,logreg_right_neural_wrong
test_19417,"After years of eyeing this place, I finally tried it out. Since everyone else has already written ad nauseum about how great the smoked meat/bread/pickles/etc. are (delicious, btw!) my contribution is to simply tell you when you go in order to beat the lineup.   Plan your visit around the following three variables, and you may just get a counter seat with no wait:  - Worst weather possible (middle of rainstorm, windstorm, hailstorm or snowstorm) - Later in the evening (after dark) - On a lame weeknight (Monday, Tuesday, or Wednesday)  (I.e. I went on a Monday, in the middle of a rainstorm, at 8pm, and I was at the counter in 30 seconds flat and sinking my teeth into smoked meat goodness in under five minutes.)",1,0,0.71648467,1,logreg_right_neural_wrong
test_19442,"Meal: Dinner  Rationale: After drinking at Reservoir, I was starving. Casa Tapas was the closest place on my list of vegetarian-suitable restaurants in Montreal as gleaned from Chowhound.com. And I just think tapas is neat.  Food: Small plates, kind of pricey, nothing unexpected. In order of appearance: (0) We had red wine. I forget what kind. Probably French or Italian. It was fine. (1) Free bread. Immediately. Lots and lots of free bread. And free olives. And probably free olive oil. I don't remember that particular detail. When I'd finish the free bread and free olives, more would appear by magic. Instantaneously. Without asking. Even while we were eating the other food. (2) Gazpacho. Not too oily, not too watery, well-balanced, but nothing to write home about. (3) Champi\u00f1ones al ajillo [garlic mushrooms]. If I remember correctly, this wasn't just a bowl of mushrooms. It was mushrooms on top of something white. Maybe that was the garlic component, somehow. But it was delicious. Either we ate it on the bread, or we ate it with a fork and then used the bread to scoop up every last drop. At any rate, thank heavens for the free bread, which we probably finished with the champi\u00f1ones and saw instantly replenished. (4) Esp\u00e1rragos al manchego [asparagus with manchego cheese]. A few stalks of grilled (or maybe sauteed) asparagus with flakes of manchego on top. Exactly what it said on the label. Fine. Give me more champi\u00f1ones. (5) Berenjenas rellenas [stuffed eggplant]. Kind of bland. Eggplant is a difficult vegetable to cook right, and it's got a delicate flavour that is easily overwhelmed or watered down. This case was the latter. I don't remember what it was stuffed with (more eggplant?) but it didn't really taste like anything. I should have known better than to order eggplant. Forgive me, I may have been drunk. (6) MORE FREE BREAD.  Service/atmosphere: Kind of had a traditional """"fine dining"""" feel to it, given the white tablecloths, server uniforms, and so forth, plus some borderline-gaudy mediterranean decor, plus some avant-garde single-blade ceiling fans. Not really my style (I prefer it toned down a bit). If the bread situation is any indication, service was prompt and continuous and professional, if a little bit mechanical (my boyfriend commented that it was almost like an assembly line...cold and impersonal...but I don't really mind).  Conclusion: A few hits, a few misses. Such is the nature of tapas. I'd try a few more tapases if I was up to spending the money. Or I'd just order a dozen Champi\u00f1ones.",1,1,0.5148857,0,logreg_wrong_neural_right
test_19460,"Nous y sommes all\u00e9s hier soir et vraiment mis \u00e0 part les \u00e9normes drink double, le reste du repas laissait \u00e0 d\u00e9sirer. Le poulet \u00e9tait br\u00fbl\u00e9 et sec (ils disent que c'est la sp\u00e9cialit\u00e9 du chef pourtant) et le shish kebad \u00e9tait presque immangeable. C'est le deuxi\u00e8me fois que nous y allons et ce sera la derni\u00e8re. Dommage, les drink vont nous manquer.",0,1,0.5098015,0,logreg_right_neural_wrong
test_19486,"Menu fran\u00e7ais classique un peu trop vaste,beaux vins,service courtois et competent,prix corrects.ce restaurant \u00e0 d\u00e9j\u00e0 connu des jours meilleurs,mais garde une exellente r\u00e9putation .",1,1,0.8881216,0,logreg_wrong_neural_right
test_19494,J'y suis all\u00e9 parce que c'est tr\u00e8s pr\u00e8s de chez moi. C'est la seule raison. Et \u00e7a restera la seule.  Prix un peu \u00e9lev\u00e9 pour le niveau de la bouffe qui est juste basique.  Le fait que ce soit un Apporte ton vin sauve ce restaurant.,0,0,0.5945854,1,logreg_wrong_neural_right
test_19504,Pricey for smoke meat place at 20$ for sandwich coke fries and pickle...  Smoked meat has no taste . Go to Schwartz wait in line u will love your smoked meat much more there...,0,0,0.5629139,1,logreg_wrong_neural_right
test_19506,"Vietnamese food of very high quality.  Strong flavors and generous portions of sprouts and greens.  Attentive hostess/cook.  Not on the level of the South Vietnamese empire in northern Virginia, but to be thought of and mentioned in that context is compliment enough.  I am confused as to why Loi 101 does not mandate the translation of """"Nhu Y"""" into French.  Mostly because I enjoy """"Cafe Starbucks Coffee,"""" """"Poulet Frit Kentucky,"""" """"L'Usine de Spaghetti"""" and """"Bureau en Gros"""" so damn much.",1,0,0.584958,1,logreg_right_neural_wrong
test_19515,"I guess we arrived right after their rush hour because there were no tables readily available when we arrived but about 60% full which can be understandable. But we were seated within 5 minutes, but the menus took another 5 minutes to come. I ordered the 4 course of salad, tandoori chicken, mixed vegetables, banana bread pudding, and a chai latte included in the end. Chicken was very tender and the salad a large order with even more salad placed on the same plate of the entree. Bread pudding very very good to finish. The gf had chicken marsala which was very sweet on its own but went very well with the garlic naan we ordered on the side. Main entrees were a bit on the smaller side. The server was joking around a little, calling my chicken KFC when it came and saying the bread pudding came with ketchup and mustard. Funny guy.",1,1,0.62683576,0,logreg_wrong_neural_right
test_19536,"I was impressed with the variety of goods but the service was, like most things Quebec, lethargic and indifferent. Very likely due to me being English speaking. Stores like this have convinced me that internet shopping (in the USA) is the way to go. Too bad.",0,0,0.68480754,1,logreg_wrong_neural_right
test_19540,"Le Saint Bock has over 19 drafts on their white chalk board... what to drink??   I can't think properly when I am too excited, faced with too many choices: local Quebec beers from various microbreweries.   I ended up just ordering by numbers... lucky number 17 and 19 at $4.13 each.  The low armchairs are quite comfy... and music quite loud... I can only see my friend's mouth moving but cannot hear a thing.....it is quite dark inside too and everyone looks good?! Maybe just a little too much to drink?  Waitress is super nice and ask if we need separate checks for our beers??",1,1,0.61023575,0,logreg_wrong_neural_right
test_19584,Sniff!  Cigarette smoke! Thrill!  Gasp!  Electric fire! Nouvel?  No!  Old-vel!,0,1,0.77852786,0,logreg_right_neural_wrong
test_19633,"This hotel is well located on the edge of old Montreal. But, it is tired, the staff are helpful, concierge staff are great. checking in was not great.  Used Expedia to book the room and did not get the room we booked. We were told it was because we used expedia... You are treated like a second class guest. room was tired. Bathroom door had rusty hinges, sink cracked, only one bed when we booked for three adults. The did provide a cot for the other adult. Really tough to recommend the hotel but if you stay the concierge staff are great.",0,1,0.77606577,0,logreg_right_neural_wrong
test_19663,"Dear Irish Embassy owners, today I had the displeasure of eating at your establishment, often cited as """"the better Irish pub"""" in Montreal. On the lunch special was a Bolognese Mac n' Cheese, one B\u00e9chamel sauce away from a Pastitsio. But you had me at Mac n' Cheese, easily the greatest comfort food of all time.   But seriously guys, how could you possibly FUCK UP a Mac n' Cheese? It was so HORRID; Kraft Dinner was fine dining compared this heaping lump of oily greasy pasta which I was served by the lovely and friendly Sarah. 2/3 of the way and I stopped eating because there's was a puddle of oil in my dish. There was no Bolognese sauce, just minced meat on top of pasta... and really mozzarella in Mac n' Cheese? SIGH. And then I had to pay 24$ for the dish, cola and tip.   You guys have an awesome location and some cool staff, but your food is lost in the mail.",0,0,0.6889934,1,logreg_wrong_neural_right
test_19668,"Ask for """"The Creation"""".  It's not on the menu and never will be, but it's the best thing you'll ever eat.",1,1,0.95751816,0,logreg_wrong_neural_right
test_19672,"This place used to be an awesome place to hangout 5 years ago, but after many construction changing and now it become unattrative for more customers to come....",0,1,0.90512127,0,logreg_right_neural_wrong
test_19679,"Venue ici un midi de fin de juin avec des coll\u00e8gues de travail.   Magnan est une institution dans le sud-ouest. C'est bon, mais je trouve que les prix sont exag\u00e9r\u00e9s. Le midi, il n'y a pas de menu sp\u00e9cial \u00e0 des prix raisonnables. Donc pas moyen de s'en sortir en bas de 15-16 dollars par personne sans alcool!   C'est vraiment dommage...",0,1,0.5692235,0,logreg_right_neural_wrong
test_19685,See my tip below.,1,0,0.8959582,1,logreg_right_neural_wrong
test_19689,"Quand je n'ai pas envie de cuisiner et que je d\u00e9cide de me laisser aller \u00e0 un plaisir coupable, je commande une pizza chez Zestos. Et ce, depuis vingt ans. Une pizza \u00e9gale \u00e0 elle-m\u00eame, sans mauvaise surprise. Les glucides et les calories sont toujours au rendez-vous. La pizza de chez Zestos est excellente, mais de gr\u00e2ce, n'en parlez pas \u00e0 mon m\u00e9decin !",1,1,0.7124596,0,logreg_wrong_neural_right
test_19691,"This place was not very good, so I would recommend you not go there. If, however, you must, do not order a regular adult burger; order the kids burger, because it is the exact same thing on a smaller plate, even the same amount of fries, and it costs half as much. Definitely share your plate with someone or plan on taking some home, because the portions are extreme. No one asked how we wanted our burger cooked, and it came out a shade under charcoal. We ordered a side salad and never got it, and my husband's drink came neat when he asked for on the rocks. The fries were good, but that is no reason to go there, since plenty of places have good fries.",0,1,0.5564403,0,logreg_right_neural_wrong
test_19744,"Found this restaurant last minute through Yelp.  Didn't want to have dinner at the hotel again and didn't find much else in the area.  It is a bit tricky to get to (but not as hard to get to as our hotel).    The food was very good.  The place was very clean and the staff was friendly.  It wasn't busy at all, especially for a Saturday night.  But they do deliver, so you could probably stay at the hotel and order out.    I'm sure access to this area will improve, since there is highway construction going on right now.",1,0,0.54174507,1,logreg_right_neural_wrong
test_19771,"I spent 10 days in Kitchener on business, and this place was right across the street from my hotel.  I had dinner there several nights.  The first night I arrived late (11 pm) and there were still lots of customers.  I found a good IPA and had fish and chips -- 4 stars.  The second time I had the nachos.  The order was huge and good, but needed jalape\u00f1os and guacamole -- 3 stars.  Third night I had a prime rib burger.  Good but not great , overcooked and dry-- 2 stars.  So why do I rate it 4 stars?  Good service, good atmosphere, and a great beer selection!",1,1,0.72403556,0,logreg_wrong_neural_right
test_19817,this place is near my house. it has become my hangout not only because it is cliose but the food is great.$2.50 draft beers on mondays.,1,0,0.50462663,1,logreg_right_neural_wrong
test_19826,"ordered my two standard """"check it out"""" items during this first visit.  The Ahi Poki salad was drowned in """"dressing"""",  jalapenos (!) overwhelmed the fish - couldn't taste it at all.  The baked mussels were tiny, and far too much dressing again.  Service was good, friendly and prompt, but the place was practically empty.  Parking was good.  I should have maybe stuck with the rolls?  Will continue to patronize my usual spot nearby.",0,1,0.7756173,0,logreg_right_neural_wrong
test_19831,"You've got to be kidding?!? If you want hot shoes at discount prices, go to a Marshalls with a shoe superstore or ebay. These shoes are cheap, but expensive if you know what I mean. I guess if you're barefoot and need something to put on your feet or if you're looking for sparkly or spiked hooker pumps, Off Broadway will do, but really? 4 stars??? Maybe the guy shoe section is better. Won't be back to find out. BTW, staff are super nice.",0,0,0.5616652,1,logreg_wrong_neural_right
test_19939,"I had an infected ingrown toenail (gross, I know) and needed relief ASAP!! However, it was the week of Thanksgiving and most places I called didn't have openings, However this place got me in the Wed before Thanksgiving. I saw Dr. Suykerbuyk. He was very friendly, informative, and efficient. If I need a podiatrist again, I will be back! i did not have any problems with the front desk.",1,1,0.5557981,0,logreg_wrong_neural_right
test_19976,"I have to say, same great food as the other location, but slightly better service.  Went with the Pulled Pork Sandwich again and it didn't disappoint. One small difference; They put the slaw on top of the sandwich!  Fries were very good as well. One day I will try some of their regular entrees instead of the sandwich. If you're craving BBQ Meat goodies, and are in the area, you won't be disappointed.",1,0,0.7163485,1,logreg_right_neural_wrong
test_19989,Good service.  Good menu.  Good food.  No credit cards sucks.,1,1,0.64839405,0,logreg_wrong_neural_right
test_20022,"My girlfriend and I decided to eat there before leaving sin city. Seeing 4 stars on yelp, we thought that we were gonna enjoy good Italian food.   She had the veal milanese and I had the spaghetti meatball. My question is why 4 stars ? Has anyone ever tried Italian food ??? I only give 2 star because our server was good. The food is really basic and is definitely not worth the price.   My girl said that this place should had been in the food court along with burger king.",0,1,0.68364584,0,logreg_right_neural_wrong
test_20027,"I'm not a big fan of Walmart, I prefer Target hands down. It seems like no matter what location I go to they always smell so weird. I have been to this location a few times since moving into the area. Prices are low but so is the quality, you get what you pay for! My last visit here was with my prego friend Mary who needed to pick up a breast pump she ordered online. I was making her a yummy dinner that night so she also got a couple bottles of wine. Check out was a pain in the ass since our cashier was so slow & the old lady in front of us had a million coupons. Regardless of all the negatives, I'm sure I'll be back!",0,1,0.5445348,0,logreg_right_neural_wrong
test_20029,"Seriously folks!!  I just got a note in my Inbox from the owner, Brad K. of Organic Cleaners, apologizing for my first experience with them. (which wasn't bad mind you, the price just gave me a bad taste)   I find that honorable and it shows that you truly care about your business and your customer base. I'm actually having two items of clothing altered at Organic Cleaners as we speak (I've yet to find a better seamstress) and I will definitely be back with some work shirts and pencil skirts.  Kudos for providing a quality product and caring about your customers.",1,1,0.5779151,0,logreg_wrong_neural_right
test_20030,"This used to be Johnson's Cleaners, an excellent, long standing, Phoenix dry cleaner, with a knack for repairs. I gave the new owners a few tries and it was a disaster.   Just because something is allegedly """"organic"""" does not mean it's healthy. Turned out I am extremely allergic to the chemical or """"natural"""" ingredient in the dry cleaning solvent. I broke out in hives up to my face by the time I got to work; I have never had a reaction to anything like that before and it took a few weeks before I realized it was the clothes that had been dry cleaned at this shop. Since then, I've tried to wash the clothes that are washable fabrics (e.g., linen) and changed to Uptowne Cleaners, but I never could wear some clothes ever again.  Since I changed dry cleaners, I haven't had any more hives.",0,0,0.772774,1,logreg_wrong_neural_right
test_20072,"Almost as good as Fazoli's, only without free breadsticks and 5x the price. QUITE disappointing.",0,1,0.5098846,0,logreg_right_neural_wrong
test_20108,"It is closed and they auctioned it off a few days ago, may reopen soon?",0,0,0.52414215,1,logreg_wrong_neural_right
test_20120,"I have two dogs and have high expectations.  High allergy, older pet and a young rescue.  The name to me suggested hip, new, cool dog products.  It was not that impressive.  Some great name brands but nothing that really stood out.  I won't be going back for high quality or fun quirky products.  The person working there was great though and the reason for my stars.  He seemed honest and was very helpful.",0,1,0.62690544,0,logreg_right_neural_wrong
test_20161,"return visit to Mix Zone for Lunch last week:  Thai Beef salad ( heat level 4 )  Tri-curry Shrimp ( also a 4 )  Lap-tok  ( minced chicken - 10 level )   I dig this place.  Positive vibe, good , fresh food.  Surprised to find out you are not limited on the heat level - meaning, they will go as high as 100 !!!  WTF chili is used to hit 100 ?!??!  i assume it's the ghost chili (   i think that's the name )   I wish they were closer to my house, but i say that about every food place in this city !",1,0,0.5649084,1,logreg_right_neural_wrong
test_20173,"I was going to wait to review this place until my third visit. But my oh my! Ham and cheese sandwich is not your normal ham and cheese sandwich!   For about $6 I thought I was only ordering ham and cheese sandwich with on a baguette. Nope, it comes with a salad. Very nice meal for a brunch.  I did get an espresso and two coconut macaroons. They just go so well together!  One last thing I will have to try: macaroons.  **Will update later for that! :D",1,0,0.73348343,1,logreg_right_neural_wrong
test_20203,"Not all that.  This joint has some of the best reviews short of Joel Robuchon but the fact is it's not much more than a glorified protein-buffet. The quality of meat is far from Prime; the salad bar is not bad; the wine list is fair; the service is acceptable. But overall, nothing outstanding. And for close to the same price you could get a great piece of meat at Envy or Joe's.  This a good example of being careful not to take Yelp reviews as food-gospel...including this review.",0,0,0.6228649,1,logreg_wrong_neural_right
test_20206,"Amazing food! The salad bar was the best I have ever have and the meat is unreal. The staff is constantly bring food to your table. Service was ok, our waitress seem to have an attitude. I know its just one experience but that is all I got. I gave it four stars because the crazy high price.",1,1,0.5131316,0,logreg_wrong_neural_right
test_20213,"Oh my god the food is extremely good, the salad bar is one of the healthiest salad and greens u ever going to have in buffet, even though  its a $$ place, still  they charge you the soft drink......... which Is odd,",1,0,0.56451696,1,logreg_right_neural_wrong
test_20245,"My wife and I were heading to Charlotte for the Carolina Rebellion and as SPG members we called ahead and booked a room here. When we got to our room we were surprised. We got a suite so we had a living room and dinning area that were separate from the bedroom and bathroom. The bed is a king size and very comfy. This is easily one of the nicest Sheraton owned hotels I have stayed at.  The kitchenette has a one cup coffee pot, microwave, small fridge, cabinets and a two seat table.   The living room area has a desk, sofa with side tables, coffee table, chair & TV.  The bathroom is very small as with just a toilet and the shower. The shower does have the curved shower rod so the curtain isn't right on top of you when you shower. The sink is outside of the bathroom and the counter top is fairly spacious.   I have few complaints with this place but the ones I do have are as follows:  The coffee tasted like cardboard. When I opened the pack it smelled great and as it was brewing it smelled nice but the taste was just cardboard. I am not sure if it is the coffee itself or just the cups it brews into but either way, not good. At least they have real half and half and not the powdered crap.  The soap. They did not give us new soaps when they cleaned the room, we had to go to the desk for some.  We called for a late checkout and again the following morning room room service was knocking on my door because the dude that was working the night before did not put us in for it. WTF? What is so hard about that?   All in all, if that is all I have to bitch about, not bad! If I come to Charlotte again I would have no problems staying here again. On a more positive note, some of the employees like Alex are very friendly & have no problems recommending some things to do in the area.",1,0,0.6438033,1,logreg_right_neural_wrong
test_20291,"I love Pei Wei since it's just a bit more affordable than PF Changs.  This is the first restaurant in the chain where I found patrons tipping the servers. Although I don't mind leaving a dollar when it's due I find it hard to do when they don't do very much, especially since it's more of a counter service experience.",1,1,0.5218365,0,logreg_wrong_neural_right
test_20301,"We stopped into Six Pence Pub in Baxter Village on our way from Charlotte to Greenville, SC to visit with friends. From the outside the pub looks like a traditional English pub complete with phone booth. Inside the bar and dining room are beautifully decorated with dark wood and tin ceilings.   We enjoyed delicious wine and beer then ordered something lite. I had seen the french onion soup coming out of the kitchen all night so I figured it had to be good, right? Both of us ordered the soup and sandwich. We both got the french onion and I got the turkey sandwich and my wife got the roast beef. The french onion soup was not good at all. The onions were thick and not fully cooked/carmelized like french onion soup should be. The broth and cheese were great but the onions, where not good at all. The sandwich was just a sandwich, nothing exciting to report there.  The website says they stay open till midnight on the night we went but around 10pm we started getting pushed out the door, literally. Our waitress asked for the bill/tip book so she could leave. We left around 10:45pm after being asked to move tables so they could put the tables back together for the next day.   We had a great time with our friends, the atmosphere was lovely, but the food and service was a let down. If we did go back, which isn't likely, we'd stick to the bar area and just drink.",0,1,0.7041642,0,logreg_right_neural_wrong
test_20343,Love the desert heat wings. Lots of TV's for your sports viewing. The service is generally good the last couple times we have had to return the queso dip as it came to the table lukewarm. Each time the server was very apologetic.,1,0,0.667776,1,logreg_right_neural_wrong
test_20401,"MOVED!  This was a Cool Art showplace, Three stories and a Basement, though I love the Modern look and high ceilings of the new Location on Elizabeth!  New Location is also easier to park!  I do not mind if someone (who ever does that kind of thing with yelp) removes my review and this listing.  I'm writing the review in case someone from out-of-town or local, does not waste their time looking for this Gallery that is no longer there!",1,0,0.5134474,1,logreg_right_neural_wrong
test_20404,"For being such a big store, they have a very small entrance.  I've tried to go in here twice and there's always a gaggle of people crammed around the door trying to get in or out.  And I'm always suspicious of bike shops that don't have a bike rack so you can park your ride outside.  They're probably good people.  But this place seems like an expensive corporate time waster.  I'll try a local mom and pop shop next.",0,0,0.54835415,1,logreg_wrong_neural_right
test_20408,"As a bonafide half mexican-american hahaa..I want 4 things from my carne asada 1.grilled charred taste  2.tenderness  3.a hint of citrus  4.proper accompaniments  America's carne asada is NOT the best carne asada in Phoenix, not even today, on National Taco Day.    No need for anyone to suffer the same disapponting let down, not to mention the total rip-off, that occurred tonight.  Spent $3.50 on a bottle of mexican Coke and $1.50 on a can of Coke.  $5.00 on drinks at a freaking taco shop is ridiculous.  I will say America's carne is tender and has the charred grilled taste, but that is where it ends, INCOMPLETE.  On a good tortilla, they serve their carne tacos with a stingy 1oz of salsa (not hot), grilled onions (wtf), guac, and lettuce (again wtf).  You have to douse it youself by squeezing the entire life out of your lime half, and even then it doesn't have enough flavor.  The meat is lacking its perfect marriage to sharper onion flavor,cilantro,hotter salsa.  That being said, don't go to America's, please.  Let the weirdos who think this place is the greatest support America's.  Oh and they also let people smoke on their patio...MMM smoke and weak carne in my mouth was tasty..nooot.  Trek about 7 miles north and you will find the best carne asada in Phoenix.  Funny how the restaurants that actually have the best carne asada in Phoenix are on the same street, yet are way out of the imaginary ballpark, of great carne asada that America thinks she is in.  Go to 7th Street & Mountain View.  Mountain View is just south of Peoria Ave.  Best carne asada street tacos = Tacos Jalisco (nw corner)  Best carne asada burrito = Vaqueros (sw corner behind CircleK) PERIOD",0,1,0.50548136,0,logreg_right_neural_wrong
test_20450,I give ya five stars Sunrise (d'awwwwh) lets make it a sideways 8,1,1,0.6471936,0,logreg_wrong_neural_right
test_20453,"THIS IS FOR HAPPY HOUR ONLY...  McCormick's is a sold chian seafood restaurant.  I've dined here for full dinner several times and the food is typically well prepared, if unimaginative.  Happy Hour runs Monday through Friday until 6:30pm with drink and food specials in the bar and front section of the restaurant.  We arrived at 6pm on a Fridayy night, and it was standing room only in the bar, but we were able to grab one of the """"happy hour"""" tables in the main dining room.  There are about a dozen items on the HH food menu, including a $2.95 half pound cheeseburger.  Prices range from $1.95 to $4.95.  We ordered fish tacos ($1.95 for 2), ceviche ($1.95), cheeseburger sliders ($4.95 for 3), sweet potato fries ($3.95), Ahi tostadas ($4.95), and steamed mussles ($2.95).  The fish tacos were two dry corn tortillas with one piece of blackened fish in each.  There was cabbage and tomato on the plate which we put on top.  They weren't terrible.  The ceviche has a thick tomato base and tasted more like ketchup than anything.  Mussels were stringy and chewy.  They looked dried out despite being cooked in a white wine broth.  The sliders were GREAT.  Soft rolls, grilled onions, cooked medium.  The Ahi Tostadas were also great; three peices of seared Ahi on fried wonton wrappers topped with purple cabbage and a sesame dressing.  Sweet potato friens are sweet potato fries.  They were hot, crispy and plentiful.  There were no liquor specials listed on the happy hour menu, only beer and wine specials.  I had a $5 champagne cocktail and hubby ordered a $4.50 beer.  Next time, I think we'll stick with the things they seemed to do well, which are also the more expensive offerings.  The service was smooth and attentive.  The atmosphere is not high energy or exciting.  This is a place to eat and go, not to hang out and people watch or chat.",0,0,0.6171334,1,logreg_wrong_neural_right
test_20457,Service was s l o w. Toook a l o n g time for someone to greet us and when they did only dropped off menus. Wait. Wait. We ordered beverages and food at same time. Things showed up one by one...  I ordered the Spicy Basil which was very flavorful and I thought was the best tasting of the 3 entrees.,0,1,0.7563838,0,logreg_right_neural_wrong
test_20538,"Being linked to a backpackers hostel, you'd expect this place to be a bit shabby round the edges, serving cheap food to hungry tourists you want to spend as little as possible.  You'd be wrong.  I'd say it's somewhere between a caf\u00e9 and a bistro, as it's licensed to serve alcohol and it's open until around midnight. And the quality's so much higher than you'd expect - both the service and the actual food itself. I went with a friend recently, and we managed to nab ourselves one of the half dozen or so outdoor tables which meant we had prime people-watching range all over Cockburn Street and the adjacent Hunter Square.  We only had coffees, but the food menu did have some tasty-looking things on it that caught my eye, and I'll be heading back here soon for a spot of lunch to give it a whirl. It's never going to win any awards for offering the best value for money of all the eateries in Edinburgh, but don't let that put you off.",1,0,0.5962069,1,logreg_right_neural_wrong
test_20579,Also went here today. Anybody who is interested in history or history of toys may want to pay a visit here.I quite enjoyed just a little nit more than the peoples story. Every picture here told a story.,1,0,0.57344127,1,logreg_right_neural_wrong
test_20596,"The food and environment were pretty good the two times I visited but the staff, at least the men, are churlish. They act grumpy and as if they are doing you a favor by serving you food at all. The menu, as others stated, is daunting.",0,1,0.5226575,0,logreg_right_neural_wrong
test_20604,"Popped into here a few days ago after working myself hard and it had actually been the first time id been in, which is unsual for me as I generally like the odd Starbucks and George Street is my ususal habitat!  Its Kinda cool if you get a little stool at the window, sip your hot beverage and people watch. Unfortunatley Starbucks being as ever popular as it is , is always busy and it can be a bit of a nightmare getting a seat. Id reccommed it for people on the go, however If time , better to head to coffee shop that is not a chain, I think those guys try a little harder and dare I say the quality is a bit better.",1,0,0.5661887,1,logreg_right_neural_wrong
test_20612,"Note to all Conference center visitors, this is the first place you should head for a cheap breakfast. Avoid the canteen!  Scooby's know's exactly what it is and isn't ashamed of it. Good proper honest (that means ugly) food. I got porridge from here once, which they made it fresh right in front of me and didn't burn.  Yes, you can burn porridge!",1,1,0.71998304,0,logreg_wrong_neural_right
test_20628,"While Benecol is clinically proven to lower your cholesterol, this place is clinically proven to raise it. I guarantee you'll enjoy eating at this place, but make sure you've sent off to China for your donor heart before hand, cuz you'll be needing a new one.  On my one and only visit I got a deep fried pizza which I chewed on in the company of two JF's. They, being PHD students, probably viewed me with utter contempt, and were only there with me to conduct a study into socially inept and underdeveloped human beings. As a result I ate with a reasonable degree of dignity in an effort not to draw too much attention to myself. Had I been dining alone, my behaviour would have been distinctly less muted, and I would have wrung the doughy treat out into my mouth like a tea towel saturated with pizza flavoured fat. Then with more enthusiasm than a Romanian prostitute who had just realised she could earn a Leu and get something warm in her belly at the same time, I would have sucked the oily dregs from its limp remains, and given thanks for the privilege.  YUM-YUM.",1,0,0.71986884,1,logreg_right_neural_wrong
test_20629,"The city restaurant sends me back to childhood days spent walking along the marine parade in  Lyme Regis, eating chips, trying to avoid heat stroke. Sure, there is no sea right outside the restaurant, but the chips are chunky and flavoursome (for potatoes).   Portions come in small or large, the former costing \u00a31.60, the latter \u00a32.20. I go or the small portion which is rather generous. There are off times, and it seems as though the chips are at their best around 12 and 5. Extras include curry, mushy peas and cheese. On ordering, you can ask for brown sauce, salt, vinegar and mustard.   The chips are cooked in vegetable oil, which is a plus for me, being veggie and also quite health conscious. I cannot really say anything about the other food, as I have only ever come here for chips, but the fish and chips are a steal at \u00a34.50.   The premises is clean, modern and in a very central location, close to festival theatre, he national museum of Scotland,  the University of Edinburgh and Surgeons' hall.",1,0,0.55053693,1,logreg_right_neural_wrong
test_20660,"Any place that sells red liquorice is a proven winner in my eyes.  True to form, Experience (a somewhat bizarre name for a health foods shop) sells the chewy red stuff by the bucket load and I love it.   Dried fruits and other packets of health food are all here but admittedly I'm only drawn in by the liquorice treats.   In fact I've run out, I'm off to get some!",1,0,0.52549016,1,logreg_right_neural_wrong
test_20673,"This was some good solid breakfast! I wouldn't say that anything in particular blew me out of the water (apart from maybe how cute the girls who work there are), but there wasn't a single thing wrong with any part of my meal.  The atmosphere was kinda typical breakfast joint look and feel. It has apparently very recently been redone, so everything is new and clean. Theres a pretty cool looking american flag made out of egg cartons on one of the walls, which I have to admit looked pretty awesome.  I ordered the New York Omelet, which has chicken, spinach, tomatoes, and onions, I think, covered in your choice of hollandaise or cajun sauce. I knew i wanted the hollandaise, but I was kinda curious about what this cajun sauce was too, and I think the server could tell I was conflicted so she brought be both on the side! The cajun sauce really tasted more like a creamy chili, actually. It was good, just not what I wanted on the omelet, so I slathered on the hollandaise and got to eating. There is an english muffin and a side of hash browns as well.  The omelet was quite delicious, though I would say the chicken was a little on the dry side--not terribly so but enough to notice it. The hash browns were really well cooked and not at all greasy. I also ordered a tall glass of OJ, and was very glad to have fresh squeezed arrive at my table.  The servers are very friendly, willing to have a laugh, and kinda spunky considering the early hour; they help to get your morning started off right. And did I mention theyre good looking too? Ok, lets just be honest: theyre freakin hot. Ok? If you like good breakfast being served by hot, spunky, friendly waitresses, get it as US Egg.",1,0,0.50095874,1,logreg_right_neural_wrong
test_20684,"Wait a minute - what? Was I in the same shop as everyone else? I didn't see any whale CDS!  Maybe my head was up my bum, but I don't hold Coda in such contempt as the other reviewers seem to. Sure, it's very specialised, but what's wrong with that? Why must every music shop be one big ole homogenised mess? And some independent music shops miss the mark, sadly, because they try too hard to please the """"super cool"""" indie kids.  I thought I knew about folk music until I stepped in here. The only artists I recognized were Linda Ronstadt, Stealer's Wheel and Runrig. But aside from well own and popular folk artists, they have a very generous selection of Irish and Scottish bands, not to mention world music.   For tourists especially interested in picking up some new music, this would be a good place to look for traditional Scottish. The bands represented in here are real pioneering bands, so it's more related to the Scottish folk scene than the crowd pleasing stereotypical CD's you'll find in tourists shops. If you're particularly interested, they will dfeinitely have something more specialised.  I'm not as into folk music as I thought, clearly - but if you are, this is a good place to start.",1,1,0.60453236,0,logreg_wrong_neural_right
test_20686,"Must remember in future: dine before a climb - at least an energy bar, otherwise you end up leaving, starving and ready to eat anything (well, OK, almost, and perhaps not seagull). Fortunately our first stop was Ocean Spice, and it didn't disappoint. We were greeted by the most chirpiest of characters at the order area, who kept us entertained while our meal was prepared, even helfuly suggesting a way to reheat the food without drying it out (knowing we had a long trip home).   The food - it was good, not particularly greasy, and was pretty tasty overall - generous portions, too. The naan were a little dry - but we did have a 20min drive home, so not sure if that was down to the trip, or the naan itself, so will leave that one up for discussion.   Either way, it you live in the area, Ocean Spice will keep you and your empty tummies happy on any a night.",1,0,0.7196241,1,logreg_right_neural_wrong
test_20691,"I often wondered why Gorgie Road smelled like shit. Turns out because there is a farm on it! Who knew!  So this is where mothers bring their children in their buggies during the week. I was intrigued by the whole city farm idea, especially when Edinburgh is actually a pretty small city which is surrounded by farms. But it has its purpose. Entry is by donation and as this place is run by volunteers and funded by donations, it is worth giving up a few quid. There are chickens, goats, a sheep and lots of small animals. I think it is more geared towards very young kids, as older kids will be all like """"a sheep, so what?""""   There is also a produce stand selling various produce from the farm. It perhaps isn't as exciting as a day out at the zoo, but it is cheap, there is a bus stop outside and will entertain the young kids for a few hours.",1,1,0.74036515,0,logreg_wrong_neural_right
test_20709,"The cups were ice, the tables were ice, the bartender was nice, blah blah blah!!  Here's what you need to know:  1.  Ladies-You do not need to wear snow shoes before your arrival.  I've seen ladies in short dresses and high heels walk in, THEN they clothe you the right way so you can enjoy your stay.  2.  Your cover charge DOES include a drink or two, depending on the package.  3.  It's for the sheer sake of experience.  4.  Going with the right crowd means having a great time.  But that goes for all clubs and lounges.  5.  You go the first couple of times, you got your fix.  But always fun for someone else's first time experience.  Finally, THERE!  Now that you've done your homework, wanna go?",1,0,0.6759108,1,logreg_right_neural_wrong
test_20717,"If you want to have a nice relaxing meal you better find some place else because you are on the clock at this place apparently.  We were asked to give up our table after an hour and 5 - 10 minutes to accomodate a bigger group (and obviously a bigger check).  Between the bottle of wine , an appetizer, and the main course I feel we were moving along at a very normal dining pace but not to them, I guess.  FIrst and last time there.",0,1,0.58641803,0,logreg_right_neural_wrong
test_20769,"Ahh, me thinks Tesco at Dalkeith should take lessons from their people at the Musselburgh store. The check out operator was a tad on the sullen side.  T'was here to pick up some food for dinner tonight.",1,1,0.5067034,0,logreg_wrong_neural_right
test_20860,"All Saints is a strange one for me, I have a few friends who used to work here and they got an awesome uniform allowance, so they basically wore All Saints clothing for free, all right for some, I guess. They also had a limited 75% friends and family discount and then 50% afterwards so I was always being hassled to go in to find something to buy for a fraction of the price. Even though I was getting things for super duper cheap I couldn't find anything I liked, if I wanted clothes that look like they'd been worn before I'd just leave some of my old threads lying around and not bother ironing them - it would have the same effect.  All Saints is the kind of place I've always wanted to like (mainly because of that discount) but I just can't bring myself to find anything here to my taste. The store is also way too cool for school and it's just so contrived.  The only items I've ever bought from here are a pair of jeans which were a reasonable \u00a355 and a polo shirt which to be honest, didn't wash very well.  In saying that, I did pop into the brand new mega store All Saints in Glasgow the other day and saw a few bikinis I like, shame my friends don't work for All Saints anymore...",0,1,0.59004265,0,logreg_right_neural_wrong
test_20897,Rigatoni w/ pita bread side was fair warning.,0,1,0.633492,0,logreg_right_neural_wrong
test_20927,"This Olive garden was good, I came here for my now 2 year olds b'day (I know if she could talk she probably wouldn't want to eat here, it's just an excuse for me to pig out hehe.)   I hadn't eaten at one in a long time, there prices seem to have sky rocketed and servings are a bit smaller.   The Salad, is still delicious, thier bread sticks where lagging it and salty, I remeber them being much better.   The only negative thing was... That although I had a good waitress she was sloow... so I pretty much filled up on the salad and bread sticks.   I had the Chicken and Shrimp Cabanero, I took a few bites and took it for leftovers... when I did eat it the next day, it was pretty good, ain't gonna lie.",1,0,0.6061998,1,logreg_right_neural_wrong
test_20967,"My husband and I went here tonight with the kids. As usual the food was very good.  Right now they have a special deal going where you order two entrees, one to dine in and another entr\u00e9e to take home. My husband and I both got this. I got the Italian duo and decided to take home a shrimp dish my hubby got the Parmesan crusted chicken and took home the spaghetti.   Our server did very well and took care of us (and sometimes that's not easy with two young kids!) I don't know about he rest of you but I prefer male waiters, they seem to do a better job, just my opinion.  Anyway, we go to this Olive Garden all the time and we only had a bad experience one time so that's pretty good. I know the Olive Garden gets a bad rap among italian restaurants but we really like this one!",1,0,0.58254945,1,logreg_right_neural_wrong
test_20973,"Really good selection, and not too salty in flavor like some other places",1,0,0.88583755,1,logreg_right_neural_wrong
test_20979,"We came here with a group of 50 people for a wedding rehearsal dinner.  For around $56 a person, we got the All You Can Eat salad/seafood bar, all you can eat meats brought to you (tri tip, sirloin, filet, bacon wrapped turkey, chicken, pork) side dishes (mashed potatoes, saut\u00e9ed mushrooms, garlic bread, corn on the cob) and dessert.  The food was amazing and the service was outstanding. The servers come around consistently with different meats on a stick and accouterments and my plate was never empty. Who likes meat on a stick? This girl.  The only complaint I have is that they garnish everything at the salad bar with green onions. Every single dish, including the lobster bisque, is sprinkled with nasty green onions. Not everyone cares for the taste of raw onions, so maybe just put them on the side for people who want them? Garnishing dishes with green onions is lazy and unimaginative. Just sayin'.",1,0,0.7904924,1,logreg_right_neural_wrong
test_20985,"This place is a dive came here because of yelp reviews and was a little disappointed,   I walked in to find it a very small square bar with only a couple tables. You have to order at bar and drinks run $9 if you like tiki souvenir cup it will cost you $25 each. Now the drinks were very strong but also very good. It's located way off the strip closer to freemont.",1,1,0.5747058,0,logreg_wrong_neural_right
test_21085,"I had always wanted to go here, but never had the chance until a friend of mine asked me out of the blue. We went about noon on a Saturday and the place was relatively empty. We got Hibachi seating and were lucky enough we got to eat alone. We both had the steak and shrimp, and both got sprites to drink. Aside from the Sprite being pretty bland (they did get me a new one), it was a fun experience, and the food was great. I liked it enough I would recommend it and hope to go back.",1,0,0.53135693,1,logreg_right_neural_wrong
test_21131,"How can Kai do it so right upstairs and Kosin do it so wrong?  The mac and cheese and short rib were awesome but the salads, salmon, and service were so bad.  We have been to Kai and loved it so many times and always thought we should try Kosin.  Never again.  It's unreal the difference between the two restaurants.  Seriously the service was horrendous.  Have you no idea how to clear a plate, bring new silverware, refresh drinks, bring the app before the salad, etc?  We couldn't even get water for 20 minutes.  Is this real life?  It's a 1 star experience for the money if you don't order the mac and cheese and short rib.",0,1,0.6671211,0,logreg_right_neural_wrong
test_21167,"I had a shrimp po' boy when I came here and it was delicious! The shrimp was crisp and the bread was fresh.  The only problem was the wait. I had to wait over 20 minutes for a po' boy and a sandwich. Maybe it was because I went on a Friday or maybe it could be contributed to the time went into making it. None the less, waiting for food that long on a to-go order wasn't what I expected.  The owner was very friendly and even offered samples to those who did not know what gumbo.  If you're looking for a fancy Cajun restaurant this is not it. The decor was nothing to brag about. But if you want to impress your family and friends by taking them to a place with good down home cooking then definitely stop by and give them a try!",1,0,0.5122002,1,logreg_right_neural_wrong
test_21195,"Let's just say... When living social came out with coupons, I bought 4. I get the spicy catfish every time and the jalapeno hush puppies are very good. Its another small business that you guys can support and feel good about because they deserve the business.  If you eat there, you will probably smell like the food they make. It used to be a Quiznos so the atmosphere could put some people off. Just order it to go and you will not be disappointed.",1,0,0.65069926,1,logreg_right_neural_wrong
test_21210,"Had to ship out a package, like any other post office. It's a hit and miss with traffic in the parking lot, and lines to be served. Luckily, only had a few cars in the parking lot. Not that many people inside. Customer service was very helpful, and got me out very quickly.",1,1,0.8460199,0,logreg_wrong_neural_right
test_21257,"The circumstances: Nightclub & Bar convention. I'm a manager at 105 in SF, and I train security about 200 deep in the Bay Area for dozens of clubs. Rolling with a Posse of 4 bouncers around or over 300 pounds. 2 little fellas, 220 : ) and one fine girl. Doing bottle service.  I would have checked us harder. In retrospect, it would have been a mistake. Security correctly evaluated and monitored our party. Table service was excellent, bartenders were on point. Front of the house, immaculate.  I hope XS monitors YELP, cause I tip my hat to you. I witnessed 2 walkouts, caught well before they got critical. On point staff, clean bathroom, attentive & unobtrusive service, (rare).  Qualifiers: It was slow, (for them) maybe 1500 on the click, the whole pool area wasn't open. But I sense they can scale their efforts.Great party. High percentage of crowd having big fun. I teach security. From what I saw,your crew don't need lessons,kudos! I don't go to mega clubs, I work them. But if I have too, this is the spot.",1,0,0.59802085,1,logreg_right_neural_wrong
test_21273,"My first ever visit to the almighty XS to see what the fuss is all about would have been a much more enjoyable experience had it not been for the absolutely craptacular, headache inducing house / feck-no """"music"""" they were spinning the entire night. Perhaps I chose the wrong evening to visit, but apparently, there was some """"superstar DJ"""" on stage named """"Norman Doray,"""" so I was expecting something great. I kept waiting all night for him to put on something cool, but it was nothing but set after set of just banging and noise.  And believe me when I say that I wasn't the only one who felt this way. Out of the hundreds of visitors in attendance, I'd say that less than 10% were even attempting to dance. Now, as a former DJ myself, I can appreciate talent on the turntables, and as far as actual skill, this guy has definitely got it goin' on, but the genre he chooses to waste his talent on is a crying shame. But hey, I'm sure he's making his bread, so who am I to criticize?  On one of our taxi rides around town, we struck up a conversation with a younger, more hip cabbie, and asked him about this troubling techno trend in Vegas these days. He himself said that he abhors it, and wishes they would play more normal music that can be enjoyed by the general populace, and not just a select few.  With all that said, the outdoor portion of XS is quite wide and roomy, and not once did I feel like a piece of wood on the sanding machine like at most other clubs. Aesthetically, it is indeed a beautiful venue. Best of all, there are plenty of ledges to sit on, which was perfect for us, as not a single one in our group of 20+ (mostly from the Bay, and some from Japan) could get down to the horrid beats emanating from the sound system. What's worse for me was the fact that I don't drink, and I couldn't even drown my sorrows in the bottle or cup.  No lie, I was this close to actually giving alcohol a try for the first time in my life just so I could relieve myself from the noise.  Furthermore, If there is one demographic in clubs that I can't stand, it's obnoxious, yuppie aZns, and this place has them in droves. Hey, everyone knows that Asian peeps tend to gravitate towards whatever is perceived as the hip and happenin' spots, and XS certainly falls under this category. I personally much prefer the non-Asian clubs myself.  Since it was """"Swim Sunday,"""" the pool area was open for those brave enough to take a dip, and a couple of members of our crew actually decided to take them up on this offer... with their clothes still on! However, since my head was on the verge of bursting like a pumpkin at the musket range, I was long gone by then.  Now, if you'll excuse me, I have an appointment shortly with my audiologist to get fitted for a new hearing aid.  P.S. There is actually ONE genre of techno that I do like, and love to dance to, which is Jumpen, aka Hardstyle. Unfortunately, none of that was anywhere to be found on this night.",0,0,0.5976883,1,logreg_wrong_neural_right
test_21312,"Oddly, as I was eating my croissant I received a text from my friend who I was to eat lunch with later that day - he had made it to town early and was going to be stuck at the Olympia all afternoon - he wanted to know if we could make it breakfast instead.  Certainly not full after two small pastries I agreed and he suggested we meet over at the Wynn - near the poker room.  As previously noted, I'm usually a man with a plan when it comes to eating on vacation so the walk over to the Wynn provided me ample time to think of a good spot - eventually deciding to get out of the Wynn, check out Encore, and grab breakfast at  Caf\u00e9 Society Encore.  Arriving just after 9:00am I was surprised to find the large restaurant packed and my friend and I opted to sit at the bar rather than wait 20 minutes for a table.  Seated promptly and provided with menus our drink orders were taken - a coffee for myself and a $9 (ouch) vanilla protein shake for my friend.  While he noted the shake was tasty my friend was admittedly shocked when the bill arrived - even using the best whey on the market there is no way this shake was more than $1 worth of ingredients.  My coffee, also expensive at $4 for a relatively average brew, was refilled slowly at best - and only when I asked.  All this despite there being two bartenders and only one other person at the 10-seat bar.  Placing our orders next my buddy opted for the waffle with blueberries, a side of egg whites, and an English muffin - all of which he stated were good but """"overpriced"""" while I myself chose the Frosted Flake French Toast with Caramelized Bananas and Chocolate Cream.  Arriving after a relatively short wait the dish contained two pieces of brioche dipped in frosted flakes and topped with perhaps one half of a caramelized banana plus a small dollop of creamy but decidedly unchocolately chocolate cream.  Taking an initial bite I have to admit the quality of the bread itself was marvelous and the bananas were wonderful while the chocolate lacked.  Adding a few tablespoons of pure Vermont maple syrup definitely helped the dish - mostly by adding a bit of sweetness but also by bringing forth some of the more subtle vanilla and cinnamon tones of the bread.  A good dish, but at $15 nearly twice the price of the vastly superior and larger French toast at m.henry in Chicago and more expensive than either Keller's or The Country Club's wonderful bread-pudding-style French Toasts in Vegas.   Sitting for a while and chatting with my friend - later making plans for another brunch a couple days later I was glad that we were not rushed out but a little disappointed that I had to ask more than once for a coffee refill and that my water glass was taken away after a single glass and never returned.  In the end the total cost for the meal was nearly $50 for food that was good but not great and service that was present at best.  Paying our bill we walked away largely unimpressed - having had breakfasts at multiple places in Vegas now I'd steer clear and make my way to Bouchon, Mon Ami Gabi, The Country Club, or Tableau first - for the price you could even cab it to Hash-House-A-Go-Go and eat cheaper (and perhaps better) - but then if you did that you probably wouldn't have room for lunch and dinner.",0,1,0.7616486,0,logreg_right_neural_wrong
test_21328,"We came for lunch. The service was ok - the food was prettty good. The ahi on the salt stone was great. The meatballs were ok. The steak salad was good - the steak was a little over cooked for me, but that does not take much. My man friend had the sliders that were really good!   We had the sweet dessert thing (it was a taster) - the presentation was great, I was not a huge fan of the pb&j donuts, but I have had worse.  If you are staying at the Encore or the Wynn and don't feel like leaving - it is not a bad option. I would not order a normal drink there, as they were small and expensive, but their custom drinks looked pretty good. I also noticed there was a bloody mary bar, which looked fun, but I didn't try it.",1,0,0.7036986,1,logreg_right_neural_wrong
test_21413,"Aranya is ok.  The lunch special offers about 10 or 15 choices including several curries, pad thai, and kung pao, or cashew nut to name a few.  It is $8 for chicken and includes a soda.    This is a little pricier than other lunch specials and frankly, not as good.  I've definitely experienced better Thai food for a better price.    That said, it is a cute place, with nice service.",0,1,0.55572164,0,logreg_right_neural_wrong
test_21476,"I was visiting my parents on the northwest side of town and we decided to try Sassy Sal's for dinner.  My first thought when looking at the menu was that the items were reasonably priced - 5.99 for most of the sandwiches.  My mother and I each got the pulled pork and my dad decided to get a combo with 1/3 rack of ribs and one side for 9.99.  Well when we got the food home I was in for a bit of a disappointment.  The menu says of the pulled pork:  """"Slowly smoked seasoned pork topped with creamy coleslaw.""""  Fair enough, I'm used to good sized pulled pork sandwiches with a heaping amount of coleslaw.  There was a very moderate portion of pork but the real bummer was that the coleslaw was not on the sandwich, but a minuscule portion on the side in a one ounce cup- filled half way- even trying to spread it thin I couldn't get it to reach to the end of the bun.  The pork itself didn't have much flavor, I was desperately wishing for some sort of sauce to put on to give it some taste, but of course a side of sauce is sixty cents extra.  My dad said the ribs were good but they were also pretty meager and his side of mac and cheese was of similar proportion.   We did get a side of fries which were very good, other than that the place was a big let down.",0,1,0.7058856,0,logreg_right_neural_wrong
test_21525,"It's a pretty hole in the wall at the Tempe Marketplace.  I wish they'd be a little more consistent with their flavor selection.  Sometimes you feel like a mint and sometimes you do but they don't have it on that particular visit, meh.  I digress from my 4-star rating.  The yogurts good, the topping selection is better, and more consistent, and the staff is as friendly as can be.  Only thing I'd change is its location in front of the child trap water pit where it seems like every time I visit, there's a toddler running around sans a diaper.",1,0,0.7172087,1,logreg_right_neural_wrong
test_21553,"After watching Kick ass at the near by Harkins, my buddy and I decided to walk down the street and grab a bite to eat. I was being treated for my birthday (it was actually on Thursday the 22nd) so I was hoping for a good time. Last time we split a Chicago pan pizza which was really huge and good. The greeter took us right to our table near the bar and in perfect view of the start of the Laker game.   Our server was a great help in narrowing down our choices as we both wanted to try something new besides the pizza. I ordered the chicken parm and he had the cheese tortellini. Both came out after about 20 minutes which seemed longer given that I had missed breakfast but was worth it when I saw the food. Nice looking chicken breaded and baked till crispy not soggy. They also did not skip on the cheese which was a great thing in my book as I am a big cheese freak LOL.  Everything was great until I tasted the pasta sauce. Instead of mumm, it was more like What the hell is this! All I can say is yuck! The sauce tasted like a can of tomato sauce, mixed with one of those season packets from a pack of chicken flavored top ramen. Now I do not like to send my food back (seen to many of those caught on camera specials on fox I guess) but I had to this time. I asked the waitress if this is the main sauce they use for all their dishes and she said yes except for the pizza. Thank goodness for that was my thought.   That left me with very limited choices so I decided to just finish my meal with a order of mozzarella sticks. The chicken parm was removed and was taken off our bill which was great but left me with the birthday blues. After about the second cheese stick I was ready to go. My buddy was buzzing like a happy little bee after the two beers and a double shot of Irish whiskey he had so we paid the check and left.  Now I know this place does one thing and does it really well and that is Pizza. As long as that is what your order then you are golden, but try to stray into the path of the unknown and you to will be sorry.",0,0,0.61890566,1,logreg_wrong_neural_right
test_21584,The atmosphere is fun and the service was good. The burger meat was good but the mushrooms are canned the cheese appears to be processed. The turkey sandwich was what gave it two stars. It was no better than one that came out of a vending machine.,0,1,0.6230487,0,logreg_right_neural_wrong
test_21758,"Yes, its a beautiful, architectually designed hotel that is so over the top that you have to use a damn remote control to close the curtains. The SIMPLE things and ammenties do not exisit! I stayed in the Sky Suite. The room itself was clean, the bed was very comfy, but when it came to just basic stuff, it just pissed me off. I wanted to listen to music on an ipod or a radio. Not happening, you have to press 20 buttons on the remote and still no chance you will get what you want. They wanted to make it """"green"""" apparently, but I wasn't diggin on it.     I ate at a Cafe there, don't remember the name, but the service was excellent, food was cooked to perfection and yes it was pricey but expected.   Definitly get your car valet parked.  The entrance and getting to your room is NOT convenient at all. You have to walk 6-7 minutes just from the strip to get to the entrance of the hotel, then another 10 minutes walking thru the casino with your suitcase and crap to get to your room which the elevators are located in the back! It sucks!! Of course, they have it laid out that way on purpose, to get you suckered in to throwing some $ down on the slots, etc. But , its a pain in the ass to haul everything, especially on your last day, when all you want is OUT of there.",0,0,0.7082699,1,logreg_wrong_neural_right
test_21775,"This place is a 4 star hotel and lives up to it. I didn't like the fact that they charge a resort fee for internet and gym access...its not even optional, its mandatory. If its mandatory why don't you just add it to the price of the hotel room initially and not sneak it on?? That was messed up, luckily its only $20 a night. Service was good, there wasn't a horrific line to checkin like some of the other vegas hotels. The rooms were clean and the technology in them was pretty cool. I would stay here again.",1,0,0.86699843,1,logreg_right_neural_wrong
test_21780,"I guess being a Casino Guest at another hotel you get spoiled with exceptional service by your host and how your treated accordingly.  With that said referred to a new host from a friend of mine as myself and 7 friends headed to Las Vegas for a 4 night stay and 3 days of top shelf golf, food, fun etc.  I will as I get time detail each restaurant and golf course individually.  This is simply the Aria and its set up.  My New Host Nicole Houng was arrainged and she set up King Sized rooms 3 non smoking and 1 smoking for the gamblers in the group. The other 4 guys set up their rooms on their own.   All Rooms confirmed via email and very specific regarding type of room set up. If you recall my last trip outside the Mandalay Bay or Bellagio the Cosmopolitan was a complete phuck up.  This I hoped would go smoother.  We all arrived fairly late in the evening approximately 10-11PM Local time.  on Wednesday evening. Upon check in we were told only the 1 Smoking bed king was available and all others would be queen beds only for night one. Reading the reviews from other clients it appears this is the # 1 complaint. Either they don't have enough kings or they simply do not honor reservations.  Being from a casino reservation you would expect the king beds to be saved but alas it was not to be.  I had a short an animated conversation with front desk manager Ron Miller and told him this would not happen at the Mandalay Bay.  His Response and I quote """" If you would like for us to take you over to the Mandalay Bay we will be happy to"""".   I literally was about to jump over the counter and smack the guy I was so pissed off with the complete and utter disrespect he seemed to sense it and backed off. Bottom line NO KING BEDS a bad start.  Check in and the queens and rooms are  pretty dam special. Every modern accoutrement and electronic set up including an I pad to control, lights, temperature, wake up calls, windows etc.  Beds for my taste entirely TOO SOFT. Heavenly mattress and linens but I need firm bed.  Bathroom handsomely appointed with tub and separate shower and toilet.   Twin sinks but the power outlets sat in the middle directly behind all their soap shampoo set up and it was difficult to plug things in without knocking everything over.  All and all rooms pretty impressive king or not.  Unlike many hotels, elevators plentiful with good security checking room keys.    Step back now as upon check in I sent a quick email off to Nicole (Casino Host) and relayed the evenings spectacle at the front desk.  She was IRATE that we would be treated that way. Mind you I'm on a 100% comp room while the other boys are new casino rate guests.   Nicole went up and beyond at this point first by comping the rooms for the other 3 guests on a casino rate for the 1st night.  She had valets move all the luggage and clothes and toiletries the next day to anyone who wanted king rooms.  Sent us all 8 a Complimentary buffet pass for the next morning and the 4 from the casino received a bottle of champagne, chocolate covered strawberries and pastries Thursday night.  Let me tell you something, I've been around customer service all my life and this lady gets it.  Thank you Nicole our stay was nothing short of outstanding and anyone I'm sending to Vegas will be heading your way.   I'll review the restaurants separately.  Bottom line is Casino was spacious and never Smokey. Never made it to the pool but looked nice.  Transportation and bell person service was easy and quick.  Spacious promenade level with multiple dining options casual and formal.   All and All a pretty impressive hotel that understands customer service.    One small caveat that needs to be mentioned. Playing Craps the last night I walked over to the table with a bag in my hand had a golf shirt in it """"Gift"""".  Stan the boxman stated don't forget your bag when you leave ok.  Played craps did very well and at one point a die hit off the dealers chest back into play and the stickman called no roll.  WAIT it was a winner 10 about 1K payoff to me and my 5 friends Playing.  Before we could even start the uproar Stan said PAY THEM.   That's star #1.  Then after we all did fairly well, we went to the cage and I of course left my bag under the table.  10 minutes later Stan runs me down and finds me to hand me the bag.    Again up and above and beyond the call of duty. Super service and then some. Great Experience and will definitely stay here again.",1,0,0.7551489,1,logreg_right_neural_wrong
test_21794,"This review is for how those of us mere mortals do it.  Which means, no twenty dollar tricks, no upgrades, no casino comps...just flat-out booking it myself, albeit through Priceline.  I do love a deal, and I did indeed get a good one.  Won this 5-star for just $85 per night for two nights.  That was just ten dollars a night more than I paid for a 3-star in Boise the night before. Just sayin'.     LOVES:  Location!  Center strip, convenient  tram to Monte Carlo and Bellagio.  Love being in the shiny new City Center.     Loved the room!  Having booked via a pre-paid site, I didn't expect suite miracles or incredible views.  What we got was a great 5-star quality 4th floor room.  It was clean and comfy and just plain nice-as-heck.  Certainly nicer than where we live, so we're all about appreciating it!    QUIET...never heard neighbors...then again, maybe they were all on the higher floors with posh views and suites.  Who knows? We were quite happy with our mere mortal room.  Rest assured that if you are of the higher mortal category,  they offer different elevator bays for those staying on differing floors.  You will be whisked up quickly to your appropriate level.  We were a-ok with ours.    Here are my reasons for not giving Aria 5-stars...when we checked in we were proudly told about the """"free internet""""...We were told how easy it was to access it.  What we weren't told was that they charge a $28 a day resort fee.  I am certainly not a resort-fee virgin, but I have never encountered one before that was more than $15 per day.  Usually the purpose of the fee is to cover internet.  Well, for that kind of money, I would expect it to work like a charm and it did not.  That being said, we weren't exactly hanging around the room bemoaning our lack of internet access.  Of course we were out and about...but it's kinda the principle of the thing, ya know? How about just charging $28 more per night up front?      That and I'm not a fan of the casino.  Blackjack...not Bellagio level.  Plus this is the only casino we've EVER been in where a slot machine jammed.  Husband was playing and it totally stuck.  It took forever before we could find help to get it unstuck.  Here we were at 4:00 or so on a Monday afternoon and the guy who helped us indicated that the machine was """"full"""".  That they cleared it out in the middle of the night.  Well, by golly that is one machine you don't want to play if it never gives up anything, huh?     One last minor reason for less than five stars was checking out.  We couldn't get it to work on our tv.  Luckily they weren't too busy at the front desk, but the gal we had checking us out was not very friendly. Left a last not-so-great goodbye.     All-in-all however, we would go back in a heartbeat.  Where else in this country (world) can you stay in a hotel of this caliber for this kind of money?  sigh, love Vegas!",1,0,0.57342124,1,logreg_right_neural_wrong
test_21805,"No problems at check-in.  The suite was nice on the 31st floor.  The bedroom  was well equipped with 3 sinks in the bathroom  hot tub, a shower for 2 or 4. The bathroom was sealed off wirh a glass door. It had a living room.with a bathroom by the entrance of the door.    The only complaint was the sinks drained to slow which turned out to overflow.  We had to call housekeeping to straighten out.  The plummet stated they made these sinks more for beauty than use.   They transferred us to another room which wasn't as nice but they accommodated us in other ways.",1,0,0.61540926,1,logreg_right_neural_wrong
test_21808,"Around $200 for a Deluxe Suite (Including tax, resort fees).It's not exceptionally high, but it wasn't a deal either. The room was a little small, however:  +1 Stove & microwave +1 panoramic view of the strip, beautiful view, can even see bellagio fountains +1 2 flat screen TVs +1 Nice big tub, with shower head +1 queen size pull out bed +1 sleek d\u00e9cor +1 dining table +1 internet included in resort fee -1 was supposed to come with slippers but i didn't see any -1 single sink -1 black out curtains were not, black out -1 no hand towel hanger -1 toilet was weird, not releasing water quick enough -1 no casino -1 pull out bed was very uncomfortable, I've slept on better rollaways.  Despite all this, I was very impressed with the design of the room. It's definitely one of the nicer normal rooms I've been to, with only Trump being more luxurious. However, the d\u00e9cor of these suites are much more modern and less pretentious. On the other hand, I did pay less at Trump.  I didn't really deal with the service except when we tried to get them to have a plumber come look at the toilet at 4am, it took them a while so we cancelled it. Room service came relatively prompt when we asked for extra towels and bedding.  ***  Tip: Free valet, although you should tip. Definitely valet before you check in/check out because self parking is far! Taxi lines are never long. There is a bridge that goes to Bellagio directly!  Favourites: A nice room for the price, pretty good location. nice view  Do not want: lack of food, casino, fold out bed sucked! crikets at night when you walk to aria!  Last words: A nice stay, great location.",1,0,0.57936,1,logreg_right_neural_wrong
test_21871,"I live close to this restaurant and decided to try it last night with a friend. Glad we did. We made it for the reverse happy hour 9:30-11pm at the lounge. FYI The lounge is towards the north part of the building. The food and well drinks are like $3-7 and since we are in Vegas I thought they would bring out happy hour sized portions like other restaurants do, but instead they bring out regular sized portions at happy hour prices! What a novel concept. It's so funny how some restaurant advertise happy hour and the portions are so small. Imagine ordering ribs at happy hour and getting one rib for $3. I mean come on, thankfully this place doesn't do that.  We ordered the pizza, b/c I was hungry and I didn't want to chance not liking the first dish. We then ordered the pickle chips, jambalaya, clam chowder and BBQ pork sliders. In all honesty we're not fat people, we just didn't know the size of the portions. Vegas does this to diners perceptions. You have to over order to get a full meal nowadays. All the food ordered was great, but the chowder and pork sliders were a bit salty.    The bartender Kitty was great, but they lost a star b/c they had a DVD of that ugly, annoying dolt Harry Connick Jr. on repeat. I was ready to scream. I could never get used to hearing his music.",1,1,0.5374983,0,logreg_wrong_neural_right
test_21966,"If you like brown, this is the place to hike.  Did the Gateway Loop.  Counter clockwise.  The first mile felt like it took forever.  And I questioned only having one bottle of water for me and the wife.  I was starting to think about sucking cactus juice.  But once we got to the Gateway Saddle it was smooth sailing, cooler, greener, and less arid.  A good 3.6 mile hike that will take about 3 hours if you walk it at a decent clip.",1,1,0.61415803,0,logreg_wrong_neural_right
test_21975,It was okay I've been there before in California. I think this 1 is a little different for me sometimes depends on the location but I didn't really enjoy it Planet Hollywood. Get customer service but other than that I didn't really enjoy the food there. If it is a next time maybe I should try the 1 in Green Valley.,0,0,0.7178144,1,logreg_wrong_neural_right
test_22012,"This place may have new management. Service is slow, they are out of forks! Og and several of the sodas are out. Mention it to them and are told they will get right on that, still waiting. I used to love the roast beef bit I guess it lost out to one of the newer chickens. We don't all want to eat healthy, a good rare roast beef now amd then would be nice. Not sure I will come back...paneri here I come.",0,1,0.76700634,0,logreg_right_neural_wrong
test_22019,"Dined on a Saturday night, it was busy. Snacked on the plate of pickles. Tasty. Ordered chili and latkes to get started. Chili was ok, Latkes were decent had to request applesauce and sour cream.   Ordering an Italian sandwich in a Jewish Deli wasn't the brightest on my part, but I wanted to see how it was. Not great, as you can probably imagine. Meats were overly salted, and the Italian bread was unlike any other Italian bread I've had before.  Pastrami/corned beef  Ruebens are the way to go. Tasty, but pricey.",0,1,0.5891269,0,logreg_right_neural_wrong
test_22035,"So good! So adorable! I want to give it 5 stars and there is only one reason I'm not going to. The service.  The service was strangely slow. It kept seeming like our server was forgetting about us. Even when he'd come over he seemed pretty distracted. The woman who was refilling the waters also seemed pretty distracted. At one point she dumped so much ice in my husbands cup that it was a little ice mountain sticking out of it. And then she overfilled my cup with water which started spilling on me but she never noticed. They also never even asked if we wanted a second glass of wine or beer. I probably would have gone for it seeing as we had to wait for the food for so so long.  The food though, the food was so worth the wait!!! First of all the appetizer we had, mozzarella and basil was amazing. The basil was really fresh. There seemed to be two types of mozzarella, and the really creamy one on top of the appetizer was to die for. The pesto drizzled across the plate I could drink.  They have a really nice option where you can choose 2 out of 3 things, half sandwich, cup of soup and half salad. All for $9.75. I went for the half vegetarian sandwich and half Italian picnic salad. I loved both. The vegetarian sandwich was unlike any vegetarian sandwich I'd had before. Sure I've had the things on it before, but I'm thinking not together, and maybe not stuff of such high quality. The salad had these delicious cheeses in it along with bacon. What's not to love?  We sat outside on the patio and it was so nice. Really pretty furniture and accents and I loved the outdoor/indoor bar.  So, weird service, if the food had sucked I would have been annoyed, but since it didn't I'll just hope that's not normal because I'm going back for sure.",1,0,0.50423694,1,logreg_right_neural_wrong
test_22074,"Not a big buffet eater, however was at the Fiesta casino and was hungry.  Buffet is on the 2nd floor of the casino, not elaborate, but not pricey.  With casino card buffet is about $6, I do not know where you can get juice, coffee, a full meal and desert for that price, I had turkey with a pineapple sauce, which I thought was quite tasty; also bbq chicken on a roasting spit on the day I was there. Ample selection of salads and dressings, pizza which I had a slice, not bad at all.  There was a ample selection of deserts, pies, cookies, pastries and off to the side soft serve ice cream.  You can stop at the cheesecake factory and get a cup of coffee for 1/2 the price.  You decide.",1,0,0.73171735,1,logreg_right_neural_wrong
test_22076,"I use this airline because you can pick your seat when you buy your ticket.   My flights with them are usually smooth and on time.   The flight attendants are able and friendly.   The last gate attendant when asked why we have no seat assignment when we had picked our seats. We were dismissed with"""" you will get on this flight"""". Surprisingly this is not what I asked and mentioned this to her. So with a sickeningly sweet smile said """" we do not guarantee seats """"   So to me this says why use this airline if I can get a better flight from another where seats are not picked.   Yes we got on the flight, but not sitting where we paid to sit, nor next to each other.   Yes the flight was full and yes all of the first class was full when we bought the tickets.   But there were plenty people who were not traveling with the person sitting next to them. Soooooo this does make a difference to me. I do things with specific thought in mind, I do not like having things out of my control. ;-{)",0,0,0.7812393,1,logreg_wrong_neural_right
test_22097,I should have eaten my money instead. It would have had more flavor and been more satisfying.,0,0,0.7833283,1,logreg_wrong_neural_right
test_22110,Literally 3 cars in the whole facility and I waited about an hour for the car to be cleaned.  Decent car wash though. Speed it up guys.,0,1,0.62230444,0,logreg_right_neural_wrong
test_22117,Was visiting friends over a weekend and was very hungry by the time we reached the restuarant. They kept us waiting for 40 minutes and the hostess dint care that we were waiting she just doing her own thing.  Food good but not the best Thai food that I ate.  I wouldn't recommend this place if you want to grab something quick.,0,1,0.5077797,0,logreg_right_neural_wrong
test_22124,Rented here twice since i been in arizona and both times were in and out had no issues with billing and the staff work to get you processed as they understand your time is valuable i would most definitely use this company over u-haul,1,0,0.52653706,1,logreg_right_neural_wrong
test_22138,"They did a great job on my hair, and I have very long and thick blonde hair.  There was a slight smudge on my highlights where the bleach leaked out of the foils, but it wasn't due to lack of skill or attention.  Other than that my experience was great and I was very happy to have used my Groupon.  It's about as expensive as other Aveda salons, but you definitely get quality products and service for the money.",1,0,0.6479595,1,logreg_right_neural_wrong
test_22159,"There's nothing terrible about this restaurant, the food is tasty most entrees were covered heavily in cheese (not my thing) the perfect storm margarita $7.50 or so was quite tasty my pork tacos meat was dry my wife had a stuffed chile relleno (smotherd in cheese) once she removed the glob of cheese the chile was tasty the salsa tasted like picante sauce out of a jar service was good when our waiter brought us our check he had written have a blessed night.........WHAT.........i dont mix religion and drinking.......... to many really good mex restaurants in az to dine at a americanized version.........ps this was the new mesa location",0,1,0.6313947,0,logreg_right_neural_wrong
test_22217,"I will keep this short & sweet. I have been here twice and here's what I think: - Green tea hot chocolate tastes like matcha powder with icy water - Carrot cake in carrot cake sundae is delicious. Overall, carrot cake sundae is probably the best thing I've had here, but it is not for the faint of heart. Dessert fiends and sweet tooths like myself will appreciate this dessert. The cake was tasty and moist. Together, 4 people shared it. - Salmon benedict is way too salty - Frozen hot chocolate is exactly what it sounds like... Frosty icy hot chocolate  Out of all the things I've had, carrot cake sundae is the one to get. Also, the service here is MEH for vegas. A waiter hit me in the head and didn't even turn around to apologize! Also, we told our waiter we didn't like the green tea hot chocolate and he didn't do anything about it!",0,1,0.68436795,0,logreg_right_neural_wrong
test_22229,"I came to Serendipity 3 last year with family and friends. We went inside, it was PACKED!!! I order some food. Love the Milk Shakes, Hot Dog that's about the length of my arm, and I didn't have the chance to try the FROZEN HOT CHOCOLATE. Serendipity serves BIG CAKES TOO!!  Man, I should come here next time.",1,0,0.70489305,1,logreg_right_neural_wrong
test_22264,"No disrespect to those who have come here and had a great time -- I am sure it's possible.  I mean who doesn't love 2490589348 people standing on top of tables smashing their beer mugs (that must weigh ten pounds) together---constant toasting---all while those same people sing a Bruce Springstein song as good as they can for as drunk as they are.    This place is huge -- surely it could fit half the population of Pittsburgh.  It's unique, too, I'll give you that.  And the beer prices aren't half bad!  But let's get real.  I thought two things over and over again when I was here: 1.  Did a frat house rent this place out for a party?  I found out, no..... Says the girl next to me, """"It's always like this"""". 2.  Is this a Tea Party gathering?  Evidence indicates no, it wasn't, so again """"it's always like this"""".",0,0,0.8423609,1,logreg_wrong_neural_right
test_22313,"They deliver, so we got delivery.  We found this joint via the Eat24 website.  It wasn't a cheap meal, but it was pretty good.  Due to allergies, we specified in the order """"no onions"""" for many of the dishes, and this condition was granted with no issue.  Good curries and fried rices to be found here.  Both my wife and daughter liked the chicken satay and the Thai iced tea.  The order came to our door in about an hour, nice and hot.  The best Thai we've had?  No, but this place is one that we'll keep in mind for delivery in the future if we are exhausted and neither want to cook nor go out.",1,0,0.74801004,1,logreg_right_neural_wrong
test_22336,We also really want to like Yola's since we live so close. Cute place. I ordered the waffle wo whipped cream. It came w it anyway. I ordered a side if bacon. It is totally fast food style bacon that should be hidden on a sandwich. The 4 slices didn't add up to one normal piece.   The staff were distracted and not helpful. Not worth the price. Total bummer!,0,1,0.521057,0,logreg_right_neural_wrong
test_22413,"Ive eaten here a couple times before and sometimes it is good and other times it is so so. The last time I went was CIAA weekend, the waitress was very nice and helpful but the food was not very good. The portions were small and the food had no taste. The best part was the salad bar.",0,1,0.8574255,0,logreg_right_neural_wrong
test_22433,"Fun if you're a drag queen with disposable income. But for a guy who's just buying heels for fun , not the best. I love their catalogues and wide selection , but the prices are off the charts. I'm not a drag queen , and I don't think I'll be back anytime soon.",0,1,0.8424451,0,logreg_right_neural_wrong
test_22456,"This place puts Charlotte foodie dining to shame. Halibut cheeks, rocky mountain oysters, bone marrow, and anything else a food lover would want. Not to even mention the stellar and inventive bar menu. Don't leave without trying a gin and tonic on tap!",1,0,0.7264921,1,logreg_right_neural_wrong
test_22477,"I get apprehensive about having my hair cut.  I have a lot of thick hair, and not everyone can cut it well.  I find myself holding my breath and clenching my hands as it's cut, and I have to tell myself to not look nervous.  More often than not, I dislike my haircut at first because the stylist styles it differently than I normally do, but I really liked my hair when I left Min's today.  That's saying a lot!    I've only been in the 'burgh for just over a month, so I'm really excited to have found a place to get my hair cut!    I made an appointment in the morning and came in in the afternoon.  Over the hour that I was there, she received one phone call and two walk-in inquiries.  I commented that she was popular; she said the clients tell her that, but no, she just does her work.  Cute!  Min was really thorough in her work.   I brought a picture w/me, which helped.  I was a little concerned that she said she was going to make my hair """"more beautiful"""" than the picture, and I didn't always understand her English, but I'm pleased with the end result.  I will gladly pay $35 (the price for medium length hair) for a great haircut!",1,0,0.52941287,1,logreg_right_neural_wrong
test_22483,"First off, this place was remodeled, changed its food, and changed its name to """"Riv Buffet"""" several months ago.  Given all the terrible reviews, I was a little nervous about coming here, but a friend said it's fine for breakfast, and I now agree.  I had the regular breakfast buffet this morning.  On the weekends there is a special brunch buffet but that doesn't start until 10am.  The buffet was way more than what I'm used to at a hotel breakfast.  There were made-to-order omelets, two potato dishes, three meats, lots of fresh fruit, cereal, coffee, juices, donuts, pastries (I was really tempted to try the chocolate croissant but didn't), biscuits-and-gravy, chicken fried steak, grits, oatmeal, waffles, and probably other American breakfast items I didn't notice.  In addition, there were a few Asian items, including rice, congee (two types - with or without thousand-year-egg), and kimchi.  I had fruit, tator tots, coffee, a donut, a piece of ham, and a bowl of congee (with scallions and cilantro).  I'm tempted to try it again tomorrow just to get more congee, since I liked it so much.",1,0,0.6731343,1,logreg_right_neural_wrong
test_22495,"Hey there goes Louis Vuitton! Ooooh, Prada! Hello there, Gucci! Wait a minute, aren't there like several other locations of these stores within a 3 mile radius of this place?   There's not really a single accessible store or restaurant in here, and to make it worse, many of the stores in this """"new"""" mall have already existed on The Strip for more than 10 years. With how hard they were trying to make this place """"different"""" you would think they would have brought in something new to the table. For what it's worth, there are some very interesting architectural details and public artwork within this mall worth seeing at least once (I really liked the glowing trees, okay they weren't exactly glowing but I'm not sure how else to describe them), but that doesn't make me any more interested in browsing at a Gucci store when I can just browse at one down the street.   Excuse me while I go down to the Fashion Show or the Forum Shops, browse in the super upscale stores I can't afford but can still manage to buy something at a more reasonable store anyway. At least those two malls don't completely reek of pretension and feel closer to the real world if you know what I mean.",0,0,0.51473576,1,logreg_wrong_neural_right
test_22508,"This was the worse experience that I've ever had at a physical therapy clinic. The facility was a ZOO, everyone was running around & very disorganized. I had 4 sessions of physical therapy at this facility & was treated most of the time by the Technicians. The Technicians were nice, but when I go to physical therapy, I expect to be treated by physical therapist. I've had many sessions of physical therapy in the past due to various injuries throughout my life & would not recommend Matt Smith to anyone. I also spoke to several patients at the facility & not one of them was happy with the services that they were getting.",0,1,0.90503293,0,logreg_right_neural_wrong
test_22516,I can concur with my first review and I shall return.,1,0,0.5852922,1,logreg_right_neural_wrong
test_22521,"As far as airport parking goes, not that good.  Prices are not special, and service wasn't great.  If you end up parking here, make sure that you get a card from the driver when you get picked up from you car so that you remember whether you are in the """"Washington"""" or """"Van Buren"""" lots when you get home.    A couple of issues: 1) The driver did not give us the little """"business card"""" with your lot number, spot number, and phone number of the parking lot, when we first parked.  2) When we were picked up from the airport, they had to turn people away at the terminal because the shuttle was full...  3) Instead of numbering the spots, they make people yell out their row and make/model of car so the driver can find your car.  Most other parking lots have space numbers and the driver just takes you there...",0,1,0.63806295,0,logreg_right_neural_wrong
test_22557,A lot of history has taken place here. Even if you don't stay here touring the property is a must!,1,1,0.6725957,0,logreg_wrong_neural_right
test_22590,I've expect more from this joint ! You can't compare with any other US joint,0,1,0.71667355,0,logreg_right_neural_wrong
test_22598,"This show is so bizarre. It tried to have a storyline, which didn't make any sense and at points was completely laughable. The dancing was like a high school cheerleader routine. Some of the dancers were amazing, the pole dancer hands down was the best part!  The person from the audience was hilarious but majorly disappointing when he turned out to be part of the show too...",0,0,0.5553786,1,logreg_wrong_neural_right
test_22616,I needed a USB3 port external hard drive 1 terabyte.   They had no technical knowledge what so ever.  This was 1 of many useless trips where the staff didn't know their stuff and it took forever to get help.,0,0,0.61486125,1,logreg_wrong_neural_right
test_22623,Didn't go here for the food. But to get away from drama from another Resturant. Place was pretty kewl. Just drank two bottles of sojo in the late early morning with my girl friends. Before we all headed home! More crazy karaoke happens at this spot too!!!,1,0,0.5750364,1,logreg_right_neural_wrong
test_22638,"I would totally give this place 5 stars if it wasn't for the prices. Every staff member was so nice and helpful, but I had no idea how much their tea was. When he was ringing it up I thought I saw 4.99/ lb of tea. No, no, no, it was that price per oz. Haha needless to say I spent a lot of money, but I've heard wonderful things about their tea.",1,0,0.92569435,1,logreg_right_neural_wrong
test_22671,"We went here last year and it was amazing! This year not so much.  We arrived at our reservation early & we asked if we could be seated early & if not, we would go to the casino & gamble. The hostess said that it would be one minute. Well, 45 minutes later, we were seated. Once we were able to sit, we were placed in a booth directly under a vent spewing ice cold air. We ordered a cocktail 10 minutes later and waited, waited, waited, 35 minutes later, I noticed other tables that were seated after us were already finishing their drinks. I asked our server, they apologized & 35 minutes later, we got our drinks. We ordered 3 appetizers, but only 2 arrived. The tuna tartare was incredible and the scallops with foie gras was amazing. My wife ordered the mustard black code (was AMAZING) and I ordered the cowboy rib eye, topped with foie gras.  The seared gras was INCREDIBLE, but the rib eye was fatty.  Not the mouth watering fatty that a nice rib eye is known for (which I was craving), but chewy fatty.  I had to spit out about 5 bites, because I couldn't chew through the fat.  Pretty gross.  This was a mix of 5 stars & negative 1 stars.  Since we had an amazing time last year, I was sooooo looking forward to this meal, which became a nightmare.",0,1,0.5225052,0,logreg_right_neural_wrong
test_22684,"After hearing great things from the concierge at our hotel and all the other yelp reviews we thought this was gonna be a great meal. The smoking mirrors cocktail was amazing it was brought out on a smoking wine barrel stave with the glass inverted and filled with smoke and then flipped over and the drink poured in ! It was a great drink! However then the food came it was just bad....over seasoned and ridiculously heavy...the fish was over cooked and too greasy, the steak sauce was heavy and off, our octopus salad was good but again extremely heavy .   I would not recommend this restaurant to eat ..get the smoking mirrors at the bar and then hudini and find another place!",0,1,0.66951656,0,logreg_right_neural_wrong
test_22693,"Avoid the aria caf\u00e9 except for breakfast. We had several enjoyable, high-quality breakfasts there but the dinner was atrocious.",0,0,0.97051096,1,logreg_wrong_neural_right
test_22843,"I was working late shooting a bodybuilding show for Muscular Development magazine and got back to my room famished and there were only Dominos Pizza flyers in the lobby but I wanted to try something local instead so called up Vocelli's to have a pie delivered.  Well the pizza arrived fairly quickly but man it was super greasy!  It didn't actually taste too bad but I guess greasy stuff can satisfy the munchies.  The price is right though and a good deal, but I'd suggest other options if I knew of any.  Not the best, but if you are starving and want something delivered this is one option...",0,1,0.5684403,0,logreg_right_neural_wrong
test_22852,Diner food done at a typical diner level.,0,1,0.61220056,0,logreg_right_neural_wrong
test_22861,"Awesome food, TERRIBLE service. I recommend calling ahead with a take out order and eating their delicious food in the comfort of your own home. 2 stars for service and 4 stars for food. Just spent 2 hours there, watching people who had arrived after we did get their food and even leave before we got our main dishes. Food was great, won't be eating in the restaurant again.",0,1,0.635172,0,logreg_right_neural_wrong
test_22936,I thought I would really like this show but it was SO BORING I kept falling asleep. I felt like I was a parent forced to watch the school play cause I had some retarded kid in it.  We ended up leaving during the intermission.  We had excellent seats-section B row N  and got the tickets for free.  The costumes were neat and there were some cool set/scenes but  I would be upset if I had paid $440 ($110 each). I would rather watch the movie any day.,0,0,0.5883291,1,logreg_wrong_neural_right
test_22951,For a quick snack this would be a good place to enjoy as you're waiting for your flight in the Charlotte airport. However I do not recommend the lobster bisque it is very watery yet tasteful very very little lobster. The buffalo shrimp was very heavily breaded and will set your mouth on fire.,0,1,0.8149923,0,logreg_right_neural_wrong
test_22962,"Pros: Broad menu selection. Cons: Unrealistic beer prices... at least, for Guinness. At $6.50 per (imperial) pint, it's the most expensive Guinness in Charlotte.",0,0,0.5247086,1,logreg_wrong_neural_right
test_22984,"After coming here, I realized, all AYCE KBBQ places should consider doing self-serve.",1,0,0.6026248,1,logreg_right_neural_wrong
test_23034,"As a tourist in Scotland, I was curious about haggis.  I'm Asian, so I guess you could say I'll eat about anything (and I pride myself on having an iron stomach--food poisoning, what's that?), but I thought I might have to draw the line at haggis.  Then a local told me that Henderson's is the place to go.  Not only is it vegetarian, but they have a veggie version of haggis that supposedly tastes """"just like the real thing.""""    So, we went there and it was fabulous.  It's a small-ish place, but everything was flavorful and just what our starving bellies needed.  Oh, and yes, I got the veggie haggis.  Totally awesome and filling.  I think the texture was nothing like the real thing, but at least now I know what haggis is """"supposed"""" to taste like.    Friendly staff, great food.  What more can you ask for?  Don't even hesitate if you're a carnivore.  You'll be more than satisfied and you'll probably leave with a whole new appreciation of vegetarian food.",1,0,0.5629989,1,logreg_right_neural_wrong
test_23113,"Though R Salon seemed to be a good spot for the alternative crowd, my experience was not a good one.  I like a classic hairstyle-sleek, smooth, with good/even layers.  My style is the fairly common, very classic and chic graduated hairstyle where it is shorter in the back and a bit longer in the front.  If you are looking for a hairstyle like this DO NOT GO TO R SALON!  I was hoping to escape the pricey Scottsdale salon prices, but after my experience I will gladly part with the $60 bucks.  My hairstyle/cut cost $40 and I was sorely disappointed.    I will say that the staff seemed very nice and I think for the right customer, they would do a good job, just not for me!",0,1,0.88543344,0,logreg_right_neural_wrong
test_23120,"Meal was very good, I had the filet of sole, waitress was attentive, however did not clear plates when I was finished. Service is almost always an issue when dining @ Mimi's. see the other reviews for Casa Grande.",1,0,0.56616515,1,logreg_right_neural_wrong
test_23167,"We used our first ever Groupon here.  It offered a three course meal, up to $100 food for two, for $49  + +.  Our conclusion is that it was good value, but really only worth $49.  Had we paid the full menu price for want we got, it would have been ABV  - appallingly bad value.  The major flaw in the meal was that the appetizer three cheese/ flatbread plate Was served with ice cold cheese.  Any brain dead idiot knows that chilling cheese virtually eliminates its flavor; the flavor blooms at room temperature, the  temperature at which cheese is made.  We couldn't believe it.  Our two salads (house and Greek) were adequate but very small.  The entrees were quite good - pasta bolognese and pappardelle with duck confit - although the duck leg was a bit overlooked.  The wines, a chardonnay and Pinot noir, included in the deal and on the regular menu at $8 each, are excellent.",0,1,0.51133204,0,logreg_right_neural_wrong
test_23176,Definitely different for your average white boy.  Go for number 39,1,0,0.5560664,1,logreg_right_neural_wrong
test_23191,"Hard rice, oversalted steak and a limited menu -- what more could you ask for? :-/  I ate at the bar, and my bartender was friendly and efficient ... no bad-service reports here.   But this is a restaurant last I checked, and I'm amazed at how they're able to get away with such bad food. Oh, yes, that's right. It's because this terminal has no other options!",0,1,0.7384657,0,logreg_right_neural_wrong
test_23193,"People c'mon. It's airport food. It was fast, hot and had some flavor. I wouldn't say it's great Mexican food but it was decent. Giving it four stars to balance out the over critical.",1,1,0.59718776,0,logreg_wrong_neural_right
test_23285,"Me & my daughter are fans! The chicken taco (crunchy) is just the best. With all the veggies mixed in, it even feels healthy. This particular location is always pretty crowded. They sure are popular.  This is my second choice for Mexican, after Macayo's. Although they really aren't comparable... with one being a fast food place and the other, a sit down restaurant.   Garduno's used to be one of my favorites for Mexican. But now they've been taken over by new management, the name has changed too. And the food is just not worth the drive. They still have the Mariachi's which is the only reason I'd go.",1,1,0.83659154,0,logreg_wrong_neural_right
test_23306,"I'm forever in search of my """"dream handyman"""" and now I think I've found him (knock on the wood). After several years of disappointing experiences with handymen, I started to believe that there is no such thing as a good handyman.  Thanks to Yelp (and """"no"""" this is not a advertisement for Yelp) I'm hopeful that I've finally found my """"go to"""" man for repairs big and small. I called Troy in a time of desperation, needing to get several repairs to my home before my renters moved in.  He arrived in the morning, worked for eight straight hours, and checked off everything on my list.  When I discovered a few more things, he returned within a few days, and finished those jobs as well. Troy seems committed to saving clients money whenever possible ... based on my experience with him. He bills hourly, works fast and his rate is reasonable. Based on his service, and all of his positive reviews on Yelp, I'm sure Troy must be a very busy handyman, but somehow he still made me feel like a """"preferred"""" client.  I rarely post reviews on Yelp, but in this case, a rave review is definitely in order.  Thanks Troy!",1,1,0.9053363,0,logreg_wrong_neural_right
test_23340,"Contrary to a lot of Yelper's reviews, I wasn't that impressed with Blue Dust. It's a hole in the wall with a fantastic beer selection.   It's off the beaten path of the waterfront, located across the tracks towards Eighth Ave. next to a tattoo parlor on Amity Street.   I'd heard a lot about this place as well as read just about every review on Yelp and newspaper reviews. I wasn't sure what to expect, but a dark, dank, Burgh bar wasn't it.   I was highly impressed with the bar, any brand of vodka, flavored, proof, etc, bacon bourbon, and a nice selection of beers. I had a black IPA, which was awesome with the Spicy China Doll (a thick pasty bean dip that could have used a bit of salt) served with very good tortilla chips that's weren't a bit greasy. For Dinner I had a portobello wrap, it was nice and meaty but lacked basic salt and pepper seasoning.  Neither the app or wrap really stood out in my mind.   If this was the last restaurant on earth, I'd come back, by then maybe they'll know how to properly season food before being consumed by their customers.",0,0,0.5149384,1,logreg_wrong_neural_right
test_23379,"I want to start by saying I am (was) a huge fan of the one in Dillworth, and even enjoyed going to the one in Ballentyne until my last experience, which was Friday April 23rd for lunch.   I like to describe some of the low-lights from my visit; first I was disappointed to see a new menu meant a change to their nachos (and not a change for the better). Second, there were four of us and three orders came out wrong (batting .250 might be good enough to make the Royals but it is a disappointment at lunch). Third, all of the burgers were ordered medium and all four came out closer to rare, which was surprising based on how long it took to bring the food out.   As much as I enjoyed my previous trips to Big Daddy's, I am afraid this was probably my last.",0,1,0.5544989,0,logreg_right_neural_wrong
test_23386,"Most of us who live in Las Vegas have quietly accepted the fact that restaurants on the Strip are notoriously over-priced. It used to be that Strip restaurants offered a better quality of food and service, but those days seem to have slipped away with the recession. Now, most Strip restaurants are nothing more than a place tourists go so they can say they've been there.   When Lagasse's Stadium first opened we were excited by the idea of watching the big game while at the same time enjoying some of those great dishes we watched Emeril make on TV - perfect combination, right?   Well, as it turns out, the menu is lame - totally lame. Sure, the food is good, but it's the same tired old food you get at every other miserable restaurant - wings, ruebens, BLTs, chicken wraps, nachos, chili-cheese fries, etc.   Where exactly is the Emeril """"bamm"""" we were hoping for?   Oh, and table minimums? Emeril - you should be ashamed.",0,0,0.58319217,1,logreg_wrong_neural_right
test_23399,This is your pretty standard In-N-Out. It's well run and things work like clock work. It takes a little while to get your food but that's because they don't premake anything like other burger joints.,1,1,0.6535425,0,logreg_wrong_neural_right
test_23403,"Not bad Pei Wei!.. I ordered the Japanese Teriyaki Bowl with fried rice and It was good, I also added some of the chilli paste that Pei Wei has and it just made it that much better. I have not tried any other dishes here, but I can honestly say i enjoyed my meal here.",1,0,0.8245439,1,logreg_right_neural_wrong
test_23417,"Brilliant idea. Put a roasted pig in the window and feed him/her to the public. When the meat of this pig is gone, close the shop.  All they sell is this pig all day. What a wonderful concept, so simple and soooooooooooooooooo delicious. The taste is more like American style pulled-pork BBQ, though without the smokiness or BBQ sauce. With this, you get sage and onion seasoning sprinkled on it, and perhaps some haggis or sweet apple sauce on top. I live in Germany now, and this would be the only place outside of Germany in Europe that would make me forsake a Bratwurst.    Only caveat--- the bread was cheap, horrible hamburger buns straight out of the supermarket aisle. Yuck! They need decent bread, something as hearty and heavy to stand up to the pork. Some artisan, handmade bread would complement the handmade meat, instead of being a cheap-ass afterthought. I deducted 1 star for the horrible bread rolls.",1,1,0.5998322,0,logreg_wrong_neural_right
test_23436,"Got the banana split doughnuts today, and they were delicious!  I don't give a crap about a person's politics, whether I agree with his or her opinions or not, while I am eating doughnuts.  Maybe the world would be a bit more peaceful if we'd all just shut up, eat a doughnut, and agree to disagree.",1,1,0.5557267,0,logreg_wrong_neural_right
test_23468,"I went here with a group of 5 other ladies for a birthday party. It's a little difficult to find, but to the person who said it was behind the waterfall, great job because that is about how you would describe it.   I made reservations because they request that you do for a party of 5 or more. They were very accommodating even tho I had to push back the reservations about an hour before our scheduled time.   When we got there I ordered a vodka, Sprite with house vodka (later on found out that is Aristocrat :P), it was ok. I ordered the Chicken Pad Thai, because at Viet Thai Noodle House this dish is amazing, but I had never had it elsewhere. Other people at the table ordered wine, and sushi rolls.   When the Pad Thai came out I just did not like it at all. It tasted like the sauce was sweet and sour sauce, which was confusing.   Everyone seemed to enjoy their sushi rolls, but when you're ordering just watch what it's rolled in because someone that was expecting the standard rice and seaweed, got cucumber.   Overall, I thought the service was pretty good, the prices were good for uptown, but the food was just not there.",0,1,0.6108551,0,logreg_right_neural_wrong
test_23482,"I am writing this as there have not been any reviews of this restaurant in over a year, and I feel that Kanda is better than what comes across from the reviews to date. We went today because the reviews of the food itself seem ok.  So how was it? The food was absolutely great, and the service was efficient. I won't say the waiters were falling over themselves to be friendly and attentive. But they were courteous enough, and got the business done swiftly. Best of all, they were in no hurry to get rid of us.  The cost is ~$23 per person, and that includes sushi, sashimi, and lots of other assorted stuff. They give you pieces of paper to fill out what you want, with everything fairly well described in English and French. Once you've finished eating, they bring the sheets of paper back so you can ask for more.  The quality of the sushi and sashimi  was very high, and the temperature was good.  I would certainly go back.",1,0,0.6236768,1,logreg_right_neural_wrong
test_23493,"Pretty plain. What was weird, the frosting was falling off the donut as you bite into it, now that is a reflection on the freshness... The place has great reviews and that's why I actually stopped by this hole in a wall but I know a good donut and this place does not have em",0,1,0.55314726,0,logreg_right_neural_wrong
test_23525,"I'm very confused why people think this is the best grocery store in Vegas.  I am consistently annoyed when coming here because while they carry kitschy items that most other stores don't carry, they don't carry many normal things, like a variety of tomato sauces, pickles or olives.  They also don't have a very good organic produce section.   I would much rather pay more and go across the street to Von's than be frustrated going into this store.",0,1,0.58294225,0,logreg_right_neural_wrong
test_23534,"This place is total Ice Palace......so it is a great place in the summer.  Really....if I lived closer, I would just sit here all day and order H2o.  I came here with a girlfriend only because she had a gift card.  It is kinda of cool you can watch hockey practice here. It is a total sports bar so the set up with TVs, I really liked.  I notice the booths had their own TVs...that is really a nice setup!  Anyhow, we had salads....not a specialty place for that kind of food......this place is all fries, onion rings and burgers.  Our salads were  bland but  for 9-10 bucks ....GET THE BURGERS!  We were out of our element but we had 50 bucks to spend!  What's a girl to do?",0,0,0.588156,1,logreg_wrong_neural_right
test_23572,"Ok so they now have a full bar and beer on tap so they have that covered. Lover the Burgers and they have that down pat and they will even cook it for you to order witch is nice in that I don't like a well done burger. A lot of beers to choose from and they even had Dead Guy! The service was really good and they just needed to get things going. We enjoyed the Music but without anything to absorb the sound it gets loud when its busy. I'm not the first to mention this. Maybe some Sound Foam on the ceiling might work, and move the jukebox away from the glass. Its nice to have a grown up alternative to screaming kids at most places in the area. I will keep updating as the months go on. thanks",1,0,0.52601725,1,logreg_right_neural_wrong
test_23585,broth is too salty.  beef in pho not always fresh.  spring rolls are not very fresh. i've eaten here 10xs. go to tea light if u live in north phoenix.  i've given up on this place.,0,1,0.5496296,0,logreg_right_neural_wrong
test_23603,"Though the service is very good, and owner, Gus, is a great guy, this place is a """"Rich Man's"""" Taco Bell.  Food is very, very Gringo. That would explain why there is always a wait, and why you won't find one real Mexican eating there.   Portions are large, but so is the price. It is way over priced for Mexican Food.   Quality is just ok.   I have a friend who is obsessed with the place, so I will go back if """"he's buying"""".  I did take my neice and nephew, from Korea, who never ate Mexican Food. Gus was nice enough to spice up their food, and they did like the Carne Asada Soft Tacos.  So, if 'it's someone who's never eaten Mexican Food, sure.   If you want quality and value for your dollar, go to an authenic Hole in the Wall.",0,1,0.7689645,0,logreg_right_neural_wrong
test_23694,Bought a vehicle there and the original deal was awesome. Good selection and fairly easy to deal with. However I have since traded the vehicle in and am trying to my partial refund back for a extended warranty I bought with them. It has been extremely frustrating. At first everything was going smoothly then I called to check the status and nothing was started. I have emailed multiple times and a few phone calls but no response. Good service before you buy. But they could care less about you after you sign the paperwork.,0,1,0.5797177,0,logreg_right_neural_wrong
test_23708,"Really great sushi, friendly staff and nice cold beer.  The television is always playing something innapropriate for the place, and loudly which is a big distraction to the guests. It is terribly expensive and the atmosphere is very plain.  Still, the food and service is very good and this is the only good sushi place in the area.",1,0,0.8260612,1,logreg_right_neural_wrong
test_23709,"Local friends took us here and given the location we were skeptical.   As others have commented the service was a bit disorganized.  But as an east coast sushi snob the food did not disappoint.   We ordered a range of rolls and sashimi offerings (standard stuff, california, spicy maki, tuna) and a noodle dish and all were above average.  The bill with beers for 4 was around $100.  No one left hungry.  Do not be put off by the strip mall location.  This is the real deal.  By the way I have to wonder about the """"Panda Express"""" review.",1,0,0.86171174,1,logreg_right_neural_wrong
test_23718,"As far as chain sub shops go this is my favorite. There is no lack of meat on the sandwich, fresh veggies, and I don't have to spell out each item for the sandwich.  AND HOT SAUCE!!!   OK so hot sauce is not something I would normally look for in a sandwich place but when there are so many choices... I try something new almost every time so I always get a new experience. I do and have recommended this place to many people.",1,0,0.76131237,1,logreg_right_neural_wrong
test_23726,Was a customer almost daily until today...I got the teriyaki bowl with vegetables and rice and come to find out that the bowl was recycled. Not the bowl itself the rice. There is rice with sauce and vegetables in the bottom then there's another layer of smash rice then the veggies and the chicken...adding picture,0,1,0.52211046,0,logreg_right_neural_wrong
test_23759,"Alot of people hate dealing with car dealerships, auto repair shops, etc because most of the time they feel like they are being ripped off, talked to like they are idiots, or the interaction with the people are just more trouble than its worth. I am a shade tree mechanic and absolutely hate letting anybody else touch my car as i do 90% of my own work and trust very few. Tires happen to be one of those things you cant do yourself because of the machines involved and for that i usually go to Discount Tire. After a very negative experience at the West Flamingo location where i honestly was told i don't know what i am talking about i wrote a letter to the Discount Tire office and was contacted by a district manager who sent me to the location off Blue Diamond across from Silverton. This is where i met BILL the manager of this store and his crew, who when i arrived promptly cared for my car and listened to me about the difficulties with my particular set of wheels (rather than not listening and telling me im wrong like the other store). I wan mounting a tricky set of high end forged wheels that required some extra parts and sensors for the car they were being mounted to which is why it took 3 separate times for me to go back and forth the the store to finally get the job completed. During the different times i returns there were bottlenecks that needed to be addressed but at no time did i feel like the store and its crew ever did not have a hold of the work that was being performed, it was just a matter of my parts being difficult. In the end all work was performed and completed and their patience with my job was appreciated as i know its not the typical mount and balance on a Ford Focus. I have now found my go to people for tire labor and will recommend them highly for the customer service and patience.... walk in and ask for BILL.",1,1,0.6081203,0,logreg_wrong_neural_right
test_23782,"I've now made three trips to Lobby's.  The first was an enormous disappointment, the last two have been exceptional.  On my first trip, I made the mistake of ordering the Italian beef sandwich.  What I received could best be described as a thinly-sliced beef sandwich on a baguette that some jerk spilled soup on.  My sandwich was soggy to the point of disintegration from the moment I received it.  I tend to be a very neat eater, but felt I needed a bib that day.  In addition to the mess, the whole assemblage was bland and unremarkable.    However...  I'd happily recommend Lobby's to anyone who wants a burger.  Upon hearing great things about their hamburgers, I returned to Lobby on two more occcasions.  On both days, I got a ridiculously large, juicy burger with great quality beef and fresh ingredients for a price around half of their competitors (I'm looking at you, Smashburger and Five Guys).    So, go for the burgers and read the menu carefully: the single patty burger is 1/3 pound.  If you order the double, you're ordering more than a half-pound of beef and you will need a nap.",1,0,0.5522591,1,logreg_right_neural_wrong
test_23805,"I just did not have a great experience.  I didn't like the flavor of the hot dog (good snap, though) or chili.  The onion rings were pretty good.  The prices were crazy-high.",0,1,0.78977233,0,logreg_right_neural_wrong
test_23829,Location is awesome for people watching if you sit along the elevated glass railing overlooking the strip. My wife and I sat outside but near the inside of the restaurant. I was not impressed with the food but the location was amazing. The food was just ok I thought by the restaurant sitting on the sidewalk on the strip in front of the Miracle Mall I expected more. I did like the mist sprays to cool the air.,0,1,0.71248615,0,logreg_right_neural_wrong
test_23915,"It's hard to give this place anything other than five stars when they gave my girlfriend and I FREE FROZEN YOGURT!!!!  Read on...  So we get a coupon in the mail for buy one get one free.  My girlfriend and I are dieting, but we figured a small portion would be OK.  We go there and get some yogurt, and are about to pay when the guy explains that it's free.  Every night from 9pm to 11pm on Mondays through Thursdays in April, frozen yogurt + toppings up to 10 ounces is free.  I guess this is their promotion to get new people in the door, and let me tell you, it's going to work.  It's almost 10:30pm and I'm about to go head over there for some more fat free (really? REALLY?) peanut butter yogurt.  The other Yelp'er is correct, not much in the way of healthy toppings, but they have peanut butter, which U Swirl got rid of, and oh did I mention it's free?  You win, Menchie's.  P.S. - Kudos to whoever inputted the store hours on Yelp.  Their web site says they close at 10pm, which I would have taken at face value if not for Yelp.  I called, and their web site is wrong and Yelp is right.  So there!",1,1,0.598178,0,logreg_wrong_neural_right
test_23953,"I've been there many times and they are always very good. When you go out to eat with five people ordering five different things, usually one is not happy with their meal. This is not the case at Casa del Sol. The staff is great, the food doesn't take long and the price isn't bad either.",1,0,0.6738899,1,logreg_right_neural_wrong
test_23955,"Exp\u00e9rience tr\u00e8s d\u00e9cevante dans l'ensemble. Le point fort de ce restaurant : le pain de la boulangerie 'La b\u00eate \u00e0 pain', situ\u00e9e juste \u00e0 c\u00f4t\u00e9 et qui appartient au m\u00eame chef proprio. Pour \u00e0 peu pr\u00e8s 50 $ par personne (avant vin et service), \u00e7a ne vaut pas le coup. Les plats sont tr\u00e8s ordinaires et le service peu chaleureux, limite antipathique.  Ce que j'ai mang\u00e9 :  Entr\u00e9e - crevettes nordiques \u00e0 la coriandre, sauce soya et avocat. Bonnes crevettes, mais le tout \u00e9tait trop sal\u00e9 et la portion petite.  Plat principal - saumon avec chorizo, sauce clamato, chutney tomates, fenouil et lime. Bonne cuisson pour le saumon, mais le plat \u00e9tait vraiment trop sucr\u00e9.  Dessert - panna cotta, avec confiture et 'crumbling' avec pistaches. Pas bon du tout comme pana cotta. \u00c7a m'a rappel\u00e9 un mauvais genre de 'pudding' d'une cantine d'\u00e9cole!",0,1,0.52838904,0,logreg_right_neural_wrong
test_23976,"Ok, I know what you're thinking....""""Send Paul for drug testing...he gave a Walmart 5 Stars!"""" Well perhaps, but in my world, I rate things using the concept of RELATIVISM. Call me an Einstein junkie.....but, COMPARED TO OTHER LOCAL WALMARTS, THIS ONE IS 5 STARS. Get it now?  It's clean, well organized (for a Walmart), and I just don't feel that a drug deal will be going down in the parking lot anytime soon when I'm here.   So IF you have to go to a Walmart, check this one out. Note that I have NOT been to some of the Walmarts up North (Huntersville, etc.) but this is in comparison to everything West, East and South of Uptown.",1,0,0.79836607,1,logreg_right_neural_wrong
test_24010,"Beautiful atmosphere and that's about it! Reservation was at 8pm. First round of drinks took 40 minutes and the place was dead! My girlfriend already did a Yelp Review on this place and I am pretty sure she covered everything! I am mostly dissapointed that a manager never came to the table to apologize or acknowledge all the issues we had that night. Super pricey for a super let down! We thought that with Eva Longoria's name behind this restaurant, it would have been amazing, but it was far from it! :( N wonder we were able to get reservations so easily!",0,1,0.82192856,0,logreg_right_neural_wrong
test_24021,the nuts!,1,0,0.502826,1,logreg_right_neural_wrong
test_24046,"Chat chat chat chat chat. Maybe more conversation. Maybe some more talking during relaxation. That's all my masseur did. I don't super want to talk about my tattoos or my injuries while on the massage table; I want you to relieve the tension in my neck.   I was also super pressured to join their club, which I suppose I should know better. I won't be back, even though their massage club seems like the best deal of all the massage clubs. No thanks.",0,1,0.5683162,0,logreg_right_neural_wrong
test_24049,"Coffee and bagels! Very good! If you love coffee and bagels and I do you will not be disappointed here! Everything is so fresh, and good quality, if you can think of a bagel and something to put on it (or just order off the menu) you will not be disappointed, I promise. Might have gotten 5 stars, but I would have liked to see the shop just a bit cleaner, not gonna stop me from going back.",1,0,0.6034994,1,logreg_right_neural_wrong
test_24101,"I like this store, I just don't like their pricing.  Goodwill prices all their tops the same, jeans the same, etc.  Yesterday I found a pack of disposable plastic Solo plates for $3.  Really?  I'm sure they are cheaper than that at Woodman's.  Last month I passed on some plain while cereal bowls they had priced at $3 each.  Folks at Savers need to go peek at the crowds at Goodwill and find out what Goodwill is doing right.  On a good note, the staff a Savers are very friendly and the store is clean.  Still, I likely will not be going back to Savers.",0,1,0.8624994,0,logreg_right_neural_wrong
test_24153,Great food. A bit pricey even for Vegas. The sangria a were not the best we have ever had but not the worst either. All the tapas were really good and unique. Prepare to spend some cash.,1,0,0.58758295,1,logreg_right_neural_wrong
test_24241,"Been going to this practice for over 20 years.  Consistently great service from all, especially Sue & Rita at the front, Nan and Dr. Markham!  Always punctual!!  Dr. Markham even went so far as to replace a 2 year old filling at no charge, not because there was anything wrong with it but my teeth had moved and it needed to be built out.  You will not be disappointed.  Thanks guys.",1,0,0.6695967,1,logreg_right_neural_wrong
test_24285,I had a mani- pedi here today. I was a bit nervous because of bad reviews but it was not bad. Not 5 star- maybe 3.5. Very clean and nice salon. Limited polish selection. Pedi better than mani. I'll go back again in a crunch.,1,0,0.62265,1,logreg_right_neural_wrong
test_24363,"If you like fabric at all, or have a crafty bone in your body, or are enticed by quirky shops in the slightest, you will dig Loom. You'll dig it hard. They have every single cool, unusual, hard-to-find, hilarious, arbitrary or otherwise rad piece of cloth ever printed.  I'm not a particularly crafty person, I'm actually a particularly clumsy person, but after I saw a bolt of sexy firemen fabric I knew I needed to find an excuse to make something with it. I knew it deep down inside, the way your mom knows when you've been dumping eight tablespoons of sugar on your Corn Flakes because she refuses to buy Lucky Charms.  So I came up with a project that required numerous narrow strips of fabric. Unfortunately, the woman working there politely informed me, they have a half-yard minimum. As panic started to set upon my realization that I was going to have to buy $100 worth of fabric that I would never use, the owner chimed in that she wouldn't mind cutting me any size piece I wanted. *That's* how you do it guys: don't make me ask you to be accommodating, that makes us both look bad.   I ended up with 15 different patterns in my bag; photo-realistic astronauts, graphic """"Yowza!"""" text, pin-up girls, tiny birds in lime green, houses in a row that look hand drawn, brass knuckles embedded with rhinestones, cats and dogs dressed up as generals and sergeants and neon lace. I passed on the glittering rainbow unicorns: I think that fad is on its way out (finally and thank God).  I would reupholster everything in the world, including the hideous """"igloo"""" downtown and my laptop, if I could do it with bolts of stuff from here.",1,1,0.6013364,0,logreg_wrong_neural_right
test_24365,Really nice place but I don't believe they serve anything other then poutine after a certain hour. Sad because I'm not a big cheese fan but a must visit place !,1,0,0.67747474,1,logreg_right_neural_wrong
test_24367,"I'm not sure what all the hype is about. I ordered the poutine """"Elvis"""". It came with mushrooms, ground beef, green peppers and onions. The cheese curds were squeaky, a must for an authentic poutine. However, what let me down was the fries and gravy. The fries weren't crispy and the gravy didn't have a beefy taste to it. If you 'must' come here for the poutine, get the regular size. Portions are humongous!",0,1,0.5462336,0,logreg_right_neural_wrong
test_24373,"Meh, I've had many many many better poutines than this. This place is in the list of top restaurants on Yelp, but I guarantee that it's because a bunch of tourists have written about it. Locals don't come away from La Banquise going """"that was a great poutine"""" - it just doesn't happen.  This place has a wide selection of ingredients to make your poutine with, but really there's only three you NEED in a fantastic poutine: fries, cheese curds, and gravy. Everything else is a gimmick. If you really really feel the need to 'choose your own adventure' go to one of the Poutineville restaurants - I've had much better food and service at their restaurants than here.  On top of it all, there's often a big queue to get in to this place, and in case you didn't read the rest of my review; It's just not worth it.",0,1,0.6215136,0,logreg_right_neural_wrong
test_24453,Card reader at the pump doesn't work to well.  Plus they have only 4 pumps. Dont stop if you are in a rush to get gas because you need cash and time.,0,1,0.51139194,0,logreg_right_neural_wrong
test_24460,I love chipotle.  Their food is so fresh and tasty.   The only thing I dislike are the peppers ... They're always dry and taste metallic.  I just avoid them but the rest if their food is epic.,1,0,0.61054784,1,logreg_right_neural_wrong
test_24475,"I was excited about having a NY og with the red onions I love so much. I don't know why they (and other hot dog shops) cant use the standard bun instead the fancy ones that are just too much bread. Anyway, if you order, ask them to hold the mustard so you can apply it yourself. They flooded mine with mustard and killed any chanve of enjoying the onions.",0,1,0.5115772,0,logreg_right_neural_wrong
test_24528,"Best sushi with the best happy hour price.  I seriously get disappointed at least once during a sushi meal... not tonight,  not here.  Every roll and app not only came out lightening fast,  but tasted THE BEST!!!  And for the price... it was an amazing meal and we will be back.",1,0,0.50955075,1,logreg_right_neural_wrong
test_24614,"After living on DD coffee and donuts for a decade in New England, I was disappointed to find very few locations in the Burgh! However this one in Market Square is plenty good. It can get crowded in the mornings when there is a lot of office rush or maybe on the weekends but the staff get the people moving pretty quick.   Being decently sized, this location offers some seating space (however DD is not much of a sit down coffee joint). I stick with the regular coffee (hot) or the iced coffee. The Vanilla Chai has usually been good but lacks consistency in its making. As this is a chain, I am not going to get into details on the food items but don't forget your munchkins/donuts if you are from California. Also you can get your K-Cups from this place and use your DD app to pay for purchases. I do believe they have free wifi but never really used it.  Parking is a pain, being Market Square, but I will roll with the punches as I continue to """"run on DD.""""",1,1,0.5893661,0,logreg_wrong_neural_right
test_24628,"4 stars for the price, but overall great service and close to home....and you get a ribbon (girl) or bandana (boy) for your dog! They always do a good job with my dog (Shih tzu) and they pay enough attention that they told me once that my dog had an ear infection. Petsmart always disappointed me with the Way they treated my dog and the sloppy work they do.",1,0,0.6018779,1,logreg_right_neural_wrong
test_24641,"Now, a somewhat dinner review.  My out of town visitor said she wanted a place like Buffalo Wild Wings, but better. And she wanted beer. I said...ok. Culinary Dropout it is.  Last night, we were promptly seated, ordered our beverages, and then got the pretzels and cheese fondue. Absolutely amazing. As always. It was my day off from the gym, so I said...""""What the hell!""""  Instead of ordering entrees, we decided to order a place of prosciutto, sun dried tomatoes, and some manchego cheese, served with crostinis.  Everything was flavorful. The sun dried tomatoes were perfectly marinated, the manchego was at just the right temperature, and the prosciutto was finely sliced like a delicate piece of angel paper. What the hell is angel paper? I have no idea. I am just free-writing. Go with it.  Bottom line, you will never go wrong here. Appetizers, Entrees, Charcuterie....anything. This is your spot.   Service is a tad spotty in the evening, but I suppose that CAN be a good thing if you are in a good conversation.",1,0,0.50573206,1,logreg_right_neural_wrong
test_24666,"There are two Peruvian dishes I usually eat...and if they are not good, then you can assume the restraunt will follow.   Lomo Saltado and Ceviche de Pescado...the hallmark of any Peruvian restaurant to be judged by. Fortunately, this restraunt hits the mark on both plates, I feel a little guilty because I usually frequent the other Peruvian restraunt in Mesa...Rincon Peruano. Contigo Peru is only 6 minutes from my house while Rincon Peruano is about 20 minutes away...with both plates almost indistinguishable, I would have to say Contigo Peru has to slight edge over Rincon Peruano....besides, it's super close to my house!!  Is it comperalbe to what I ate in Peru? Very much so. I will be back for more at least every pay check !!! I will not tell my dad about this place since he has become a friend to the cook at Rincon Peruano, but my family will eat here instead.",1,1,0.85734326,0,logreg_wrong_neural_right
test_24720,"This bar is a place for everyone young and old. Its an older bar with that old bar smell. My dad drank here when he was young, Ive drank here with my dad and Ive been here with my husband also. I cant remember this bar never being here. lol The crowd tends to be more on the """"biker"""" side with a small mix of cowboys and flyboys thrown in (since Luke Air Force Base is right next door) but everyone is always welcome. Do not let the bikes parked out front scare you off. This place is full of nice people and the regulars that chill at the bar in the daytime.Theres alot going on out back of the bar but I never really ventured out there. If your looking for a fancy place just keep driving. If your looking to have a drink with some down to earth good people stop on in, you wont be disappointed. :)",1,0,0.5148484,1,logreg_right_neural_wrong
test_24783,"I think this place is really more of a 2.5, depending on your gown style preferences. But here's the general lowdown:  Staff- The women who work in this shop are very pleasant and helpful.  Store- The store itself is tiny and cramped. Not a good place for claustrophobic brides unless you have a brown paper bag handy.  Inventory - Many of the dresses are quite dated (if you're having an 80's throwback themed wedding, you'll definitely find a suitable dress here), but a few had some promise. Another engaged friend and I had been checking out the Maggie Sottero dresses and the sales clerk eagerly offered to order any dress from the stack of vendor catalogs she had piled on the cash wrap. She also seemed willing to work with pricing, so at least for any """"Maggie Brides"""" out there, if you see a Maggie Sottero gown somewhere else (and Adeline doesn't carry a sample of the one you fell in love with) it might be worth checking with them on pricing and order/ delivery time frames.  Prices - Most of the dresses fell between the $800 - $1800 price point.",0,1,0.7032838,0,logreg_right_neural_wrong
test_24846,"If you are looking for a gym that is more concerned about their reputation then your kid - well sign up!   I had a boy and a girl on their team.  My daughter's confidence was destroyed and it took almost 6 months to rebuild her self-esteem (new coaches have worked hard to turn her around).  My son got burnt out with the intensity of the mens coach (he's 10).  Luckily, both kids are in good spots now.  Don't go here.  There are many other gyms in the valley and yes, the facilities are beautiful but not worth the toll on your kids' psyche.",0,1,0.7426705,0,logreg_right_neural_wrong
test_24868,"Let's face it... everyone will keep shopping at VS no matter how bad the reviews are here.  It's not like you go there for the service.  That said, I go out of my way to visit this location when I'm shopping for my girlfriend.  The girls here are actually pretty pleasant, actually say """"hello"""" and welcome you rather than scattering as if to pretend to have things to do other than help you (read my Scottsdale review), and have provided good assistance in the past.  I like the layout of the store better here, too.  The vibe is just better and it's worth visiting this location,",1,0,0.6883368,1,logreg_right_neural_wrong
test_24888,Lovely place in the middle of nowhere.  Bottom floor is the bar and the second floor is a game area.  Appetizers were good and cold beer.,1,0,0.6592037,1,logreg_right_neural_wrong
test_24936,I was contacted by one of the management staff who extended an invitation to see how the store truly operates and to even talk shop if I had the time.   It's refreshing to hear of  management that actually cares about their reviews and is pro active in cultivating their customer base.  I may have to stop by again.,1,1,0.5988925,0,logreg_wrong_neural_right
test_24989,"You guys. I hate giving bad reviews, I really do. My mom always said that if I can't say something nice, I shouldn't say anything at all. But that's not really the point of Yelp, now is it?  Here's the sitch. I had a very small wedding in May, and I heard amazing things about White House, so I decided to go there for my personal flowers for the wedding party. This included bouquets for the ladies and boutonnieres for all the bros.   At my consultation with White House, I brought photos of the succulent bouquets I had in mind, and asked them to recreate the bouquets in the photo. I was VERY clear that they should use the same flowers--even going as far as to provide the name of the succulents I wanted--and the same color palette as featured in the photo. I asked several times if they felt they could do that, and I was assured that they definitely could. I left our meeting feeling completely confident that my expectations would be met.   Fast forward to my wedding day. White House dropped off my personal flowers, and for a moment, I thought there had been a mix-up. Surely they accidentally dropped off the wrong bouquet. The succulents were not the kind I had asked for (by specific plant name) and the colors were totally wrong. Instead of having a bouquet made of chicks and hens in soft minty greens and light lavenders, highlighted by soft peach roses, I received a horrific bouquet that looked like it would have fit right in at a clown's wedding. There was bright purple. There was a weird color green flower that did not complement the ugly bright purple. There were red roses. Let me repeat: red roses.   And, since they dropped off the flowers with the front desk of the hotel only five minutes before we were scheduled for photos, instead of dropping them off with me in my suite, I had no one to voice my concerns to. On my wedding day, I had to do the best I could to fix my bouquet, and that is something no bride should have to deal with.   Now, every time I look at photos from my wedding day, I am reminded of the TERRIBLE job White House did. I'm just glad I didn't have them handle my centerpieces. This place is a disaster.   Oh, it would be unfair if i didn't mention that they did a fine job on the boutonnieres. Those looked exactly like the boutonnieres in the photo I provided.",0,1,0.577196,0,logreg_right_neural_wrong
test_25032,"I found Kathy's from yelp.  I love to support local businesses and she was really friendly on the phone.  I only had a few pairs of jeans to tailor to the right length.   Kathy was great.....very friendly and chatty.  But, I got 6 pairs of jeans back......and every single one was too long or too short.  I spent $150 on tailoring and I ended up having to bring them to someone else.  I'm not sure how you screw up on jeans.....seems pretty basic.  If you're having anything major done, like wedding or prom related, I would not recommend Kathy.  ouch, sorry to say that...but to mess up on simple jeans is not a good sign for anything major.  I'm giving it 2 stars just because how nice Kathy was....but for business overall it's like a 1 star.  sorry",0,1,0.64674586,0,logreg_right_neural_wrong
test_25156,TruCom is great when they/it works.  We have them for internet service and when it goes out - if it's late Friday evening - don't count on it working again until Monday.  The only provider I know that lets their customers sit without internet service for days on end.  RIDICULOUS!!!,0,1,0.57680714,0,logreg_right_neural_wrong
test_25175,"I used Solis for both a mammogram and an ultrasound. The wait to be seen was not bad and they had great magazines in the waiting room. Once I was see the doctor was quite helpful. She really took the time to explain everything with me, including my options for treatment.  Hopefully I will not have to get another mammogram, but if I do,  this is where I would go.",1,0,0.71639097,1,logreg_right_neural_wrong
test_25198,Why do people hate Jack so much. It is a fast food restaurant so don't expect some sort of 5 star food or service. Any of their locations have been quick and accurate when I have went.,1,0,0.57197607,1,logreg_right_neural_wrong
test_25206,"A great cleaners who does everything onsite.  I think they are locally owned and are really nice people.  It's priced like all the others too.  No price gouging here!  We get tired of the pre-paid crap owned by some Arab, that is sent out somewhere and is only a store front.  This one is definitely not one of those.",1,1,0.6974625,0,logreg_wrong_neural_right
test_25217,"Sarah H and I came in for lunch today because we've been both wanting to try it for a while.  The restaurant was bustling when we arrived so we waited line and ordered our lunch.  I settled on the Elephant Curry Bowl, recommended by the cashier and Sarah ordered the Daily Burger which was a sweet potato burger today and a pomegranate lemonade.  We took our table market and found a place to sit and chatted while we waited for our food.    Her lemonade came out first.  It looked like the pomegranate was fresh squeezed.  I forget her exact words but something like it was interesting.  She drank most of it, but not all.  Also, the glass of lemonade was on the small side.  Not what I would expect for $3.  Our meals came out and my Elephant Bowl looked good.  Yellow curry with lots of fresh vegetables and brown rice and tofu.  Everything I like.  Maybe I should have just ended the meal there before the disappointment set in. For a curry it was terribly bland and strangely enough made my tongue numb.  I ended up bringing the majority of it home and spiced it up a bit so I could finish it.  I had a bite of Sarah's burger and it was pretty good.  It tasted predominately of sweet potatoes and lentils, but I enjoy both of those.  She had the root vegetable fry's on the side and those were good as well seasoned with rosemary.    I would like to try this place again.  I noticed that many of the reviews were not good for many's first visit but then improved with their second.  It might be good for Abu J with his vegan/supermodel diet.  I'm curious what he'll think of it.",0,1,0.5535437,0,logreg_right_neural_wrong
test_25240,Lasagna is good. Pizzas and salads are average.,1,0,0.8514971,1,logreg_right_neural_wrong
test_25252,"We left LA at 1:30pm didn't get there until 7pm. Terrible traffic on the 15, you think that leaving at 1pm one would avoid traffic. We came here to attend EDC (Electrical Daisy Carnival). Us guys shared the room it was $420 per night so it didn't come cheap.   Marquee pool party was the best everybody was chilled and fun. The only casual fast food available were Pizza, Chinese, and Mexican place. If you wanted wonton noodle soup you won't get it here. I think the Chinese place only offer four items, a few dim sum items.Clearly Cosmo doesn't want to highlight """"food court"""" area. We did run into a few celeb which was cool since I'm a bit a of a sports fan. We saw Cam Newton. Russell Westbrook walked into my elevator and I recited his average game stats. He was impressed. On the way back from EDC we ran into Gus Hanson and we waved hello to him. We met many cool people and laugh the entire time.  The only place open 24 hours was """"The Henry"""" we went both nights. I ordered braised short ribs with Hollandaise sauce. It came with a demiglace sauce... borlandaise sauce? It was overly reduced and too salty.    Hotel was loud so this is not for a quite couple, but if you're sassy and roll with deep pocket you'll have tons of fun.   """"How do you know when you're in Vegas? When you have red bull and vodka for breakfast""""",1,0,0.5071082,1,logreg_right_neural_wrong
test_25266,"HUGE COCKROACH IN BATHROOM OF OUR ROOM!!!!  Let me begin by saying how excited my husband and I were for this trip, and especially to stay at The Cosmopolitan - the newest, hottest hotel on the strip. We've stayed at 5 different other 5 star hotels so far in previous visits, but were sure this one looked even better. We've had this trip planned for over a year and met friends out there whom we hadn't seen for just as long. We arrived Thursday night, and were immediately blown away by the lobby. We looked at each other as we stood in line to to check-in, """"Oh yes, this has got to be the nicest hotel built in Vegas yet."""" Excitedly we went up to our room in the East tower. I found it cute when the woman who checked us in said, """"I put you guys in the East tower because it looks like you want to have fun."""" We rode up to the 22nd floor - headed to room 2288. The 1 bedroom suite was seemingly a dream suite for a 4 night stay in Vegas! Spacious with a jacuzzi overlooking our balcony, and a good sized kitchen area! I took pictures and proudly showed off where we were staying on facebook right away - with the caption """"By far the best rooms in Vegas to stay in - better than Encore even!"""" We quickly unpacked all of our things into the drawers of the bathroom, and hung all of our nice clothing. We had already grabbed drinks and snacks from Walgreens across the street, so our little mini fridge was set to go as well. We were settled in nicely, waiting for our friends to arrive from across the country. Now is where the tables turned fast about this place. I opened the door to the toilet (small room that is sectioned off from the bathroom), and had already started to crouch and sit my behind down when there it was - fast and bright copper, about the size of the width of a credit card, was a COCKROACH - right on top of the toilet, crawling on the spare roll that the hotel has wrapped in blue silk. I've never jumped and screamed so fast in my life out of that room, straight onto the couch where my hands met my face in immediate tears. My husband looked at me in horror asking what happened. I told him in panic as I checked my skin over and over for creepy crawlers. He went and checked, (admitted to not believing me when I first said it to him), and came out smiling , """"Wow you're right. And he's a big boy too."""" The first thing he did was get a good picture of it too. I screamed at him in more tears, """"It's not funny!! Grab all of our stuff right now! We need to leave!""""He told me to calm down and call the front desk. I did just that, and a woman answered. I hurriedly told her what we just found in our room, and her immediate calm response was, """"Oh alright, would you like me to put in an order to maintenance, to have someone come up there and get it for you?"""" !!!!! """"Excuse me?!! Get a maintenance guy is your response to this?! YES! & while we pack all of our stuff up, we cannot stay here! What can you do about this ma'am? I am horrified!"""" in more tears. """"I'm sorry but we're fully booked, it's a holiday weekend."""" I immediately demanded a manager, knowing I'm bound to get some sort of immediate solution and/or relief from whoever was to pick up the phone next. As a business owner myself, and manager, I would be furious with an employee who took such a coy approach to the disaster unfolding. Jeff, the night manager gets on the phone. I quickly get him up to speed, although I soon realize he was already prepared with what he said next. It was at least 3 minutes before I was put through to him, which felt like an eternity as I'm standing there, scratching my legs, arms and my eyes are scanning every inch of the room. He immediately takes the """"friend"""" approach with me and asks if it's ok to call me by my first name. """"Rochelle, what would you like us to do about it? Don't worry, she already put in the order for it to be removed from your room. I don't know how long it will be though, we are very busy. I realize this is an unpleasant thing to find in your room, but I really can't move you anywhere else. We're booked solid, I'm sorry."""" In horror, and almost a squeal I said """"JEFF, maybe you didn't hear me correctly, but I FOUND A MASSIVE COCKROACH in my room that I paid a lot of money for!! This is a 5 star hotel that I booked based off of great reviews and reputation. This is not OK, and whether there is an infestation of roaches on this floor or just one, its enough to make my skin crawl and feel absolutely filthy and paranoid obviously. I cannot stay here, especially not in this room or floor for that matter. Put yourself in my shoes! """" Manager Jeff continues, """"I understand they're not a fun bug to look at, but I can assure you the whole time I've worked here no ones found one. They're like the moths that fly in guests' rooms sometimes, sometimes they're there. Nothing you can do but get used to the idea that you might find one from time to time. Hey Rochelle, I'm from Florida - they are everywhere there and it's the norm. He Chuckled.",0,1,0.90598625,0,logreg_right_neural_wrong
test_25352,"By far the slowest Starbucks ever. The drive through is unbelievable! Nice people just amazingly slow. The one on Maryland and Silverado Ranch is quick and although it doesn't have a drive through and  is out of my way to work, it's faster to go in there than wait here!",0,1,0.5595091,0,logreg_right_neural_wrong
test_25422,"I like Sam's alot it's convenient and the biggest reason , it's not as crowded as the other big box club store that I also belong too.  Gas priceses are usually cheaper then gas stations and again no long lines, yeah I'm more then a little impatient so Sam's keeps the the blood pressure lower for me.               Pricing and quality may not be as good as the """"other"""" big box store but for me the less crowded aisles shorter lines makes up for the few dollars I might otherwise save.",1,1,0.55416876,0,logreg_wrong_neural_right
test_25450,"Exotic Racing is pretty amazing. Ferrari's, Lambo's. The Porsche's seem almost ordinary. Corvettes far to common to make the cut. This isn't a rich friend letting you drive their car a few blocks down the street. This is  full bore racing!! It's only against the clock but where else are you going to get the opportunity to go all out in a Ferrari 458!",1,1,0.68257326,0,logreg_wrong_neural_right
test_25462,I love coming in to place where I walk in they know why I want. Every now and then. The staff has a bad day and it shows. They get everyone in and out with no problems. It's located less than 1 mile off of 215 and just down the street from the hospital. They do have specials you have to watch.,1,0,0.66111505,1,logreg_right_neural_wrong
test_25497,"Remedy's is one of those neighborhood bars with gambling that Vegas has so many of. Let's do this review in a pros & cons style based on 2 years of giving them our business.   Pros:  Easy interstate access off I-515 or as some call it the 95.  Ample parking.  Nice building on the outside.  Dark but nice on the inside.  Plenty of HDTV's around the bar and strategically placed so you can watch pretty much anything that's on at the time.  Separate, glassed off non-smoking area if you want to eat without the smoke.  Drinks: strong pours by knowledgeable bartenders who know their stuff.  Food: from fish & chips to nachos they have a pretty nice range of offerings with something for almost everyone. And their sliders have been real kid pleasers around here.  THEY OFFER TAKEOUT WITHOUT ATTITUDE. Just walk in, go to the back of the bar and find a bartender and you'll have nicely wrapped bags of food in no time.  Oh and if they say 15 minutes, they mean 15. I like their consistency.   Cons:  Service can sometimes be slow. Sometimes...but it's rare.  Food: I've had the occasional problem like soggy sweet potato fries, or cold onion rings, and I've had maybe 2 orders out of 50+ that had issues where I sent it back or complained. Again, 2 out of 50+.  I did find a strand of hair on my sweet potato fries once.  On a bright day adjusting to how dark the place is can be a little rough. But it's a bar, so I really shouldn't say anything about it but I did anyway.   Again, I'm looking back over 2 years plus now as I write this and my family keeps asking for their food, and we keep going back.   4 Stars. YMMV but for us Remedy's will be staying on our fail-safe food options list.",1,0,0.5720843,1,logreg_right_neural_wrong
test_25501,"I wish that I could have taken credit for finding this place on my own accord... But thats all due to my Philly gangster of a real estate agent... """"I's gotta place you's gotta go to's""""  Floor and Decor is nothing less than incredible. We have a fourplex with 4600sq ft and 100% of our flooring has come from here. All of the shower tile and backsplashes have come from here. The staff isn't perfect, but there is a few shining stars. The prices are astounding and the selection is large. All of our slate, ceramic, porcelain, stainless, glass mosaics, bamboo, engineered hardwood, grout has come from here. After many thousands of dollars spent here, I will recommend them highly.   Take it from (now a renovation veteran), after remodeling the first condo, you learn whats necessary and whats frivolity... Now on the 3rd place, the learning curve is acute. Use tile instead of mosaics. Carpet is gross. Tile and hardwood. And granite. Go here.",1,1,0.65202296,0,logreg_wrong_neural_right
test_25506,"I have a soft spot for """"quirky"""", and this place fills my need for quirk.  I've been twice, and both parties commented how much fun it was to play mini golf in this neon-themed jungle wonderland.  Seriously, it's like """"Animal Tron"""", minus the light cycles.  There are some weird animal designs on those walls.  Pretty surreal, actually.  The staff has always been nice to me there, always inquiring how the game went, and were easy to talk to.  Prices run less than $10, so it's a cheap trip, and the place is larger than it looks.  18 holes of various loops, spinning starfish, alligators, traps, and that hill hole....  The bane of my existence.    It's bad enough to likely max out your swing limit on this hole.  It's even worse to do this next to a goofy whale with its tongue sticking out, and dolphins wearing snorkels to complete the moment of shame.  Hill hole, I curse your very soul.    My friends and I went in for some serious competition.  Another friend won a free game.  They do student discounts, so bring your ID.  There are also vending machine snacks.  Sure, there's murals of monkeys that make no sense, and creepy gorillas that give you the """"stink eye"""" look.  There are banking shots that will wear at your overall score and sanity because it puts your ball back at the place where you originally started, and a neon orange kingly lion that you can sit next to.  You'll wonder why the women's bathroom is in the middle of the ocean (you'll get the reference when you see it), and marvel at the octopus.  It's pretty ridiculous when you sit down and think about it, but by God, it works for me.  Frickin' hill hole....",1,1,0.68025726,0,logreg_wrong_neural_right
test_25618,I'm a big fan of this place it's too bad the one on Sahara closed down. This time around I had the BLT on sour dough with avocado. It was delicious!  It made me sorry for trading half of my sandwich for my husband's half of Tuna. I wasn't a big fan of the Tuna Sandwich it was a little too fishy and sweet for my taste. We both had the potato salad which had  big chunks of potatoes and just the right amount of mayonnaise.   If you don't have a big appetite they have $5.00 deals on half of a sandwhich and a side. They also have fresh cookies and brownies here if you are craving something sweet!,1,0,0.57702637,1,logreg_right_neural_wrong
test_25634,I drove from California to come to this place an I was not disappointed!  Great service an great prices! I was sure I spent Hella money but the price was way under what I thought! Check this place out nail tech or not you will love it!!,1,0,0.7459692,1,logreg_right_neural_wrong
test_25684,Just go to Zia and get it over with.,0,1,0.6075389,0,logreg_right_neural_wrong
test_25823,"I'm not a big fan of pick your ingredients type places.  I'm a crappy cook.  Whatever I come up with will almost certainly be sub-par.  I go out to eat so that professionals can do that part (and the cooking) for me.  I had the Asiago Blue Mac and didn't care for it.  The fact that the menu only has a few pre-defined dishes would have made me believe they should be better thought out.  For a meal that cost over $10 I'm usually much happier.  I love Mac & Cheese at most places so I was all the more disappointed.  Despite my first experience, I'll likely go back for one more try.",0,1,0.5596395,0,logreg_right_neural_wrong
test_25832,"Don't judge me.  I must confess, I thought the cupcake rage was a fad that would fade quickly.  No, strike that; I WANTED the fad the fade quickly.  Most places I tried seemed too focused on making their frosting taste good and not enough on making the cupcake moist and tasty to stand in its own.  In fact, some places had more frosting than cupcake (*cough*Tammie Coe*cough*)!  Bring it back over a year ago and I walked into Caked to try their wares.  Frankly, I was not impressed.  It was ok, but Duncan Heins made better.    Flash forward to last week.  Coming out of Sushi Mon I was hungry for desert (AYCE just isn't the same anymore when it's not AYCE desert...but that's a discussion for another review).  Anyway, we strolled on over to Caked and I was only going to grab one cupcake (I need to watch my figure).  But the smell of sweet treats called to me and my eyes started to get bigger as I looked longingly into the display case.  EYES = O.O     stomach = o  Each was $2.75:     Red Velvet (x2) - probably my least favorite.  The frosting was light and tasty, but the cupcake left me wanting a bit more flavor.  Not sure whether the frosting just outshone the cupcake or if the cupcake didn't have much flavor.  I'll be back to try again.  :)       Carrot cake (x2) - Definitely my family's (and mine) favorite.  REALLY moist and tasty cake.  The frosting was just right: not too heavy and thick like most actual cakes have.       DQ (x2) - Basically a chocolate cupcake with vanilla frosting, which is dipped in a chocolate shell like Dairy Queen (hence the name, duh).  Wasn't sure about this one because it seemed so plain, but it had sprinkles to please the kids so we got it.  This ended up being really flavorful.  The cupcake was really moist and chocolatey, but not so rich that you needed to wash every bite down with milk.  The frosting was a bit hard and too sweet for my tastebuds, but the fam didn't seem to mind at all.     Vanilla - hey, don't judge...it was a request by my daughter.  As usual, I didn't get a bite.  My girl ate it all up (frosting first, of course).     Mocha (x2) - my pick at the shop and one I will have to be back for.  Had a light, but distinct mocha flavor (duh, right?).  I could honestly do without the frosting because the cupcake could hold it's own.    After pigging out at Sushi Mon and stuffing our faces with cupcakes, we had one leftover DQ that sat in the fridge for 2 days.  Not sure if my wife was hiding it from me...  Anyway, upon discovery by me, I promptly ran to a dark corner of the house and ate it.  To my surprise, it was no less tasty or moist than on that first day.  If that's not a testament, I don't know what is.  I ordered 9, but if I had known the would keep well, I would have gotten a dozen.    I'm really glad I gave this shop another shot - my original judgement was premature.  Not only did it change my mind about the place, it changed my opinion of cupcakes, in general.",1,0,0.5545392,1,logreg_right_neural_wrong
test_25907,"Come here expecting a mixed crowd and nights where you can barely find standing room or others where you and friends are one of the only people in the place. Overall, its a great place to catch up with friends or start your long night.",1,0,0.5789288,1,logreg_right_neural_wrong
test_25915,"Burgers are good, expensive, but what can you do.  Recently they have started charging for normally free stuff.  I like to order sliced peppers on the side.  They now want $2.50 for a few slices of canned peppers.  Thats 25% of the cost of the burger.  Who ever decided that was a good idea is just trying to squeeze as much money as they can out of their customers.  Thats just mean spirited.  There are a ton of great burger joints around.   Go to one where they appreciate the business.  Just out of principal I cannot go back again.",0,0,0.55545866,1,logreg_wrong_neural_right
test_25957,"Went to Saddle Ranch with friends for the first time a month or so ago... That visit was fun. Server was pleasant, we got our food & drinks quickly, everything was great for the price. Something huge must have happened between then and yesterday. Place was a wasteland, but we had to wait for a table. Took forever to get our first round of drinks because the """"bar was backed up"""" with the dozen other people in the building (they did apologize for that, and comped our next round, that was nice). Food was cooked wrong, the menu included items they don't even have, and we kinda wanted another round when the server brought our bill out. Then the bill was all jumbled up. My food was on one tab, my drinks on another. Plastic drinking cups were cracked and dirty. The girls want to give it another try, but I'm pretty sure I'm done with Saddle Ranch.",0,0,0.66678345,1,logreg_wrong_neural_right
test_25969,"Great place to go. Good drinks, good food (for a pub) and great bands coming to play there. Amazing place to watch Hockey. Some of the staff are weird sometimes (uninterested/lazy attitude and slow speed) but they are ok most of the time.",1,0,0.5844835,1,logreg_right_neural_wrong
test_25982,"Every Jimmy John's will get you generally the same quality food, but at this location, these guys are FAST!  It's like they psychically read what you're thinking.  We always joke that your order goes like this:  Me: """"I would like a.. """" Employee: """"HereYouGo"""" (Sandwich handed to you before you finish your sentence)",1,1,0.50152504,0,logreg_wrong_neural_right
test_26026,"Three hours after writing the last review, the owner of Popmo pizzeria e-mail me. He asked my wife and  I to give his restaurant another chance. He wanted the name of the waiter and said it shouldn't matter if you come in for a dessert or with a ten top the service was inexcusable.  Also he said that he would pick up our tab.  Not wanting a free meal  just good pizza and a stab at good service, we discretely went back twice.  Both times the pizza was 5 stars and the service was 4 stars. Also the original server wasn't there.  It is good to see an owner who actually cares.  I'm am still bent about our first  experience but the zza has won us over.",1,0,0.82858896,1,logreg_right_neural_wrong
test_26053,"Thought I would enjoy it quite a bit better than I did.  BARSTAFF-Right off the bat we sat at the bar, in the food for some conversation, that usually comes from the bartenders at any place, however after having two menus thrown down with out anything being said, it started off very unwelcoming. Without the help of , what seemed to be the manager, the bartender girl never said one word to us except"""" see ya"""" as we got up.( the manager did everthing from take orders and make drinks, but seemed annoyed like she didnt want to be helping the obviously slow bartender)  Chow & Grub- Truffle parm fries were tastly,but take off the top ten fries and it looked like the bottom of the barrel , just crumbs and bits.My guy ordered the Samburger which he devoured,(literally, breathe baby!!) so thumbs up there! I oredered the Roasted chicken salad , that comes with pomagranate seeds and goat cheese. It was delish! I would high highly recommend this.  The Look- standard clean fresh peppy, Fox place, nothing stand out. Clean and fresh. Good looking staff. :)  Break it down Jess- Given the greatness of my salad I want to give this more stars but the bad service and attitude was just too awful. It seems like a fun and fresh( yes I have said that) place and didnt pull its weight with such bad staff. The salad could be gotten elsewhere.",0,1,0.53854305,0,logreg_right_neural_wrong
test_26080,"It's a Friday, at midnight. The Vig Uptown has 4 stars on Yelp.....HOW COME THERE'S NO ONE HERE??? Where is everyone? Why is it so quiet? I was very confused- it looks like a place where there should be a ton of people. But no, empty. Sad.",0,0,0.6813542,1,logreg_wrong_neural_right
test_26083,We love the Vig. Been their many times. We ordered take out this evening. Pad Thai. My friend was enjoying his meal and bit into a piece of wire that was in his pad Thai. Luckily he didn't cut or slice his mouth or swallow it but it was shocking this was in his food. I was not happy. Never had that happen before.,0,1,0.54095507,0,logreg_right_neural_wrong
test_26138,The gym itself is nice The staff are nice and helpful but look out for the finance company Jonas Fitness. They are absolutely awlful to deal with. I would give Golds a 4 if they did not work with Jonas Fitness. They have been caught in lies about payments and are quick to charge overdraft fees that are a nightmare to straighten out. This company cheapens the brand name golds gym world wide. The nicest thing I can say about Jonas Fitness is they are repulsive and have no idea of what character and integrity means. If there are any words stronger. Consider them said.,0,1,0.58053315,0,logreg_right_neural_wrong
test_26173,anything but ramen...,0,0,0.79810965,1,logreg_wrong_neural_right
test_26175,"after reading all the good reviews on yelp, we thought we would give it a try.  i have to admit, i was very underwhelmed. we got the 4 cheese penne, which just looked like they have taken cream and poured it over pasta and then topped with a few sprinkles of parm cheese.  it had almost no flavor.  the portion is also much smaller than i would have expected for $12.50. we also got the baked rigatony with chicken, and it had a very odd flavor.  i couldn't put my finger on what it was, but i really didn't enjoy it at all. probably the best part of the dinner was the bread, which had a nice garlic topping.  it was nice and soft and fluffy. i'm glad we tried it, but i we won't be going back.",0,1,0.5987876,0,logreg_right_neural_wrong
test_26216,"Bally's was my home away from home when I spent five days in Sin City. Though it is one of the older hotels on the strip, I didn't mind cause our room was in the newer north tower. Upon checking in, we pulled some strings (think $) and got upgraded to a suite on the Diamond floor, which is for their Diamond members. I'm not quite sure why they call it a suite because it is just a bigger room. I didn't complain because there was plenty of room for the four of us. They even gave us extra room keys and rolled in a fridge for us. Not bad for $185.  I don't recommend gambling at this casino. My luck was terrible at Bally's; take the short walk over to Paris instead. Newer machines and nicer dealers.   Last but not least, don't forget to check out the Tequila Bar downstairs!! You won't be disappointed, especially after a long night. Trust me :)",1,0,0.8110026,1,logreg_right_neural_wrong
test_26217,"This place looks like it needs to be updated to be comparable to other standards hotels have now. However, they play host to The Price Is Right Live and that is a plus. The area the theater in is not the best place for a long line for future contestants to wrap around, and I feel they should adapt to that or figure a way to rope things around.",1,1,0.8302264,0,logreg_wrong_neural_right
test_26235,"When I ask, """"What kind of milks do you have?"""" and the barista responds, """"WHAT DO YOU MEAN."""" I immediately think a) they only have one kind of milk and b) the barista hates me/milk/life.  However, when I replied, """"Like non-dairy milk options..."""" and she went, """"Yeah! We have 1%, whole, skim, rice, almond, soy..."""" I was temporarily perplexed, but mostly just relieved. Not only was she totally friendly, but proceeded to chat up my friend and I, sharing funny anecdotes and sarcastically grand thoughts on the restaurant business. I would even go so far as to say she was downright awesome in those five minutes.  I ordered an iced almond milk latte, which was also downright awesome, and the espresso was sweet and nutty (maybe a little bit like the barista)? Either way, I'll be back for more of both. And next time, I'll just ask for the almond milk.",1,0,0.6779713,1,logreg_right_neural_wrong
test_26259,The food is ehh but I eat it when I waiting for my parents semi good food better than the caf. Food in my skyline college cafeteria good semi good quality.,0,0,0.7095779,1,logreg_wrong_neural_right
test_26263,"I went to Bistro la Bon last night with a group of 5 for a birthday dinner.  It was cold and rainy out so there were not many people in the restaurant at all.  The decor was beautiful but there was no music playing, the only thing I could hear was the air conditioner.  Our server never told us his name and he was rather odd and soft spoken making it difficult to understand him when he told us about the specials.  I started with the goat cheese peppadew dish and it was delicious.  Others in my group ordered the lavender chicken and pork belly dishes which everyone raved about.  I had one of the specials, the rack of lamb with finger potatoes, squash and kale.  Every dish we had was very good including the desserts.  We all shared the flourless chocolate cake, carrot cake and creme brulle.  The food was great here but the experience still left something to be desired, eating somewhere that was silent as the grave was awkward.",1,0,0.66649604,1,logreg_right_neural_wrong
test_26303,"I had a below average experience during my first time at The Duce. First off, 2 of the menu items I asked for they were either out of or they no longer serve.  The salad I ordered for 7 dollars was as basic as a 3 dollar add on at a comparable restaurant.  The challa bread brisket is a great idea and tastes pretty good.  The alcoholic beverages are unique and taste great. I will also mention that the items in the vintage store are over priced.  The clerks there are not very friendly, in fact, they kept starring at my group of 4 as though we were going to steal something (which was very far from the truth). I may not go back, but I recommend that others check it out purely for the unique venue and good drinks.",0,1,0.5886816,0,logreg_right_neural_wrong
test_26327,"In order to save some funds we got the wristband which allows you to eat to your hearts content as much as your stomach can hold within 24 hours at the participating buffets. Our group stuffed in three buffets and could have done a fourth but we were away from the Strip on the first evening and no one wanted to drive back, so we waited until our first am to sign up. I fully recommend staying at one of the properties that offers the buffet as it will be difficult to get up and make it on time to breakfast or before your time runs out, as my friends found out last time they were in Vegas. You most definitely need to watch out for additional charges with the premium buffets as we found out unfortunately with Bacchanal. However used to it's fullest this little wristband can save you quite a bit of change which you can piss down a hole on the casino floor. Don't forget to sign up for the member rewards card as it can knock off $10, or so we were told, from your total bill.",1,0,0.5485612,1,logreg_right_neural_wrong
test_26329,"If you're in LV, and you feel like a fat ass, and you want to save some cash, and you don't mind buffets, and you have no dining plans, then the buffet of buffets is for you. The price went up to $49.99 so now you really have to pig out (it used to be $45) and it includes 24 hours of:  Caesars Palace: Lago Buffet Harrah's: Flavors Buffet Imperial Palace: Emperor's Buffet Paris Las Vegas: Le Village Buffet Planet Hollywood: Spice Market Buffet Flamingo: Paradise Garden Buffet Rio: Carnival World Buffet Rio: Village Seafood Buffet - available for $15 more per person  The trick is to squeeze in as many meals as possible. Note: Waiting time during weekends and peak dining periods are HELL. ANDDDD it's apparently more expensive.   Try this combo: Dinner, Breakfast, Lunch, Dinner.  Or, if you're a night owl, try: 11am Brunch, Early Dinner (linner), Late Dinner, Breakfast (you just need to get in before the pass expires).  If you squeeze in 2-3 meals, you get your money back unless you add all the surcharge for Rio's Village Seafood buffet or Bachannal.",1,0,0.57985544,1,logreg_right_neural_wrong
test_26331,"Okay, so I use to live on a reservation in Washington state. The tribe could smoke a mean salmon, but the local frybread joint left me not a big fan. However, thanks to Groupon and other Yelp reviewers, I got a taste for some. I'm glad I did because this place changed my overall opinion.   Pros: For being frybread, it was not greasy at all. There is a variety of choices from vegetarian to desserts. Here is what members of our group had - BBQ beef and cheese frybread, two red chile frybread tacos, a side salad, and sweet frybread with honey and powdered sugar. YUM!  Cons: The new location is in a rundown area and located next to a liquor store. Plastic utensils just don't cut it here. I ended up tearing my food apart.  Also, nobody acknowledged us when we came in and sat down. We weren't sure if someone would take our order or if we had to go to the counter because we hadn't been there before.    As long as you go in not expecting anything fancy and over the top, you won't be disappointed. It's a family owned restaurant with faithful customers (we were greeted by one when we accidentally went to their old location). All four of us left full and satisfied with our meals.",1,0,0.97129834,1,logreg_right_neural_wrong
test_26377,"Was so in the mood for BBQ after a round of golf yesterday! We stopped in for take-out, and I have to tell you I was very excited. I love BBQ and rarely get to indulge since my wife isn't a big fan. Unfortunately, I was pretty disappointed. The restaurant itself is exactly what you'd expect for great BBQ -- picnic tables, lots of paper towels, cool bar off to the side. I really liked the atmosphere. As we waited for our order, I daydreamed about eating lots of messy BBQ with the guys after my next round of golf. The experience from there was less than positive. Even though I was just there ordering take-out, the two guys at the register weren't very helpful and the wait was pretty long for take-out. The real disappointment came when I saw how little food we got for $90. The BBQ was ok, but it's definitely over-priced for what you get. If you go, I'd recommend the wings and the Tri Tip sandwich, but steer clear of the combo plates. If you have kids, have them split a meal and stay away from the kid meals. Only four puny over-cooked and over-breaded chicken nuggets that my kids didn't like -- and they love all chicken nuggets. If you love BBQ and are a big eater, bring extra money and order big.",0,1,0.600269,0,logreg_right_neural_wrong
test_26391,"Not my thing.  I'm not a fan of Asian fusion stuff, why I keep trying it I don't know.    We started with the pickles.  These are not American pickles, but Asian pickles.  There was garlic, turnip, radish, cucumber, eggplant....I think I am forgetting a couple.  They all were pickled with different seasonings, so each one was different.  However, I didn't like any of them (to be honest, I hated them) although I tried each one.  Instant stomachache.  I ordered the no meat here veggie burger.  It is a veggie patty with fried tofu and fried eggplant, along with the usual fixins.  I tried to take a bite and burned my mouth.  Let it sit awhile (not long enough, apparently), and burned my mouth again.  Cut it in half, and let it sit awhile (steam pouring out, at this point my old man was just about finished with his burger).  Try number three - burned my mouth!  What the heck!  I'm still not sure if it was the fried eggplant or the fried tofu that was so freaking hot, but something on that burger came straight out of the fryer and onto the bun.  Way too hot to serve!  Bachi Burger is lucky I am not the litigious sort.  When I finally got to eat the burger, it was good.  I especially liked the bun, and the veggie patty part was really good and housemade.  I think it would be just as good without the fried tofu and eggplant, so if you're counting cals I'd order it without.  Price on the veggie burger could come down a notch.  Service was adequate.  They were really busy at 7:30 on a Friday night.",0,0,0.5353149,1,logreg_wrong_neural_right
test_26417,"My boyfriend and I entered bachi burger with the thought of exotic flavors and delicious high-quality beef. Though the beef may have been exceptional, we both were disappointed with how overpowering the flavors were of everything else other than the beef. Cooked perfectly at medium, we would have liked the burger to not be completely overshadowed by what was an addition to it.   He got the Miyagi-San burger which tasted more like sushi than it did hamburger (and I took a bite of it!) I got the Ronin burger where I thought the Katsu BBQ sauce was way too sweet and made it hard to keep eating.  Call me """"old-fashioned"""" or """"all-American"""" but I'll take a Great Burger where I taste the beef before these two options any day,   For $40 + dollars, we had two burgers, two sides of fries, a beer and a green tea. I hoped to actually enjoy my meal rather than us question to one another whether the burgers were worth even worth eating.   We found more enjoyment giggling over the green sunglasses with no lenses, neon orange shirt wearing hipster next to us than our food. I was so excited about this place. But it just wasn't good, in our opinion.  Wait... the fries were good! Two stars.",0,1,0.63718456,0,logreg_right_neural_wrong
test_26422,Our party ranged in age from 11 to 57 and we were all satisfied.  We stuck to the burgers.  My cocktail was weak tho.,1,0,0.5587534,1,logreg_right_neural_wrong
test_26444,"Came here the other night with some friends. We chose to have dinner here because they used to have the morimoto soba ale. To our surprise, they no longer have this beer... Even bottled :( such a shame but oh well! I still enjoy going here because of the late hours, cool vibe, great food and decent prices.",1,0,0.50244725,1,logreg_right_neural_wrong
test_26452,"G&V is the rebranded Missoni Hotel. From what I can see nothing but the name has changed. The staff are still in their kilts and it is still as fluorescent as it ever was.  Nice to have table service, complimentary popcorn at your table and they also have prosecco on tap.  Nice for a catchup with the girls.",1,0,0.5675216,1,logreg_right_neural_wrong
test_26462,"I'd been hearing about DNA since it opened, and was excited when I finally had an opportunity to experience it for myself.  The ambiance is very original - the lounge area is decked out in orange, and the dining area is a split-level, very open air room. Lots of glass, and the designer light fixtures are out of this world.  The menu is focused and divided into three courses - an appetizer, and pasta dish, and a main. There were three of us, so we were able to sample a number of dishes. Although nothing was bad, absolutely nothing impressed us. And for the prices, we expected to be at least somewhat impressed.  Same went for the service - one of our orders was mistaken, and I felt as though we were consistently chasing a waitress.  It's too bad because DNAs use of fresh, local ingredients, and their initiative to use the entire animal is awesome, I only wish it had been better executed.",0,1,0.53358185,0,logreg_right_neural_wrong
test_26588,"Our friends are regulars at Forte and we joined them for dinner. On previous visits they have always had a wonderful experience. Also the Yelp reviews are positive and the visit by Diners Drive Ins and Dives was excellent. Our visit was on Saturday July 20th. The place was nearly full and included a large group celebrating a birthday. The dining room has an Old World comfortable feeling and the wait staff is friendly and helpful. Service was excellent up to the up to the point of placing our dinner order.  Items ordered were Chicken Salad, Stuffed Grape Leaves, Hungarian Goulash and Thracian Clay Pot. While waiting, a glance around the room reveled that very few tables were receiving their food. Our server apologized for the wait and told us that our dinners would be out shortly and the entire meal with cocktails would be complementary.  We waited one hour for our food.  The Stuffed Grape Leaves were appetizers however we received something else and it was returned and replaced with the correct item. Several other items were not up to our satisfaction. The Hungarian Goulash was over salted and the dish was refused. The Thracian Clay Pot was heavy on the cheese and light on sausage. It did not look like the one made on the Diners Drive Ins and Dives show. There must have been something seriously wrong in the kitchen on the night of our visit. I hope this was an isolated situation that the owners of this authentic European restaurant can correct.  We would like the mom & pop places to survive.",0,1,0.69458896,0,logreg_right_neural_wrong
test_26621,"People omnivores, those whom devour meat and veggies, but sometimes my carnivorous side takes over and to make up for it.. cheapo salad fix at Sweet Tomatoes. Veggies make regular bowel movements happen.  Went online and found a coupon, it was a special of $6.99 for up to four people during lunch. Four people and two drinks for 32 something, not bad.  What I like:  - Get your salad first then pay.   - Pretty decent variety of vegetables, dressings, and toppings, nothing """"premium"""", but it was only 6.99 ($8.50 normally).  - A variety of soup selection, different strokes for different folks yo.  - Friendly staff. The cashier told me to go have a seat and he'll bring me my receipt. Never brought me my receipt, so when I questioned it, he gave me a meal voucher. Problem solved with no headache!  - Patio dining! I have not seen this at the other locations that I have been to. I didn't take advantage of it today because it was hot, but when the weather cools down, it would be pretty cool to watch traffic pass by while munching on my croutons.  - WARM brownies and frozen yogurt were available. Great for ghetto pizookies.    What I didn't like:   - It took a bit for the plates to clear.  -  Drinks are a bit pricey ($2.50?), at least its all you can drink.  - Dessert selection was pretty weak.    """"See you next thyme!""""",1,0,0.5622059,1,logreg_right_neural_wrong
test_26675,"Price for the quality.of food is excellent. I wasn't sure what to expect when I walked in. The floors were dingy and most of the tables still had food on them.   The menu is packed full of interesting combos or you can build your own sandwich. I chose the beast. A hot roast beef sandwich with roasted red peppers, horseradish mayo and all the usual lettuce tomato fixins. It was a stellar sandwich. My son got a build your own and it came out with lots of meat and veggies piled high. No skimping here.   I took off one star because the bathrooms and floors aren't clean. They really need to be redone. I always wonder about the cleanliness of the kitchen when I see dirty dinghy bathrooms.",1,0,0.70358497,1,logreg_right_neural_wrong
test_26685,"Yep, it appears closed for good.",0,1,0.61914027,0,logreg_right_neural_wrong
test_26687,"First of all the place is just beautiful, views are amazing. I recommend having a drink on the balcony and going else where for dinner. First of all the service is slowwwwwwww. Once the beautifully looking food arrived we starting eating. Three of us ordered steak, one ordered med, came out med rare, two ordered med rare, both came out med to med well. Halibut also came out over cooked. I would have loved to share this with the waitress, but after the food was dropped off she never came once to check on us. Will definitely not be back.",0,1,0.85048497,0,logreg_right_neural_wrong
test_26702,"J'ai visit\u00e9 Juliette & Chocolat  en soir\u00e9e. C'est tr\u00e8s dispendieux pour la portion re\u00e7u.  Je crois que cet endroit est un """"tourist trap"""" le restaurant \u00e9tait bond\u00e9 de monde, donc tr\u00e8s bruyant en plus de la musique qui y joue.   J ai command\u00e9 une gaufre et d\u00e8s que le plat est arriv\u00e9, je l'ai refus\u00e9 car elle \u00e9tait trop petite, la grandeur d'un Joe Louis.  La g\u00e9rante est venu me voir pour m'expliquer qu'il recevait les gaufres dans ce format, il allait corriger la situation sous peu et qu'elle \u00e9tait au courant des r\u00e9actions de plusieurs clients. Donc pour ce prix ils se servent des aliments fabriqu\u00e9s ailleurs est livr\u00e9 pr\u00e9parer ailleurs et pr\u00eat pour la cuisson.   Je r\u00e9sume aussi la client\u00e8le comme \u00e9tant des jeunes filles qui commencent \u00e0 sortir en ville seules et qui retrouvent l'extase dans ce restaurant.   Le restaurant est quand m\u00eame le seul endroit pour sortir en famille sur Saint-Laurent durant la soir\u00e9e   En somme il devrait revoir les prix et les menus.",0,1,0.52196634,0,logreg_right_neural_wrong
test_26706,PPSS is back with a shiny new shack! Same flavorful snowcones! Same friendly & efficient service! ..and now they have 2 snowcone machines going plus additional staff.  So dont let the long lines fool ya...average wait time for us (from 50 people deep) is about 17 minutes.,1,0,0.6989327,1,logreg_right_neural_wrong
test_26772,"After searching the many furniture stores in this area I came into Ashley feeling defeated. Looking for a pretty large sectional, without a large budget, was starting to feel like an impossible mission.   I walked in and was immediately greeted by Carl. Like I said, I had already spent the better part of my day looking at furniture and at this point I just wanted to be done with it. I told him what I was looking for and he directed me to those which met my criteria.   I ended up picking the first one I saw and got it for a great price (even got them to discount it lower than the sticker price!). Checkout process was easy even though their computer system was down.   One piece of the sectional wasn't in stock so delivery was delayed by about a week but for the price I was  willing to wait!   Finally, my sectional was delivered. I love the piece itself, though the delivery people were just so-so. Not great (didn't even hook the pieces of my sectional together) and not bad, just so-so.   Next time I am looking for furniture (which I hope isn't for a LONG time), I'll def start here vs. making it my last stop.",1,0,0.5978334,1,logreg_right_neural_wrong
test_26874,"My party ordered 3 different mini sized creme brulees - cherry almond, sea salt caramel, and original. My favorite was definitely cherry almond. It was pretty neat seeing the guy torch them right in front of us and I liked the variety of flavors.  Unfortunately, I have to say all of ours were a little bit too torched and tasted slightly burnt. I was a little bit disappointed. Maybe I'm just a novice to creme brulee and it's supposed to taste that way but I don't think I'll make a return visit here.",0,1,0.7523062,0,logreg_right_neural_wrong
test_26894,"Not very impressed with the Vietnamese sandwiches here at Lee's. Maybe its because the last time had one felt like they did things the right way. My first impression when I walked in was is this even a Vietnamese establishment. Not that one too judges book by its cover. Sure they had small section selling Vietnamese products from candies, dry goods products, baked goods, and beverages. It felt more like american chain sub or sandwich shop.   I had the grilled pork sandwich or thit nuong. The same one last time had one but this was in Sacramento area. Not as though not close because my grilled pork sandwich had all the condiments that traditional. The spring of cilantro, sliced jalapeno, the carrots and believe daikon, and if there was anything they did hit on point was the bread. The bread was perfect hot, fresh, crispy outside, and great bread. They place they feel short for me. The grilled pork lacked flavor for me, portion size could have been bigger, the sauce or spread inside not fan of, and when combine everything together nothing Wow or get excited about. My dad who visiting order the combination sandwich. Not sure the types of meat in it but not fan more so then grilled pork sandwich.   Really if looking too get Vietnamese sandwich not the pace too go. I know I was disappointed.",0,1,0.5471879,0,logreg_right_neural_wrong
test_26941,"Love the cider but wish they'd offer 1/6 kegs and bigger, to people off the street and not just bars .  It is on the expensive side for the amount you get in a growler and whatever...",1,0,0.6028029,1,logreg_right_neural_wrong
test_26975,Boo not kid friendly. Saw this on food network and on diner dives...wanted to try it. I guess My family and I won't be trying their lovely pizza. Also that place looks ratched anyways. They need to build a place so we can come here geez there are tons of places for adults y deprive us of the awesome pizza so disappointed.,0,0,0.5981337,1,logreg_wrong_neural_right
test_27050,"There's another review here which describes Saffron's interior as being more like a banquet hall than an Indian restaurant and I have to concur completely. When we arrived at around 8PM on a Saturday the large rectangular building was empty with the exception of two other pairs of customers at the round tables in the main part of the room. Down one side there are four half-booths, although only two of these appear to be available for customers, with one having a computer set up upon it and the other, outfitted with a pair of mismatched, padded office chairs appears to be used as a hangout for the proprietor's children when they aren't helping out with the restaurant.  After being instructed by a small child to """"just sit anywhere"""" we took one of the open booths and another child brought us our menus. The covers looked slightly grubby, like they could have used a wipe down and I noticed a large stain on the side of the booth next door to ours - it looked like someone had spilled a large glass of coke over the side of the table at one point and that it had been allowed to set before washing. Chairs and tables were covered with plastic to ward off such spillages and the plastic on top of our table felt like it could have been a little cleaner also, as could the salt and pepper shakers which felt a little grimy when we moved them.  The restaurant is a bit odd and has a little raised section in the corner opposite the door and the 1970s disco ball in the middle of the room. The disco ball was just a mystery and I expected to see the four children from The Chronicles of Narnia file in and take their places in the four throne-like armchairs upon the curious dais at any moment. It was an unusual atmosphere.  After a few minutes our host arrived with a jug of room temperature water with shrink wrap covering the top. He had collected this from one of the central tables which was home to a collection of such jugs. He seemed very friendly, however, and quickly accepted our restaurant.com certificate and enthusiastically took our order. In order to meet the $35 requirement we ordered Chicken Tikka Masala, Malai Kofta, Shahi Paneer, and a selection of Naan (two garlic, one sesame).  Our host then presented us with some pappadums and the usual chutneys of tamarind and mint. The mint chutney had a nice kick to it and although the tamarind had an uncharacteristically odd """"ketchupy taste"""" it mellowed into a pleasant aftertaste so it all worked out. We were cheerfully informed that we could ask for more pappadums if we liked and as the host departed I commented to my wife about how the friendliness and enthusiasm was enough to make me overlook some of the oddities of the place in my upcoming Yelp review.  Despite the fact that there were very few others in the restaurant we didn't see any staff again for the forty or so minutes it took for our food to arrive. I wasn't bothered at all by the longer than average wait time and the food more than made up for it anyway. My Chicken Tikka Masala was a little milder than I am used to, however the very nutty and savoury Shahi Paneer was a perfect accompaniment. I found my garlic naan to be tasty without being amazing, but my wife found her sesame naan to be a little overcooked on the bottom. The Malai Kofta was somewhat different to other incarnations of this dish that I've experienced. The sauce tasted more like a onion/butter sauce than creamy, but was tasty, however the kofta themselves were dark, somewhat sharp in flavour and fell to pieces at the merest touch of an eating utensil. Overall though, the food was excellent and we couldn't wait to return and I expected to award the restaurant four stars with a disclaimer about the slightly odd vibe to the place and maybe a friendly suggestion that they wipe up a bit in my review.  This is where things took a turn for the worse. A medium sized party had entered the restaurant and placed their orders just as I was enjoying the last bites of sauce-dipped naan and they also appeared to have a couple of take-out customers. Our host asked me how everything was to our enthusiastic responses and disappeared into the kitchen.  I got my credit card out and politely sat at the table waiting to deal with my bill. Twenty minutes later we were still waiting. Ten minutes later I asked a child if they could ask someone to help us with our bill. Twenty minutes passed and a surly woman came out, but it was to deal with a takeout customer. The child still clutched our bill and restaurant.com certificate. Finally, after about an hour of waiting we were finally dealt with and could get out of there, lamenting that we could have driven across town to our home TWICE in the time we waited to pay for our meal.  The food here is great, but being made to wait a full hour (no exaggeration) to pay, including 30 minutes after you TELL THEM you want to pay is just unacceptable, especially when there were at least three adult staff members and custom was slow.",0,1,0.6835127,0,logreg_right_neural_wrong
test_27055,"Resto bruyant. J'ai pris le tartare de saumon en entr\u00e9e et c'\u00e9tait d\u00e9licieux. Nous avons tous eu un potage \u00e0 la courge qui \u00e9tait tr\u00e8s bon mais ti\u00e8de. Mon plat principal \u00e9tait vraiment ordinaire, linguini bisque de homard et morilles.. Plat ti\u00e8de, sans go\u00fbt,tr\u00e8s d\u00e9cevant!!!",0,1,0.594036,0,logreg_right_neural_wrong
test_27058,"Der Burger King ist nicht gerade zentral gelegen und war durch eine Baustalle eine zeitlang auch nicht wirklich gut zu erreichen. Dies hat dann nat\u00fcrlich den Vorteil, dass er nicht \u00fcberf\u00fcllt ist und man keine Schlange vor sich hat.  Die Bedienung ist \u00fcberwiegend freundlich, die Toiletten sauber und die Preise okay. Auch Burger King k\u00e4mpft mit den stets \u00fcberf\u00fcllten Tablettablagen und dies ist hier nicht anders auch wenn nicht so viele Kunden da sind. Schlie\u00dflich ist demnach auch das Personal in eingeschr\u00e4nkter Zahl verf\u00fcgbar.    Im Gegensatz zum Burger King in der Stadtmitte, stehen hier viel kostenlose Parkpl\u00e4tze zur Verf\u00fcgung, was ihn deutlich attraktiver macht, wenn man mal zwischen durch hinfahren will. Au\u00dferdem liegt er bei mir (fast) um die Ecke.",1,1,0.7150918,0,logreg_wrong_neural_right
test_27145,"Sehr nette Location am Stephansplatz. Im Sommer kann man super draussen sitzen und entspannen. Drinnen finde ich es ein wenig laut, was haupts\u00e4chlich durch die Architektur kommt. Bis hier: 4 Sterne.    Kaffee und Kuchen sind durchaus zu empfehlen. Gegessen habe ich hier aber noch nichts gr\u00f6\u00dferes. Immer noch 4 Sterne.    Der Service ist leider meiner Ansicht nach mangelhaft. Gerade draussen dauert es zuweilen sehr lange. Meinen letzten Besuch habe ich ca. 20min nach der Bestellung angebrochen. Bin mir noch nicht mal sicher, ob das jemand gemerkt hat. Nur noch zwei Sterne.    Was mich zudem massiv \u00e4rgert ist die Tatsache, dass hier auf Qype seit Jahren der Service bem\u00e4ngelt wird und das dem Inhaber wohl ziemlich egal ist. Daf\u00fcr ziehe ich den letzten Stern ab.    Mit deutlich besseren Service k\u00f6nnte man hier \u00f6fters hingehen. So empfehle ich sich einen Kaffee und leckeren Kuchen bei Starbucks zu holen und sich auf die B\u00e4nke zu setzen.",0,0,0.58630884,1,logreg_wrong_neural_right
test_27152,"Im ehemaligen Weinbrenner's ist mittlerweile ein Lokal der Besitos-Kette. Und die scheinen ihr Gesch\u00e4ft zu verstehen. Das sehr gro\u00dfe Lokal wurde geschickt unterteilt in mehrere Bereiche. Quasi als Raumtrenner wirkt die wirklich gro\u00dfe und ellenlange Bar. Auf der einen Seite, Richtung Innenhof und Terasse finden sich viele hohe Tische mit Hockern die durchaus auch zum Essen geeignet sind. Jenseits der Bar finden sich auf zwei Ebenen viele Tische in unterschiedlichen Gr\u00f6\u00dfen f\u00fcr kleinste und gro\u00dfe Gruppen. Auch eine einladende Sitzecke mit Ledersofas und Hockern sowie ein offener Kamin findet sich hier. Das ganze wird geschickt durch Gel\u00e4nder und Pseudo-Mauerwerk aufgeteilt. Wie ich finde, ein sehr angenehme Atmosph\u00e4re.    Im Gegensatz zu meinem """"Vorredner"""" hat mich das Essen auch nach mehreren Besuchen nicht entt\u00e4uscht. Ich habe verschiedenste Tapas probiert und die waren alle wirklich lecker. Im Gegensatz zu anderen Tapas-Bars in Karlsruhe ordert man hier nicht nach """"St\u00e4bchen"""", sondern erh\u00e4lt jeweils einen kleinen Teller mit den Tapas-Gerichten. Pro Teller werden ca. 3 bis 6 Euro f\u00e4llig. Und 3 bis 4 solcher Tellerchen muss man schon Essen um satt zu werden. Macht also 15 bis 20 Euro.    Dar\u00fcberhinaus gibt es auch """"normale"""" gro\u00dfe Gerichte. Hierzu kann ich aber nichts sagen.    Bei der Besuchsplanung sollte man die """"richtige"""" Uhrzeit ausw\u00e4hlen. Von 17 bis 20 Uhr ist Happy Hour. D.h. alle Cocktails zum halben Preis. Ab 22:30 ist Fiesta Besitos. D.h. alle Coct\u00e9les tradicionales zum halben Preis und alle Bebidas tradicionales zum Fiesta-Besitos-Preis. Und es hat absolut leckere Cocktails!    Update 1: Die Bedienungen waren leider wiederholt nicht in der Lage die Tapas denjenigen zuzuordnen, die sie bestellt haben. Sie haben es nicht mal versucht. Das ist sehr \u00e4rgerlich, besonders wenn man in gro\u00dfer Runde bestellt. Es ist dann unwahrscheinlich, dass man das auch isst, was man bestellt hat.    Beim letzten Besuch war es zudem so warm (oder eigentlich hei\u00df), dass wir das Lokal nach dem Essen verlassen haben um uns einen angenehmeren Ort zu suchen.",1,1,0.75898486,0,logreg_wrong_neural_right
test_27155,"To be honest, I was a little dismayed when I opened their brunch menu and was faced with a list of 'complicated' choices. None of those straight up 'Two eggs with bacon and sausage' fare here, nope.    I tried to find the simplest thing to order, but everything looked equally elaborate and foreign. I was lost. So I settled on what sounded somewhat familiar, which now that I think of it, I must have once had for breakfast on a plane trip: breakfast burrito.  When it arrived shortly after - this huge log of of a thing in the middle of a plate - my suspicion only grew larger. And then... all negative thoughts in my head went silent. The thing tasted fantastic! I couldn't believe it! I think my pupils dilated with excitement with each bite.   I would have given the place five stars if it had not been for the slow-ish service when we got there. I think we sat idle without a menu, without any water, for a good 5 to 10 minutes before a waitress noticed us and signaled, """"I'll be with you in a sec."""" Granted, the place was busy and they seemed understaffed.  Everything else seemed fine though. The decor is hip and feels so 'right at home' with what the St. Henri neighbourhood is becoming. The white and blue landscape painting hanging on their wall is a great pick and very gorgeous. The price is comparable to what you'll be paying at popular brunch places in the Plateau. Definitely will drop by Mariani next time I'm in St. Henri.",1,0,0.5998808,1,logreg_right_neural_wrong
test_27159,"Mir ist nicht ganz klar, warum der ECE-Center am Ettlinger Tor immer so voll ist und die Postgalerie nicht mehr. Okay, sie war diese Woche noch \u00fcberheizter (aber zu warm ist zu warm), sie ist nicht so \u00fcbersichtlich (was aber auch seinen Charme hat) und das Parkhaus ist  falls ich richtig informiert bin  teurer (was ein Grund sein k\u00f6nnte). Vielleicht liegt es auch an der Stra\u00dfenbahnbaustelle am Europaplatz vor der T\u00fcr und an der geringeren Anzahl der Klamottenl\u00e4den ...   Jedenfalls  an Weihnachten war die Galerie geschmackvoll geschm\u00fcckt, die Atmosph\u00e4re nett und es roch lecker nach Steinofenpizza. Und die Verk\u00e4ufer/innen hatten Zeit f\u00fcr ausf\u00fchrliche Beratung. ,-)",1,1,0.61316746,0,logreg_wrong_neural_right
test_27161,"I have driven by this restaurant everyday for the past several years and never given it a thought.  Last night I tried it and all I can say is wow.  Started off with a Patron margarita, which was very well made.  I had a fish and shrimp taco.  Both tasted extremely fresh.  My wife had the fish diablo, and it was the highlight of the table.  The diablo sauce is fantastic.  Give this restaurant a chance, you will not be disappointed.",1,0,0.8432314,1,logreg_right_neural_wrong
test_27166,"Sehr gute Auswahl an Apple Produkten in Karlsruhe und auch ansonsten umfangreiches Angebot. Man kann fast alles ausprobieren und wird in der Regel gut bedient.  Allerdings bin ich mit dem sonstigen Service nicht einverstanden. Teilweise konnte mir am Telefon keine Auskunft \u00fcber die Verf\u00fcgbarkeit gegeben werden (""""eigentlich m\u00fcsste noch ein Airport Express da sein ..."""") und auch die Best\u00e4nde im Gravis Online Store waren in zwei konkreten F\u00e4llen nicht korrekt. Nachdem ich wirlkich zweimal umsonst in die Stadt gefahren bin (und vorher den Filial-Bestand im Online Store abgefragt hatte), ist mir der Aufwand f\u00fcr weitere Besuche schlichtweg zu hoch.  Von mir keine Empfehlung. Ich kaufe zwar trotzdem bei Gravis aber sicher nicht mehr in dieser Filiale.",0,0,0.63998413,1,logreg_wrong_neural_right
test_27171,"Meh, my husband and I weren't impressed at all. I had the Orchard Chicken Sandwich with Sweet Potato fries. They were both room temp which just sucks. The sandwich had great flavor but needed more of the elements, not enough caramelized onions or apples. Husband liked Cowboy burger but seasoned fries were way over the top on seasoning. Good service, great atmosphere, bleh quality. If the quality was stepped up to excellence they'd have something great going!",0,0,0.5647333,1,logreg_wrong_neural_right
test_27263,"Just came from Brooklyn Pizza in Wesley Capel, this is the first review I have written but I think it's overdue.  We have gone to Brooklyn Pizza since it opened in Wesley Capel and before that the one on Rea Rd.  They start off great, as good as pizza can be  here in the Carolina's.  Then it begins, the short cuts start.  This time we noticed how chewy the crust has become.  Of course, they are pre-baking the crusts then covering them with whatever the customer orders.  I understand when it's bonkers crazy you have to find ways to get things done quickly but you had a good thing going and now we are out the door, looking for another """"NY"""" style pizza place.  They seem to be opening one a week somewhere within driving distance.  Don't cut corners guys, don' t cheat the loyal faithful customers by counting the pieces of pepperoni slices like I heard one of the pizza maker guys say to a new guy one night.  Give us a good pie at a fair price and we will come back.  By the way your pizza is one of the most expensive around and just not worth it anymore.",0,1,0.6013569,0,logreg_right_neural_wrong
test_27292,"Horrible experience more than once. Gave them a second chance and on another car and same thing. Didn't do work they said they did (alignment).  Did this to my friend as well. Replaced window and tint and the tint was obviously a totally different shade and they said it wasn't. I am not color blind. Like everyone else, my insurance company recommended them. Either they have some hook up going on or they actually are the best available and in that case God help us all getting body work done!",0,1,0.5511932,0,logreg_right_neural_wrong
test_27314,"My wife & I went this evening for a beer & dinner, deciding to try something different from our favorite place- Zipp's.  Wait staff was friendly and attentive.  My wife ordered the pastrami sandwich with fries.  She liked the pastrami but disliked the roll.  The REAL disappointment was my order of Tacos al Carbon, noted as a """"house favorite"""" on the menu.  Really?  A plate of three Mexican street tacos with a side of cilantro rice that seemed liked it had been sitting in a steamer for hours.  Surprising that my $12 taco plate paled by comparison to the approximately $4 I'd pay for a tastier plate at a local taco stand. Do better Blue 32.  Back to Zipp's.",0,1,0.764848,0,logreg_right_neural_wrong
test_27322,Can't wait to go back and try more!,1,0,0.5976285,1,logreg_right_neural_wrong
test_27324,"I like the unusual flavor combinations on the dogs (fruit, coconut with spicy) and it tastes good! It's not trying to be anything it's not.",1,0,0.73958635,1,logreg_right_neural_wrong
test_27353,"I had a nongoing feud with Lucky Strike. That is, they didn't really know about it until about a year later but, on Facebook, I tried to dissuade people from going there because of their policy denying fashion defining jorts (mens jeans shorts).   That said, Gabi and Jared invited us for a bowl/drink and all was forgiven when you go somewhere (ANYWHERE) with Royalty.   I got so sloppy drunk. Gabi says we're serious bowlers, and while that may be true in the most proudly white trash sense, that night I could not see straight. Nor bowl. Jared likely benzodiazepined me.   I would describe Lucky Strike like this: Scottsdale type crowd, very reasonably priced drinks, and very, very expensive bowling.",1,1,0.6047091,0,logreg_wrong_neural_right
test_27365,This restaurant is the best fine dining in Anthem. We have eaten there several times and the food is the best. The service is great they look after you and now to all your needs. Not many people for a Saturday and I hope it was just a slow night. You have got to go there you won't be sorry.,1,0,0.8596066,1,logreg_right_neural_wrong
test_27412,"We arrived in Montreal Sunday around noon and took to Yelp to find a good spot for lunch. As we quickly found, we're staying right across the street from Chinatown. With the advice of the Yelpers we went here for what were supposed to be amazing dumplings (spoiler: we were not disappointed).   It was busy, but a table opened just as we arrived. The service is lacking, but this is a really casual place and we weren't in a hurry. We ordered #20 boiled, those are the shrimp, pork, egg, and leek dumplings and the #2 fried, those are the pork and mushroom.   The #20 were incredible, a light but flavorful taste and the boiling was the perfect choice. The dumplings didn't have that watery feel you get in some places either. The fried pork and mushroom arrived next and were a good counterpoint to the light #20s. The fried bottoms had a nice texture and went well with the flavors, but we agreed that maybe we should have ordered them boiled. They were still quite good. I keep thinking about picking picking up a few ordered just before we leave to go home.",1,0,0.6718422,1,logreg_right_neural_wrong
test_27427,"The staff is welcoming and knowledgeable at this decent-sized whisky shop north of the main drag from the Castle.  As you'd expect, they have a large selection of whiskies in bottles of various sizes.  The reason I'm only giving this two stars is that I discovered they are also the most expensive whisky shop in the area by far -- at least of the five I wandered into, including four that are actually on the Royal Mile (where I expected prices to be highest).  A full-size bottle averaged 7-10 pounds higher here than elsewhere; it was just disappointing to discover.",0,1,0.72489613,0,logreg_right_neural_wrong
test_27439,"This is the first time in my life--and I lived in Houston for 22 years with tons of Mexican foods eaten--that I have EVER seen a restaurant put tons of white rice in your burrito to make it go farther.  This place is in trouble if they are cheating the customers that way.  The meat was fresh (what there was of it) and the ingredients were fresh, but what a rip. I can find better all over.  Period.",0,1,0.5264522,0,logreg_right_neural_wrong
test_27454,"I scheduled my appointment via phone for my two cats.  All I needed was to get their claws trimmed and their teeth brushed and the guy scheduled me.  When I went into the store they didn't even ask me my name.  They saw I had a kitten (was only able to catch one of my kittens, the other wouldn't leave the house that day) and immediately took care of her.  Obviously it's mostly dogs, and as the guy said on the phone, if there is a cat in there they will do them first because they don't want the cats stressing out.  Love that!  So I got Zoey's claws trimmed, and to my dismay, she was being a lot easier on this professional!  I felt betrayed, Zoey is always giving me a hard time when I clip her claws.  Then I asked about the teeth brushing (this is where 5 stars goes to 4) and the lady said that cats don't need their teeth brushed because the foam doesn't work the same way it would for dogs.  Now, this is the first time I've ever heard this.  I've even looked it up before and from most of my reading it says cats should get their teeth brushed (some even say as often as humans).  Maybe that's her opinion, and while I would've preferred her to just brush them anyway, she just gave her some breath-spray instead.  Which is fine.  The customer service I received was great, but it still is confusing to me how the guy on the phone allowed me to scheduled a teeth cleaning but when I go in there, this lady tells me they don't do that for cats.  Hmm.  Just a bit of some confusion there.  Anyway, it was 5 dollars to get the claws trimmed and I was in and out in 5 minutes as well, overall great experience!  All the grooming seems to be done out in the open, which is really good to see, they shouldn't have anything to hide.  Everyone else in there was friendly.",1,0,0.6670915,1,logreg_right_neural_wrong
test_27467,"We stopped by here for our breakfast, luckily we had Starbucks at hand. My coffee really got me through that thing. I'm pretty sure my Cinnabon wasn't finished baking, but they still served it. Honestly, I probably should have picked up breakfast while at Starbucks.",0,1,0.60281575,0,logreg_right_neural_wrong
test_27560,"Seen all the bad reviews. So i was worried. But i was already in the same area and hungry. And It wasnt bad at all! Wasnt packed out but it was busy, and they were fast to get my rolls out. Good place to get your fix.",1,0,0.5328117,1,logreg_right_neural_wrong
test_27581,"The days of going into Best Buy and picking out movies are long gone and obsolete. Now-a-days it is easier to just buy everything online. When you are having a """"Mighty Ducks"""" marathon and missing the last one, you use to be able to go in and get what you need. Maybe team sports movies that promote solidarity and empowerment are out of date, but the fact that it is not conveniently in store and the online store overcharges makes Best Buy not as advantageous as it used to be. What will happen to me if I decide to watch """"Three Ninjas"""", """"Major League"""", or any other movie from my childhood?  In all seriousness, this was the first time I have stepped into Best Buy in years, and it was because I was impulsive with my random urges. Yet there is very little that you cannot have sent to you for a fraction of the price. If you must get it at this precious moment, and they have it in stock, then so be it. Otherwise, just go online and save yourself the gas money.",0,1,0.69714016,0,logreg_right_neural_wrong
test_27652,"If you want a great Chicago Hot Dog, you'll just have to go to Chicago.  That pretty much sums it up. When in Chicago I make a pilgrimage to Super Dog and Hot Doug's. These two places were rated 3 and 1, respectively in the US.  I had high hopes of finding something, close, not expecting perfection.   At the suggestion of the order person, I ordered the House Special, a hot dog accompanied by a beef dip sandwich.  It was served with  french fries.  Though they did prepare the hot dog with Chicago like fixings, it was nowhere in a class with Super Dog. Neither were the fries, just  on par with Mc Donald's.  I can't say anything nice about the beef dip, so I won't say anything.   I went with Brian, my house painter, who is an exact look a like, for the Zig Zag Man.  He never had a genuine Chicago Hot Dog, but he said he'd had better, too.  Service was friendly, and for Las Vegas, this is better than Pink's, and it's probably as good for a hot dog, that you will find in this wasteland of eateries.   Two Stars means """"I've experienced better"""", and these folks are not in a class with hot dogs from Chicago.",0,1,0.5695135,0,logreg_right_neural_wrong
test_27707,Freddy quoted us $2000 for the exact same work that a plumber recommended by a colleague ended up doing for less than $400.,0,0,0.5162505,1,logreg_wrong_neural_right
test_27746,"I don't normally do this, but I finally stopped being sick after eating here last night.   I'd like to preface this by saying this is not a service review. The service was not the problem, although if she would have told me the Blue Moon was almost 7 dollars, I would have bought a six-pack of it on my way home instead. $5 would have been reasonable.  The real problem what what I ate. We ordered the soft pretzels and cheese as an appetizer - they were fine. As a Canadian, when I saw they added a special - Poutine - I had a nostalgia moment and ordered it. It was a long way from the delicious, savory poutine from my homeland. For those of you who have never eaten poutine, it would fit right in with southern style cooking. Take french fries, add creamy cheese curds (or if you're not sure where to buy those, chopped up braided mozzarella works well too), top with fresh, steamy brown gravy. The gravy and heat from the fries melts the cheese into a melty mountain of yum.  This was not what I experienced. First of all, the cheese curds were breaded and deep fried (another special appetizer they had). Instead of the poutine effect of creamy, melty, cheesy goodness, it was more like soggy clumps. I made due, it's been a while since I've had poutine. I asked for no pico de gailo, because I had no idea why it was included in their poutine. I didn't get any as part of the order, so once again, i praise the server for taking a proper order. There was enough gravy, but there was just something...off about it. It was very subtle, but there was a peculiar sourness to it that was enough for me to catch on my palette, but not enough for me to expect anything was wrong other than an odd recipe for one of my all-time favorite meals.   The abdominal pain started at 2 am, about 4 hours after consuming the meal. I'm a tall guy so things take their time digesting...usually. I was not prepared for the razor like purge that followed. Without sharing too many details of the horror stories that went on in that room, I will say that finally, at 12 pm today, I stopped feeling sick.  Now I don't know if it was the cheese curds or the gravy (leaning towards the gravy), but I feel like there were some definite corners cut in the kitchen. If you're going to be serving food to people, what's coming out of the kitchen is a reflection on both the chef staff and the management. You need to have standards. Taste your food. Keep it consistent.   This is the only location that I've ever had such an experience. I hope this criticism serves as constructive, to prevent others from getting sick from the food. Please be conscious of the freshness of ingredients!",0,0,0.5862974,1,logreg_wrong_neural_right
test_27749,"I have a friend who is from Austria, and she hates the fact that this place is named just like an Austrian dish that DOES NOT consist of hot dogs or anything like that. That aside...  I like this place. They have good deals, though the trade-off for that is you're not getting the best food ever. If you walk in here with expectations of high-quality food, this is not it. Think Del Taco and you're on the right track.   I don't really have a lot to say about this place other than it's value-oriented. And there's a Subway connected to it if you feel like eating that.",1,0,0.5596507,1,logreg_right_neural_wrong
test_27766,For a circle K this place has it going on 2nd Circle K that has impressed me. It's close to home so I drop in for a little H2O or the occasional snack.....,1,0,0.68495995,1,logreg_right_neural_wrong
test_27785,"The first time this place was a half hour late. This second time, they were half an hour late again n I must have slept thru their half ass late knock.. Credited my card back- thank god. The only good thing that came from this joint. Try the doorbell or being on time next time. Guess that's why they work at Pizza Hut. Xoxo",0,1,0.54769003,0,logreg_right_neural_wrong
test_27824,"I went there for a friend's birthday party.  The decor was very different, you feel like you are in one of the girl clothing store (Modern Luxury feel).  The food was pretty good for it's price.  I had Salmon Salad, Burger and Hanger Steak.  The steak came out cold the first time but the Chef apologize and went ahead made us a new plate right away.  The service was good but it was slow... Our server was nice but everything came out the kitchen were just slow.",1,0,0.53110313,1,logreg_right_neural_wrong
test_27825,"Well, low and behold, I had the wonderful opportunity to visit an urgent care facility last night.  I decided to Google search nearby clinics: this was the closest to my apartment and was opened the latest compared to other ones.    Initial impressions:    WHAT?!  They have a number AND they answer the phone with a LIVE person?!?!  NO WAY, THIS CAN'T BE!  It was nearly 7:30 pm when I first called.  The place was only open until 8 pm.  I asked if they were busy.  The woman said not at all. Cool!  My five minute drive greeted me with a pleasantly new facility.  Everything was very open looking and clean; this place was in MUCH better condition than any other urgent care facility I had ever been to.  There was only one other couple in the place.  EVEN BETTER.  I was checked in, brought back in to my room, seen, and given a prescription (which was filled on site) all within 40 minutes!!!  I could not have asked for more!  I find myself wondering if it is always this slow or if I just ran in to a streak of luck for once in my life.  All of the staff was friendly and provided detailed explanations and information for all of my medical needs and concerns.  I will definitely return to this place when I need to visit an urgent care facility and will recommend it to my friends!",1,1,0.5152622,0,logreg_wrong_neural_right
test_27854,"NOT A FULL DD...AVOID  I have been here twice getting my car washed and while Dunkin Donuts has a pretty safe floor, the manager here seems to have a real problem with stocking. Both times I've been here I ordered my favorite sandwich which comes on a french roll and both times they were out of french rolls. Ok, fine...give it to me on a plain bagel. But wait, they're out of plain bagels too! Both times!  I get that in the large scheme of things this is really a minor problem, and the food was still pretty good. It is what it is, but as far as DD's go, this one is pretty weak.",0,1,0.5080053,0,logreg_right_neural_wrong
test_27916,"My husband and I came here on his lunch break, and was greeted right away, the Manager walked up and I asked what I was thinking about  getting and I told him that I ALWAYS get the smokehouse sub but wanted to try something different! He suggested a sub and I told him I'll just stick to the same sub so he offered to split his sub w me just so I can try it.... Wow!!! Now that's how u keep a customer coming back!!  Not to mention everyone is super nice always happy and if u enjoy trying different hot sauces they have over 25 different sauces!!!!",1,0,0.71845603,1,logreg_right_neural_wrong
test_27925,"I would rather eat cardboard than the Pad Seu and the complimentary wings did not make the delivery. The white rice was delicious, but then my 4 year old neice can make white rice.",0,1,0.8893215,0,logreg_right_neural_wrong
test_27940,"My son and daughter-in-law ate there last night for her birthday with a 2 for 1 coupon we got in the mail and they loved it and the portions were big enough that they were full and had left over to take home. Don,t ask me what they ordered but they said it was spicy but not to spicy like they experienced in other Indian restaurants.",1,0,0.6991514,1,logreg_right_neural_wrong
test_27966,"Not wowed. We started with bruschetta board. BLT- lettuce, tomato and a few pieces of bacon, clunky to eat, nothing special. Chicken salad- I think I have bought this at Costco. Hubby liked both hummus. We had full orders of the fish, shrimp and pork tacos. There was one deep fried shrimp  for each taco, skimpy. Not enough meat on the pork tacos. I really liked the fish tacos. We also ordered a beef tamale. Disappointing, not enough meat or spice. The Santa Marta dessert was very good. The flower tea was great. I wish we would of been there after 3, the happy hour menu you looked way better then the lunch menu we had to order from. The stuff we saw delivered to other tables looked awesome.",0,0,0.59979343,1,logreg_wrong_neural_right
test_27979,"Ramon and Emily have always been great in their customer service. That alone would be five stars!  Four stars for bathroom size/cleanliness and three stars for not having a place to change a baby. I understand that it is no always feasible, which is why I still throw three stars out.   Wings are above average, pizza pretty darn good. One out of three pizzas were soggy, but we enjoy the atmosphere and service enough to get a better sampling of the food in the future.",1,0,0.56240195,1,logreg_right_neural_wrong
test_27989,"Went to this place because my friend and I have been craving for some crepes.  Saw all the 5-star reviews from yelp so we figured why not?  Upon entering, the 2 ppl behind the counter explained how their crepes are prepared (rolled in an ice-cream cone style) and told us what the favorites were.  We got the rebel special and the banana with nutella (I can't remember the name).  Anywho, it was good, but it wasn't 5-star good.  Just like Nelson Q., mentioned on his review, it wasn't anything to scream about.  The taste was just """"meh"""" and the crepe was definitely too thick for my liking as well that it almost tasted like a pancake.",0,0,0.6288437,1,logreg_wrong_neural_right
test_28039,We really like the service and food at the bar.,1,0,0.5894936,1,logreg_right_neural_wrong
test_28040,"Great beer selection, especially the beer fusions. Nice atmosphere, friendly staff, quick service. Food is typical bar food, nothing special but didn't agree with my girlfriends stomach in the least. So four stars for the beer and atmosphere but wouldn't eat here.",1,0,0.52405864,1,logreg_right_neural_wrong
test_28065,"Cowaaaaaaaaaaaabunga!  Me:  Can I spin?  Staff: No. Me:  Can I run and leap off? Staff: No.  Me:  Can you at least push me with all your might?   Staff:  Okay. Me:  woohoo!  He only touched my back.  Argh.  Despite being denied all my requests, I still enjoyed the ride.    1.  Light as a Feather. Light as a feather. As soon as you enter you will get weighed for the world to see.  At least it's not posted up.  When I went skydiving they posted your weight along side your name.    The maximum weight is 250 lbs. The minimum is 60lbs.  My 8 year old wanted to go but he was too light.    2.  Bring an ID.   Even though your showing Grey hairs you ain't gonna get the pass and go without your ID .  Shouldn't you have it all times in Vegas?  They'll let you gamble but once you hit that jack pot.  They ask for your ID in order to walk out with your winnings.  3.  Sign your life away here ______. You have to fill out the paper work and pay before you go up.  For skydiving you pay when you set foot on ground.   4.  Leave your belongings. If someone in your group is going to be a spectator on the bottom.  Give them your things.  They provide a small bag to carry your things.  The lightest person in your group gets the bag.   -no sunglasses - no cameras- no phones - nothing in your hands - even your flip flops must go in the bag  They allow you to use your own camera or phone to take pictures while your in line.  But you have to put away all loose objects once you hit the zip line.    5.  Let's get personal. They strap you on to a harness. I saw a handful of girls with dresses and skirts but they had that who cares were in Vegas mentality.  Boys, they get close to your swimmers of life.    6.  Say Cheese : D There are photographers to take pictures near the end.  Ask the staff where there located, so your picture ready.    Go with a group so you can relive the experience.  I went with my dad and my husband. If you know someone scared of heights persuade them to go.  Their jitters makes it more thrilling for you. Another person in line was pacing back and forth and spewing out profanities to his friend for getting him up there.    I had the Las Vegas Power Pass, this came with the deal.   The catch for the pass is that you can only ride before 6pm.  I watched people zoom across at night and it definitely seemed cooler.  We were quoted 30 minutes and we waited around that time.  I'm sure at night it's much longer.    Cost: $15 before 6 pm  $20 after 6 pm Go again same day for $5  To me this is worth the try.  But if your a lone ranger, the wait may be too long, and the thrill too short lived.",1,1,0.64408916,0,logreg_wrong_neural_right
test_28082,"This perennialy 1-2 Star neighborhood McDonald's recently underwent a complete remodeling, so I stopped in for lunch today to see if they're doing better.  It's nice inside with lots of booths (Yay booths!), and has a completely different floor plan than before.  I went with a Quarter Pounder Haba\u00f1ero Bacon Ranch Cheeseburger, medium Fries & a small Chocolate Shake ($7.78).  Everything was right with both the food & the restaurant this time & it was excellent for the money.     :-))  Now about those 610+380+570=1460 calories!     :-O",1,1,0.86652404,0,logreg_wrong_neural_right
test_28144,Really good tacos.  Server was a riot.  I would be back here if it wasn't several hundred miles out of my neighborhood.,1,0,0.78393435,1,logreg_right_neural_wrong
test_28167,"First time here. I have been reading fellow yelpers info on this place as well as others reviews so, my husband and I thought to give it a shot. We got there right when they opened 11am. We were the first one's and was seated right away and put our order in for drinks. They have the d\u00e9cor theme for sports/Corona etc. Our both we sat in was ok I felt I was sitting on the floor because the table hit me just at my chest area :) I think they need to be restuffed. The waiter brought us out 2 corn jalapenos muffins just out of the oven not bad and my husband was surprised he was able to eat it because he hates spicey/hot  food!!  I ordered the cheese quesadilla with chicken. It came to me cut up in 5 slices with guacamole, sour cream and pico on the side. Great presentation and it tasted wonderful. My husband ordered a plate that had chicken/rice burrito with chips he also got sides of pico and guacamole. He said it was fantastic.  During our meal the waiter was interactive with us and even told us to save room for desert! But we were so full afterwards we had to skip desert. We will be back to try more and I think we will sit at a table and chairs :)",1,0,0.61135715,1,logreg_right_neural_wrong
test_28333,"no friends available and we needed to leave town. Oh,no. but then we heard great things about this company. we called, they wanted to meet and asses my dogs(pitbulls). she was happy with there obedience, up to date shots and loving demeanor.  we negotiated a deal that was fair. upon arriving home I was shocked how thorough she was. she evaluated my dogs every time they were told to go potty. my older dog is all business and back to the door, but my 5 year old like to sniff and chill, then down to business.  she also left notes about how to get her trained like my alpha bitch. what a great service, they won't even wear a labeled shirt (or car) so people don't know your gone. they have a great key system so if they are stolen a crook could never find your address.",1,1,0.6099677,0,logreg_wrong_neural_right
test_28403,"Their alcohol selection sucks, as in they ran out of everything they said they had.  I had to have a Sapphire tonic...SAPPHIRE, PEOPLE!!!   The waiter said she had Hendricks and then dreamcrushed my cocktail dreams. My other friend wanted a beer and 8 of the beers he wanted they were """"out of"""". However, the burger was nice, very juicy and rare.    Plus, the more you drink the better everything tastes, right?",1,1,0.56696993,0,logreg_wrong_neural_right
test_28408,"This place is located in Aria across from Marquee. I was told this was one of the top burger spots on the strip and they weren't lying. I would not recommend ordering appetizers if you're going for the burgers because the burgers themselves are really filling.  I got the steakhouse burger which OMG, the meat patty melts in your mouth. -drool- My party each got different things but everyone said it was pretty amazing. The fries could be a little better but other than that I was not disappointed. The wait is also significantly less than BurgR across the way.",1,0,0.528795,1,logreg_right_neural_wrong
test_28424,"Ok gang, we just left this place & hurried our goody bag home. FINALLY! What more can I say? Chandler finally has a really good chinese restaurant. They cook your food to order in no time. More importantly...you can recognize the ingredients in your food & it taste great. This is where my gf & I will go when we're jonesing for chinese food.",1,0,0.7442666,1,logreg_right_neural_wrong
test_28474,"I went to the one in the Southpoint. I have heard people claim that this is the best they have ever had. I found the burger OK, but not as good as a Big Mac. The fries are easily the best thing, and worth trying. Food, like taste in music and film, is subjective. This is just my POV. The service for the take out was good, and friendly.",0,1,0.80267394,0,logreg_right_neural_wrong
test_28482,"I LOVE burgers, but I don't love """"I Love Burgers."""" I came here a couple years ago for my birthday dinner because it sounded right up my alley! So sad... The burger was dry and the bun was NOT soft and squishy. I would head over to SmashBurger on the Eastside if you are looking for a tasty bite!  Good beers though.... I guess",0,1,0.52929455,0,logreg_right_neural_wrong
test_28503,"I loved the food here more than my companions did, but one thing we all agreed on was that whoever designed this place was BLOODY INSANE. OK they have this non-ironic crap '80s music playing, and these weird little uniforms on the staff, and the FUGLIEST wall decoration: photos of food wrapped up in clothes.  Picture a shiitake mushroom leaning up against a high-heeled shoe, that sort of thing. Bogus. Oh yeah, I'd definitely come back for the chow, but I'd wear blinders and ear plugs.",1,0,0.7527489,1,logreg_right_neural_wrong
test_28521,"For the price of this buffet, it's awesome! $35! WHEE!  It's pretty freakin' cool that they have practically unlimited bone marrow!! The catch, though, is that the bone marrow is not the greatest tasting marrow of them all. It lacked seasoning, lacked some sort of bread to go with it, making it taste just fatty... I came here hoping to eat mostly bone marrow and be embarrassed by the amount of bone stacked on my plate, but alas, I only ate one. :( meow meow....  What helped boost their rating is their angry mac and cheese! And it comes in a little cute pot as well. I probably could've eaten this the rest of the night, but I decided not to waste my $35 on amazing mac and cheese.  Next time I come though, I will get more than 1 serving.  Crab legs are also available. I wish they had more variety of crab legs like the Wynn buffet offers, but the fact that they have it at all is still nice in my book.    Overall, I left happy and full.  The wait was a little over an hour, which I guess isn't horrible.  The staff could've been a bit more attentive, but it's a buffet so I didn't expect much.  Will definitely come back again!",1,0,0.71400476,1,logreg_right_neural_wrong
test_28571,"The amount of food is about 40% less than the ceasars palace buffet, but the food they have is just as good if not Better. This place is located on floor two of the cosmopolitan hotel next to the bellegio. The dessert is 5 stars by itself .",1,0,0.8385343,1,logreg_right_neural_wrong
test_28687,"My friends thought it was odd when I told them the highlight of my vacation was a cappuccino I had in Scottsdale.  We visited in December and were staying nearby at the Westin Kierland and were just walking the mall. Stopped in for a coffee as it was pretty chilly that night.  The barista was super nice and eager to share his passion for coffee. We were interested in just picking up a half a pound of beans.  I wouldn't expect great help from such a small sale but he had several recommendations and had us smelling all sorts of roasts before we settled on the one we wanted.  I ordered a cappuccino which was probably the best ever, and I'm a pretty avid coffee drinker and try to visit some well known coffee places when I travel. They showed us some of the tricks to doing latte art, which I've since been unable to duplicate on my home machine - we'll chalk it up to not enough frothing power, not operator error :).",1,0,0.6840912,1,logreg_right_neural_wrong
test_28751,Great lunch special. $5 for a double scoop of rice (plain white) and a meat. They suggested the beef. It was all good cuts of meat no fat or gross stuff. The rice was well plain white rice.   The place is clean and they have some neat things on the menus. I will b back.,1,0,0.5395497,1,logreg_right_neural_wrong
test_28767,"The service at this Popo's is not that great!   The original Popo's we never had to ask for anything.  At this Popo's we had to ask to be served, and this site feels like a chain.",0,1,0.62570405,0,logreg_right_neural_wrong
test_28796,"Normally I don't review places like this but as it was important for our trip to come here, I figured I would post a review. My friend was in from out of town and we made an impromptu trip to Vegas for the weekend. He didn't have any dress clothes so we lender him clothes but we still had no dress shoes so we didn't plan on going clubbing. We ended up getting on the guest list for pure at Caesars (read my review) and we needed to get him dress shoes. We came here and got a nice pair for $30 and now he has a pair to leave in town for if we make another impromptu trip. The selection is standard with every other Ross I have been to so it didn't seem anything special, but the reason I rated it 2 stars is because of the staff. Checkout takes forever because the cashiers take their sweet time to check stuff out and they only have 4 check stands open for the line of like 25 people. And then they work slower than molasses flowing uphill. It took us like 30 minutes to finally get checked out  It works out if you are in a snag and need to get something, but leave time to get your stuff cause it will take you a while",0,1,0.65096706,0,logreg_right_neural_wrong
test_28862,"Ok this isn't going to be like wow that was the best Italian I've ever eaten, but I don't think that is the goal.  I think it is an appealing place this is serving high quality Italian food quick.  We had the calamari, I had sausage/pepper dish, and partner had raviolli.  Service was great, food was good, and wine wasn't bad.  Limited selections but I think that is part of hte charm.  For sure on our regular short list.",1,0,0.5983772,1,logreg_right_neural_wrong
test_28945,"This is a roadtrip type of place for sure.  Met the owners at a different place and they seemed nice so decided to check it out. Pretty good selection of beer, not as good as taste of tops or papago but better than 98% of the other bars out there.  Didn't try the food, just there for beer. Service was so so.  Wish the owners had been there and if they are when you visit give them a shout.",1,1,0.60084933,0,logreg_wrong_neural_right
test_29004,"A group of 4 of us visited Upper Crust last night for the 2nd time and were very disappointed compared to our first visit about 6 weeks ago.  We loved their antipasto platter the first time around - it was almost a meal in itself with good quality cheese and meats- for $11.99.  This time it was half the size and mostly roasted red peppers out of a jar.  The pizza crust was good, but we order sausage and sundried tomatoes and there was hardly any sausage on it and the tomatoes were quite dry.  Last time, they brought a pizza like this to our table by mistake and it looked so good we knew we would have to try it next.  The white pizza is still quite good.  The service in the bar area was better than last time.  We all agreed that we would not be going back.  There is better in the Valley.",0,1,0.51894593,0,logreg_right_neural_wrong
test_29028,"Can't compare to very good ones, but not bad.",1,0,0.63347447,1,logreg_right_neural_wrong
test_29029,"We arrived at 7:00, had a party of six, and were able to be seated within 15 minutes. Fabulous, considering the number of hungry people coming into the restaurant that evening, but we have always had good luck getting right into Grimaldi's, regardless of the location.  The new Scottsdale Quarter location has great ambience and service going for it, but I was sorely disappointed by the quality of the pizza. One of the reasons my partner and I keep going back to the Old Town location is for the consistently tasty crust: crisp and thin, yet chewy and moist as well. Our pizza last night had a thicker crust and too well done, by comparison. Maybe the QC will improve as time goes on--I'm sure we'll be back to see.",0,1,0.86474806,0,logreg_right_neural_wrong
test_29061,"The Garage used to be an awesome place to come on a Saturday or Sunday afternoon and watch the football game. Enjoy a couple beers and some lunch with friends/family. The owners used to put quality over price when it came to their food and it was quite satisfying. However, not to long ago the place was sold and things have gone down hill.  The food is low quality, it's obvious that all the food is frozen and cheap ingredients. the burger is something a equivalent to one you could make at a neighborhood BBQ.  The only thing it still has going for it is that you're first beer is still very cheap and they have a good selection. Go here for a beer and leave before you eat.",0,0,0.5300684,1,logreg_wrong_neural_right
test_29070,First time going to Sushi 99. Food was really good and it got to the table really quick! My favourite of the night: miso soup! :) only thing is that there seemed to be a few waiters/waitresses just walking around. Noise level wasn't too bad and I think I would go back! :),1,0,0.74015915,1,logreg_right_neural_wrong
test_29150,"I wish I had known this was closed as well. We camped out near here and thought would be a great photo opportunity- Alas, the gates were closed, the signs were hung- and the fence was BARBED.  First time I had seriously considered trespassing- it looked like such a great spot for old timey photos, was tough to resist!",0,1,0.50078845,0,logreg_right_neural_wrong
test_29192,The food here was awesome!! I just went for the second time and was not disappointed to have gone back. I had the breakfast burrito with the short ribs inside. I swap the regular eggs for egg whites and also add a mimosa :-).,1,0,0.7876882,1,logreg_right_neural_wrong
test_29196,"Curry soup (small): Amazing! Broth was savory, with a hint of coconut milk and other spices. There was chicken, carrots, green beans, radish, and potatoes, and bamboo shoots. I personally didn't particularly care much for the previously mentioned items--the broth and potatoes made this dish for me. Came with rice.   BBQ combo platter (large): Came with: - 3 beef skewers: Delicious, best item of the platter. Tender meat with intense flavor and spices. - 3 huge chicken wings: These were okay. The skin tasted great, but because the wings were so big(?) the flavor didn't really last past the skin.  - sliced meat (beef?): Tender, but not strongly flavored. Went well with the sauce.  - small dish of pickled veggies (carrot & radish): I don't like pickled veggies in general, but I guess this tasted okay.  - small dish of sauce: It looked similar to fish sauce, but it tastes a bit spicy and salty, not sweet. This went well with the sliced meat.   Basil seed drink: I wanted to try this since it looked interesting. The actual flavor tastes like bananas. The texture was interesting, and I wasn't sure whether to chew the seeds or just swallow them whole. It reminded me a bit of the aloe vera drink. Nice and refreshing.   Overall: The curry was my favorite dish. The bbq platter was ok, but I would have rather ordered a full order of the skewers instead. Basil seed drink was ok.   Service was average. We didn't wait too long for our food; there were a few other tables, and we came in around 8pm and left shortly after 9.   The decor and ambiance of the place was great!",1,0,0.57845855,1,logreg_right_neural_wrong
test_29230,"I know Vegas is expensive but holy mother to betsy my cocktail was $18! For the price you'd think it would be delicious, but it was not. I only finished it because I looked at my half full glass and said to myself """"I can't leave $9 sitting there!"""" I'm not cheap, I just have high expectations when I spend my money, as all of us should. I'll pay through the nose for things that are delicious!  Maybe I'm over the hill (in Vegas that's past the age of 25) or maybe I've just traveled enough to know what an amazing experience should feel like. All I know is that Chateau was not where it was at on that particular evening. The layout of Chateau is long and awkward so it doesn't make for the best customer experience. Something to think about when you're designing a club people! There were the usual go-go dancer girls in costume with their gorgeous bodies and all I could think when I looked at their boobs is """"Does it hurt when you sleep on them? Or do they just feel like really thick water balloons?"""" Not making fun. Honest question!  Best part of the night? Check-in on your Yelp app and you can get a free cocktail ticket at the door. The girls in our party got a free ticket right away while my BF was told to wait in another to get his ticket. It seems counterintuitive that you would offer something free to excite a possible reviewer, yet you run the risk of totally annoying the reviewer with a hassle. Something to think about for the future Chateau...  Yelp 365 Challenge: #41/465 (The Water Balloons)",0,1,0.61420095,0,logreg_right_neural_wrong
test_29331,"This was my second visit to Strom.  My wife and I use it as an end of the year relaxation treat to melt away the pent up stress.  The cold weather make the outdoor thermal spas oh so luxurious: to see the snow falling as the steam rises is very relaxing.  This visit, I discovered the indoor relaxation room with a fireplace and a view to the frozen lake.  The room was silent except for the popping of the firewood and soothing music.  Very relaxing!  Our first visit, employees were walking around shhhhh-ing rude people who were so self centered that they couldn't shut up for 10 minutes.  The signs everywhere say silence, not whisper or talk.  This visit, unfortunately, the abundant, rude talkers caused my wife and I to leave pools more than once.  Grow up, shut up and let others around you relax.  Please enforce the silence rule and I will not hesitate to come back here again and again.  C'\u00e9tait ma deuxi\u00e8me visite \u00e0 Strom. Ma femme et je l'utilise comme une fin de la d\u00e9tente traitement de l'ann\u00e9e pour \u00e9vacuer le stress refoul\u00e9e. Le temps froid font les thermes en plein air \u00f4 combien luxueux: pour voir la neige tomber comme les hausses de vapeur est tr\u00e8s relaxant. Cette visite, j'ai d\u00e9couvert la salle de relaxation int\u00e9rieur avec une chemin\u00e9e et une vue sur le lac gel\u00e9. La pi\u00e8ce \u00e9tait silencieuse, sauf pour l'\u00e9clatement de bois de chauffage et de la musique apaisante. Tr\u00e8s relaxant!  Notre premi\u00e8re visite, les employ\u00e9s ont \u00e9t\u00e9 promenait shhhhh-ment les gens grossiers qui \u00e9taient si \u00e9gocentrique qu'ils ne pouvaient pas se taire pendant 10 minutes. Les signes partout disent silence, pas chuchoter ou parler. Cette visite, malheureusement, les causeurs, grossiers abondantes caus\u00e9 ma femme et moi de quitter piscines plus d'une fois. Grandir, enferm\u00e9s et laisser les autres autour de vous d\u00e9tendre.  S'il vous pla\u00eet respecter la r\u00e8gle de silence et je n'h\u00e9siterai pas \u00e0 revenir ici encore et encore.",1,1,0.69726276,0,logreg_wrong_neural_right
test_29342,"""""Raunchy"""" is the most accurate description. Absinthe means """"strong and bitter.""""  After seeing this, we were shocked by the ratings of 4 & 5. The four of us agreed this was the raunchiest of shows and the humor was mean-spirited to the point that it was not enjoyable. My husband and I have seen many shows; the two people we attended with have seen most of the shows (as they live in LV).   The """"humor' was a lot about body parts and body fluids. We could not understand why the ratings were so high. We then realized that for the 20's, young, juvenile humor, drinking crowd this was great. (Look at the photos that accompany the ratings . . most very young.) The acrobatics were good, not great. The seats were uncomfortable, wood, folding-type chairs.   Pay attention to the reviews, the term 'adult humor' words is not used because it is too mild of a term. Terms 'perverted' and 'dirty humor' were used for good reason. If you enjoy okay acrobatics, the lowest form of reality television, raunchiness, and humor based on ethnicity, sexual orientation, degrading others, and race, this is the show for you. If you expect great talent and an adult humor, burlesque-like show, pass on Absinthe.  I should have looked up the meaning of the word before attending, """"Absinthe:  a green alcoholic drink that has a very strong and bitter flavor; green liqueur which is flavored with wormwood, anise, and other aromatic herbs and commercial production of which is banned in many countries for health concerns.""""    The show is """"strong and bitter"""". Even if we did enjoy the humor, the tickets would have been over-priced based on the talent levels.",0,1,0.58922154,0,logreg_right_neural_wrong
test_29385,"I got a gift certificate here from friends, and ended up going about a week before my wedding when I was incredibly stressed out. I booked a 90 minute swedish massage with a foot treatment. Let me start off by saying that I've had a lot of TERRIBLE massages, and would leave being so sore on my back that to sit against a couch cushion would put me in terrible pain. I left my massage (that I had with Corie) feeling so relaxed and at ease that it was exactly what I needed. She was incredible, and this is the ONLY place I'd go for a massage ever again.",1,0,0.5459126,1,logreg_right_neural_wrong
test_29461,"I was really excited to try this restaurant because it is really close to my house. I wanted it to be good, but...  I walked in the door at 630pm, and was not handed a menu for about 20 minutes. At the time I was handed my menu, I ordered a glass of wine...AT A WINE BAR...and that took about 30 minutes.  I dine in large groups often. And, it is not unusual for the service to be slower than usual. However, this experience took slow to a new level!! And, it is the reason I gave this review 2 stars instead of 4.  I ordered the ribeye which came with veggies, mashed potatoes, a unique sort of fried bread, and a cabernet sauce. It was all delicious, but not hot.  I, also, ordered the Churro split. It is basically a banana split creation with grilled pineapples, bananas, churros, whipped cream, and chocolate sauce. It was beautiful, but everything was out of a can...the fruit, the whipped cream...nothing was made in house, and you could tell.  Overall, the food was good, not great.  I feel like the bulk of my issues were because I was in a group, and this restaurant was NOT prepared for it at all. I might give this place another shot with just my husband and I to try to get a better feel for the place. If I do, I will update this review.",0,1,0.6172155,0,logreg_right_neural_wrong
test_29516,"So everyone in Old Town has been waiting for a good sports bar forever. When everyone heard Thunder Dan was coming to town the excitement starting buzzing. Well this time Thunder Dan didn't hit this buzzer beater.  First off it does get two stars for a reason so lets start there. The atmosphere is great. The venue is super cool and there is tons of tvs.   Thats pretty much where it stops. The food isn't great and is relatively slow. I have had a burger, wings, the chicken quesadilla and a couple of other things which didn't impress me. Plus the service was super slow...  This kind of reminds me of the Suns-Bulls series super exciting but just misses the mark of greatness. I am sticking with my old faithful two blocks away Zipps.",0,1,0.7013789,0,logreg_right_neural_wrong
test_29581,Service A+ / Results A+ / Attention to Detail A+ /  David is my tech and has NEVER failed me...bees/ticks...he's your man!!!,1,0,0.73907423,1,logreg_right_neural_wrong
test_29630,Good food..portions were small but food was up to my standards,1,1,0.6519609,0,logreg_wrong_neural_right
test_29689,"Great fresh food! Give yourself time for lunch hour, as it is fresh so it takes a little bit longer but not bad! Not bland! Great service!",1,0,0.6771817,1,logreg_right_neural_wrong
test_29691,Great Cinnabons! The only reason I gave them a 4 star is because they have poor customer service. She never smiled at me.  Near gate A30. 8:15pm.,1,0,0.72508657,1,logreg_right_neural_wrong
test_29699,"I have several cats and normally when people come over they run for cover!  From the minute Beth walked in they were in her lap, rubbing her legs and very content.  Not only was I happy with Beth so were my cats!!",1,1,0.96871907,0,logreg_wrong_neural_right
test_29721,"Haulin Balls had us sold with the menu, being big fans of lamb we went with the Zorba. By the sounds of it it should've been a homerun, meaty lamb balls, fresh herbs, feta and tzatziki. It was fine, but pretty unmemorable. Had it not been our least tasty bite at StrEATS it might have been forgotten altogether.",0,1,0.539724,0,logreg_right_neural_wrong
test_29739,"This popular downtown eats has been on my recent bookmarks to try. Arepas...a South American sandwich made of corn flatbread and various fillings. Located in the popular area of other Yelpdom heavy hitters like Art of Flavors and Goodwich, I figured Viva Las Arepas would be a no-brainer favorite. The restaurant inside is clean and warm, with more seating than parking available. If you haven't been, parking in the front is nearly non - existent. We ordered the Reina Pepiada, which is a featured review item and wood fired chicken arepas, plus an order of Yucca fries. In seeing the photos of the Reina Pepiada, I expected the sauce to be a light, creamy cilantro avocado type of dressing. What I actually experienced was very heavy and overly sauced chicken. With each bite, I kept thinking how the addition of a nice fresh slaw could cut some of that richness. The tortas were also heavy and chewy and again my expectations of a light, fluffy flatbread were dashed. I did like the peas, though. They provided additional sauces, which was unnecessary considering the meat was already drowning in it. The yucca fries were nothing special.  My daugter seemed to enjoy her wood fired chicken arepa. The Reina Pepiada didn't sit well with my wife as she was sick the rest of the night. Viva Las Arepas fell short of what I wanted to experience. I so wanted to love this place, but didn't. I will continue to search to hopefully find my ideal arepa.",0,1,0.8999466,0,logreg_right_neural_wrong
test_29767,"Gosh.. What a disappointment! After moving to Las Vegas from So Cal last month, I was happy to schedule a grooming appointment for our little Princess Sophia.   I spoke to Brook one of the owners and was able to get an appointment the following day and she seemed very friendly and casual. I told her that we had a malti tsu about one year old.   Brook the woman who groomed Sophie did let us pick out some pink bows to put in her hair and had numerous cats walking freely around the business. Great if you like cats, not so great if you're like me who doesn't.   When we picked up Sophia, she did look cute. However, we quickly noticed that her hair was extremely knotted where her rubber bands gathered the bows on to the sides of her ears. In addition to that which was really bad, her haircut was completely uneven and choppy. It was bad and normally when I get her groomed, her under eyes are nice and clean. Her eyes where wet underneath and not thoroughly clean. Brook also went on to say that Sophia was uncooperative when she was being groomed but I've never had any complaints and she is after all, still a puppy. Needless to say, I was disappointed the more I looked at the job we paid for and I will definitely look for another groomer in the area.",0,1,0.5635611,0,logreg_right_neural_wrong
test_29771,"Two very big issues with this place:  1: The window actually says """"Puppy Sales"""" on the window. Puppy sales.  2: The business is located right near a kwik-e-mart and a Bar/music venue. They have animals stacked in crates right by the windows (not sure if these are owned dogs that are boarded or if that is the """"puppy sales department""""). I'm not sure how big the place is inside, but they could easily figure out a floor plan where the dogs could be kenneled where they can actually sleep. Being kenneled in a strange environment is hard enough, but Puppy Land has them kenneled where they are subject to patrons of the plaza hitting the windows and barking at them. Even the passers-by that weren't being obnoxious didn't see the problem with tapping on the window, talking to them, or using body language the dogs might see as """"challenging."""" There is also light from the plaza that comes in that window, even at night. Other areas of the facility were much darker from what I could tell.  Bottom line: If you are going to open a business that caters to pet care, make sure you are taking care of the pets. They are not products. They are not dollar signs. They are living things that need all of the advocates they can find. And the dogs in this establishment deserve some alone time at night- living in a kennel is stressful enough. They don't need us humans having easy access to bother them.",0,1,0.5710246,0,logreg_right_neural_wrong
test_29781,"The atmosphere and ambiance of 1947 was quite good and there is no question that they have an outstanding selection of bourbon.  I was also greeted very quickly and cordially from the bartender who took very good care of me.  The reason why I am only giving this restaurant two stars is because I thought their food was not up to par.  I was very disappointed because I heard from several people who good the food was.  The discrepancy does not lie in the taste or quality of the food but in the quantity.  I paid $12 for a burger that was smaller than my coaster.  I'm sure it was quality beef and it was made well, but when I pay $12 for a burger I expect a $12 burger.  I think they should at least disclose on their menu how much you can expecte the burger to weigh.  Mine could not have been more than 5 or 6 oz.  The fries that accompanied my burger were quite good, but worth $12.  This came as a great surprise as the owners own Bites and Brews and Elbow Room, both of which I always have an excellent dining experience.",0,0,0.50734043,1,logreg_wrong_neural_right
test_29783,"I came here with my boyfriend's family (who are Mauritian) on a Sunday night for his mom's birthday dinner. The decor is decent, nothing too outstanding.  Although the place was only 1/3 full, it took the waiters awhile to acknowledge us. Five minutes of waiting around later, we were finally seated, without menus. I had to go over to another table where they were all set on and picked up some. A waiter finally came over to bring us water and although we asked for utensils, as only chopsticks are offered on the tables, he walked away with them in hand instead of giving them to us. He finally came back to bring them to us, and took our order.   We ordered the seafood soup, crab balls (YUM), beef & Chinese broccoli, crispy chicken, chow fun with black bean sauce, chicken chow mein, shrimp fried rice, Cantonese-style lobster and just regular steamed rice. We had asked to have the crispy chicken and steamed rice served simultaneously, but the waiter got all in a huff and said he can only bring things out as they are ready from the kitchen.   Our food started to trickle out slowly but surely, and here is what I thought; - The crab balls, although were pretty tasty, were a lot smaller than say at Kam Fung (for 3$ a piece you'd think they'd offer a little more sustenance). - The beef & Chinese broccoli was pretty good, although the meat could've been less tendon-y. Good flavouring though. - The crispy chicken was a let-down; it was pretty dry, and didn't taste too fresh. - The chow fun with black bean sauce was pretty delicious; it was my first time having it and I enjoyed it. - I have nothing but good things to say about the chicken chow mein; it had a good mix of crispy noodles and fully cooked ones. And the veggies weren't soggy as they sometimes end up being.  - The shrimp fried rice was pretty good, mind you they were pretty cheap with the shrimp; they sprinkled maybe 10 mini shrimp throughout the whole dish.  I don't eat lobster, and didn't have any seafood soup, so I can't critique those.  I was really hoping to get the lentil soup for dessert (soooo good), but, and I know this is stereotypical, I have a feeling because I was at the table (I'm Caucasian, and my boyfriend's family, as I mentioned is Chinese-Mauritian) the waiter brought orange slices and fortune cookies.   So all in all, it was ok, but I will stick with my tried and true Kam Fung.",0,1,0.7295522,0,logreg_right_neural_wrong
test_29788,"We drove all the way from the strip to try the bun hue and ginger ice tea. The bun bo hue had no hint of spice, huyet, or pig's feet. I had Pho that was more spicier than this. Big disappointment however the ginger ice tea was good.   Food is 3 stars but will subtract one star for the high prices. I can get the same quality of food in Chinatown.",0,1,0.86283034,0,logreg_right_neural_wrong
test_29845,"Went here a couple weeks ago and really enjoyed it. We had a good lunch at a reasonable price. The beer selection is olid (gotta love gumball head) and the truffle fries/tipsy burger combo is bomb. Unfortunately my second outing was bad. My friend wanted to grab a quick burger and my girlfriend and I figured we would join him for a beer. We got in there from the 90 degree heat outside only to realize it was almost a hundred degrees inside! You are new and its the beginning of summer! Get the a/c workin! We were promptly sat by the hostess and looked over the menu for 5 to 10 mins until we found what we wanted. 5 more mins passed and we watched the same three servers walk by our table maybe six times without looking at us. This is a like 10x10ft room with four tables. It wasn't busy. We decided to wait 5 more mins. The guy server looked at us and smiled, giving us hope. He then continued to pull out his phone and text in the corner. Bye bye. We left and opted for the great dane. Tipsy cow, get your act together. You could be successful with your good food and beer, but aweful service will put you under in this competative town.",0,0,0.5087233,1,logreg_wrong_neural_right
test_29856,"Another chi-chi burger place, another disappointment.  What's a burger? It's a patty, its cheese and a bun. I don't need 2, 3 sauces, caramelized onions and short rib and both sesame AND poppy seeds. Can we PLEASE keep it simple and also... do all burger places have to make horrendously huge frakking burgers?  DO NOT call it Philly cheesesteak. 1, Cheesesteak is only made in Philly, you can drop that part. Plus it's made from rib steak, not shoulder. If yer gonna wit' whiz it, at least use Cheeze Whiz, not a copy brand. But as a beef and cheese spring roll, it work pretty good.  I could go into details, but I'm not up to it.  They made a tasty Tom Collins though. And the lemon pie was awesome.",0,0,0.68661296,1,logreg_wrong_neural_right
test_29923,"Pumpkin Spice. Red Velvet Cake. Friggin NUTELLA. These are the flavors I love the most...if any other froyo joint made them. I have passed by this place many times with my girlfriend, and always meant to stop in due to the sign outside advertising the red velvet cake flavor (my favorite dessert). I finally stopped in the other day to try some. I got some of the red velvet cake and nutella, and my girlfriend got the pumpkin spice. The toppings are irrelevant, because those are standard fare among froyo stores and hard to screw up.   Frozen yogurt, on the other hand, is apparently very easy to screw up. If you like their base flavor and are only adventurous enough to enjoy slight variations on it, go right ahead. But if you're expecting the flavor you get to, well, taste like the flavor you get, you're SOL. Pumpkin Spice tasted like the base flavor with a very slight hint of pumpkin. RVC tasted like the base flavor with a slight hint of cream cheese and chocolate. Nutella tasted like the base flavor with a slight hint of nutella. Due to my high hopes, their flavor could all be summed up as the flavor of sadness. I would recommend just about every other froyo joint than this one.",0,1,0.9022166,0,logreg_right_neural_wrong
test_29992,It seems like I'm always ordering the breakfast burritos when I come here. I wish I would change it up sometimes but they're so hard to pass up when I'm craving Filly B's!,1,0,0.53769255,1,logreg_right_neural_wrong
test_30030,"Surprisingly, I am not a big Pamela's fan.  It is OK,  not too expensive and a pretty big menu except that they do not have waffles!  How can they not have waffles?  I will get them a waffle machine!  I am not a big fan of their pancakes as I think they are too greasy and I prefer the light fluffy kind....Eggs and toast items are OK.... Good place to take kids.",0,0,0.9104897,1,logreg_wrong_neural_right
test_30067,"Let the music begin!...or NOT  You would think after the first time you would work out all the issues, but I guess not. TRANSPORTATION WAS A B****!!! Well I guess part of this miz can't be blamed on EDC due to the bad organization with the hotels and shuttles, however I can blame them for picking a place that involved like 1 road to get there.   The line up was GREAT..but oh yeah I could see anyone due to the high sat night winds....  I HATE the idea of the big venue...yeah now more people can go and its in VEGAS, but I miss the old days where you can easily bump into your friends and meet new ones. Due to the big venue it was harder to meet anyone and share the love and happiness with new people.   The PLUS..it was in VEGAS! so I got to do more stuff and not just this rave. However, I miss EDC 2009!",0,0,0.5996727,1,logreg_wrong_neural_right
test_30071,"Le Dorchester Square est un beau petit parc dans le centre-ville de Montr\u00e9al o\u00f9 j'aimerais probablement passer plus de temps si je travaillais dans ce coin l\u00e0 pour \u00e9vader un cubicule et me faire un pique-nique en solo. En ce moment par contre, je me retrouve dans ce recoin seulement quand la famille vient visiter et qu'ils ont besoin d'une carte de le ville disponible au centre d'informations touristiques juste en face. La parc comme tel, je l'aime bien, mais les rues environnantes et les b\u00e2timents qui l'entourent laisse un peu \u00e0 d\u00e9sirer. Pas mon favori, mais pas beaucoup de mauvaises choses \u00e0 dire non plus.",0,1,0.61921376,0,logreg_right_neural_wrong
test_30080,"These guys are Wow, we found a vehicle which was great an it needed to be looked at they said it would be an they would call us.. they next day we drive by it's back on the lot an No call.  Really how big of a liar can you be... No call was made an I'm sure No repair... such bullshit if I've ever seen!..",0,0,0.75250757,1,logreg_wrong_neural_right
test_30167,"Die Coffee Boxx gef\u00e4llt mir wirklich sehr gut. Tolles Ambiente und nettes Personal. Au\u00dferdem viel Platz, verschiedene gem\u00fctliche Sessel und St\u00fchle und R\u00fcckzugsecken. Draussen eine Terasse und Sonne :-)    Der Kaffee (kleine Tasse) ist in Preis und Qualit\u00e4t mit EUR 1,70 nicht zu schlagen. Wirklich absolut top!    Kleiner negativer Punkt war das Panino, was ich viel (!!) zu trocken fand und daf\u00fcr dann auch mit EUR 3,40 meiner Ansicht nach zu teuer (mal im Vergleich zum Kringel in der City war das nix).    Fazit: Super Laden mit Potential!",1,0,0.5189662,1,logreg_right_neural_wrong
test_30236,"I met a social group here last night for our monthly meet up. This was My 1st time @ Pizza-Re & was initially thrilled at the small space. Great for conversation. HOWEVER the pizza was mediocre. I love pizza & this was average tasting in My opinion. Fell along the lines of any pizza chain, pizza hut or domino's caliber. I was under the impression this was going to be some good gourmet pizza. The prices were gourmet but the pizza was ehhhh, I can't believe I drove from Phoenix for this pizza. They did have a low card option which was nice, but the only thing that was yummy was the cheese. The pizza with crust seemed large in size and simply average in taste. They do not sell alcohol but you can bring your own beer and wine, however they will charge you to open it! Great environment for socializing, but I certainly was NOT impressed.",0,0,0.5718049,1,logreg_wrong_neural_right
test_30282,"My husband had a strawberry-banana licuado (smoothie practically liquified) and I had a chamango.   The hubs's licuado was tasty. Mine, on the other hand, was the worst Chamango I've ever had :(  It was started w/ Chamoy on the bottom then large chunks of fresh mango, then 2 scoops of some mango sorbet then more large chunks of mango. In between there all that there were layers of Chamoy. I think I counted 3 ice cubes and then it was topped off w/ Chamoy, a fork and that straw thing w/ spicy stuff (OMG, I grew up in San Diego, you'd think I'd know the proper terms :T). I'm used to the mango blended w/ ice and sugar then layered w/ the Chamoy and enjoying through a straw, this was too much work and overly sweet!   I was super disappointed especially since when you try to yelp/search for places like this here in Vegas, we got some slim pickins!  We'll be back, but I'll have a go at something other my beloved Chamango.",0,1,0.66649073,0,logreg_right_neural_wrong
test_30331,"I wanted to love you Spicy Pickle, but it was your pickle I liked best. I had the Bandito panini with Peppered turkey, pepperjack, roasted red peppers, sundried tomatoes, chipotle mayo. I took the sandwich to go and by the time I got to eat, it was pretty soggy. The blend of flavors didn't save it. I'll have to give it a second chance and dine in, maybe try a specialty sandwich instead.",0,1,0.6646934,0,logreg_right_neural_wrong
test_30355,"I was excited about the prospect of Ali Baba's. It's owned by the same folks who run Open Sesame Market, right next door. The market sells great products so I figured they should serve them well too. However that's not the case.  We ordered the lamb kebab and beef shawarma plates, the appetizer trio (choice of humus or babaganouj, falafel and dolmas) and fries. The fries were underdone and over seasoned. The lamb and beef were seasoned fairly well but were overdone. The dolmas were bland, the falafel was pretty tasty but, get this...no humus or babaganouj. They ran out! I'd go back to a joint just for the humus if it was good enough. You can't run a middle Eastern restaurant and run out of humus, it simply isn't done. The food is dirt cheap, I can give them that, and the service was excellent. Those were the only bright spots of the experience.  I definitely recommend a visit to Open Sesame Market but if you're hungry do yourself a favor, head across the street and hit up J.T. Gryos. He sources his stuff from Kronos Foods, but Kronos ain't bad at all and J.T. really knows how to slang it.",0,1,0.5986558,0,logreg_right_neural_wrong
test_30420,"The lobster rolls are ok, the style is non traditional I'm told, still tastes fine to me. Bread was pretty deliciously seasoned and toasty.  It comes in two sizes, either large or extra large. The rolls are neither. Portions are small, could easily eat two. If you're going to call something large it better be freaking large. If they called it regular and large, I would of felt less ripped off. You're seated in the middle of a mall, so there's some decent people watching, if you're into that. They had some pretty fine females inside the bebe store. Highlight of the meal.   We ended up going to earl of sandwich immediately after because we were still hungry.",0,1,0.55999017,0,logreg_right_neural_wrong
test_30421,"So as my girls and I were waiting 4 our table @ burGR, we decided to walk around and we were hungry and looking for a snack.  We came upon this place. Lobster ice cream.  I'm a HUGE fan of lobster (thanks BOSTON!)  So we ordered a lobster and chips. . . it was over battered and fries were over cooked. The only good thing was the margaritas.   Service sucked.  Young girls with attitudes, rolling their eyes @ us.  This will never be as good as the ones in Boston.",0,1,0.5725152,0,logreg_right_neural_wrong
test_30508,I had a pleasant experience.  They were quick to find me a stylist (as I had no appointment) and the stylist took her time with my hair. I could not expect more; especially with a $5 price tag!!!,1,0,0.59090924,1,logreg_right_neural_wrong
test_30532,My Sunday ritual consists of sauntering into this establishment and doing the city paper crossword (in pen and I can't spell). Bummed they cut back the brunch menu but it is still a clutch brunch spot (and it's safely away from the masses lined up outside of Pamela eagerly waiting to get their fix of butter soaked everything with a side of afternoon diarrhea).,1,1,0.5540958,0,logreg_wrong_neural_right
test_30565,Went to Madison's for a beer after work. Beer is the coldest on the West Island. Service excellent. The TV's within the bar are not overwelming like some other places. Have not had the food in the resturant  but the bar food OK.  Would recommend to anyone wanting to have a cold beer and relax after work.,1,0,0.7738162,1,logreg_right_neural_wrong
test_30566,"New restaurant, the food was not bad.  There was no one there but our table when we went, I believe that is because they are located in a business district and most customers come in for weekday lunch (we went for dinner).   Our server is nicer and more attentive than most other servers I've had.  Just for the friendly service I would recommend people giving this place a try, plus the food is pretty decent.",1,0,0.7517254,1,logreg_right_neural_wrong
test_30589,"I listen online: The player is quick loading and doesn't slow my system at all. The player works just as nice in my classroom when my students are working independently.     The music isn't as clear as it could be but love the music from my era.   It's """"My 103.9"""" now, not x 103.9",1,0,0.6540625,1,logreg_right_neural_wrong
test_30600,I have been to Copper Kettle multiple times and in the past and when i say past i am talking about couple of years ago when they weren't at there current location.  So i was at copper kettle couple of weeks ago with my family for their buffet and long behold the food which was being served i can swear was from the night before. I mean come on people make some fresh food if you want people to come back and eat. I told me family this place was so good when i was doing my rotations that i have to go there again but was extremely disappointed. The only reason this place is getting 2 stars is because it was clean and the Naans were fresh and good :),0,1,0.7081852,0,logreg_right_neural_wrong
test_30621,"I used to love this place, the food was great and the service was awesome.  However for the past year it seems like a revolving door of management and staff.  The food is decent now, but the service is so slow, even when they only have a few tables for lunch it still takes way over an hour to get in and out.  I have noticed lately the only time they are busy at lunch is when there is a convention in town.  It's a shame this used to be great.",0,1,0.6208139,0,logreg_right_neural_wrong
test_30647,Service is sometimes too slow and unattentive.  But food is always good and happy hour beers go well with the happy hour hummus trio tapas.,1,0,0.7571932,1,logreg_right_neural_wrong
test_30653,For a city that has limited Mexican cuisine this place is worth trying but it's far from the best I've ever had. The entrees are inventive but fall short when it comes to construction. The drinks are decent but overpriced. Staff is mediocre. Happy hour is a good time to visit as the standard margarita's are the best.  I like tacos and Yo Rita and every truck in southern Cali trumps this place. That being said I am vegetarian and my meat eating friends said the fish here was great.,0,0,0.5062126,1,logreg_wrong_neural_right
test_30655,"I know I am picky about my Mexican tastebuds, and I just cannot find much food I love here. I am Southwest Spoiled.  I am sure this is a great place for those who adore tequila more than me but it really is more of a fancy booze place then a great restaurant.   The prices seem great until you see your smaller portions then at that rate you need to order more food. We tried the double guac app which came with a little pork belly. The pork belly was great but one of the guacs was swapped in over salty queso cheese and honestly it was borderline gross. Way too much salt packed into a little punch not enough fresh garlic or lime or cilantro flavors in their guac.   I ordered the chicken enchiladas they were new American style meaning not baked they used corn tortillas (not a great choice if you love soft enchiladas. Their was some odd white sauce with the chicken which was nicely cooked, very tender. The rice was overly bland and beans were just ok. In short I doused the thing in Cholula and longed for my own mole pulled pork enchiladas.   The drinks: we had mojitos the first ones were good the second had way too much lime juice. I guess as the night wore on less care was taken. I could say the same for our waiter he was very attentive until after our appetizer came then we barely saw him.   The positives its a very nice space to eat in, we were able to be seated on a feb sat night within a half hour. But next year I'll be sticking to my first choice for a birthday dinner. If you're wanting authentic flavors you won't find them here more new american mexican. I think with a little help this place could be great but it is just isn't.",0,1,0.5830122,0,logreg_right_neural_wrong
test_30702,Bad place to watch any game. They play load music while people were trying to watch the World Cup game on TVs that don't have speakers. We din't order anything and Ended up going down to Chayo Kitchen & Tequila Bar. There we watched both soccer games with a couple of buckets of Corona light (have to watch the calories so we can eat and drink more).,0,1,0.6862139,0,logreg_right_neural_wrong
test_30764,"Excellent chicken that I like more than some of the other quick service tex-mex places; HOWEVER, the quesadilla comes with no extras. Salsa is 99 cents, quac us 99 cents.  I can understand the quac, although the portion size is a partially filled 2 oz container, but to pay for salsa??  The quac does not compare to chipotle. And I wouldn't pay for it again.  The rice and beans are decent, but I would gladly give them up for some salsa!",0,1,0.6368118,0,logreg_right_neural_wrong
test_30816,"In response to Brian M. of Precision Window Tint from 8/21/2012:  It was actually The District parking lot. And the reason it was parked there is because I live there. Brian sure has a great imagination of how he wishes his conversations went. The entire reason I called Precision Window Tint in the first place was to take my car to Brian's place of business to get the whole thing taken care of. I would NEVER expect anybody to leave their shop to work on my car somewhere else (that doesn't make any sense). Brian's poor customer service skills have caused a huge headache to a very simple and logical solution. I run my own business and pretty much know that cussing out and threatening people is not in any way, shape, or form; good business.",0,1,0.6863772,0,logreg_right_neural_wrong
test_30826,"Everything is always great service, food, and atmosphere. My only complaint is I came back from vacation and my bartender Matt is not longer here. I won't be back as often now that he is gone.",1,0,0.6184419,1,logreg_right_neural_wrong
test_30873,I was not that impressed. I appreciate that they were open 24 hours and they were friendly. However they didn't want to prescribe anything because they wanted me to see my regular vet. So basically I paid $140 bucks for a supplement with the instructions to go to my regular vet in the morning and spend another $140 bucks.  I went there with a cat that couldn't stop sneezing had labored breathing and was showing a third eye.   I was under the impression because they are the backup for my vet and they worked together. They do not work with your vet. They are basically a urgent care.   By the time I got in there and waited my cat had calmed down so even though they agreed she needs additional antibiotic they sent me home with a supplement. I couldn't even find out what her temp was. If your pet can wait go to your regular vet.,0,1,0.6534256,0,logreg_right_neural_wrong
test_30936,A little undecided here as standard pricing is on the high side but they sometimes offer groupons and have some decent happy-hours.. Mainly nice that they have a swanky bar adjacent (The Living Room) to change up the scene when the time comes.,1,1,0.85550743,0,logreg_wrong_neural_right
test_31070,"This chain hurts my stomach after I eat it. I don't like how they man handle your food in the assembly line. I don't like how fatty the chicken is. There are hundreds of authentic taco shops to get your food from that kick the snot out of this place. Thumbs down, full boycott.",0,0,0.74621487,1,logreg_wrong_neural_right
test_31077,"I love and respect Mayor Goodman, but when it comes to a steak, we can all do better.   I only heard one good review, and it was from this guy named David Sadjak, who lives by the motto; """"A free meal always tastes better"""".  He loves Bucca Di Pepo, and every second rate buffet in town, that gives him free or half priced food, and in his case, someone else was buying.  I had to see for myself. I can only sum it up one way;  On Anthony Bourdain's programs, he always tastes the food and then raves how good it is. If he has nothing good to say, he just doesn't say it. He talked with Mayor Goodman about the """"old days"""" of Las Vegas, and did not say one thing about the food.  Since I can't say anything nice, out of respect to Mayor Goodman, and his service to the City, I will simply not say anything.",0,1,0.6030492,0,logreg_right_neural_wrong
test_31108,"I'm truly surprised that the reviews for this place are as high as they are.  I've been here a dozen times and I've never had a meal that was better than mediocre.    Pros: The service has always been really friendly and attentive and our food has come out quickly and correctly without exception.  Cons: Everything tastes like it has been sitting under a hotlamp for several hours.  The food is--at best--bland and highly processed and the prevailing """"taste"""" is salt.  In short, it's the kind of place you would either go with your kids on a Saturday morning or go to try to gorge away a hangover.",0,1,0.5631294,0,logreg_right_neural_wrong
test_31188,"The food is good, and they have most everything one could want, but the price is a show-stopper.  For a lot less that $20, I can find everything available here, except the prime rib, for a lot less elsewhere.  There was the potential for a wide variety of sushi, except the platters were always empty.  There was gelato, but only three flavors since they were out of chocolate and mint chocolate chip.    With better prices and lots of coupon deals at Oriental Buffet, and a better selection for a few dollars more at Wandering Horse Buffet, this place seems to be caught in the never land middle ground.",0,0,0.51473737,1,logreg_wrong_neural_right
test_31224,"I got a speeding ticket and LV Traffic was the best way to eliminate the hassle.  There was really no reduction on my fine- I paid $50 for the attorney's fees and got $50 off of the ticket, but I don't have to do traffic school and I don't have any points on my record.  Subtracting a star because the correspondence stated that I would be able to call the court to set up a payment plan and when I called the court they said that it wasn't a possibility.  Joseph called me back instantly and apologized for the misinterpretation however and I thought that was great customer service.  Hopefully won't have a ticket again, but would definitely recommend and use their services again!",1,0,0.78766465,1,logreg_right_neural_wrong
test_31258,"Giant burritos,  Uncomfortable chairs, limited hot sauce selection and  growing prices.  This review shouldn't be useful to most as if you have had chipotle one place you have had it everywhere. This is the latest location in down town phoenix, it is a popular lunch spot and not a bad option when you need a quick bite.  Their guise of healthy is tempted by the realty that a burrito can quickly soar past 1000 calories. It is nice that they have added brown rice as a option at no added cost.  I had the vegetarian fajita burrito 6.85 Brown rice, fajita veggies, black beans (the pinto are not veg) salsa cheese and don't forget the included guacamole at no extra charge.  Here is a great tip, before opening your burrito, give it a massage, mix up the inside so you don't end up with a bite of pure guacamole or rice.    Fir seats you get to choose from small hard wood seats with a back or small padded backless fixed bar stools, both say eat and leave ASAP.   Over all its something to eat that is not bad or to pricey and the location and addition of brown rice makes it a 4 star from what would be a 3 star chain.",1,0,0.6838832,1,logreg_right_neural_wrong
test_31318,"I came here with a freebie gyro coupon, and I must say it was way bigger than expected, not dry and the yogurt sauce was tasty, but wish I had a little more, as I ate half and save half for the next day, with no sauce : (   . Yes the average cost for a gyro is $7-8, which is about right... And service was fast and friendly...",1,0,0.51034606,1,logreg_right_neural_wrong
test_31341,"The inside is really nice with the views of the fountains. But I only give it 2 stars because the music was really crap. Some of the songs were played several times in the same hour or so we were there! I could play better songs on my iPod, and I'm no DJ! We got in for cheaper as we were staying at the bellagio, and as chicks we got 2 free drinks with a choice of vodka or champagne... Which was warm! The dance floor is very small due to the sectioned off areas at both ends of the d floor. I wouldn't recommend this place to anyone.... XS nightclub however was awesome!",0,1,0.5718671,0,logreg_right_neural_wrong
test_31357,"I visited Fujimi after a client recommended it to me after learning of my weekly visits to another sushi bar, farther away! Now I visit Fujimi's Yoshi, every week! Not only is the sushi and sashimi of the highest quality, but the presentation is picture worthy every time! I've personally recommended Fujimi to all my clients, even offering to personally refund if their not completely satisfied with their overall experience! Every client has reported back to have the same experience as myself... So far I've not had to refund.... And I don't believe I ever will!",1,0,0.5367423,1,logreg_right_neural_wrong
test_31385,"My wife and I went to Brazz on a Groupon discount. After reading some of the reviews I was a little afraid that we would be disappointed. That was not the case. We were given perfect service by our waiter Clinton and the others. The salad bar was very fresh and enticing. Each of the meat items were prepared as requested, and these servers were very efficient. We will be repeat customers!",1,1,0.65680355,0,logreg_wrong_neural_right
test_31388,"Why are all our reviews being filtered or deleted? Something is very wrong here and this needs to end! If you are researching moon doggies rescue, make sure you click on the very bottom tab (filtered) there are about 10 reviews that were filtered with true stories regarding this company.",0,0,0.51242304,1,logreg_wrong_neural_right
test_31409,Nothing special. Had an omelette and it tasted like something I'd have in a buffet line. Their toast is amazing though as weird as it sounds. Good butter!! May come back to try speciality pancakes!,0,1,0.79787606,0,logreg_right_neural_wrong
test_31435,"A relative from France was in town and wanted to checkout a Vegas club so I took her here, formerly known as Jet.  I didn't care for Jet too much but I figured I'd give this place a try since my friends were having a girls night out here (7 girls and 1 guy, yes it's still a girls' night out since he's gay).     This place might as well still be called Jet.  Everything inside was the same but possibly more bottle service tables than Jet.  The music was the same...random genre and mostly mainstream songs that you hear on the radio.  The dance floor still tiny as ever.    We went on a Friday night and it was packed so I could only imagine how Saturday is.  There was no space to even maneuver on the dance floor, let alone dance.  Even though it was packed, we were able to order drinks fairly fast and the bathroom lines were short, so kudos for that.  We left after two hours since it wasn't much fun.  Overall, I will not come back to this club.  We probably should have went to XS or Marquee.",0,1,0.5082002,0,logreg_right_neural_wrong
test_31497,"Came for lunch today with a friend.  We both wanted at least 2 rolls and didn't want to go broke paying for them.  Quality was good. Service was a little slow.. there was only 1 waitress hopping between all of the tables, and they were all filled up by the time we were done eating.  We both had AYCE for $19 with an iced tea each.  With tax it came to $22.11.  I ordered a 911 roll, shrimp tempura roll and a spider roll.  All 3 were very good.  Wish I had saved money for tempura ice cream.  I'll be coming back for dinner which is $22 for AYCE with my husband one night in the future.",1,0,0.83646214,1,logreg_right_neural_wrong
test_31509,It is your standard pizza joint. Nothing spectacular for food. It was super crowded during dinner on a sunday evening. We waited about 30 minute to be seated. They gave the kids crayons once seated which is nice.  We ordered for the table pizza and salad. Waiter was really nice. I guess for Vegas I was expecting more. There are several tv screens with sports playing on it. I guess this would be a good place for guys to hang out.,1,1,0.5205711,0,logreg_wrong_neural_right
test_31513,"Our waiter Daniel was great!!  Side salads are not listed on menu but are $3.99. Buffalo chicken pizza was good. I ordered the Romania  chicken salad. The chicken was dried out,  but Daniel & the mgr were quick to bring out new chicken. Maybe stick to the pizza imo.",1,0,0.51271355,1,logreg_right_neural_wrong
test_31521,"Cool place. Door guy was personable had a bunch of fun all types of girls, one girl while giving me a lap dance slipped and her bony crotch injured  my ball bag , she also smelled like she had a dirty diaper up her crotch , other than that great  place",1,0,0.70146847,1,logreg_right_neural_wrong
test_31524,"Excited for a new Vietnamese restaurant; there aren't many in this area.  Maxim is my favorite restaurant based on quality of food, but the service has become very unfriendly (to the point that I feel uncomfortable even picking up my food there).  Rice Paper down the street from me is good, but a little pricey and trendy for an ethnic restaurant (and the """"mix-ins"""" they provide with the pho are VERY MUCH lacking [no cilantro!]).  At Pho House, I ordered takeout of beef pho (I ordered it with no beef, just noodles and broth... my vegetarian compromise) and the shrimp spring rolls.  The broth had a much stronger beef flavor than the balance I'm used to at Maxim.  Tasted a little overpowering to me, but I still enjoyed a good bowl of pho.  They didn't skimp on the mix-ins :) And the noodles were separated from broth, but soft, not requiring any further boiling at home.  Shrimp rolls tasted great, but I did not realize they came with pork inside also (menu didn't specify).  Wonderful, friendly service.  Looking forward to trying more of their food.",1,0,0.81998616,1,logreg_right_neural_wrong
test_31550,Not only is the bbq close to me but I can also get gas and a car wash at the same location lol. The food is really good but the sauce is just so so and thats the only reason it's not getting a 5 star.,1,0,0.68526345,1,logreg_right_neural_wrong
test_31575,I suffer from leg pain in my calf where Michael herion lasered my veins. The vein I went in for help with ( one visible large varicose vein) was left open and one of my healthy functioning vein valve got sealed shut. So needless to say the bad functioning vein is Worse. I have to live in pain in that calf area. I have to live with fear of one of the blood clots I get will be a bad one. Thanks for disrupting my life Michael Herion. Thanks for lying to me telling me vein is closed when every other ultrasound tech says it's open. Thanks for painful procedure . I should have sued.(Back in 2008),0,1,0.7240859,0,logreg_right_neural_wrong
test_31608,"I love this place. I have been ordering pizza from here since literally the first week it opened. It is affordable and much better than anything you will get from Hungry Howies, Dominos, or Little Caesar. The best part is that they deliver $5 pizzas with only a $2 delivery fee. You get a one topping pizza for 5 dollars and they do not differentiate between what is a premium ingredient or not. For example, you can get a feta cheese pizza for the same price as a pepperoni. In the beginning the crust was a little inconsistent but now that they have gotten into a groove it is my go to place for a late night za.",1,1,0.526711,0,logreg_wrong_neural_right
test_31624,"For all of the technology, polish and inherently intriguing aspect of American organized crime, I was profoundly disappointed with how little the museum engaged me.  Everything just felt hollow and disconnected. The information was there, but arranged in ways that didn't create a narrative. Some of the most interesting facts I got came from clicking on little plate icons in an oddly presented touchscreen section that likened each city to a meal and the country as a dinner table (or something like that). But the biggest and most eye catching items didn't give me any kind of new and robust understanding of history. The multimedia courtroom space was lovely but the actor portrayals weren't. The enormous """"crime in Las Vegas"""" connection screen was more confusing than anything else. And the section dedicated to mob movies was clearly more of a tourist draw than anything of substance.  I get that museums have to walk a balance between drumming up business and providing actual content. But I think that The Mob Museum skewed way too far into glamorizing crime for sake of ticket sales and avoided the """"what did we learn about the world through the lens of this museum"""" question far too much.",0,1,0.57945883,0,logreg_right_neural_wrong
test_31626,Outstanding!  I was in Scottsdale for some golf and baseball. Threw my back out and was suffering. Looked like my weekend was ruined but I happened to find Thai Royal. Tara (sorry if name is misspelled) was a miracle worker. She worked on stretching my back and I was 100% better. Looks like I'll be golfing tomorrow :)  Thank you Tara and Thai Royal Massage!,1,1,0.52319044,0,logreg_wrong_neural_right
test_31707,"For food: 5 stars. For service: 3 stars is generous. My party of three went to Sushi Koma on a busy Friday night. We placed our orders (2 AYCE dinners, and one dinner entr\u00e9e for our non-sushi eater.) We ordered just a few things to get started, and were impressed when not five minutes later the first part of our order rolled out: a couple of rolls, and a gyoza app for our non sushi eater. We tucked in, looking forward to a nice meal. (OMG, tuna carpaccio with roasted shaved garlic! Amazing!) It was a busy night, but the place is small, and there were three chefs working the bar, and four servers, who were very attentive and sweet, BUT... totally disorganized.   All four of the servers seemed to be working our table, and while one of them would come around every few minutes to ask if we'd like to order something else, we had to keep replying that unfortunately, we were still waiting on items we'd already ordered and didn't want to order more than we could eat. There seemed to be no centralization of orders, and while having four attentive, very friendly servers is awesome, having just one server who made sure that our orders came out correctly and in a timely fashion would have been better. We had to ask for the rest of our order five times, and our non sushi friend waited about 45 minutes for his chicken teriyaki bowl. We were there for over two hours, and while the food was excellent, the efficiency and accuracy of the service was not.  One of the servers later apologized and explained that our entire second round order was given to another table by mistake. We waited about half an hour with no items delivered. With AYCE, at least you're not going to be charged for something you ordered, but didn't receive, but it's still annoying. We eventually got everything we ordered, but wouldn't have if we hadn't kept track of it ourselves. The food was wonderful, and the service was well intentioned and friendly, so I'm willing to give them another try, but I won't come when I'm in a hurry, or if there's someone I want to impress. I want to spend my meal enjoying my food, and not tracking down orders because one of my dining companion hasn't gotten his entr\u00e9e.   Tuna carpaccio, seafood tostada, sashimi roll, and chicken teriyaki apps are a must! The Elephant roll and Stephanie rolls were great!",1,0,0.8736112,1,logreg_right_neural_wrong
test_31720,"I like this place because you get your subs super fast and they're good for the most part too! I feel like the quality is better than Subway. I always order the Vito because I love Italian subs. However, if you want the meatier, thicker sub, I would go for the NightClub sub, because it's essentially the same, just with more meat and toppings. I've tried the tuna sub, which is good if you like classic tuna subs. Nothing special, just a good ol' tuna sub sandwich. I wouldn't go in with the expectations of classic Deli subs from New York/Chicago. If you want subs better than Subway though and want it done really quickly, then go here, you won't be disappointed. Oh, and one more thing... the sizes of the subs are all one length - longer than a 6 inch but not quite a foot long.  I think the hype is all in the atmosphere. Being in Surprise, AZ which is on top of Sun City, I doubt the loud rock music flies well with some of the clientele. I even heard some of the customers complain that the music is too loud. The manager explained that part of the JJ's chain's personality is the loud rock music. It keeps the atmosphere light and upbeat, along with their funny signs, rules, and sayings. The workers behind the counter even yell out and greet you the second you open the doors to enter the restaurant. This place is just so convenient for what it is. It's easy to get to, plenty of parking, and they even deliver 1 sandwich if that's all you order. Overall, I can say that I really like this place, which explains why that the staff I work with hits this place up at least once a week.",1,0,0.6258806,1,logreg_right_neural_wrong
test_31779,"Bachelor Party Weekend!  So we dropped the big $$ and got a 2 bedroom suite! The suite itself was freaking amazing. Definitely 5 star worthy. It had a tub, huge projector screen, super modern feeling and really nice.  Then why the 1 star? The service here absolutely sucked. For example:  1. Asked the cleaning staff to clean the room. Came back, and.... they made one bed. No new towels.  2. Called for some towels. Was put on wait for 15 minutes...  3. Called concierge to ask a question. Put on wait for 15 minutes, transferred to the wrong people. Transfered again to the wrong people. Gave up.  4. Called asking if we could get some toiletries. Was told no. Person hung up.  5. We wanted to book a Cabana. Apparently that's impossible unless you physically go out to the pool, hunt down one of the Cabana workers. Great...  Just in general, the place looks amazing until you want some help from the staff. Then you might as well bend over and kiss your rear.  Now normally that's not a 1 star, but the thing is this is Vegas. Going to any 4 star + hotels you will never have this crappy of service.",0,0,0.53320754,1,logreg_wrong_neural_right
test_31823,There ok a little price in and out still the best had a coupon for a free buger  so we got two double burgers one fry and two large drinks still was over  14 dollars like I said a little pricey well over 20 if I did not have the coupon,0,0,0.517074,1,logreg_wrong_neural_right
test_31867,"If you are price conscious and have shopped the competition, then you can rack up serious savings at WinCo (that even beats WalMart and Food 4 Less in some cases). But if you're not careful you will end up paying prices that are higher than Albertsons and closing in on what Whole Foods charges.   Store Layout: If it's not packed it's not bad to get through. And it's new so you don't get the dull and dingy feeling that Food 4 Less leaves one with.  Bulk Foods: is worth a close look, pricing is good, selection is surprising, but it's usually a zoo to get in and out of.  Produce: If the item is on the Dirty Dozen list for pesticides I buy organic at Whole Foods or Vons. But for everything else WinCo's pricing is very good, and the quality is better than I expected  Meat: Until they say they refuse to carry anything with """"pink slime"""" I stay away from any beef unless I know the brand / source. Lunchmeat, hotdogs, etc are competitive. Poultry is cheaper at Cardenas Markets..substantially so.  Dairy: They carry Meadow Gold cottage cheese made here in Las Vegas which tastes better than the stuff made in Texas.  Canned Goods: Private labels are where you save the serious $$$. And so far the quality has been very good or exceeding private labels at Smith's, Vons, Albertsons, Food 4 Less, and WalMart.   Yes it can be a zoo, sometimes the checkout lines are long, but again if you know your prices you can save serious $$$ here.",1,0,0.8171323,1,logreg_right_neural_wrong
test_31926,"Four stars for their schedule of national shows (good schedule choices - most of the best national public radio shows).  One star for their local content.  I'm rounding down to two stars, though, since I can stream national shows - I don't need a local station for that.  Local content is pretty weak (with the exception of The Allegheny Front).  Most of their """"news"""" time is spent on local press releases, leaving little time for coverage of stories that might actually have an impact on listeners.  (They also do this annoying thing of eating up big chunks of Morning Edition during the week by playing whole segments from Wait Wait Don't Tell Me.)  Their flagship noon current events show, Essential Pittsburgh, spends most of its time covering issues that have little Pittsburgh/PA connection - seriously doubt that 1/3 of the show's time is spent on local stories.  (Don't get me wrong - lots of the guests are local, but that doesn't magically turn a national or international issue into a Pittsburgh story.  ...And a British musician playing a show in town is not a """"local arts"""" story.)  The show's business news rarely covers major local firms, and their travel segments are mostly on destinations outside of western PA.    So, everything you can get by streaming other NPR stations is good.  The piece that can only be provided by a local station - actual, relevant local content - is sorely missing.",0,1,0.6414051,0,logreg_right_neural_wrong
test_31958,"Surprisingly this was going to be a 4 star review for a very clean hotel with more than adequate accommodations for a very cheap price.  I booked a room at the last minute for $12 on Expedia. Of course I expected to get hit with a Resort Fee, but $20? Give me a break! It's time some government regulators put a stop to this Resort Fee BULLSHIT! It started out as an insignificant $3-4 added to the daily cost of your room but when the Resort Fee is MORE THAN the actual room rate you gotta be kidding me!",0,0,0.73855823,1,logreg_wrong_neural_right
test_31994,"I don't usually write reviews of chains this large, but I had to mention this place.  I came to Venetian late in the morning, close to 10 AM.  But, I wanted breakfast.  Looked through the choices at the food court on the 2nd floor and was underwhelmed.  Decided to try chicken and waffles at this place.  Very glad I did.  You got 2 enormous waffles and 3 thick chicken strips for $12.99.  The chicken was breast pieces and was clearly not formed.  The breading is crispy but not greasy or overly thick.  While the chicken was great with the waffles, I preferred it more with the spicy grandma sauce.  I don't know what's in this stuff, but I wish they would bottle and sell it so I can put it on everything.  Highly recommended, and although the price is high, you got a lot of food for the money.  And, it's the Strip, it's par for the course.",1,0,0.6608611,1,logreg_right_neural_wrong
test_32058,"I grew up on KFC fried chicken. My family would have it at least once every couple of weeks. Over the years, my palette has gone from KFC to Popeyes, and now to local joints doing their own version of fried chicken. But one thing has always """"perked"""" up my long forgotten feelings for the Colonel. That thing would be... the Double Down.  I first saw the Double Down on TV a couple of years ago. After the initial backlash from the media and other groups, I thought that it would follow in the footsteps of the Arch Deluxe. To my surprise, I recently saw a commercial saying that they have brought back the Double Down. This time, I would not let opportunity to slip through my fingers.  This location is actually pretty nice. It's clean and well taken care of. Even though the hours say it closes at 10pm, the drive thru is open to 11. I came here at around 10:30 and the manager who took my order was very kind and helpful. What is great to know is that since it gets slower at night, they usually cook the food when the order comes in, so that they won't waste throwing away a lot of food at the end of the night. That also means that you will have fresh chicken straight out of the fryer, and not ones that have been sitting under a heat lamp for the past hour.  Double Down - Two pieces of breaded chicken that are fried until crispy. These are essentially the """"buns"""". In the middle of these buns are bacon, melted cheese, and the KFC secret sauce that taste very similar to ranch. I gotta say, this is probably my favorite sandwich of all time. I wish every sandwich could be like this. Fried chicken, bacon, cheese, and sauce in sandwich form. It's brilliant. I probably want to give the person who invented this a Hi-5. No, I should say, 2 Hi-fives!!! Maybe 3 but I don't want to be too greedy. Even though it's ok because I like the sandwich so much.  Couldn't give the place 5 stars because I don't believe in factory farmed chicken. I'm sure the sandwich I ate was loaded with hormones and antibiotics. But, a great sandwich nonetheless. KFC, you slay me.",1,0,0.6038265,1,logreg_right_neural_wrong
test_32150,"I was here for lunch on a week day.   The service was great and I love the concrete bar.    I have to say that the whole concept of a sports bar / vietamese / modern restaurant seems strange but it works.   My noodle bowl was OK, but living in the Torrance area I can get much better and less expensive Vietnamese food on nearly every corner.",0,0,0.50256944,1,logreg_wrong_neural_right
test_32167,Flew out from LA to catch Bingo Players here back in April of 2012. Never thought it would be the last time I'd see both of them spin together :/ Environment was great! Drinks weren't overpriced. I love seeing DJs on a personal level and this club/restaurant gave you just that! Surprised to see that it's closed now. Maybe it'll reopen in the summer. Rattle on Paul! We know you're watching down on us all!,1,0,0.67285967,1,logreg_right_neural_wrong
test_32199,"So I had just been thinking that what Neonopolis and East Fremont need is a cool gay establishment to help revitalize the area.  After all, before the gays, West Hollywood was just a grungy area of unincorporated LA county.  Palm Springs? Forgotten movie star playland.  I wonder if Avalon would be cooler if the Santa Catalina Island Company started to promote to gays?  Anyway, all these thoughts went through my head and then I saw an ad for Drink and Drag, so I decided to check it out.  Once again, someone beat me to the punch.  First visit was around lunch and they were closed, but the door was open and I found one of the employees telling some tourists what the place was about.  I came back later in the evening, got some drinks (they still let me get the 2-for-1 special even though it was like one minute until it was supposed to be over).  They were all really friendly.  Employees were a mix of drag queens and go-go boys.  By the way, drag queens dancing in the bowling lanes is hilarious.  Also, I don't normally go to bars alone, but did in this case.  Found the patrons to be really cool and met a couple of new friends.    So run, don't walk (unless you're in high heels) to Drink and Drag!",1,0,0.7073618,1,logreg_right_neural_wrong
test_32226,Good food. And the waitress leaves you alone...until you need a refill on drinks.,1,0,0.6142551,1,logreg_right_neural_wrong
test_32239,"Not very good, I'm shocked that this place had so many stars.  We recently moved to the area and are looking for amazing sushi, this wasn't it.",0,1,0.5186054,0,logreg_right_neural_wrong
test_32275,"As much as I enjoyed the food, it was just extremely expensive! My husband and I ordered the breakfast sandwich & quiche Loraine & a few other goodies and our total was so high! Don't get me wrong, the food we ordered was delicious! But I don't think I would pay that much again. Also, I got the 8-piece Macaron box. They were small & pricey as well. I've had better to be honest.",1,1,0.62921184,0,logreg_wrong_neural_right
test_32290,"Super! Not only is this some of the best pizza you can get, but its """"pizza with a purpose"""". The restaurant hires underprivileged kids who would otherwise find it hard to find a job. Read the postings on the dream wall while waiting for your order.",1,1,0.6464143,0,logreg_wrong_neural_right
test_32315,"Went in for my first visit last night with a party of 20.  Service was great but the menu consisted of nothing special.  This is one of those restaurants where you know one visit is enough.  Womp, womp.",0,1,0.5043559,0,logreg_right_neural_wrong
test_32363,"Been here a few times. The service isn't the best (usually only 1 or 2 employees constantly on the phone or running around), but we've always taken it to go. It's usually about 25-40 mins depending on how busy they are.  We've had the chicken tandoori, chicken tikka masala, masala dosa, garlic naan, and others. The naan can be hit or miss; tonight it was rather dry and crispy. The various sauces that come with the dosa are about average.  I've never had an issue with missing items in my to go order, but I was double check the bag for any take-out order.  I'll continue to go back, as they provide great value for the food/price points. If you don't want to drive to Scottsdale or up to Pinnacle Peak and pay 2x as much, then I recommend this place!",1,0,0.5098785,1,logreg_right_neural_wrong
test_32366,"Asked for medium rare,got rare.The sauce is not homemade.Willing to bet its from a can.It murdered my tastebuds",0,1,0.7950976,0,logreg_right_neural_wrong
test_32386,"You wont find many places to sit, don't expect wait staff, or cutlery, but the food is good, the service is personal.  Breakfast was tasty and filling",1,0,0.67837083,1,logreg_right_neural_wrong
test_32398,Basic takeout joint which happens to get it right.   Been using them for 2-3 years.   Never disappointed.,1,0,0.99308205,1,logreg_right_neural_wrong
test_32399,"Black jeans, grey shirt, black tie and black Chucks. Sounds like something out of every hip GQ man's closet, my closet. As cool as I dress, sorry to disappoint, that is your waiter's wardrobe my friend.   Super sexy and super loud. Decor is modern and cool as heck with their M16 lamps. Yep, you heard me, M16s! I couldn't read the chalk, but rumor is someone wrote the Art of War up there. I guess the M16's make sense now!  Food is A-okay, a lil' pricey though. My only gripe is about the bartender (see ART of Yelp), as I have not forgotten.",1,1,0.6002268,0,logreg_wrong_neural_right
test_32416,"My first review for this restaurant, although I've been eating here for the past 2-3 years. They took over from an Italian chain. When they first opened, everything was cool: attentive, friendly, even enthusiastic servers, good food and beer, good prices. Gradually, it appears that the managers/staff who originally opened the place have moved on. The result has been (in general) inconsistent service and food.   There are still a couple of great servers there, and if you get one of them, you'll have a pleasant experience. This past week, I ordered a chicken burrito for part of my meal; the burrito itself was fine but the sauce tasted disconcertingly like Ragu spaghetti sauce. (it should be noted, though, that they have the best salsa in town that I've found so far!) To top off the general decline, they raised their prices a couple of months ago.  As time passes, I'm finding fewer and fewer reasons to go back. Aside from hiring more enthusiastic servers, the one thing they could do to get back on track would be to get a little inventive with the menu. There's really nothing there that's different from any other Mexican restaurant in town, and what is different does not taste distinctive. How about getting back to basics -- street tacos, tortas, tlayudas, tostados?",0,0,0.5530055,1,logreg_wrong_neural_right
test_32431,"There's not really any reason to go here.  The atmosphere is generic-sports-bar, and the food isn't very good.  The pulled pork BBQ had very little flavor--probably my least favorite of any BBQ I've had in CLT.",0,1,0.79208237,0,logreg_right_neural_wrong
test_32476,"I come here because I'm a fan of this chain and because it's the nearest Church's near my house.  The place is fairly clean as it's fairly new.    Last time I came though they were advertising a family meal with 2 large sides for $10.99 right upfront streetside of the establishment and unbeknownst to me charged my card $11.99 a day before they changed the price the following day.  Strike one.  Then I go to order and tell the guy I want all spicy, he tells me he only has half my order for the spicy I was like don't worry I'll wait, I want all spicy.  Waited a good 8-10 minutes he tells me okay you're good to go.  Surprise I get home and half is regular.  Like W-T-F you make me wait and still give me what you wanted.  Strike two.  I'll update qt a later day in cqse I go back, their sweet tea tends to draw me in.  Hope I'm not in for strike three.",0,0,0.5522932,1,logreg_wrong_neural_right
test_32490,Tried this place today for the first time. Had a soup/salad combo. I had the Wisconsin Cauliflower soup and the Shanghai chicken salad. My son had the Milano panini. I was also able to taste the mushroom soup and I plan to get that next time. Food was good. It was a bit disorganized. The guy behind the counter asked me three or more times what I was having and was it for there or to go. They have no way of writing anything down. It's all verbal. And I didn't get my free chocolate covered strawberry :-(,1,0,0.56144893,1,logreg_right_neural_wrong
test_32494,"The bourbon room is an incredibly mis-titled bar. It's advertised as a lounge but there is nothing loungey about the place and there is nothing bourbon-y about it either. Hearing bourbon lounge makes you think of a classy place where you can actually sit around, enjoy drinks and talk with other people.  The Bourbon Room is NOTHING like that though. It's right next to the casino floor, there's a fair bit of seating but also a large dance floor area, but the music is deafening. We were there for all of 10 minutes (one shot was all) and then we couldn't stand it so we left. It's that loud, my ears flat out hurt. And drinks were a little on the expensive side especially when you can sit at a slot a few feet away and get free drinks.  At least it played good music - 80's music. And I love 80's music, but it was just soooo loud that you just wanted the music to stop.",0,0,0.7572252,1,logreg_wrong_neural_right
test_32634,"My Father's coworker gave him a business card of this place and gave high remarks of their massages here. He passed the info. to me and I finally had the chance to check it out. It's located southbound on Arville St., make a left after the neon purple lingerie novelty shop.   It's HIGHLY recommended to make an appointment here. It was busy and completely packed with guests when I walked in. Luckily, we made an appointment, but due to a miscommunication it was suppose to be for four not three. Since I arrived 10 mins early and checked in. Dina, who was at the front desk asked me for the last four digits of my phone number, but I told her my friend is the one that made this appointment and it should have been for four not three. She was kind enough to change and accompany us in this last minute mix up.   As I was waiting for the rest of my group, a party of five and a couple walked in without an appointment. Instead of bumping us like in nightclubs for table reservations.. there wasn't any greed here. I admire Dina for being loyal to her appointments and letting the walkins know they are booked right now. The couple stormed out angry without even accepting her business card that she tried to give them. The big group understood, left quietly, and didn't make a scene about it. My friend requested all female masseuses, but I stood up and said.. excuse me.. I would like a strong man. The front desk lady, Dina.. my two friends turned around and go whoa okay... not me. Dina knodded her head and said okay.. okay.. she wants a strong man. Usually even though I request this, I don't get a strong masseuse. Dina gave me what I asked for.   They are quite punctual with time and Dina asked if we are ready yet. Even though one in my party was only a few minutes late. She asked us if we can go in first and she will let my friend in when she arrives.   There are about twelve seats in one big room, dim lights, and relaxing music playing. If you have sensitive skin and don't want any lotion on your face... let the masseuse know before you start. You begin with putting your feet in warm water, then you lay on your back on a comfy chair/table. My masseuse, Frank started on my forehead and worked his way down to my neck. Then at my mid back.. lifting it up with his fingers and lowering at each section as he moved up to my neck. Then my arms and fingers. At one point after massaging my hands, he punches the palms of my hand like we're sparring, but I don't have any gloves on. In my mind, I'm like WoW... and held in my laugh, but shined a smirk of being hit like that. He wasn't being easy on me and Dina must have told him I wanted a strong man :P Good lord was he!?!? After that, he went down to my feet. Wrapped one up in a towel and went to town on the other. Pain... oh the pain!!! With his knuckle, he slowly pierced through the bottom of my feet and rolled his knuckle down. I seriously wanted to scream. Felt like Fire... but I clenched my teeth and distracted the pain by fond memories that always brings me to a happy place. I did this throughout my entire massage session. Once he moves to a different section, what a relief!!! Pain then pleasure.. then it's pleasure and then again.. Pain. Ooooh it hurts so bad, but feels so good!!! Then with his knees in between my legs, he massages my thighs and calves. Even massaged my glutes! If you don't like to be touched period.. this might not be the place for you. He literally stretches the heck out of every part of my body. He then asks me to flip over and he works his forearm on my back. Then stretches my arms. Punches my back and wah laa!!! I'm a new woman. I sat up and both my friends started laughing crazy at me. My hair apparently resembled a lion and strands were sticking out high as the sky. All good.. that's when you know you had a great massage! :)   Great deal and service. Tip double for their hard work, they deserve it. Convenient place to stop by after a hectic night at work, but call first and make an appointment or they might very well be booked up. My friend went yesterday and was amazed by their massage, so she went back Again with us tonight! Definitely returning for more pain.. sooner than later.",1,0,0.8160509,1,logreg_right_neural_wrong
test_32662,"Overall this is a pretty cool place with very good sandwiches.  I must have looked lost when I went in for the first time because the guy behind the counter patiently explained the process.  You pick a bag from a group (beef, pork, chicken etc.) then you check off what you want, things like a choice of mustard, cheese, types of other garnish, cold or toasted etc. Then you write your name on the bag and hang it up.  They were not very busy when I was there so the guy gave me a free drink and we chatted about the sandwiches and sides.  The price was right and my Cuban came out hot, crispy and very tasty.  The only issue I have is the downright horrible parking situation but that is not Which Wich's fault.  Just be aware, if you are in a hurry or easily frustrated, go somewhere else, even in a non-rush time (4:00 PM on a weekday) I had to go to the third level of the parking deck and it was agonizingly slow going.  Check them out if you have the time. They bring a whole new meaning to """"brown-bagging""""",1,0,0.5484631,1,logreg_right_neural_wrong
test_32701,"Facial is very caring.  Massage is alright.  The overall services are pretty good, but I would stay away from the products they carry.  Tried several as recommended by the staff.  Not only did they not help, it causes breakout and dried up my skin.  I've tried several people, they are all very friendly and good at what they are doing.",1,1,0.6786207,0,logreg_wrong_neural_right
test_32705,High end hooters.  You're looking at the next generation of strippers and nightclub cocktail waitresses in Vegas.  I don't mind.,1,0,0.834206,1,logreg_right_neural_wrong
test_32706,Food is average at best.  Third time here and the peaks are the only attraction.  Way better than hooters.  Plenty of tv's to watch the games.  Great location.  Don't make a special trip for the food,0,1,0.74386495,0,logreg_right_neural_wrong
test_32717,"Simply stunning! If you are musical fan, it's a must-see for you when you are in Vegas. If you are not, the show is also worth your time and money.",1,1,0.76741415,0,logreg_wrong_neural_right
test_32740,"During an outing with my boyfriend's mom, we needed to get our eye brows done for our last nights dinner and her last night in the United States.  She wanted to go to a salon that did waxing but when we came in the ladies said that they couldn't find the time for us.  So I yelped eye brow waxing and Javal Brow Bar came up.    Upon walking in, we then noticed that it they didn't do waxing for eye brows but my boyfriend's mother decided to give it a try anyways (personally I prefer threading over waxing).  The girls were nice and the wait was less to none.    So in all, My eye brows look completely better 'cause I've been trying to grow them out so you can only imagine the strays and my boyfriend's mom liked the results.",1,1,0.5801381,0,logreg_wrong_neural_right
test_32768,I guess my palate just doesn't appreciate the coffee these guys serve up. For those of you you do like their stuff... Enjoy!,0,1,0.5301412,0,logreg_right_neural_wrong
test_32773,"WOW service was bad... That is the waiter was awesome, the kitchen sucked in getting us our food. Although most all the food was good, some was less the good. The cocktails were delish. The restaurant was really beautiful, but strange for the area! I do not think they will be open much longer.... Sad...",0,1,0.5847077,0,logreg_right_neural_wrong
test_32783,"Of course there are a lot of mixed reviews here. This location is in the Airport.  Term. 4 Sky Harbor on the US airways side. Kid working the counter was nice and tried to handle everyone as well as he could. The lady behind me was yelling because, there was no Bacon left. It was 5:00 at night on Easter Day.  I got a Burger and Fries and an Ice Tea. I thought they were all really good.  Not too bad of a price either. I did not wait too long for my food and it was nice and hot when I got it.  The woman was still yelling at the kid because they were out of bacon. Hey, everyone just remember, it is not the fault of the emplyoees when things run out. That is management that does the ordering. Plus, you are making everyone work on Easter,I am sure they would all rather be home with their families. So spread the Joy not the Hate~",1,0,0.68954337,1,logreg_right_neural_wrong
test_32790,"My wife and I stayed at the Phoenician for the first time this past weekend for our anniversary.  I had heard many good things about the hotel so I expected the same to be true for the golf course.  I found the golf course decidedly average.  The conditions were actually slightly below average.  With so many great courses in Phoenix, I would recommend skipping this one as its nothing special.  On top of that, the 19th hole alcohol was absurdly priced.  They did have a tremendous beer selection however if that interests you.",0,1,0.5275868,0,logreg_right_neural_wrong
test_32796,"You would never find this place unless you go looking for it.  And you should go look for it.  It's in a small strip mall behind the McDonalds on E. Wash.  We came here on a Friday night and shared two dishes - we ordered the chicken burrito and 2 chorizo tacos.  We also ordered the guacamole.  The chorizo tacos were very good - chorizo can be greasy, but these were not.  Great flavor with fresh avocado and cilantro.  The burrito was very good too - the shredded chicken was super moist.  The guacamole was also very good - but the chips seemed like they were not so fresh.  They actually weren't even chips - they were full sized tortillas which you broke up to use as chips.  Also there was no salsa?  That was a bit odd - I know chips and salsa are a HUGE reason I go for Mexican food - they are my guilty pleasure.  I'll definitely be back though.",1,1,0.8143211,0,logreg_wrong_neural_right
test_32826,"Their dedication to customer service here is unparalleled! After my last review with the soggy pizza, they wrote me to offer me a pizza to replace the other and give them another chance at my convenience. While it never crossed my mind to stop patronizing this establishment, the gesture meant a lot!   Every pizza that I have had since has been top notch! The last time I was in the joint to pick up pizzas I mentioned my previous experience with the driver waiting for me to get back into my apartment, and they were like """"oh that's you!!"""" Only slightly embarrassed about locking myself out, and being recognized by my Yelp reviews. I guess I'm pretty much famous now. =P  They also have Mexican Cokes in the bottle!",1,1,0.7459134,0,logreg_wrong_neural_right
test_32850,Ive definitely experienced better. Very pricey! Wrapping technique needs improvement,0,1,0.938956,0,logreg_right_neural_wrong
test_32920,"Sorry I just did not like this show. I felt like the impersonator did an excellent job imitating MJ dancing. Where was the big Las Vegas production?  There was only a guitarist, keyboardist and a drummer with no good backup singing. The performance sounded like a karaoke. Come on Rio make it a big production.",0,1,0.611344,0,logreg_right_neural_wrong
test_32961,"The bruschetta was great!  The pizza however, was on par with Red Baron and Tombstone.",0,0,0.82207376,1,logreg_wrong_neural_right
test_33002,"So their portebello brie fondu appetizer is so delicious. It kinda just tastes like very good creme of mushroom soup. The veggies it comes with is three slices of tomatoes, carrots, and cucumber.  Their pretzels and cheese is pretty okay. Hardly comes with enough cheese sauce and it costs 75 cents to get more cheese....  However, if you order the chips with salsa and guac, you can have unlimited amount of chips.",1,1,0.78688234,0,logreg_wrong_neural_right
test_33074,"Presidents Day weekend FAIL on the """"come for lunch, stay for dinner"""" tactic. If we had gotten there 15-20 minutes earlier (1:30-2pm instead of after 2pm), we probably would have just made it. It's just that we waited over 1.5 hours in that ridiculous line, and it seemed to get worse (but great for King Caesar!) from there on out through the rest of the afternoon and evening. It sounds like these lines (for most buffets) are only this bad during peak times and especially over holidays/holiday weekends, so plan accordingly. It's expensive (dinner is $52 and I think I heard lunch is $42 or around there). You can pay an extra $15 for the express line if you don't want to wait like the rest of the lemmings. I noticed, for a good 5-10 minutes, it seemed like the cashiers were standing around and not ringing people up (probably a """"counter-tactic"""" to push it to 3pm and try to get the rest of these people in at the dinner price). Even after paying, we still had to wait 15-20 minutes to get a table. In the end, we probably waited close to 2 hours. Fortunately, we had no plans until at 7:30pm for the Beatles LOVE show...  So once we finally got into the buffet, I went straight to the seafood line and loaded up on king crab (they had snow crab too I think). There were oysters as well, but they kept on disappearing too fast - apparently the ratio of shuckers to consumers was severely lacking. One of the shucker guys dumped four oysters directly onto my plate after I stood there waiting for a few minutes though. The oysters were super fresh! So much so that my wife, not an oyster-eater, thoroughly enjoyed hers. The king crab legs were OK - some that we got weren't completely defrosted in some parts, so I found myself eating small bits of king crab ice at times. That said, Dungeness is still my favorite.... it's too bad they didn't have any of that cause I would have gone buck wild on it.   Man, I felt like a kid in a candy store... now, the last time we made a quick """"pit stop"""" in Vegas, we checked out Wicked Spoon. I was thoroughly impressed with that. But this is like Wicked Spoon x2, as another reviewer alluded to. It's literally almost twice as big. Amazing.  So I made it over to the meat station and picked up a nice chunk of brisket and a lamb chop. The lamb chop was pretty bomb. The brisket was okay. My wife got some prime rib, which looked good but by the time I stuffed myself with everything else I didn't get a good look or taste of it. She also got the spicy sausage and boy was it spicy. IMHO, the meat station at Wicked Spoon has the slight edge here.   Other interesting stuff I picked up:   Fried chicken & sweet potato fries - I didn't enjoy this as much because I was stuffed from the plates of king crab we destroyed. It was good though, and I thought the fries were pretty awesome (I think they were drizzled or coated in honey!)  Sushi - I only had one piece but it was pretty fresh.   Shiao long bao - yes, they did have these. And surprisingly they weren't bad - soupy and flavorful as expected.  Pho and tonkatsu ramen - the broth was slightly lacking but the option to even offer these was pretty impressive.  I was looking forward to """"chunks of honeycomb"""" that someone spoke of in another review. Disappointingly, I only saw a display of it (not sure if it was a fake display or real too) behind glass. I did get some """"honeycomb honey"""" which was pretty good though.  As far as dessert, we were pretty impressed but so stuffed full that we could hardly enjoy anything. Creme brulee, flan, mochi, gelato, chocolate covered strawberries...... EXPLODE! We seriously couldn't eat anymore... but then I just had to get a slice of pizza to cap it all off.  It all became somewhat overwhelming after a while, but I'd say the top things to consider: OYSTERS, crab (of course), lamb chops, spicy sausage, sushi, fried chicken.  One thing I almost fainted over when I saw it was a large hot table (ala Mongolian BBQ). They were utilizing it to grill in the Mexican section, but I thought to myself """"wouldn't it be crazy if they had Mongolian BBQ?"""" That would take things to another level, IMHO.  Too much to write about... too much thinking. Still digesting. Until next time, maybe. But only on a non-holiday, off-peak hour, and for lunch going on dinner.",1,0,0.51227677,1,logreg_right_neural_wrong
test_33075,Currently the best buffet in LV. I love how they give you the option of hot or cold crab legs (if hot-they are prepared for you right then and there). There is a wide selection of food ranging from ramen (the broth was actually quite good) to wagyu sliders (overcooked). I do appreciate that everything is portioned out for you so that food doesn't go to waste.   Try coming at off hours to avoid waiting for hours. The first time I came to Bacchanal the wait time was 3-4 hours. Hell no. I came back the next day and only waited around 40 minutes.,1,0,0.5984292,1,logreg_right_neural_wrong
test_33109,Thinking of going to buffet at Caesars Palace? Make sure you check in at least 4 hours ahead. I checked in around 7pm and waiting time was 270 minutes. (See my photo). I eventually checked in early with vip access pass. Regular buffet price is approximately $60 per person. My suggestion? Its not worth it. Food was good as any other restaurant with half the price. I give C- for service. Once was good enough. I have no plans for next visit.,0,1,0.5067841,0,logreg_right_neural_wrong
test_33130,"I love Cafe Rio - the service at this location was extremely laid back. Visited after the lunch rush, so the employees might have been slowing down since no one was in line behind me. Employees did not look happy - but the food was really good!",1,0,0.6296617,1,logreg_right_neural_wrong
test_33159,I use to live in Dubai.This place is only place that come closed to my taste for the simple freshest made to order food.Its self service.But the food is four star.,1,0,0.52018905,1,logreg_right_neural_wrong
test_33187,"We were driving back from Tucson and just wanted to pick up some Thai take out on our route.  I used yelp to find a restaurant with a good rating along the way.    Thai Basil seemed to be a good choice so I called the order in.  We had the fresh rolls, Pad Thai and Saut\u00e9ed Thai Basil Plate.  I was asked how hot to make the entrees out of mild, medium, hot and Thai hot.  I chose hot because we really do like a spicy dish.    We eat a lot of Thai so the flavors and heat of typical Thai dishes are very familiar.  If we were to eat here again I would have the Thai Basil Plate.  It has a nice Thai basil flavor with a slight sweetness.  Fortunately we have eaten in a number of very good Thai restaurants on our visits to Phoenix and we will not return here.  Both of the entrees were really mild.  There was no heat at all.  The Pad Thai was just not good at all.  It just didn't have much flavor.  The fresh rolls had a good flavor but I would have preferred to have tofu or shrimp in them.  In addition to the typical vegetables they had a crunchy something that we could not identify and there is no description on the menu.",0,1,0.83693266,0,logreg_right_neural_wrong
test_33193,"I used to love this place. When it first opened it was great, they had the most amazing desserts and stuffed burgers, then they changed the menu and replaced the desserts with alcohol. Now the burgers aren't as good, the pizza which used to be amazing is doughy and flavorless. They used to deliver but stopped that as well. I don't understand why a place that served great food changes the best things about their place... Maybe they forgot, if it's not broke don't fix it. I give them a month before they close. Sad bc I used to brag all the time about how amazing they are and would send people there, now I don't even go...",0,1,0.6110378,0,logreg_right_neural_wrong
test_33202,"For a long time, On the Roxx was the only place to go in Ballantyne for nightlife. Good thing times have changed.  I've been here a several times, from Happy Hours to late nights and was never impressed. I was a patron by necessity.  It's hidden behind Johnston Road and rightfully so. In the dozen or so times I've been here, there's been some sort of drama with the patrons and the staff continues on without a care in the world. Not overly friendly and not too mindful of taking care of the patrons. Also, there is an odor of arrogance of the patrons and staff; I know, I know... It's Ballantyne, but... Truthfully, if I'm going to head out for a night out on the town, I'm going Uptown.  On the Roxx just doesn't cut it.",0,1,0.5288939,0,logreg_right_neural_wrong
test_33266,Good food. Decor not gonna get you laid.,1,0,0.73270535,1,logreg_right_neural_wrong
test_33354,"Juan Taco catered my friends bday party! The taco truck just pulled up in their driveway! It was a great idea! The owners were so nice and the food was good! I asked for chicken tacos with no tortillas. She made it right up with no issues! Great idea for any party! She also said they weren't uptown anymore bc they got a diff gig. Tear, no more Trade and Tryon!",1,0,0.5757097,1,logreg_right_neural_wrong
test_33419,"Yes, pizza from Brooklyn, is brand/location advertising that is attractive to a pizza lover.  Even the interior decor of b/w framed poster is unmistakably New York New York; it is homey and warm without the crowd and the lines of a neighborhood pizzeria.  A """"Hello"""" when I walked-in was very welcoming and they had ESPN on so the sporty feel was nice too.  And then the order...  My spaghetti sauce is weak and watery; maybe it's just me but I want my tomato to be on the creamy, if not fresh and homemade (it does not help when they have the BIG can of tomato sauce on DISPLAY next to the counter). On the bright side, I think the pasta is texturally good and the meatball is a big ball of fun worth trying again.  I've never tried their pizza but it looks big and cheesy thin. You can get two slices and a drink for _____.  And then the bathroom...  Seeing it was not very busy when I was there, I wished the staff were more mindful on their cleaning, because unfortunately this would be the last thing I will remember about this place.",0,1,0.51533186,0,logreg_right_neural_wrong
test_33434,Pretty good  breakfast food - liked the meat lovers scramble. Not too greasy for what it was.,1,0,0.6687317,1,logreg_right_neural_wrong
test_33454,So it came down to a choice between McDonalds and this place with a french ass name and pictures of croissants everywhere.   Since ive eliminated fast food from my life completely after graduating from college I figure i'd take a risk and try some breakfast here.   The menu is pretty extensive but I decided upon an omelet- with ham cheese and spinach wary that it would be the cheap eggs that terrible restaurants use.   I however was pleasantly surprised when I got my meal- it came with a rather large croissant and a huge 3 egg omelet that had great flavor and hit the spot.  The service here was good and attentive and also kept the french fa\u00e7ade going when the told me to bon apetit.   The only 2 knocks on this place is the lack of refills on soda (1 dollar refills) and lack of hash brown or other side with an omelet.   Ill be back should I have some downtime at Sky Harbor,1,0,0.5743493,1,logreg_right_neural_wrong
test_33461,"I want to love Viva Chicken.  I really do.  I LOVE peruvian food and live just two minutes down the road.  I have now been three times, and it has slipped each time.    Every visit I have shared the chicken and the classic saltados (stir fried beef, tomatoes, onions, and french fries in a vinegary soy sauce.)  My first experience was a solid 4 stars.   The chicken was juicy and flavorful and the saltados were on point.   I should mention that saltados would likely be my desert island food choice.  I love almost every version.   On visit two, the chicken was ok.  Not as flavorful as I remembered, but still good.  The saltados however were kind of dismal.  Dry, tough beef and completely disintegrated fries.  It was almost like it had been sitting for a while, even thought I know that wasn't the case.   I left just a little unsatisfied.    Round three was just kind of sad.  I was determined to relive my fist experience, so I returned again.   The chicken skin was cold and flabby.  The saltados had a weird, charred quality to them with no decernable sauce.   Even the dulce de leche cookies for dessert were bad; sandy and stale this time.    The service however is impeccable.  They really try to provide a great experience.  If only the kitchen had the same consistency.",0,0,0.5315279,1,logreg_wrong_neural_right
test_33465,Not bad all. Love the beers,1,0,0.6240101,1,logreg_right_neural_wrong
test_33496,"I signed up for the """"Black Card"""" membership ($20/month) over a year ago and was fairly pleased with the experience of working out here. While the service isn't *exceptional*, the price is right and everything is well maintained. I'm sure the """"Black Card"""" membership is perfect for many customers (tanning and aqua massages included, plus free guest daily), I found I wasn't using the additional services. I don't tan or use the massage tables and I rarely bring people with me to work out. But I made a one year comitment to the higher price, which was fine. That was my choice and I can live with cost. The problem came when I tried to downgrade to the $10/month option after my year commitment ended. The gentlman I spoke with told me that I would have to pay a $50 """"activation fee"""" (which was waived when I opted for the year commitment). An """"activation fee"""" after having been a member for 14 months? That's sort of insane after also paying a $40 membership fee each year. When you add in the cost of activation fee and membership fee, I've been paying approximately $28/month. There are plenty of options for health clubs in the $30 range that will even include pools & fitness classes (zumba, yoga, spin, etc.), which Planet Fitness does not offer.   Again, I think there are many customers who can benefit from the black card membership. I'm simply saying that I don't think it is asking too much that someone who fulfilled the terms of their commitment not be taken advantage of when they are trying to continue their membership at a price that fits his/her needs.",0,1,0.55429256,0,logreg_right_neural_wrong
test_33513,"So glad we purchased a groupon here to try it out. Upon arriving we waited 10 minutes at our table before asking a busser to see who our waitress was supposed to be.   It seemed 5 different people took care of us, which in some restaurants is called teamwork, here it was disarray.   The tables were so close in their side room that we felt like we were sharing conversations with people we didn't know. Also, our steaks, while cooked to order, lacked flavor.  On the good end, we loved the setting. The decorations and mood was nice. The fries were good, the seasonal beer was great (3 dollar draft at happy hour) and the baked potato was outstanding.  We probably won't be back, but it'd be worth trying if you find the right deal or like their menu options. My hope would be that our service experience was an outlier.",0,1,0.69224215,0,logreg_right_neural_wrong
test_33516,This is definitely a ripoff company,0,0,0.93422395,1,logreg_wrong_neural_right
test_33538,"Remember when this was Sunflower Market and it was awesome and rarely were things out of stock and carried just about everything I needed? Seems those days are over.  In the last 3 weeks Sprouts has been out of at least one thing on every trip I have made there. Last week in one trip from my shopping list they were out of Cinnamon sticks, bulk unbleached white flour, super dark roast bulk coffee, tofutti sour cream, and they no longer carry Sriracha. When I brought this to the attention of the store manager (who doesn't seem to be the sharpest crayola in the box) he seemed really apathetic.  Yep, seems Sprouts has ruined what use to be a good thing.",0,1,0.81338775,0,logreg_right_neural_wrong
test_33546,"If your on central and do not visit this place, shame on you. Get the chefs whim.  Service may seem slow but it's only because they work so hard to handle everyone equally. Atmosphere is fabulous and the $5 pitchers until 5pm are not a bad deal either.  Come soon and come often.",1,0,0.7337371,1,logreg_right_neural_wrong
test_33574,"This Discount Tire store seems to be staffed by new guys who don't know how to bend a bit. I have not been impressed the 4 times I have dealt with them, but this is contrary to my experience with other Discount Tire stores, which I would give 5 stars to. Manager needs to get some guys with long experience to help bring this store up to the Cust Service standards of the others, maybe? Whatever it is, I drive right past this store and go to one in my old neighborhood 25 miles away. I will keep trying them for minor jobs and see if anything changes. I hope so.",0,1,0.71430725,0,logreg_right_neural_wrong
test_33589,It failed to disappoint me the second time! It's a small place so the wait time is not that long.. get their Ramen card so you get a free appetizer for every 4 ramen bought! Tryin the curry rice it's sooo good!,1,0,0.87372446,1,logreg_right_neural_wrong
test_33611,Good good but sloooowww service. It took 30 minutes to order. It's a Saturday night but the restaurant is not big enough to warrant that kind of wait.,0,1,0.51230145,0,logreg_right_neural_wrong
test_33618,I'm confused by all the high ratings.  I've had plenty of good Mexican while in and around Phoenix but this was definitely on the low end.   I did find out after from some locals this is more the end of night drunk food stop.  Eh well.,0,1,0.61367244,0,logreg_right_neural_wrong
test_33690,"I am no longer a fan of The Yard. The valet parking is a major issue, it fills up and then you have to park across the street and play frogger trying to make it back across 7th st. The drinks are overpriced as is the food and the place is always filled with kids. I don't go to outdoor patio bars to have screaming children running at my feet. I love children, and if I was going to Peter Piper I would expect the raucous. Unfortunately this has prevented me from being able to take advantage of the fun games they offer (ping pong, corn hole and shuffleboard).   Perhaps I go too early but any later and you are waiting 2 hours for a table. No thanks. (But yes I will probably still go there because I can ride my bike when the weather is nice and sit out on the patio).",0,1,0.53321874,0,logreg_right_neural_wrong
test_33710,"Stopped in for a few drinks - Kick Flippin Breeze and a Strawberry Breeze. We were seated quickly on the patio as we requested, greeted quickly, and got our drinks quickly. However, after that we sat and sat and sat. I was starting to wonder if we were just going to have to dine-and-dash. I don't think I should have to wait a very long time or go hunt someone down just to pay.  Second, the drinks... while good... may not have had alcohol in them. Either I'm just really an alcoholic or there was no liquor in either of my drinks.  I don't give this often... but I'm going with 2 stars on this.",0,1,0.85811687,0,logreg_right_neural_wrong
test_33717,"I'm usually not a fan of chain restaurants, but if you're going to go with one, this might as well be it.",1,1,0.7239556,0,logreg_wrong_neural_right
test_33721,"There is a new HT on the block.... seems like there is one exactly 1 mile away from my neighborhood in the other direction, but I digress.  This HT took over the grocery spot where Lowe's Food used to be located off of Idlewild Rd and 485.  They pretty much kept the layout the same and made a few changes to make it more Harris Teeter esq.  Store is clean and the staff is friendly enough.  Just another location to be able to get in and out for your grocery store needs.  I kinda wish the Lowe's stuck around to give us a little more variety in the area, but having an HT nearby isn't that bad.... having 2 basically in the same vicinity (there is one right off of Lawyers Rd and 485 the next exit down.... kinda overkill but it happens.",1,0,0.6173681,1,logreg_right_neural_wrong
test_33786,"We stopped at Gertrude's for a snack on Wednesday. We shared the Cheese Platter and Bread Basket. The bread was not fantastic; a white (sourdough?) loaf, olive bread & one with seeds. $4.  The cheese also was not great. Three cheeses and NO fresh fruit. Two hard cheeses & one goat, with a brie-like rind, that was the best thing on the plate, some home-made crackers, second best thing on the plate. Instead of fruit, there was blueberry jam and pickled grapes. Really? No fresh fruit in the Valley? The pickled grapes were a loser. $12.  Moreover, the service was spotty. We weren't told of the soup-of-the-day. When we overheard the waitress telling the next table of the cold mango/coconut soup we were jealous. Also, never mentioned was dessert. At 3PM, we might have preferred some cold gelato. And it's not on the main menu. There was a fruit bowl, but it was mixed with simple syrup. Yuk!  That being said, Gertrude's is certainly convenient to a day in the Garden and the menu shows imagination. I'll be trying it again in two weeks when we see """"A Midsummer Night's Dream"""" in the Botanical Garden. I'll let you know.",0,1,0.8714966,0,logreg_right_neural_wrong
test_33816,"Came here the Friday morning after Christmas, and it wasn't too busy.  Parking wasn't an issue at all.  I like the layout and early store offerings.  Although several spaces have yet to open, they look to be ready soon.  I found some decent prices at  Just Sports and a few shoe stores too.  This place is worth a shot in place of the long drive to the other Outlets around the Valley.",1,0,0.57106423,1,logreg_right_neural_wrong
test_33817,"I get it! You're supposed to get buzzed at Westgate, then come here and feel like every store is a good idea. Genius!  This is a less cool version of the outlets in Anthem.  Did you know Tanger is an outlet chain? Like, the deals you're finding are totally orchestrated nationwide? In normal outlets, businesses sell directly to consumers, which is where the groovy deals come from. In Tanger, you're dealing with a big, corporate middleman. No wonder it's lame.  Not saying you won't find something you like...it's just less likely here than the real deal.",0,1,0.56000346,0,logreg_right_neural_wrong
test_33860,"Ate late last night - We were the only ones there at about 8pm on a saturday night. The food was okay, but nothing out of this world. I was impressed that they had saba and a few others ready to go, but I think that I would only return when it is busy because I can't see how the rolls could have been fresh. It's not bad if you order and have them prepare it on the fly, but at a Kaiten sushi joint you don't expect that you have to. It is slightly hard to find (behind a few rows of buildings actually!) and signage is minimal until you reach the area (3 parking lot areas deep!)  Maybe that is why it was empty.  It is really clean, and nicely decorated inside and the staff is friendly and attentive.",0,0,0.5647402,1,logreg_wrong_neural_right
test_33907,"2 stars because the food (once it got there) was delicious.  Had the sliders and the beef cheek stew.    Sliders are served with a whipped aioli and were solid juicy sliders  Beef cheek stew has a decadent jus and the meat was tender as a butcher's heart.    HOWEVER!  Service was absolutely atrocious!  Our server was aloof and did next to nothing.  Obviously the busser hadn't been trained either, because as my buddy is chewing a piece of his steak, the busser comes over and asks if he was all through, while there is still meat on his plate too boot.  Nice beer list and yummy pretzel bread.  I would return and hope for a better service and make a final judgment after that.",0,1,0.80702806,0,logreg_right_neural_wrong
test_33932,"I would give the waitress a break being that it was a Pirates game and the area was crowed. But either the restaurant was understaffed which I truly believe was the issue, or the she was new. The section we sat in wasn't full but with two tables, including our own. The menu was interesting, they had a lot of new dishes I've never seen before, mixed with some favorites. I really can't be a critic with the menu as I am not use to the type of items they were serving. I only ordered appetizers, but my tacos weren't bad, and the fries were really good.",0,0,0.7178132,1,logreg_wrong_neural_right
test_33959,"I love Panera Bread, but this location started out strong and kind of went down. The drinks area is always dirty, many times the French bread that comes with the meals is dry (like cut earlier in the day and all the ends are dry).  I wished they step up a bit to keep up with the standard of the brand. Otherwise friendly staff.",0,0,0.6457072,1,logreg_wrong_neural_right
test_33974,"First, DirecTV product is great.  The HD channels as well as the content is great.  Love it.  What I don't love it the absolute incompetent people running the place.  I am on my 3rd scheduled visit due to their screw ups the first 2 times.  This is time away from work waiting around for them, and I am sick of it.  If you go with DirecTV, check your service order several times, because more than likely it will be wrong.",0,0,0.58653045,1,logreg_wrong_neural_right
test_34021,"I bought so many frags from this place! Loved it got my water premade from them, so bumped out this placed closed",1,0,0.5137136,1,logreg_right_neural_wrong
test_34023,"It PAINS me to write this review after so many great ones. I actually met I think the  the owner in the local Smith's grocery store  about a month or so before it opened. The guy asked me if I had facebook and I immediately said mmmmm..NO. (I didn't know who he was) He then said that if I did, he wanted to ask if I could """"Like"""" his donut shop on FB that will be opening. I had two thoughts after this #1-How could I """"Like"""" something that hasn't opened yet and #2-OMG a new donut shop, I'm soooo excited! I told him that I will be there as SOON as they opened!  I would first like to say that my LOVE not like but my  LOVE of donuts are SERIOUS.However, in fairness I am a glazed twist type of gal. I HATE donuts that aren't fresh, I hate them so much that I arrive usually at donut shops as early as I possibly can to get the fresh batch! Onto the actual review....  The shop is so CUTE! PINK EVERYWHERE! The customer service was AWESOME. The guy with the pink shirt was so friendly and asked all my questions. I looked at the options of the donuts and was a little frightened..I'm not the adventurous type. After looking at bacon donuts and bleu cheese mixed maple..somethin..somethin..apple..idk I picked a simple GLAZE and JELLY donut. I was so happy because the guy told me that the glaze was FRESH. I couldn't even wait until I got home to eat it! I felt the warmth of the glaze from inside the bag!! How can you drive all the way home with knowing that?NOT I!!! So I grabbed that beautiful warm donut  and took a huge bite. My first thought was CRUNCHY..CRUNCHY? The inside wasn't as """"fluffy"""", as I would've liked. It was more of a FRIED HARD DUMPLING with glaze. It was more of a CAKE DONUT texture inside rather than a...fluffy..light donut. The inside tasted like it had maybe nutmeg or cinnamon or..both which was a DIFFERENT taste.I just wasn't expecting it. My purpose of getting a SIMPLE donut was to to get a SIMPLE donut. I dont think this is a SIMPLE donut place! I went home and tried the jelly donut. The """"jelly"""" was sour, it seemed homeade but..sour. My bf liked the orignal glaze but didn't like the jelly filled at all. He thought it was pretty sour too. He only liked the original glaze when it was warm, apparently it tasted """"DIFFERENT"""" when it cooled off. That was just his opinion.The icing they put on their donuts aren't enough for ME. I would like a balance of the Krispy Kreme and Winchells icing amount.   ughh I feel so bad doing this review because I think the people were soooooo NICE, but it just wasn't what I was a fan of. I think I was looking for a SIMPLE..BORING donut place and got..if Dr Seus owned a donut shop place. If you're looking for something different try them out! This just wasn't a good fit for me sadly.",0,1,0.5586146,0,logreg_right_neural_wrong
test_34040,Hell's Kitchen Burger!!!,1,0,0.7590923,1,logreg_right_neural_wrong
test_34052,"The burgers were great,  I had the Euro and my bestie had the Earth burger. Both were flavorful and just big enough to fill us. We got the Just fries since she is vegan and can't eat cheese. They were okay, just as the name they were just fries, no seasoning and were a little hard, not crunchy but hard. It comes with a chipotle ketchup and curry ketchup, I didn't care for either but she loved them both.   The fries, price, and service were the reasons why it doesn't get 5 stars. Our server took a few minutes to come to the table and different people brought our drinks, food, and the regular ketchup I asked for. They were busy, but as always, if you can't handle a bigger station then maybe they should staff more servers. The 2 burgers, 1 just fries, and 1 ice tea came to almost $50.  At least I had a diamond tier card and didn't have to wait in line.",1,0,0.7647231,1,logreg_right_neural_wrong
test_34068,"We must have had a really """"off"""" experience, based on other reviews. Food: Ordered pork bao buns, onion rings, farm burger, and euro burger minus cheese. Buns and onion rings were both somewhat bland. Pork belly on bao buns was charred/tough. Ordered burgers medium well and sent them back after they came out rare. When prepared a second time, my husband's was very well done (charred). Mine was made with cheese and had to be sent back a second time. Neither burger had an outstanding flavor profile, we mostly tasted the char-grilled, black outsides of our burgers. Service: The manager is outstanding. He was very professional and comped our drinks to make up for the mishap with the burgers. Our waitress and another male staff member who assisted were also extremely friendly and apologetic.  5 stars for service, 1 star for food= 2 overall.  If you want a GREAT burger that is moist and flavorful, try Guy Fieri's new place at the Quad!",0,0,0.5764519,1,logreg_wrong_neural_right
test_34075,"Great option if you want good food and a low hassle restaurant that's on the strip. The burgers were decent, but we just wanted a quick meal that wasn't at a fast food chain or a high end restaurant. Location can't be beat. There was a short wait though, maybe five to ten minutes.",1,0,0.5067781,1,logreg_right_neural_wrong
test_34086,"Ok, plusses: The prices were awesome. The student workers were super nice (and super young!) and got checked on by the instructors quite often during the whole process. Also, the instructors tend to do some of the more complicated things themselves if the students feel uncomfortable.   Minuses: It takes for stinkin' ever. I got a color and a trim and it took over 4 hours. Also, the color didn't really come out well either time I've been there (the first color was supposed to come our dark red and came out purple instead -- which I decided to go with because purple is awesome even though it was unintentional). I also got an undercut, which was done pretty badly, mainly because they don't allow the students to have clippers with guards on them.   So, if you're getting something relatively uncomplicated with no color or easy color, this place will work for you, especially given the price. Anything other than that, I would suggest that you look to a professional salon -- which some people might say is common sense, but needed to be experienced first-hand for me. Maybe I'm dense that way :-P",0,1,0.8150061,0,logreg_right_neural_wrong
test_34117,"Please keep in mind we went during it's first week of being open and I am not trying to be mean by giving it only 2 stars.  The waitress was very nice and she explained that the menu was still not complete and they had big plans of expanding. Buuuut having said that, it was a complete let down.  1. they should not be advertised as korean bbq.   i am a huge korean bbq fan and this was no korean bbq by any standard.  it was completely americanized. the food came already made. you didn't grill it yourself at the table.  the rice was hard.  the bolgogi and kalbi were nothing close to any real korean bbq I've ever had (granted I'm comparing it to new york, los angeles, and seoul).  my first tip off that this place wasn't going to be authentic should have been the name. 2. they served the bibimbap in a regular dish rather than a sizzling hot cast iron/stone one i've traditionally seen the bibimbap served in really hot dishes so when you mix everything the egg gets cooked in w/everything and you get that crispy layer at the bottom.  another bummer of the night. on the plus side.... the staff was young and friendly and the main chef/part owner came to our table himself (i think he was the only asian person working there). the restaurant is in a nice area and was cozy. bottom line... if you're looking for authentic korean bbq, go elsewhere. if you're looking for a cozy trendy place to meet up w/some friends for drinks and edamame, this place will do.",0,1,0.5275888,0,logreg_right_neural_wrong
test_34148,"I've only been here a couple times, but it's definitely nice for a casino that's way off the strip. Everything feels new and clean and the air isn't too smoky.   I was there on a long holiday weekend. My only major gripe was they didn't have enough tables open. Sometimes gamblers want a variety. If I'm not doing well on one blackjack table, I might want to switch to another. They did have $5 min. tables which was surprising during the holidays though.  Drink service was also pretty slow. It took about half an hour to get the drink I ordered which is pretty slow considering there weren't many players at the time.",1,1,0.58058685,0,logreg_wrong_neural_right
test_34201,"Love Four Peaks beer but don't like their food, the horrible parking, or crowds at the 8th Street location?  This is the spot for you!   If you really want to eat they have food trucks that come in, and it's a different one every night so you can get something completely different on Friday than what you had on Thursday.   If you just want to have a good beer without having to deal with the Friday night crowd and most of the other good beer locations in Tempe/Scottsdale, I can't think of a better place to be.",1,1,0.57021844,0,logreg_wrong_neural_right
test_34281,"Love the location. Only sit down restaurant in the area other than an Asian place. Thus, it's a """"neighborhood"""" place and the wait staff remembers their customers. 4 stars because Hickory Tavern's prices have steadily increased over the past few years to a point where I no longer go there just to stop in for a bite...or drink.",1,0,0.7584211,1,logreg_right_neural_wrong
test_34309,"We really wanted to love it here.  We loved the Satisfied Frog and were sad to see it go.  When we heard this was a local guy, we especially wanted to love it.    The cheese appetizer, the salsa (yum!) and the hamburgers are all pretty good.  The rest, not so much.    We invited some friends to join us for lunch and burgers and ribs.  The ribs were stuck to the bone, chewy and just not very flavorful.  Another friend had lamb and said it was OK.  The beef/veggie wrap was not bad.    The staff is very young, but they're enthusiastic and want to please.  I don't mind the misspelling on the menu - it makes it more """"home-grown"""" somehow.  The owner came out both times we visited to talk to us about the dishes.  We just didn't have the heart to tell him they really weren't great.",0,1,0.7010924,0,logreg_right_neural_wrong
test_34370,"I was in Chicago recently and went to the downtown location for a quick meal. I had the Italian beef and a friend had a hot dog.  I regretted not coming back to try a hot dog but, after learning there was a Portillo's in Scottsdale, I figured I'd get one back home.  And I did.  I went here with the same friend. The restaurant's interior looks a lot like the Portillo's in Chicago except it's smaller and newer. This is one of those, walk up to a counter and place your order and then wait until your number is called along with something clever that rhymes with your number, """"43 come and see me"""" (the woman in Chicago was much better, the guy in Scottsdale just didn't have his heart in it). You then sit in their large seating area.   My friend got the Italian beef and I got a jumbo hotdog with everything.  Some comparisons - the Italian beef I got in Chicago was tasty but it was was very wet. I mean, running down your arm when you picked it up wet. The Italian beef here was moist but wasn't dripping.  The hotdog was OK. This was my first Chicago-style dog so maybe I just didn't know what to expect. It's a fat beef hotdog with mustard and there are sliced onions, pickles, peppers, etc just laying in the bun along with the hotdog. It was good, just not what I was used to.  My friend said she preferred the Italian beef over the hotdog she got in Chicago. I concur.  On the plus side - $20 for an Italian beef, a jumbo hotdog, a shared side of onion rings and two soft drinks! Nice deal.",1,1,0.62190795,0,logreg_wrong_neural_right
test_34376,"Will not be going back to this store!!! If all best buys were like this one I would not shop there. The guy who helped us out, Arturo was awesome!! He was a lot of help. However the manger and supervisor (Stephen)  were anything but. We went in to trade in my iPad and buy a new one with a price match from target. They made us jump thru hoops to get the price match. We checked to make sure target had it in stock before we went in. Arturo was told by his manger they called one store that was across the street without us by them to see what store they called. We then had to pull up it online then give them the number to call. We waited around forever. Then the computer broke at check out and again it took the same supervisor to come over to help us. Arturo talked to us and tried to get Stephen to come over. Took forever!!! He is obviously  not worried about customer service. I understand they need to make sure it's in stock but come talk to us. Don't come over with an attitude because you don't want to price match.",0,1,0.54426676,0,logreg_right_neural_wrong
test_34429,"Places seem to come and go at this location I missed the last one.  came like the day after it shut its doors so I wasn't going to be left out this time.  Glad I went,  Had the Stand Cheeseburger, fries and a Banana Shake it was all good.(Love the HUGE straws) looking forward to making it back to try some of those Tacos!!    Lets see if we can keep this place going and break that bad location mojo.",1,0,0.5757334,1,logreg_right_neural_wrong
test_34488,"Needed something quick. Disappointed. I got the edamame but it's under done and cold. I built a bowl and it's tasty but my broccoli is also really under done. It's like a bowl of steaming shrimp and rice, yummy pineapple and carrots and the broccoli...all but raw broccoli. In between connections and no time to ask them to make it right. Will hold me over but still a disappointment.",0,1,0.5398298,0,logreg_right_neural_wrong
test_34525,Took my car in for an oil change and was very impressed with the staff. They didn't try to up-sell me a thousand things I do not need and I was in and out quickly. I was even able to get some work done while I waited since they have free WiFi.,1,0,0.55574334,1,logreg_right_neural_wrong
test_34529,"We went here for the first time yesterday. I got a burger which wasn't very good. The review above about it being precooked might be accurate because the burger was dry like it had been precooked or sitting out all day. If you're craving a burger I'd suggest going 100ft across the parking lot to Five Guys. They had a few craft beers which were decent and a great price ($3.50 for mine). If I go back, I will try the wings and update my review.",0,1,0.63274866,0,logreg_right_neural_wrong
test_34556,"I've been going to this theatre ever since it opened.   It's been my favorite theatre here in Las Vegas.  The location of Rave Motion Pictures for me is a sure plus. Because at Town Square there is lots to do, shopping, eating, drinking, or just hangout and to do a little browsing, here and there. I was just going to give it a 4 star rating. But I now rate it at 5 stars all the way.  I recently discovered that Rave Motion Pictures has (ages 21 and up) shows.  So when you're looking at Showtimes, look for the shows that have (21+) next to the movie title.  This means you can order cocktails/alcohol beverages inside the theatre itself from a cocktail server. Cash or Credit Cards accepted. I was so happy to find that out.  So I order a Jack on the rocks. The Bar is located to the left of where you give your tickets. The Lounge area on the side. I'm not sure if you can buy the drinks straight from the bar, I'll have to get back on that one.  But if we can buy from the bar too.  That would make it even better.  Finally you can drink cocktails inside the theatre.  The seats are reserved seating, so when you get your tickets at the window, you can choose where to sit. Upon entering the theatre you will be shown to you seats. The seat number(s) you chose will be on your ticket stub. This kinda works because people won't usually get  seats next to you, if the show isn't too crowded. I left my Bar Tab open, So not even the middle of the movie my cocktail server returned and brought my second drink, Then took orders from other movie goers.  How sweet is that?????!!!!",1,0,0.62750864,1,logreg_right_neural_wrong
test_34559,Came here a few weeks ago and was disappointed to see that they got rid of the bar.  Well...last night I came to watch the movie Argo and was pleased that the bar was back AND the theatre was strictly for 21+. Obviously so they can cater to everyone in the theatre and didn't have to worry about underage drinking.  Surely made the experience that much better. Must've refilled twice during the movie =),1,1,0.6078559,0,logreg_wrong_neural_right
test_34577,"This evening my friend and I thought, """"let's go to bonefish grill"""" we researched it on yelp and the presentation looked awesome.  Unfortunately the presentation and the waiter  were the only thing awesome.   I tried the """"Ahi Bowl"""" and my friend tried the""""Chilean Sea Bass"""" the Ahi  bowl was a bit off in color and the Sea Bass tasted like it was soaked in petrol.   On the bright side we did enjoy each others company and a great bottle ofSanta Margarita Pinot Grigio!!! That's really all that mattered!!!  Food is definitely subpar!!!  Damn I really did want to like this place!!!!",0,1,0.97989285,0,logreg_right_neural_wrong
test_34590,"I dont get it.  This place has average sushi at extraordinary pricing.  I guess if you go for the """"ambiance"""" or something like that, then its a fine place.  The sushi is fine and tasty, but I much prefer Benihana sushi - especially for happy hour which is about 1/3 the price of this place's happy hour.  I will admit its a cool place to be, a place to be seen, its packed with good looking people, etc...but if you are going for the food - look elsewhere to get your sushi fix.",0,1,0.5298698,0,logreg_right_neural_wrong
test_34600,"This review is for Bivian the lovely nail tech who I see religiously! She is fairly priced, very artistic and super sweet! I always get gel nail polish and am never disappointed. See Bivian for whatever your nail imagination desires. :)",1,0,0.55864304,1,logreg_right_neural_wrong
test_34614,"Just so you know...you will wait.  I waited 45 minutes for food for five people. Just so you REALLY UNDERSTAND.....IT IS WORTH IT.  I tasted the ginger, scallions, the garlic.  no excess oil in the noodles or fried rice.  The food is prepared FRESH, FRESH, FRESH! Everything is prepared so beautifully, so carefully....people, GO!!!!!!!  You will not be disappointed.  I live over fifty miles away and I will and I mean this, I WILL BE BACK!",1,0,0.75891834,1,logreg_right_neural_wrong
test_34616,"Holy smokes this place is good. I just moved to the Mesa area from Baton Rouge, LA. I was going to go to Panda Express but I told my son I didn't want to pay that much for Chinese considering it wasn't even personalized but just premade.  A lady overheard me and asked me if I had heard of Lotus Garden. I let her know I had just moved here. She said if I wanted the best Chinese food I had ever had head there. She gave me directions and I was on my way.   I can usually tell a good Chinese restaurant by the smell of the food. I ordered curry chicken, orange chicken, general tso, sesame chicken, sweet and sour chicken, qt hot and sour soup, spring rolls, and some Singapore noodles. I believe the total was about $69.xx  Have mercy. Every single freaking dish was awesome. The orange chicken as other reviewers have pointed out was the best I have ever had. There was a very deep and rich flavor to all of it. Not like most Chinese restaurants where they put just enough flavor on it to make it edible.  I do wish they had egg rolls because I am not too much into spring rolls.  The portions were also extremely large. This will be my go to place if I am anywhere even close to it. But, I will also keep trying other Chinese restaurants because I could eat that every mean of the day and not ever be tired of it.  If you are in the area where this is, I believe its called Apache Junction Frys shopping center, you are in for a real good meal.",1,0,0.6794777,1,logreg_right_neural_wrong
test_34660,I just stayed three nights at this hotel but after being here one day I realized a hotel with a better location like on the strip would have saved us so much in taxi fair. The hotel does offer a shuttle service once an hour  to the strip but only up to 5:00pm. The shuttle driver had attitude but everyone else at the hotel was very friendly & accommodating. The room we stayed in had a nice modern look to it. The cleanliness of the room looked good except on the back of the bathroom door there were what looked like dry buggers. The house keeping also left some type of cleaning agent on the toilet one day & a phone charger went missing another day.,0,0,0.57334936,1,logreg_wrong_neural_right
test_34695,"I found this place through yelp reviews and it did not disappoint. Overall, the service was decent and the food was great.  We'll definitely be back again for the food. Our waitress wasn't too attentive to us once the food came out since we ran out of coffee half way through the meal.  She may have been new since she had to come back and ask my friend how she wanted her eggs on a breakfast sandwich and when asked which menu item was better she was unsure what to recommend and she seem a little unorganized with the checking out process (ie took my friend's check who paid cash and didn't bring back the change until asked, etc).",1,0,0.8938984,1,logreg_right_neural_wrong
test_34705,Hard to walk into a place called Juan's Flaming Fajitas without ordering the fajitas. They're the tits.,1,1,0.512014,0,logreg_wrong_neural_right
test_34718,"BMO Harris bought out M&I.  The services got pricier and not as good.  Their online business banking is at least a decade behind in terms of real time data, even the branch employees cannot see things in real time.  If it wasn't for the fact all the folks held over from M&I know me and I can ask questions and get help at the branch level I would have found another bank.",0,1,0.8859837,0,logreg_right_neural_wrong
test_34724,"I was looking forward to a show in Vegas. We were staying at the Stratosphere so we did receive discount tickets (if I had paid full price I would have been fully ripped off). The headliner Clair SinClair....has a nice speaking voice perhaps her next gig will be to replace Vanna White on Wheel of Fortune, she is pretty but her part in the show is minimal at best. Her speaking parts left the audience wondering why she was speaking. The dancers are good and the singer is good for most of the numbers but some were hard on the ears. The band is very good, we would have rather listened to them.  One of the people in our party even fell asleep that is how good the show was. We stayed thinking it would get better, it really didn't. The first half is definitely better...so if you want to leave do so by June it is pretty much down hill from there.     The show is a run through Claire's pin up calendar.... longest year of our lives! We were eagerly awaiting Christmas but it never came.   If you want entertainment at the Stratosphere go see Frankie Moreno.... that show EVERYONE ENJOYED!",0,1,0.63829297,0,logreg_right_neural_wrong
test_34741,"Being a thrift addict I was pretty disappointed in this place. Actually we all were. The racks are insanely set up for the clothing they twist and turn like a maze. T shirts are on the wall and if you are short forget about looking at the top or getting one down.  The prices are pretty high for a lot of items, if you have the time to really go through anything you can find some deals though.  They have a lot of junk that I wonder why they even put it out. And I don't care for the service, for the most part there can be 5 people walking around gossiping and no one will help you with anything but when you get to the register they smile and swoon about all the good deals you supposedly got..  Whatever.... Too much work for what we find. I only go when I am in the area. Nothing worth going out of my way for.",0,1,0.68953234,0,logreg_right_neural_wrong
test_34760,This place has the right attitude as far as catering to the customer. It seems like every time I order from here and pick it up they go above and beyond to satisfy my needs to make the pizza just how I want it. I can only hope this place does well because you continue to always go to great measures.,1,1,0.75627077,0,logreg_wrong_neural_right
test_34766,"Came here for Calvin Harris last weekend.   My friend and I were on guestlist -- still ended up waiting about 30 mins in line. The club got SUPER SUPER crowded, to the point where you just couldn't walk anywhere. There is absolutely no where to chill too. Who wants to dance for 8 hours straight?!   Never coming back here.",0,1,0.8425771,0,logreg_right_neural_wrong
test_34780,"They pack this club way too tight to make it possible to have fun. Couldn't move once I got in. Far to packed to have any fun near the DJ. Too small of a dance floor for the amount of people they allow in. Cool to see a first time, but would never return. Unless you are buying a table for thousands of dollars, I don't see how you could enjoy this.",0,1,0.7976356,0,logreg_right_neural_wrong
test_34788,"Eh, in place of Debbie Gate's All-not so good grill.  New owner has painted the place, cleaned it up some, it is better but not a great interior due to how it was designed and age.  Some of the lights hanging as if on a construction sight.  Lights behind the counter are just to glaring when hanging out.  Really need to fix or cover.   The staff/waitress's are the same as the prior restaurant.  Nice and friendly and do an OK job.  Menu has many types of burgers, sandwiches, salad, chicken waffles and breakfast items.  Every Thursday the menu includes Ribs.  Ribs were pretty standard ribs that are about as good as any in the area, had a little sauce that was sweet with a little spicy flavor.  Had a side salad of linguine with cheese, pepperoni, olives and a dressing.  Salad was OK, a little to cold at first.",0,1,0.5484993,0,logreg_right_neural_wrong
test_34827,"First and only visit to a QT.  The young lady at the register greeted me as I walked in.  Nice.  Very clean for a convenience store.  I just don't agree with the buy 2 drinks for $3.30, but get 1 for $2.  I see it here, in Indiana and every where I've traveled.   Attentive service for the 5 minutes I was there.",1,0,0.51467496,1,logreg_right_neural_wrong
test_34879,These guys are great! They saved my butt. I needed to have a full tank of fuel drained down to one quarter tank to take the F150 into the convention center. Not as easy as it sounds!,1,0,0.68417186,1,logreg_right_neural_wrong
test_34885,"I was excited to see an urgent care pop up closer to home than the one at 7th ave and Camelback. I hurt my neck about a month ago and with the pain increasingly impacting my daily function, I decided to drop in. This location is at 3rd ave and Thomas, south of the hospital. It is a new place and at 2:30 pm on a Monday was empty. I filled in some paperwork and was brought back quickly. The P.A. on staff thought my issue was whiplash but said they wanted to x rays to be sure. I was so happy they could do that on site and give me preliminary results that there wasn't anything serious going on. I was in and out in 35 minutes and got a few calls the next days making sure I was feeling better. I did get called at home, work, and cell phone which I thought was overkill. But overall, I was very happy with their service.",1,0,0.6343273,1,logreg_right_neural_wrong
test_34887,"After having been dragged to his restaurant in Carefree with the freakish menu of bizarre food which the Coen Brothers on a good day could not dream up, I was really skeptical of Bink's Midtown. I must say that Binkley is starting to read his market or perhaps sees that the new is starting to wear off his """"fine dining"""" concept. Here, he seems to be trying to get it right. There are enough freakish things on the menu such as roasted marrow bone (gag!) and he's big on mussels. This is Arizona. I've had mussels out of the water in Nova Scotia and this is just too far away. I want to keep on living. No thanks.  Those items aside, Bink's is making a stab at reasonable prices and food that is creative yet non-freakish and non-threatening. He can keep the cauliflower and Brussels sprouts. That's not food. That's what food eats.   Bink's hits the need for lunch and happy hour and in these areas he does pretty well. Portions are small as at any Bink's place but decent. He makes a good but not a great burger. Salads are really, really fresh with good accompaniments and dressings. The happy hour menu is very reasonable and can serve as a sufficient early dinner. His express lunch concept is to offer two broad categories with three selections within each and he promises you will be in and out in 30 minutes and he delivers on this. Express Lunch is $15 and you're done. Still kind of an expensive fast lunch but not bad to treat one's self.   I still think he has a long way to go in order to leave behind the freaky menu of his anchor restaurant in Carefree but he is making a gallant effort to offer food that people have heard of without being strange just for the sake of being strange or avoiding comparison with other restaurants. This will never be a favorite of mine but I am glad I let myself be dragged there to see that Binkley is at least trying to accommodate the local market and not just well-heeled snowbirds who apparently will eat anything at any price.",0,0,0.5008117,1,logreg_wrong_neural_right
test_35044,"When our son started here 2 years ago it was amazing . The instructors were phenomenal and my son really LOVED karate.  They pushed several competitions throughout the year so we decided to train for one and try it.  My son was only 4 at the time of his first competition.  We paid A LOT of money on top of the already expensive tuition to have one on one sessions to train for competition.  When it came time for the competition we found out they don't send their instructors and we were completely on our own.  EVERY other studio sends instructors along with a team of supporters for their competitors.  We continued to compete, and the kids who represented Sandoval usually ended up with first place wins.  Their training and trainer was amazing, but was often denied permission to attend competitions.  The kids were NEVER recognized for their achievements on their website or Facebook page.  Karate was my son's main passion and now it's really fizzled out.  He was in the same class for over 9 months and had so many younger/new kids join that he completely dominated the class when the sparred.... not in a good way because it didn't make him any better of a fighter.  Sad to see it go downhill so fast but we won't be back.",0,1,0.624005,0,logreg_right_neural_wrong
test_35051,"I have deleted my previous 4 star review of this salon.  After going here for couple of months i have seen a huge decline in quality of treatment.  My gel manicure didn't even last the night, tho Kevin (the owner) did fix them again, that is after he was defensive and blamed me for using """"chemicals"""" on my nails. Even after my re-do my gels only lasted one week before they started chipping.  At this point I'm done going back again to have things fixed that should have been done correctly the first time.  I give the salon itself a 4star  it is very clean, tho i guess it should be since the owner, kevin thought it was more important to clean then to finish my manicure he had started.  In the short time i have gone there two other tech's have already quit, the two remaining are super sweet but very new and inexperienced in their fields.  I don't have a problem with people 'training' on me but don't expect me to pay top dollar for my treatment.  I'm not one to complain but at this point i have to be honest for others 'shopping' for a nail salon. This could be a wonderful establishment but needs some serious re-focusing before it loses more clients.",0,0,0.78659093,1,logreg_wrong_neural_right
test_35058,"Came here on a Saturday because my Tire Pressure light kept coming on even after I've put air in it at Chevron last week.   Came in and spoke with Marc about my concern. He advised that maybe the tire pressor reader at Chevron wasn't accurate and we can check and put air in it today and if it comes back on again they can lift it up and check for any leaks.   My back passenger tire was at 16lbs when they put air in to make it 33lbs. Well, the next day the Tire Pressure light came on once again. I got real nervous and put air in it at Chevron and checked the pressure, it was at 20lbs. I brought it in and spoke with Marc. He said it was pretty busy today & if I can come back in an hour and a half.    I came back they took my car and few minutes later they said nothing was wrong with my tire and it had adequate amount of pressure on all tires. I advised them that I had put in air in it not to long ago and was at 20lbs when I checked it. They still insisted nothing was wrong. Ok?   The next day my Tire pressure light came on again. I took it to Discount tires and they found a large nail in my tire.   So thanks Firestone for the free air you put in my tires and thanks for not properly examining them. Marc was a nice guy though he squeezed me in even when it was pretty busy. But I probably will not come to this place with any car issues.",0,1,0.8044955,0,logreg_right_neural_wrong
test_35103,"We are Phil's Filling Station regulars, but thought we would give Kimmie's a try just to see what it was like. The location has had five restaurants over 15 years prior to Kimmie's and in our opinion, only one was good and they lasted the longest.  We arrived at 8:00PM (still unpacking from our vacation), and were the last patrons to arrive. A great folk singer was playing at a perfect volume, and we enjoyed his pick of tunes; e.g., John Prine, etc. A server promptly greeted us, provided menus and took our drink orders. The wine choices were extremely short, but when asked, the server told us of additional good wines that were recently added and hadn't shown up on a printed list yet (is in the process of being printed now). The beer list was almost all American, tap beers were only American with Fat Tire being the only non-global brewer. In bottles, only Heineken, Corona and Dos Equis are offered outside of the normal American fare. The restaurant completely misjudged the FH market in both wine and beer - the server admitted as much regarding the wine choices.  We ordered Blue Crab Cakes and Potato soup for starters. We both understand that you're never going to get great seafood in the middle of the Sonoran Desert, but we're fans of Blue Crab from S. Carolina (yeah, cakes are from Maryland, we know!) so my wife gave it a try. She said they were good and temp was perfect. My soup was tasty but on the cold side of warm.  For the main course, my wife had a rib eye steak with baked potato and I had a Cuban sandwich with cucumber salad as a side. My wife raised beef, so we're very picky about it. However she claimed the steak was excellent and temp was fine. My Cuban sandwich was very tasty and hot. The cucumber salad was different from what I am used too, having parmigiana cheese and Italian dressing in addition to the onions and cucumbers. I mentioned this when ordering and the server offered to replace it if I didn't like it. Surprisingly, it was darned good!  One thing they can do for better presentation is to get rid of the plastic disposable cups for dressing and sour cream and replace them with faux ceramic cups. The current cups look downright cheap. Also, butter comes in the plastic portion controlled containers, there are alternatives that present better and they should be considered. I understand that nearly 100% of all restaurants below five star use these, but if they upgrade their other containers, why not these - at least for dinner. I don't mind them for breakfast.  Overall the service was just off on timing. Not terrible at all, just not as attentive as most people would expect. Given that we were the only patrons, it would worry me to try Kimmies if they were busy. Maybe we're spoiled by the service at Phil's where we know every single employee, including the kitchen staff and the busboys, but I strain to think that this level of service will be acceptable to the average FH citizen.  As for a claim about being a sports oriented place - not the case at all. There are smaller TVs around each wall, but not placed where you can see them if you're not seated at the bar. When we left, I looked at those above the bar as if I were sitting there, and they were too small to really see anything. There is American Grill next door with **many** larger TVs, and Phil's across the street with nine TVs conveniently placed in the bar for sports and a couple in the restaurant with news. My recommendation to Kimmies is to get rid of all of the TVs in the restaurant, and replace those over the bar with larger TVs. I recognize the cost of this, but sorry, you should have thought this through before opening.  With just a few tweaks, the place could easily be four stars. But my sense is that the owner isn't engaged enough to carry it out. They've been open six weeks which is plenty time to get past the starting hiccups. FH is a tough restaurant market, and Kimmies has maybe four weeks left to turn it around or they will be the sixth former restaurant in their location.",0,1,0.5666864,0,logreg_right_neural_wrong
test_35115,Not much else I can add except you must make the effort to go! I would recommend the south over the west rim(skywalk) as it's the proper grand canyon and in my opinion more spectacular.,1,0,0.53080845,1,logreg_right_neural_wrong
test_35143,"Went there with some friends Nov 16th because their Facebook said it was open. We didn't seeing the big """"private party-open Nov 18th"""" outside. Got the big 'no service' polite hustle out even after pulling up the Facebook page and showing the owner the green """"open"""" on FB. Very sloppy planning!!   Owner reluctantly gave us a $5 chip after that. I gave it to one of my friends that night and I live 2 blocks away. I remember when this was a Korean Methodist church.  Decor: cheap looking 'Christopher Columbus' italian border on the former church's inside. Big plasma tv sets by bar. Bad use of such a amazing space!  Food: friend noticed only soft tacos on menu, no hard. My espn says the goal of this is makin $ not good food.",0,1,0.5957294,0,logreg_right_neural_wrong
test_35202,"I would like to state for the record, that the service that """"L.L."""" is referring to below, was not even performed at Parlour, nor does Tyler James work at Parlour. Tyler and his product line are not affiliated with Parlour in any way.",1,1,0.6237454,0,logreg_wrong_neural_right
test_35209,"This place is convenient for me because it offers delivery service and is between my office and home. I've done both Delivery and AYCE. I will go back to this restaurant for both any time I can.  Delivery service: I get the impression this is not their primary function. The driver I suspect is the owner, and he's nice enough. To be honest I try to make sure it's worth their time, and my delivery orders are almost always over $60. I use the eat24hours.com service to order. It's not the fastest service, the quoted time is 45-60 minutes, and I've have it delivered at 75 minutes once. When they are not busy I've received the order once at around 30 minutes. Overall I'm fine with this, as I said it's not their primary function. Infact some might consider delivery sushi a sin.  Order process is a little limited. This isn't the fault of Arata, since we go through a 3rd party. They do follow notes and comments on rolls and upgrades.  Presentation is always good. I order deep fried rolls they come hot and the taste is always great. Now with that in mind my hot rolls come packaged with cold rolls or sashimi. I can deal with luke warm fish. So normally it's not even a concern. I had have luke warm sashimi and I've re-chilled it for comfort before. They usually include extra sauces at my request on the notes. I dont have to pay extra for basic requests. Also they write the names of each roll on the packaging which is helpful for beginners.  As for the quality this has also been great. Taste is amazing and the sauces are adequate, and not watered down. I've never felt shorted by different items. I have not really enjoyed crab, then again I avoid it where possible from ALL sushi restaurants so I can't fault Arata.   AYCE service: Only done this once. It was pleasant and I had no issues. I sat at the bar and the service was quick and they provided everything I wanted. Taste as always is amazing. The chef I had was new he was a little unsure of himself, but the experience was fine, and he tried hard on the rolls. Which I deeply enjoyed the experience. There are other AYCE dinning options around and I try to branch out when possible.  Though there was nothing wrong with this location.   I will do both services again. I am deeply thrilled with the delivery service.",1,0,0.60293424,1,logreg_right_neural_wrong
test_35317,"Be patient.  Massive store with muppets working the register.  3rd week stopping in, 3rd week dealing with incompetence on the registers.  This is a huge store and you could stock up on every grocery and household good you could imagine.  You could also eat in their restaurant, at their hotbar, salad bar, deli, etc.  They have decent prices on a few things and on Wednesday you save 15% in their """"health market"""".  The health market is the tiny section, all the way to the right.  I'll come back because they have a few things I can't get at some other stores but it won't be my go to store, mostly because I have yet to have an easy, positive experience checking out?  Dumb luck or is it a pattern?",0,0,0.84605306,1,logreg_wrong_neural_right
test_35339,"Service was great and it had a really cool theme - all the waiters dressed in Al Pacino costumes from the movies.  My wife liked her scallops, but I didn't care too much for my chicken saltimbocca.  I think the whole pieces of sage over the chicken was a bit overpowering.  The broccoli rabe, while cooked well, needed a bit better of a wash before doing so.  The burrata was nothing to write home about.  3.50 for a draft Peroni is not only a great price, but it's tough to find on tap!  We'll be back for drinks and to try the pizza.",1,1,0.5089579,0,logreg_wrong_neural_right
test_35349,After a few visits to Urban I do not need to go to another gun store. Jason and his staff are very helpful.  If they don't have what you need they will find it and order it for you. Their Products And inventory selection seem to be expanding every week.  If you want personal service versus (were doing you a favor attitude of other stores)  go see Jason,1,0,0.69116795,1,logreg_right_neural_wrong
test_35395,"Firefly...there is no substitute for this place.  Bacon wrapped dates, Sangria, Tuna tartare, filet skewers...this place never disappoints.  Be sure you say hi to Athena at the bar - she rocks.",1,0,0.6285368,1,logreg_right_neural_wrong
test_35502,This place used to be a lot of fun but has recently gotten way too overcrowded! I used to come here with my friends a lot but the past couple weekends has been insane. We went on one of the nights they had wristbands. My friend got the gold one which meant free drinks for her and we got the regular wrist bands - 50% off.. still an amazing deal! It just sucked that they were so packed. It was difficult to order drinks on multiple occasions because there's always so many people at the bars. It's also impossible to walk around because it's so crowded! The dance floor is also hard to move around! The music wasn't always so great though. It was always a mix of 80s-90s hip hop with a couple current hits mixed in. Very strange to dance to but it was still fun. I miss the old days before this place got so popular but I guess that's good for them.,0,1,0.5196939,0,logreg_right_neural_wrong
test_35539,"Since it's the most convenient ice cream and boba place to where I'm located, I really wanted to like Perfect Scoop and took my sweet time before reviewing it. The ice cream, however, did not have the nice smooth texture you'd expect. It was grainy and weird. No biggie, I'll just stick to the boba tea which was pretty tasty - when they actually have boba. On more than one occasion, they claim to have ran out and were making more. I've never been to any other boba tea place where they ran out of boba pearls. Seriously, no boba? One day they also had a sign up and it said 'drinks only,' which I thought was funny for the place to be called Perfect Scoop without the ice cream. The interior is lackluster and desperately needs to take cues from other ice cream parlors on merchandise presentation. The verdict: Perfect Scoop is pretty far from perfect.",0,1,0.7349542,0,logreg_right_neural_wrong
test_35541,"First timer... Wanted the Green tea ice cream, unfortunately they were out.. Got the Thai tea ice cream instead, very good! I'll be back for the green tea, lots of exotic flavors!",1,0,0.5526287,1,logreg_right_neural_wrong
test_35573,"This is absolutely the least professionally, worst mechanic I have ever heard of!  The sucker you in with a good price and warranty, but the work is absolutely shoddy and they have now kept the car 5 weeks for a warranty repair.  GO ANYWHERE ELSE!!",0,0,0.51777464,1,logreg_wrong_neural_right
test_35648,"I really think the whole experience of this restaurant was dulled because I knew what to expect from reading the reviews. This would be the first time I have ever wished I went to eat without knowing anything about a restaurant. It was good, not the best dessert ever, but I would go again to take out of town friends for the experience.",1,1,0.82699484,0,logreg_wrong_neural_right
test_35777,"A new Smashburger on my side of town? Yay, I'm happy! Smashburger has some pretty high quality burgers as far as fast casual restaurants go. I was excited to finally get over there to try the place.   First off, the space is way too small for a Smashburger. I don't know why they thought they could cram one into this teeny tiny space. I would avoid coming here during popular meal times because there would be nowhere to sit. They are severely lacking in seating space and tables. Another problem is their huge windows mean more than half of the seating is made unusable when the sun is hitting them just right. You will be blinded or roasting from the solar rays. They have pull down shades but they do a poor job of blocking out the sun. The layout of the place is funky as well, with their fountain drink machine located in this weird corner, causing big bottlenecks when customers are trying to fill their drinks. (Bonus points for having Coke Zero, though).   The girl taking our orders was very slow and confused but I'm guessing this is just because the place recently opened. As always, I'll go back in a few weeks to see if they've ironed out some of the kinks. The kitchen was FAST, much faster than any other Smashburger I've ever been to. This sort of worried me and I expected my burger to taste crappy or my order to be incorrect -- but it wasn't!  My burger was exactly how I ordered it and it was good! It didn't look that tasty but it tasted great. I was very happy. Most of you know I'm a low carb eater so I love when a place doesn't blink twice when I ask for """"no bread or bun."""" Sometimes it's too difficult for people to understand and my burger comes out on a bun anyway. Here it was SUPER EASY. In fact, the kitchen even served my burger on two slices of lettuce so I could make them into a """"bun"""" if I wished (see my photo). I LOVED THIS! THEY EARNED AN EXTRA STAR JUST FOR THIS!  Premium add-ons like bacon and avocado will cost you $1 each. I'm totally bummed that they have removed the chili from their menu. I loved adding chili to my burger. Now it's kind of boring without it.",1,0,0.7918923,1,logreg_right_neural_wrong
test_35847,I think this place has closed. Couldn't find it and ended up at Cheeba Hut. I think it was in the same strip mall?? Cheeba Hut was great though!,0,0,0.67536837,1,logreg_wrong_neural_right
test_35891,"My visit was only for the front counter where they have the different food, etc that you order, basically the deli area. A lot of exotic selections and basic stuff like pizza too. It was crowded because Sundays are when the students get their food for the week from here. The prices for the deli were decent. Had the shish taouk for less than 5 bucks and it wasn't bad!",1,1,0.5419951,0,logreg_wrong_neural_right
test_35945,"I was in Las Vegas for 3 nights of drinking, gaming and apparently losing money. Day 2 I woke up feeling (and looking) like an extra from Walking Dead.  I thought it was in my best interest to give this crazy IV thing a try.  I went for the Royal Flush. Within an hour I felt better and by 9pm that night I felt like a new man. (Liver transplant team put on call.)   Highly recommend.    But one piece of advice. If you opt for the anti-puke meds be prepared to be zonked out for 4-5 hours after.  They left me feeling very sluggish and sloth like.",1,0,0.69616336,1,logreg_right_neural_wrong
test_35963,"Interessante Gestaltung, mitten in der Stadt, unfreundliche Bedienung und ekelhafte Getr\u00e4nke, ein Stern ist da fast zu viel.",0,0,0.6669303,1,logreg_wrong_neural_right
test_35968,"I ordered the salmon katsu. It was on the salty side and just a smidge overcooked. I should have stuck to pork, but wanted to try something different. Stick with the pork or chicken.  Portion was filling and the servers were friendly. Solid 4 stars.",1,0,0.6183648,1,logreg_right_neural_wrong
test_36062,"Most large cities have their unique cuisine: Go to New York - get the pizza or a Coney Island Dog. Go to Chicago - get the deep dish pizza. Go to New Orleans - get the jambalaya and the gumbo. Go to Boston - get the lobster. Go to Philadelphia - get a cheese steak sandwich. Come to Phoenix - get Indian Fry Bread.  Maybe you've seen fry bread at a carnival served with powdered sugar, cinnamon, and honey. That's a good dish but there's so much more to this Navajo specialty. I like it served as a beef taco but there are a number of variations with and without meat.  Unfortunately I don't get here as often as I'd like but when I do come I'm never disappointed (OK, the service can be a bit sketchy).",1,0,0.6389805,1,logreg_right_neural_wrong
test_36081,"Summary: great location, great micro brew, really good appetizers. So why the 2 stars? Horrible service.   Advice: if you are waiting for a show, this is not the place to go if you want to watch the beginning of your movie.   I will check back in a month or two. We showed up to have a couple beers and an appetizer before going to the show a couple doors down. Turns out that they opened their doors earlier in the week. We let our waiter know that we were watching the clock for the show bit it didn't help. We had to rush to get out and was still a couple minutes late.   Since they were open for less then a week I am more then willing to give them another chance. They have 5-6 microbrews and give a solid score on all. Their appetizers, amazing. Try the pretzels.",0,1,0.8754758,0,logreg_right_neural_wrong
test_36094,My nails were a mess after having worn acrylics for over 10 years. I'm now going natural and my nails look better than ever! Lekisha is using the IBX system to strengthen my nails. They no longer crack and chip and are actually growing! She's awesome!,1,1,0.53713715,0,logreg_wrong_neural_right
test_36109,"D\u00f6ner und Pizza essbar aber nicht schmackhaft. Um die Mittagszeit dauert es teils recht lange. Die wenigen Sitzpl\u00e4tze sind unbequem, der Laden sehr eng.",0,0,0.5875801,1,logreg_wrong_neural_right
test_36149,"I agree completely with Calvin C's review from 10/1/2013. I went to lunch there the same day. I got the gimbap. It tasted fine (not great), and it was definitely way overpriced for what you get and how it is presented (very minimal). If they want to compete with other Asian lunch options on or near the square, they need to lower the prices and have a better presentation, on the plate and table AND with the overall look and feel (the disposable chopsticks were the sliver-giving kind). I also sat next to the window in a seat that was backed right up into the wall. It felt a little warm and stuffy in there as well. Overall, I feel the place needs a little more soul. Get rid of the beige and black color scheme. Put up some interesting pictures/art.  I am writing this review only because I want to see more authentic Asian restaurants in Madison-- and Korean food is awesome!",0,1,0.5722097,0,logreg_right_neural_wrong
test_36185,"I think this place is pretty awesome.  I first came here along with coworkers because it was close to our work location.  Seems to be the go to for when the office is craving Mexican.  This place is clean and actually is pretty busy during lunch time.    They first serve you with their chips, salsa, and bean dip...all very simply, amazing!  I think I get carried away with it when I go there because I get full before my meal even arrives.    I usually like to order any of their burritos.  Its massive.  I first ordered the shrimp burrito because I thought it would be skimpy, boy was I wrong.  Shrimp in every single bite.  I was waay full by the time I got halfway.   You can sometimes find Groupon deals for this place, so shop smart so you can save yourself some money to attempt to try the whole menu :)",1,0,0.5066562,1,logreg_right_neural_wrong
test_36203,"Super clean place with very nice employees. I have been here 3x and they did a good job cutting. However, best color isn't there strong point. I had black hair and the owner promised blonde or light brown hair. Charged me almost 200.00 for super light roots and dark on the rest. I still gave a tip and just never returned. I wouldn't recommend if you want dark to light fix. I ended up fixing my own hair.",0,1,0.51085997,0,logreg_right_neural_wrong
test_36318,"I only had beers here. But I scoped out everyone's food. Lots of grilled sandwiches and burgers. I felt no need to try one.  There was a game on and the place was packed and it was hard to get noticed. There was no one outside. It was loud and the sports fans inside were already having way too good a time so we moved on next door. They had a sign outside for $3 drinks, which we had. So we spent $6 plus tip, chugged our Lite beers and ran away.",0,0,0.6502639,1,logreg_wrong_neural_right
test_36456,"Had the Tonkatsu-Shoyu Ramen (pork + soy sauce broth). The food arrived quickly, and the portion size was just right (not too big, not too small). The decor is minimal, but tasteful. Kenzo focuses on just the Ramen and does it well.",1,0,0.9086412,1,logreg_right_neural_wrong
test_36463,Crazy show i was not sure what's to expect walking in threw the door all I seen was mascot suits and cocktail servers giving away free Jell-O shots upon entry that was nice going forward into the club was crazy there were mascots everywhere celebrity look a likes and midget Kanye west it was funny different  type of party but can only be a good time if you have a table no point in standing around there's no room for that it's a small venue and they only have two small bars. Fun industry party Wensday.,0,0,0.6745741,1,logreg_wrong_neural_right
test_36474,"I made a stop at the pool store in the same complex and when I saw a vape shop I decided to check it out.  I needed some new heads for my Protank 3, so I grabbed a box.  I realize I'm not going to get the same prices as I would online but I paid $5 per head where I can order ANYWHERE online for around $2 per head.  The guy working the counter did seem knowledgable but he actually told me I could get the MVP 2 for much cheaper online, which I already knew but I thought it was pretty hilarious he suggested I order online instead of buying from them.",0,1,0.58845437,0,logreg_right_neural_wrong
test_36517,"Tried this fast food sit down with a groupon. You definitely need a groupon deal to come here. Don't waste your money on food you can BBQ at home. The food is super over priced. On a brighter note, they have a variety of burger flavors to choose from. Food was pretty good, hence the 2 stars.",0,1,0.5940089,0,logreg_right_neural_wrong
test_36558,"I've been holding out on doing a review for a several months now just to see how they would fare after several visits and trying their sizzling sisig which was pretty good but I've had better, crispier back home in the Bay. As several other Yelpers have mentioned the portion sizes could be a tad greater on certain dishes. While food and service can be spotty and uneven at times dispite never really being crazy busy -- for the most part flavors don't disappoint, they've had a few mistakes such as their banana turon which was a little doughy and had burnt caramel then the fresh lumpia which was bland and lacking flavor. Flaws are expected with a new friends and family/ mom & pop run restaurant and can overlook them as long as they continue to bang out the more consistent, quality food they've pushed out the window.   Their place is nice bright and clean, but they can turn down the TV a bit and would love to hear some old Filipino music in the background. All and all, its good to have a former MGM and Golden Nugget chef serving up some bomb home style food right up the street from me.   If you're looking for it its in the same plaza as Sushimon, tucked away in the back of the Smiths shopping plaza.",1,1,0.53932124,0,logreg_wrong_neural_right
test_36561,"Erreichbarkeit: Top  Kinderfreundlich: absolut!!!  Essen: gehobener Durchschnitt  Ambiente: modern - rustikal - industriell ( wenn voll, Kantinenlautst\u00e4rke)  Personal: aufmerksam - freundlich - kundenorientiert - kinderlieb  Fazit: komme wieder! Letzter Stern fehlt, weil Essen nicht perfekt.",1,1,0.5943855,0,logreg_wrong_neural_right
test_36603,"Umm, what did I just eat? 9:47 pm and I had a sweet tooth, it was way in the back lol. I had just taken my kids to Baskin Robbins a few days earlier but I didn't get anything that' time, my kids really loved it, but they're kids lol. Anyway I call them up to see what time they closed and to my surprise they were still open, close at 10 pm. I'm there in 5 minutes and decided on my favorite ice cream of all time, Butter Pecan. It was disgusting, extremely flavor LESS! I'm not sure if it was the ice cream or the cone but there's a burned taste in my mouth, never again will I go there, the employees were nice though...  My 2 scoop waffle cone was $4.56, not to expensive but I still want a refund.",0,0,0.8071928,1,logreg_wrong_neural_right
test_36606,Theses guys had what I needed in stock and at a reasonable price. I didn't feel rush or pushed to buy some other parts when I was just browsing. This will most likely be the place I buy all my parts from now on.,1,0,0.55220413,1,logreg_right_neural_wrong
test_36607,"We tried shaved ice also for the first time. If don't have a sweet tooth baby size is way to go. Small size is kinda big for my wife and I. They have so much flavor flavor to choose from. It was pretty good shaved ice though.  I'm only giving it 4 star because the customer service is good but not that great.   My wife noticed that the lady was kinda sarcastic in some way. It was our first, we were expecting to have explanation what's on that particular flavor or what not.   Yeah maybe we'll come back again.",1,0,0.56413686,1,logreg_right_neural_wrong
test_36619,"Holy cow I am so glad I was talked into coming here and trying it out. I was a little apprehensive at first since I was not sure what this place entailed. If it is your first time there the servers warn you not to expect large portions and suggest you order several plates if you want more of a variety. With this in mind I ordered the shrimp risotto and the salmon. The risotto came with jumbo shrimp and was a little more al dente in some parts than I would have cared for but was still good. I also ordered the grilled salmon which was ok on its own BUT to me what really made the plate outstanding was the bed of oyster mushrooms that the salmon was served on. The combination of the salmon and the mushrooms makes this plate a must try. I was sufficiently satisfied after both of these plates. My dining companion ordered the half roasted chicken. Unfortunately, the plate lacked the wow factor the salmon had, and the chicken lacked any flavor on its own, and the broccolini it came with was way overcooked and inedible. We ended up having to add salt to give the chicken any flavor. The manager also surprised us with a mini cheesecake for my birthday (yay!), which I thought was nice. To top off the meal I had a Smith & Forge hard cider (yum!) and my companion had some drink (can't remember the name) that had raspberries in it. Unfortunately, the bartender who made it forgot to strain the seeds out, making it impossible to drink, and it had to be sent back. I had to knock a star off for the lack of flavor in the the chicken and the inconvenience of the drink. Would I come here again? Absolutely. Would I recommend you give it a try? Absolutely!",1,0,0.5902998,1,logreg_right_neural_wrong
test_36660,"Came here for a Sunday brunch at around noon.  it's fairly small and was packed when ago there but no wait.  While sitting there I could see most people only had to wait a few minutes before getting a table. I guess due to location the traffic in and out was steady  Service.  Not bad but not great.  I feel the cafe needed one more server. I could tell the two that they had were in little overwhelmed.  This caused a delay in our table being cleaned off and for my coffee to be forgotten about. But the servers were pretty nice and did apologize  Food. Really, really good. I had the Flipside Breakfast which was cheddar grits, 2 eggs, bacon, and biscuits with gravy.  The eggs and bacon were ok; I felt the eggs were scrambled a little too hard and the bacon was too rubbery.  The grits and biscuit made up for it. The grits were so smooth. The gravy on the biscuits were AMAZING.  Best gravy I've had in a while. They have the biscuit and gravy as a side so try it if you get something else   I also had a pancake on the side (yeah I'm a fat kid). That was also really good. I wish I had two.  My girlfriend had the lobster omelette and she enjoyed it. I had a taste and thought it wasn't bad. It was a little overcooked honestly. I liked my breakfast more.   It seems the cafe turns into a little bar too at some point. They had a surprising amount of beers listed.  I really hope they open a place somewhere in Charlotte. I think they could do pretty well if it's a good location.",1,0,0.5151646,1,logreg_right_neural_wrong
test_36663,"Came here a few nights ago and wish I would have read the other yelp reviews before deciding to eat here.  We were going to hit Kona Grill for happy hour, but the bar was packed and so we decided to eat here since we never been here before.  The menu was set up similar to a Pei Wei style menu (different flavor combinations served with beef, chicken, shrimp, tofu, or double vegetables).  Each of them are served with noodles or the noodles can be substituted for white or brown rice.  I went with the allegedly """"very spicy"""" dan dan noodles with marinated steak, and my wife got the sweet Mongolian chicken.  We both upgraded to a """"combo"""" meaning we got a drink and two spring rolls for $2.49 extra.  I also got breaded chicken tenders for my boys.   The dan dan noodles were very bland and only slightly spiced with sambal chili sauce which did little to add any flavor other than spice to the dish.  I found myself reaching for anything on the table to add flavor (sriracha, soy sauce, and lime juice) which helped but still was missing something.  The marinated steak had some flavor to it, but many pieces were cut with the grain which made them extra tough to chew.  My wife's Mongolian chicken was just as bland, the only difference between the two dishes was slightly spicy vs. slightly sweet.  The spring rolls were clearly frozen and not made in house as the little vegetables were soggy.  The best thing I ate were my sons' chicken tenders, crunchy and tender.  Wish I would have gotten a bowl of those instead.  Service was nice and helpful which saved it from being a 1 star.  Expected more from a chain restaurant .  With all the other great restaurants in the San Tan Mall, we would visit again anytime soon.",0,1,0.7303553,0,logreg_right_neural_wrong
test_36678,"I was at Simply Pure that dosnt serve alcohol, SO I went to bin 702 for a drink, I asked what was a good drink and she suggested some kinda Bloody Mary beer thing for 8 bucks  1st she fills a plastic 16oz cup with Ice 2nd she adds some tomato juice stuff 3rd she opens a beer I think Bud light and pours in no more then 6oz of beer 4th she hands it to me 5th i say, you want me to pay 8 bucks for that? 7th I let her keep it and went to the place next door and got 2 PBRs for 2.95 each Now Im happy again.",0,0,0.69905305,1,logreg_wrong_neural_right
test_36884,"Came here with my family on fourth of July. Pre-fireworks meal. We eat here all the time since it first opened but this is my first review of the restaurant.  The teppenyaki side is lame and the sashimi is yuck but....... hands down best specialty rolls on the west side. Service is always great!!! My toddler wanted a milkshake that wasn't on the menu and our server talked the bartender in making her one!!! AWESOME!!! Thanks for going above the bar for her. We brought in some food with us, as i wasnt sure she would try anything. Our server just looked the other way. He  gave her some """"cheater"""" chop sticks and she didn't look back. Squid salad, rolls,  she was in. :) had a great time as always!!!!!",1,0,0.88152623,1,logreg_right_neural_wrong
test_36908,"All staff are in a team meeting and customers are asked to wait. It's been 15 minutes and they are still in a """"team meeting"""". Glad these guys put customers first.",0,1,0.5857128,0,logreg_right_neural_wrong
test_36940,"Food was fantastic and portions were huge. The rest of the experience was not so memorable.  Our waiter obviously did not feel that we were worth the trouble of treating us like all of his other tables around us. He never smiled or  offered us any suggestions when asked. He wandered around the floor talking to his other parties and came back to us after waiting 10 mins. This was after asking his assistance to get his attention.  He took our order without a word and we did not see him until we complained to the manager about our experience. The manager was great and listened to us, making no excuses for the shaved head waiter from New York who should be working elsewhere.  The food Fantastic! The service.......go somewhere else where they treat locals like family.",0,0,0.56871486,1,logreg_wrong_neural_right
test_37053,"Loud! Loud! Loud!  Why?  Do people really enjoy having breakfast where the music is as loud as the club they were in last night? I like to visit with friends over breakfast and be able to have a conversation, hear one another without screaming.  I can't think of any good reason to have the music so loud, and it's even louder in the bathroom.",0,0,0.6744045,1,logreg_wrong_neural_right
test_37065,"29 mai 2014 - serveurs courtois, pr\u00e9sentation \u00e9loquante des plats. Pas de menthe pour mojito de mon amie, pas d'ananas pour le drink de mon autre amie et moi, ma bi\u00e8re en f\u00fbt \u00e9tait 'flatte'. Si vous commandez les raviolis en plat principal, je vous recommande de manger beaucoup de pain avant, pendant et apr\u00e8s.  Portion minuscule qui ressemble plus \u00e0 une entr\u00e9e. Pour 33$, tu as 5 raviolis... oui, oui... 5. tr\u00e8s de\u00e7u.  J'en ai fait mention au serveur et ce dernier de r\u00e9pondre... """"Oui mais ils sont fait \u00e0 la main et il y a beaucoup de travail"""".  Nous \u00e9tions un groupe de 11 personnes et 5 ont commnand\u00e9 les raviolis et m\u00eame commentaire concernant la portion.  C'est dommage car ils \u00e9taient d\u00e9licieux... peu nombreux... mais d\u00e9licieux.  70$ pour 1 bi\u00e8re, 1 entr\u00e9e, 1 plat principale, taxes et pourboire... \u00e7a ne vaut pas la peine.",0,1,0.6202789,0,logreg_right_neural_wrong
test_37087,"came once before and it was decent, only reason we came back was for a friends birthday.  It has a good atmosphere and they have buck hunter which is always fun to play but the food and service were both bad. ..  won't be coming back",0,1,0.69888645,0,logreg_right_neural_wrong
test_37119,"This plane has to do I rinks.  There could be free skating on one wild berry and ice hockey on the other. With the hockey rink being divided into three smaller rinks horrible kids teens to play and practice. If I lived in the Phoenix area, and had a child that was interested in playing hockey, or I was interested in playing hockey myself, this place would be fantastic.",1,0,0.76765466,1,logreg_right_neural_wrong
test_37140,"A few of my boyfriends friends swears by this place. They say it's the best Cajun food they've ever had! Unfortunately my experience was a little different.   Walking into the restaurant, I figured they would have change the decor from the previous restaurant/owner. I was wrong. Everything looked the same!  The meal itself was not hitting the spot (I'm usually easy to please when it comes to food). We started with their crab cakes - green onions were overwhelming, salty, over seasoned, and too fried. I think crabs have a great natural taste that doesn't need to be masked by all the seasonings. We then decided to share the half fried oyster po boy and half seafood gumbo. The seafood gumbo wasn't anything special; a little too salty for my liking. The fried oyster in the po boy must have been old because it had a stench after biting into it and the texture was off. To be honest, we weren't feeling too good afterwards.   Sad to say, but this place is one and done on our list.",0,0,0.7350008,1,logreg_wrong_neural_right
test_37169,"Love that they have Four Peaks beer on tap, including my favorite, Hop Knot. But I'm wishing I had made a different food choice. l ordered the grilled cheese with creamy tomato soup. Because I figured it was impossible to go wrong with a comfort food staple and I'm tired of burgers at the airport. I must have had a shocked look when my food arrived. The tomato soup was no where near creamy, but a chunky-ish tomato soup with no cream. The grilled cheese was no where near the gourmet sandwich the menu promised. So not worth $10. Should have gone to NYPD pizza instead.",0,1,0.6688285,0,logreg_right_neural_wrong
test_37283,Had a great time. Great service.  Too bad its in Snobdale I mean Scottsdale.  Some 60+ old man killed it for me while he was attempting to hit on me in front of his wife and my husband and son. Can't wait for the Gilbert location to open (where we live) to get away from the Scottsdale vide!!!,1,0,0.644259,1,logreg_right_neural_wrong
test_37293,I have been trying to get coffee at this place multiple times BUT had no luck since they don't open until late in the day 9am really ....it also seems like a ice cream place than coffee shop. If you are real coffee drinkers wouldn't come here. If you want fabulous pastries and coffee visit coffee bean,0,0,0.5343095,1,logreg_wrong_neural_right
test_37312,I don't know why this place has 4 stars.  It's Applebee's food with Ruth Chris prices.  With many other options in the near area defiantly walk on bye.,0,0,0.60370326,1,logreg_wrong_neural_right
test_37318,"The Yusho stands for   YU SHOuld not go to this place.  At first i saw the sign and i was super excited I could not wait for this place to open it's doors because i love Japanese style grilling. Yakitori and Robatayaki is the best and they have noodles too? Bonus!!!!  Every time i drove by the sign """"Yusho Japanese Grill & Noodle House"""" I could just imagine myself eating tender cuts of charred chicken and steak off of skewers and then slurping up delicious noodles bathed in brothy goodness.  My mouth would water just at the thought of it.- I could not wait for this place to open its doors because it's such a perfect combo and there really is nobody on the strip doing this at a reasonable price.    BOOOM!....AWAKEN FROM THE DREAM.....  As i walked in i noticed was there was a lot of outdoor patio furniture clumsily arranged in front of the entrance...uh oh i felt a disturbance in the Japanese Feng Shui force.   Making my way into the restaurant i was greeted immediately by a very friendly staff, perhaps too friendly...........  The restaurant has a very simple atmosphere, not reminiscent of any kind street food dining i have ever encountered. It's more like this cafeteria i went to at Depauw University in Indiana that i was visiting back in 1998.   Dark wood colors and  a blend of white and yellow light that is confusing, mixed with bad fabrics and colors that don't match.  What ever happened to the good ol Japanese Feng Shui? I am not a feng Shui expert but if i was i would give it 1 Feng on a scale of 1-10 with 10 being a perfect Feng Shui.   There was definitely no Feng Shui Consultant involved in any part of the design of this place.   The articles have praised Yusho as a high end elevated take on Japanese street food. When i think of Japanese street food i think of carts lining the streets with smoke bellowing off grills as delicious cuts of meat on skewers are charring on the grill and ladles of noodles and steamy bowls of brothy goodness are being served in big bowls to a bustling crowd of hungry folk who only have a 15 minute lunch break.     Our order of elevated Japanese street food:  Chub sausage steamed bun -- No elevation here it was just terrible couldn't eat more than one bite.  Terrible blood sausage. Since when is Sweet and Gritty good?  I still get a little sick just thinking about it.   Duck Leg w Steam Bun -- No elevation-- pretty standard on this if you want a little duck and some bread and you have $25 to spare this will do. If i was stuck on a deserted island with only a Yusho restaurant to survive i would probably just eat these.   Chicken Wings-- No elevation I like my wings with a little crispiness to them...there was no crispiness...  These were slimy and stuffed with a  filling that made it taste like a chicken meatball more than a wing.  No Yakitori or Robatayaki flavor goodness present.   Ramen Noodles-- Probably the worst non elevation--- Precariously balancing on the bowl was a  rectangular meat stick of what tasted like Panko crumb fried Bumble Bee Tuna. .... .......We were told it was pork.  Much better places for ramen in Vegas and at $22 for a small bowl this one made me really wish i could just beam myself out of there immediately.   Where's a federation starship when you need one?    The hosts, server, busser provided excellent service.   Since this restaurant is part of the hotel we used our points for the meal and wanted to put a nice tip on a credit card because our waitress was the best ever and it's not her fault she has a terrible product to work with.  In comes a clueless aggressive girl manager who said they could not charge a tip on a credit card for the server and when i asked what they do when this happens she said that she encourages customers not to leave a tip. She reminded me of an angry badger. After a brief exchange of words where i educated her on the concept of protecting her staff.  She scampered away to try again and hallelujah she figured it out!  Obviously this is her first time as a restaurant manager. Sorry awesome staff your inexperienced angry badger manager is too lazy to help get you tips and is definitely the nail in the coffin for this place.    If this food was not elevated  i think the tourists would like it and there would be a chance of success. Tourists won't like the food and when they have an issue the badger will crush them.     It's just unbelievable that this  """"elevated"""" street food is elevated by non other than Matthias Merges the executive chef from the infamous Charlie Trotters in Chicago- Arguably the greatest restaurant in modern Chicago History.  The only thing elevated about this place is the price.   Mathias, i think it would be wise to make it an authentic Japanese street food experience.  Change the menu and concept and fire the clueless manager!   Overpriced, non elevated bad  food, dull atmosphere, with good staff except for the badger.  YU SHOuld say Sayonara to Yusho.",0,1,0.8270243,0,logreg_right_neural_wrong
test_37322,"Maybe 2.5 stars. I have experienced better from a martini/jazz bar. On a Saturday night, Sydney's was way understaffed. We sat (on the sofa's to the right of the entrance doors where there's a small partition/wall that keeps anyone sitting there from seeing the band) for a good 35 minutes before anyone came over to ask for our drink orders. I actually got up to go to the bar a couple of times (not being able to get the bartenders attention) to order a drink and get a menu. There was a waitress who walked by our group of 6 many times to a table behind us to service them without ever looking our way. We finally were able to order drinks and it took another 30 minutes to get our drinks. Martinis=juice with a splash of liquor so I always stick to my regular tonic. Can't speak to the specialty martinis personally but my guest noted that they were just """"ok"""". I ordered the chicken quesadillas and they were actaully pretty good for whay they were. Two of my guest ordered a bottle of wine to split. After the wine was poured it was placed on the table. Isn't a bottle of wine/champagne usually kept chilled in a bucket? No big deal, our waitress Nicole was knowledgable about the wines and cocktails on the menu and that was a good thing. After we were asked if we wanted a second round of drink, we never saw our waitress again amd had to wait for a while to get our checks. The band was good, can't remember their name. Would I come back? Probably not.",0,1,0.5399412,0,logreg_right_neural_wrong
test_37338,"We have been on a Pittsburgh """"mission"""" so to speak to try and taste all the BBQ joints in the greater Pittsburgh area. Today we tried the Swhinery and report is: Ribs were OK but very fatty....did not seem to be of a high quality? Brisket served was ice cold and had very little smoke or BBQ taste. Pulled chicken really was best of the 3 but was not really """"pulled"""" but seemed to just be chucks of chicken not actually pulled.  Mac n Cheese was bacon mixed and again just OK Potato salad was very good Chili nachos were good and a huge portion. Overall we have just experienced far better across the board at several of the other BBQ joints we have tried thus far. I believe the Swhinery was the 10th place we have tried and it is definitely in the bottom 5 IMO.  Price was pretty fair and service was very good. Wish the BBQ had been better!!",0,0,0.68762743,1,logreg_wrong_neural_right
test_37374,"Great food! I am really happy this location opened. Though I understand it's still their first week open, I have been three times since they opened and every time the line to order is really long and slow moving. It wouldn't be a huge problem if it was long and moved fast but it moves so slow. Granted the employees are still new and learning. I hope they figure it out so the ordering process will be faster. But overall , the food is excellent and priced well. I was sad to see so many people walk in and then walk out once they saw the slow moving ordering line.",1,0,0.68374723,1,logreg_right_neural_wrong
test_37397,"I would give 5 if I could. 3 if they were not so new.   3 of us showed up yesterday, 5-22 about 8pm. We were greeted and seated inside in the corner. Which is fine if the corner had some design atmosphere.   Really liked the menu style (design, layout, paper, items (lose the hyphens)). Ordered a couple OHSO cocktails. """"Shhh"""" they were called. Refreshing! (still did not know our server's name until we asked after apps).    Ordered the Steak and Fries app. About 5 minutes to the table. I could live on these...Happily! They are amazing. Once we finished the app, within 2 minutes our entrees arrived... Diablo burger Medium with OHSO sauce on side (Bloody Mary Mix, Horseradish, maybe some 1000 island or mayo mixed in) Good tangy flavor with some heat. I had to send back because the meat was rare and slapped me in the face. They did not do a re-fire, actually made a whole new burger (good work). A bit over medium. But good flavor and you can taste all the items perfectly. The bun, reminiscent of Kings Hawaiian Bread (soft but not sweet). Problem is the bottom holds a lot of weight, heat, juice and within 2 bites, it's completely in pieces. But I did slop up every crumb on the dish. Guest 2 had the same with side of ranch (I am a ranch fan... but it seemed to be kinda zingy like the Hidden Valley Farms, not like homemade buttermilk/mayo (the type you use on wings, pizza, fries, etc)). He had already killed his burger by the time mine arrived. Instructed me to flip it over to attempt to save the bun. Guest 3 had veggie burger sub fries for salad. I tasted the burger... one of the best veggie patties I have had in AZ and Los Angeles.   Why the 4 and not the 5? - Decor seems lacking in some areas, there are visually cold spots in the building. Flow is not bad. Price points for some items are a bit high. I figure they will find the loss leaders soon and adjust. $100 for three burgers, 1 app, 1 beer, 2 cocktails.  There are other places with same quality and better deal, but it is NoSco!  BIG ISSUES:  1) no true identifying uniforms to figure out who works there and who doesn't. Thus you find yourself visually confused as to who to ask a question. 2) timing timing timing... in a period of 15 minutes we had ordered, ate and looked at each other to figure out if we were going to get a second drink. Meaning, that the servers need to pace the kitchen, watch the tables, get more drinks to the guests, up that ticket avg. That timing is great for time-pressed lunch crowds.   It should become a NoSco hotspot with a long lifespan. It's immediate competitors are: FourPeaks and TwinPeaks. (actually delete TwinPeaks, it's just terrible in so many ways). FourPeaks has the beer, the size, the longevity. But I think the two can co-exist happily and thrive.   We will be back...",1,0,0.6587709,1,logreg_right_neural_wrong
test_37505,"I reviewed a message from the manager, Dawn, less than 24 hours from my first visit apologizing about the situation. I think it's great when a manager can admit to faults and grow themselves and their team from mistakes. I was not expecting her to reach out to me or invite me to come back for a great experience. I understand that mistakes happen and they are all teachable moments, it just depends on the accountability and ownership and their actions to rectify moving forward. I have accepted her invitation to come back and look forward to the great experience she guarantees I will have.",1,0,0.5755205,1,logreg_right_neural_wrong
test_37506,"Mmm there are many places that offer """"clean eating """" with more flavor.  Their sauce is ... Just weak , no flavor :( so sad because I would love a healthy yummy option near here .     2 stars came only from good service , manager and servers were very pleasing just my tummy was not pleased .    Also their """"side"""" veg option sucks , it's just one Huuuge order of same plain veg.   Needs mixing up option.  And people , huge loads of white rice is never the best """"clean"""" food lol",0,1,0.92145354,0,logreg_right_neural_wrong
test_37597,"What a fun place to have close to home! Definitely more of a place to come for drinks, not to eat. We came on a Friday night & this place was packed! Luckily it's huge so we were seated right away. They had some awesome music playing, albeit loud, but we were here for a good time so it didn't bother us. I noticed they had $3 jaeger shots so we each started with those.  My husband ordered buffalo wings & I ordered the caesar salad foccacia wrap.  A few shots later our food came out. My husband loved his wings, my wrap was just meh.  Not much chicken & the fries that came with it were so soggy & greasy that they were inedible. Probably 2 stars for the food. I also ended the night with one of their $3 Zipparitas which was so unbelievably strong that my husband had to help me finish.  We will definitely be back soon, just not for food.  Their happy hours & reverse happy hours are awesome, something new every day of the week.",1,1,0.53686893,0,logreg_wrong_neural_right
test_37630,"We love the food, our second time here. Unfortunately, we sat at the bar and the people just not friendly. We sat at the bar and I think the guys name is Chris, very antisocial, etc. But at least the food is great",0,1,0.50479746,0,logreg_right_neural_wrong
test_37680,"I don't know if we went on an off night (I have read other reviews from the night we went that complained about the service as well).  But, to say I was underwhelmed with Bazaar Meat is an understatement.  When we walked in, I was blown away.  It's a dark and very chic looking place.  There is a small casino to your left as you walk in.  I can't believe other restaurants haven't thought of this, it's such a fantastic idea.  I've seen them in clubs, but not restaurants.  Waiting for your table, how about dropping a hundred at roulette?    The hostesses were very friendly and we were seated right away.  We had drink orders taken very quickly.  So far, so good.  This place is really an assault on the senses.  There are smells from the grilling, the music is loud, there are alligator heads on the wall, and employees everywhere.  The kitchen is very busy, and you can see most of it from the seating area.  Our server started off friendly, and stayed friendly, but he also stayed away from our table.  This is one of the reasons I am giving 2 stars.  As the meal wore on, he was nowhere to be seen.  It took nearly a half hour to get our check.  Also, a table 2 tables from us remained unbussed for over 20 minutes.  I know you are crowded, it's a new hot restaurant on the Strip, but these are issues that shouldn't happened at a place of this caliber charging what they charge.  Most telling, two in my party ordered cocktails when we sat down.  The glasses remained on the table after they were completed, empty, for the entire 2.5 hour meal.  This would have been an easy fix, yet there they remained.  It became kind of a joke with us to see how long they would last.  Spoiler alert:  they were on the table when we left.  For all I know, they still are.  As other yelpers note, the menu is not your typical steakhouse.  It was described to us as a steakhouse meets a tapas place.  I would agree, this is a spot on description.  We started with the Iberico ham, the best ham in the world.  For $70 you don't even get 2 ounces (see my picture), but it's the best HAM IN THE WORLD.  I never regret buying this stuff, and it was no different at Bazaar Meat.  It is served with crustinis with tomato spread on them, sort of a Spanish bruschetta.  The whole thing is fantastic, highly recommended, but it ain't cheap folks.  We next went with the chicken croquettes.  You get 5-6 per order for $12, and they were fantastic.  Fried perfectly and lots of b\u00e9chamel flavor.  Loved these things, I could have easily eaten another order.    A couple at our table ordered the famous foie gras cotton candy.  I didn't try it, they ate it so quickly.  I regretted getting one, but we had other things on our mind....  Like the steaks.  Unfortunately, they were out of the Lindsay Ranch ribeye, which of course I'd had my eye on since making the reservation.  As a result, we went with the Mishiwa Reserve, which is $65 a pound.  Supposedly, our steak weighed 2.5 pounds.  Now, I don't carry a scale with me to dinner, but there is no way this thing weighed 40 ounces.  But, we were hungry, and we ate it rather than complaining.  We did point it out to our server, but he said he had no way of knowing since we started eating.  He's absolutely right, but we still weren't happy with the size of this steak.  I don't know, maybe the bone weighs in at 22 ounces or something.  Also, this is the worst dry aged steak I've eaten.  It didn't have the depth of flavor you expect with dry aging.  Additionally, it wasn't adequately seasoned.  This was a fairly big error on such an expensive steak at a restaurant like this.  We ate the steak because we were hungry (and paid an arm and a leg for it), but we weren't happy.  We also tried the quarter of a suckling pig.  Now we're talking!  This thing was as advertised: juicy, flavorful, with that great crispy skin.  We got as much meat off of the thing as we could, but all of us could have used more.    For sides, we went with the Delmonico potatoes, asparagus, and carrots.  All were good, the potatoes were almost too decadent (if such a state exists).  The asparagus is small, but it was cooked well.  I could have used more flavor from the romesco sauce.  The carrots with pepper and Greek yogurt was probably the table favorite.  I'd absolutely get this dish again.  We were given a small plate of desserts gratis at the end of our meal.  They, like the rest of the meal, were hit and miss.  Overall, I'd say this is an ambitious and unique addition to the fine dining scene in Las Vegas.  I don't know if we went on a bad night (as noted above, I've seen at least one other review that dined the night we did, November 15, 2014, that complained about the service).  I also know restaurants grow and even the best places have issues.  But, for what we paid, a lot of the things are close to inexcusable.  I'd return, but not for a long time, and I will definitely bring a scale....",0,1,0.6147193,0,logreg_right_neural_wrong
test_37688,"Third times a charm? This makes three times I have seen a pizza spot in this location. I stopped in and ordered a """"Monday's Special"""" which is a large cheese pizza for $9.99 and additional toppings are extra. Inside was very busy so I guess others are wanting to this place out too. While I was waiting for my pizza, I noticed they have pizza by the slice for sale. I asked if they could add a slice of Sicilian (cheese) to my order priced at $3.25 and make it to-go. My husband isn't a fan of a lot of sauce on a pizza, but I'm the opposite. I asked for a side of sauce (cost .85 cents) to go along with my pizza for dipping and it and I ended up really liking the flavor. The pizza had a thin crust and the right amount of cheese for it. The pizza wasn't very greasy at all and hubby and I both enjoyed it. The Sicilian slice tasted great and had the crisp crust it should, but I was a but disappointed when I got home and opened the paper bag it was in and it was just on a paper plate inside the bag. They did just open, so it's possible they ran out of to-go boxes, but I hope it's not this way all the time. The Sicilian slice was actually my favorite part. The employees were nice and with the different specials they have going on and the food being decent, I can see coming back.  Most pizza joints have a """"slice special"""" and it has a certain time it runs and sometimes only on certain days. Well, here you can get 2 slices and a drink for $5.50 7 days a week anytime. I thought it was a plus that I could get a slice special for dinner instead of just a restricted lunch time special. Aside from pizza they also have wings, fingers, salads, strombolis, pasta, sandwiches and desserts. They also cater.",1,0,0.51922655,1,logreg_right_neural_wrong
test_37760,"I have been ordering from this company since 2001. Back then everything was great. Somewhere along the line it has turned into a complete cluster. Rounded corners come inconsistent and octagonal. Definitely NOT round. The product is never delivered by the date provided & when it comes it's usually incorrect. I've had colored prints come in black & white. I've had big streaks & discolorations running down postcards. The rounded corner issue mentioned above. No one ever knows anything & you always get tossed around from person to person until someone stumbles on a solution by chance. I've had more reprints than actual orders. The best is when they contact you 4 days after the scheduled delivery (expedited shipping) to say they """"lost the artwork"""". Shouldn't something like that be addressed???  This company is a joke. Go somewhere else even if the cost is double.",0,1,0.6863476,0,logreg_right_neural_wrong
test_37786,"Para ser arroz y frijoles,  esta muy caro. No es mi gusto en comida. Pueda que a otros les guste, en lo personal a mi no!!!",0,1,0.5114713,0,logreg_right_neural_wrong
test_37885,"Compare to the rest of the nordy rack stores, this one by far has no good items. Couldn't find anything good here.",1,1,0.9204362,0,logreg_wrong_neural_right
test_37924,"As chains go there is certainly a problem with the new location chosen for this franchise.  Should you wish to dine here on an evening or a Friday, Saturday or Sunday night, finding a parking space in the parking lot will be impossible  Apparently the Holiday Inn Express has commandeered the entire parking lot for their Hotel and the parking lot is """"empty"""".  As for the staff, other than letting me know that Holiday Inn will tow my car, there is no other help to dine at their franchise.  It is hard to sample the food when you have no way to park your car safely or within 600' or their door.",0,1,0.6529492,0,logreg_right_neural_wrong
test_37930,"Lots of TVs to watch games. They have local beers, which is great! Lots of seating. Looks way better then the iguana Mack. Serves is alright not bad but not amazing. Chili atmosphere",1,0,0.541355,1,logreg_right_neural_wrong
test_37987,"I've been wanting to come here for quite some time now after seeing it featured on Guy Fieri's Diners, Drive ins, and Dives.  The star of the show was the oxtail chili cheese fries.  Which on the show, looked amazing.  The chili cheese fries were made with copious amounts of oxtail and was a meal in itself.   I remember marking my notes with not only the location but what to order (oxtail chili cheese fries) and the cost $8.99.      As usual,  after Guy leaves,  things change.  The chili cheese fries didn't have a morsel of oxtail.  I found a few hair strand like pieces in the chili but that was it.  To make matters worse, the price had been increased to $11.  That's the same price as a burger!",0,1,0.7037829,0,logreg_right_neural_wrong
