test_index,label,probability_positive,prediction
0,1,0.8271080255508423,1
1,0,0.3773390054702759,0
2,0,0.00021899999410379678,0
3,1,0.9929699897766113,1
4,0,0.007499000057578087,0
5,0,0.004401000216603279,0
6,1,0.9589920043945312,1
7,0,0.36865299940109253,0
8,1,0.9999970197677612,1
9,0,0.0011070000473409891,0
10,1,0.9999390244483948,1
11,0,0.02807999961078167,0
12,0,0.005342000164091587,0
13,0,0.2052379995584488,0
14,0,0.004191999789327383,0
15,0,0.2154570072889328,0
16,1,0.9004780054092407,1
17,1,0.9907199740409851,1
18,0,0.0017359999474138021,0
19,1,0.9862210154533386,1
20,0,0.06086299940943718,0
21,0,0.012992000207304955,0
22,1,0.9999210238456726,1
23,0,0.3268519937992096,0
24,0,0.008475000038743019,0
25,0,0.07582800090312958,0
26,1,0.9999949932098389,1
27,0,0.004269000142812729,0
28,1,0.9927229881286621,1
29,1,0.9980689883232117,1
30,1,0.999983012676239,1
31,1,0.9995049834251404,1
32,0,0.00671500014141202,0
33,1,0.9997649788856506,1
34,0,0.06756100058555603,0
35,1,0.9028859734535217,1
36,0,0.025143999606370926,0
37,0,0.08561400324106216,0
38,0,8.600000001024455e-05,0
39,0,0.02477099932730198,0
40,0,0.00013000000035390258,0
41,1,0.9989579916000366,1
42,1,0.9997599720954895,1
43,1,0.9962670207023621,1
44,1,0.9977179765701294,1
45,1,0.9998689889907837,1
46,1,0.8573909997940063,1
47,0,0.12643000483512878,0
48,0,0.29276299476623535,0
49,0,0.00023499999952036887,0
50,0,0.43131300806999207,0
51,0,0.15482600033283234,0
52,0,0.0314750000834465,0
53,0,0.9033480286598206,1
54,1,0.22060799598693848,0
55,1,0.9959759712219238,1
56,1,0.9038199782371521,1
57,1,0.9999880194664001,1
58,0,0.0049149999395012856,0
59,1,0.9695199728012085,1
60,0,0.0003549999964889139,0
61,1,0.5044410228729248,1
62,1,0.9991949796676636,1
63,1,0.8455610275268555,1
64,0,2.5999999706982635e-05,0
65,0,0.013542000204324722,0
66,0,0.048962000757455826,0
67,0,0.1614679992198944,0
68,0,0.00042699999175965786,0
69,1,0.9928860068321228,1
70,1,0.973019003868103,1
71,0,0.8725979924201965,1
72,1,0.9887329936027527,1
73,1,0.9543089866638184,1
74,1,0.9964920282363892,1
75,1,0.9957659840583801,1
76,0,0.04973600059747696,0
77,0,0.0013330000219866633,0
78,0,0.17328199744224548,0
79,1,0.888670027256012,1
80,0,1.4000000192027073e-05,0
81,1,0.9223200082778931,1
82,0,0.04898900166153908,0
83,0,0.012488000094890594,0
84,1,0.8134829998016357,1
85,0,0.0007270000060088933,0
86,0,0.003971999976783991,0
87,0,0.001231999951414764,0
88,0,0.08514200150966644,0
89,1,0.9471330046653748,1
90,0,0.16370199620723724,0
91,1,0.99686199426651,1
92,1,0.9998999834060669,1
93,0,0.0599059984087944,0
94,1,0.9973639845848083,1
95,1,0.9943670034408569,1
96,0,0.00033099998836405575,0
97,0,0.018525000661611557,0
98,0,0.006798999849706888,0
99,0,0.13882499933242798,0
100,1,0.9999719858169556,1
101,0,0.005650999955832958,0
102,1,0.9998900294303894,1
103,0,0.001711999997496605,0
104,1,0.9999979734420776,1
105,1,0.9999799728393555,1
106,1,0.08947599679231644,0
107,0,4.999999873689376e-06,0
108,1,0.9998540282249451,1
109,0,0.019997000694274902,0
110,1,0.9122939705848694,1
111,0,0.49938398599624634,0
112,0,0.009999999776482582,0
113,1,0.5240539908409119,1
114,0,0.09509299695491791,0
115,1,0.9990360140800476,1
116,1,0.9815869927406311,1
117,0,0.027946000918745995,0
118,1,0.8581600189208984,1
119,0,0.5101060271263123,1
120,0,2.499999936844688e-05,0
121,0,0.004048999864608049,0
122,0,0.0459199994802475,0
123,0,0.004042999818921089,0
124,0,4.999999873689376e-06,0
125,0,0.1698710024356842,0
126,1,0.9976940155029297,1
127,1,0.9838730096817017,1
128,0,0.0016530000139027834,0
129,0,0.0009219999774359167,0
130,1,0.9999989867210388,1
131,1,0.9999269843101501,1
132,0,0.00774300005286932,0
133,0,6.199999916134402e-05,0
134,0,3.999999989900971e-06,0
135,1,0.9995999932289124,1
136,0,2.300000051036477e-05,0
137,1,0.07252900302410126,0
138,0,0.006845000199973583,0
139,0,0.024555999785661697,0
140,0,0.6607890129089355,1
141,0,0.10185199975967407,0
142,0,0.00011300000187475234,0
143,1,0.9459059834480286,1
144,0,0.0006569999968633056,0
145,0,0.0031300000846385956,0
146,0,0.3836260139942169,0
147,0,0.0013279999839141965,0
148,0,0.017968999221920967,0
149,1,0.9814460277557373,1
150,0,0.008023999631404877,0
151,1,0.9858120083808899,1
152,1,0.9991689920425415,1
153,1,0.9702749848365784,1
154,0,0.011052999645471573,0
155,1,0.9998430013656616,1
156,1,0.9999799728393555,1
157,0,0.00674699991941452,0
158,0,0.002090000081807375,0
159,1,0.9999740123748779,1
160,0,0.0811220034956932,0
161,1,0.9999930262565613,1
162,0,0.12591099739074707,0
163,0,0.05568600073456764,0
164,0,0.1979829967021942,0
165,1,0.9999759793281555,1
166,0,0.003575999988242984,0
167,1,0.9976469874382019,1
168,0,0.0014929999597370625,0
169,0,0.01107999961823225,0
170,1,0.9986050128936768,1
171,0,0.0009490000084042549,0
172,0,0.008119000121951103,0
173,0,0.40354499220848083,0
174,1,0.9999989867210388,1
175,1,0.001221999991685152,0
176,0,0.009684000164270401,0
177,1,0.9998369812965393,1
178,0,0.15424099564552307,0
179,1,0.9770539999008179,1
180,1,0.9996709823608398,1
181,0,0.0005109999910928309,0
182,1,0.9999629855155945,1
183,1,0.9998949766159058,1
184,0,0.0016039999900385737,0
185,1,0.9778929948806763,1
186,0,0.03482700139284134,0
187,1,0.9855960011482239,1
188,0,0.6782410144805908,1
189,1,0.9693269729614258,1
190,0,0.00975400023162365,0
191,1,0.9741039872169495,1
192,0,0.059714000672101974,0
193,0,2.4000000848900527e-05,0
194,1,0.9610049724578857,1
195,0,0.15140800178050995,0
196,0,0.0027469999622553587,0
197,1,0.9851189851760864,1
198,0,0.023442000150680542,0
199,0,0.0010019999463111162,0
200,1,0.9960489869117737,1
201,1,0.018604999408125877,0
202,1,0.9998409748077393,1
203,1,0.14534999430179596,0
204,1,0.9987199902534485,1
205,0,0.0002209999947808683,0
206,1,0.9993889927864075,1
207,0,0.0028619999065995216,0
208,1,0.999983012676239,1
209,1,0.9999269843101501,1
210,1,0.9955909848213196,1
211,0,0.0004250000056345016,0
212,0,0.0022169998846948147,0
213,0,0.0008640000014565885,0
214,0,0.03113199956715107,0
215,1,0.9692850112915039,1
216,1,0.9954100251197815,1
217,1,0.9999629855155945,1
218,0,0.005295999813824892,0
219,0,0.021870000287890434,0
220,0,0.09957899898290634,0
221,0,0.008953999727964401,0
222,1,0.9977200031280518,1
223,1,0.9990249872207642,1
224,0,0.02673500031232834,0
225,0,0.016435999423265457,0
226,0,0.8816530108451843,1
227,0,0.00013099999341648072,0
228,0,0.97052001953125,1
229,0,0.0011099999537691474,0
230,1,1.0,1
231,1,0.9992280006408691,1
232,0,0.0014700000174343586,0
233,0,9.600000339560211e-05,0
234,0,0.02536199986934662,0
235,1,0.9992240071296692,1
236,1,0.883188009262085,1
237,1,0.9987769722938538,1
238,1,0.658752977848053,1
239,1,0.9946759939193726,1
240,0,0.010793999768793583,0
241,1,0.9974679946899414,1
242,0,6.500000017695129e-05,0
243,1,0.9973239898681641,1
244,0,0.0012540000025182962,0
245,1,0.9931380152702332,1
246,1,0.9444599747657776,1
247,1,0.9775019884109497,1
248,1,0.8225569725036621,1
249,1,0.7592480182647705,1
250,1,0.9999889731407166,1
251,1,0.9999960064888,1
252,1,0.9999740123748779,1
253,0,0.0013299999991431832,0
254,0,0.006800999864935875,0
255,0,0.017284000292420387,0
256,1,0.9304990172386169,1
257,0,0.0012659999774768949,0
258,1,0.9783980250358582,1
259,0,0.6035079956054688,1
260,1,0.6549280285835266,1
261,0,0.00039900001138448715,0
262,0,0.022746000438928604,0
263,1,0.9342690110206604,1
264,1,1.0,1
265,0,0.044562000781297684,0
266,0,0.2690419852733612,0
267,0,0.12109600007534027,0
268,0,0.050207000225782394,0
269,0,0.06283199787139893,0
270,1,0.3256869912147522,0
271,1,0.993170976638794,1
272,1,0.9938420057296753,1
273,0,0.05218299850821495,0
274,0,0.0009239999926649034,0
275,1,0.9670040011405945,1
276,1,0.94827800989151,1
277,0,0.0014329999685287476,0
278,1,0.9995520114898682,1
279,1,0.9781420230865479,1
280,1,0.9993820190429688,1
281,1,0.7316039800643921,1
282,1,0.999983012676239,1
283,0,0.19796599447727203,0
284,1,0.9980159997940063,1
285,0,0.8844689726829529,1
286,0,0.4559729993343353,0
287,1,0.9999729990959167,1
288,1,0.9664589762687683,1
289,1,0.9816960096359253,1
290,0,0.0019779999274760485,0
291,1,0.9999459981918335,1
292,1,0.9994009733200073,1
293,0,0.037213001400232315,0
294,0,0.009084999561309814,0
295,0,0.8392429947853088,1
296,1,0.7929980158805847,1
297,0,9.999999747378752e-06,0
298,0,0.00022499999613501132,0
299,1,0.9249449968338013,1
300,0,0.10109200328588486,0
301,0,0.055399999022483826,0
302,0,0.0007939999923110008,0
303,1,0.9985100030899048,1
304,0,0.0017160000279545784,0
305,1,0.9938250184059143,1
306,0,0.15824399888515472,0
307,0,0.0005019999807700515,0
308,1,0.9998189806938171,1
309,0,0.10749399662017822,0
310,0,0.004900000058114529,0
311,0,0.0013279999839141965,0
312,1,0.895438015460968,1
313,1,0.9999269843101501,1
314,0,0.06416899710893631,0
315,0,0.060047000646591187,0
316,0,0.0067900000140070915,0
317,0,0.00011899999663000926,0
318,0,0.000666000007186085,0
319,1,0.7307100296020508,1
320,0,1.9999999949504854e-06,0
321,0,0.00010399999882793054,0
322,1,0.9216060042381287,1
323,1,0.799452006816864,1
324,1,0.9995129704475403,1
325,0,0.0,0
326,1,0.9972630143165588,1
327,1,0.9999799728393555,1
328,0,1.700000029813964e-05,0
329,0,0.012625000439584255,0
330,1,0.9994419813156128,1
331,0,0.24782800674438477,0
332,0,0.09957899898290634,0
333,0,0.09715600311756134,0
334,0,0.35879701375961304,0
335,0,0.028043000027537346,0
336,0,4.600000102072954e-05,0
337,1,0.9993559718132019,1
338,1,0.07956799864768982,0
339,0,0.9903690218925476,1
340,1,0.9779170155525208,1
341,1,0.9918550252914429,1
342,1,0.9996070265769958,1
343,1,0.9999679923057556,1
344,1,0.9999849796295166,1
345,1,0.9999179840087891,1
346,0,4.8999998398358e-05,0
347,0,0.00043399998685345054,0
348,0,0.01720299944281578,0
349,0,0.8570799827575684,1
350,1,0.9612699747085571,1
351,1,0.9534479975700378,1
352,1,0.8971940279006958,1
353,1,0.9999629855155945,1
354,0,0.0008159999852068722,0
355,0,0.0027809999883174896,0
356,1,0.989408016204834,1
357,1,0.9944930076599121,1
358,0,0.22242100536823273,0
359,1,0.6621170043945312,1
360,0,0.012507000006735325,0
361,1,0.27681899070739746,0
362,0,0.0031739999540150166,0
363,0,8.399999933317304e-05,0
364,1,0.7957050204277039,1
365,0,0.0008619999862276018,0
366,0,0.025359999388456345,0
367,1,0.9998829960823059,1
368,0,0.004548000171780586,0
369,0,0.9474390149116516,1
370,1,0.2111710011959076,0
371,0,0.011237000115215778,0
372,1,0.999767005443573,1
373,1,0.9999030232429504,1
374,0,0.007151000201702118,0
375,1,0.9602159857749939,1
376,0,0.07485499978065491,0
377,1,0.9914489984512329,1
378,0,0.0004239999980200082,0
379,0,0.024403000250458717,0
380,1,0.9999979734420776,1
381,0,0.5403770208358765,1
382,0,0.000291000003926456,0
383,0,0.03215499967336655,0
384,0,0.07651399821043015,0
385,1,0.9811519980430603,1
386,1,0.984561026096344,1
387,0,0.0009549999958835542,0
388,1,0.9999610185623169,1
389,1,0.995947003364563,1
390,1,0.9992200136184692,1
391,1,0.5552610158920288,1
392,0,0.011094000190496445,0
393,1,0.9999989867210388,1
394,0,0.00029399999766610563,0
395,0,0.01810299977660179,0
396,1,0.9999459981918335,1
397,0,0.12297900021076202,0
398,1,0.9921650290489197,1
399,1,0.47332099080085754,0
400,1,0.9778950214385986,1
401,1,0.9718779921531677,1
402,0,0.00016999999934341758,0
403,0,0.015279999934136868,0
404,1,0.9999480247497559,1
405,0,0.0007270000060088933,0
406,0,9.000000318337698e-06,0
407,0,0.029767999425530434,0
408,1,0.6407489776611328,1
409,1,0.9997749924659729,1
410,1,0.9999359846115112,1
411,1,0.9238960146903992,1
412,0,9.899999713525176e-05,0
413,0,1.9999999949504854e-06,0
414,1,0.999538004398346,1
415,1,0.9999300241470337,1
416,0,0.00446499977260828,0
417,0,0.01700899936258793,0
418,1,0.9958170056343079,1
419,1,0.9686579704284668,1
420,1,0.165351003408432,0
421,0,0.053748998790979385,0
422,1,0.9589260220527649,1
423,1,0.9803339838981628,1
424,1,0.9983580112457275,1
425,0,0.0002589999930933118,0
426,1,0.9999690055847168,1
427,0,0.019284000620245934,0
428,1,0.9999979734420776,1
429,1,0.998291015625,1
430,1,0.09754300117492676,0
431,1,0.9997910261154175,1
432,1,0.9951670169830322,1
433,0,0.246846005320549,0
434,0,0.003790999995544553,0
435,0,0.00671500014141202,0
436,1,0.9936419725418091,1
437,0,0.030083000659942627,0
438,0,0.01385200023651123,0
439,0,0.01723800040781498,0
440,0,0.026614999398589134,0
441,0,0.7909870147705078,1
442,0,0.5147039890289307,1
443,0,0.0017940000398084521,0
444,0,0.06457299739122391,0
445,0,0.09567199647426605,0
446,0,0.6575449705123901,1
447,0,0.17895300686359406,0
448,1,0.9785550236701965,1
449,1,0.9763230085372925,1
450,0,0.0025019999593496323,0
451,1,0.9511820077896118,1
452,0,0.08186600357294083,0
453,0,0.005117999855428934,0
454,0,6.0999998822808266e-05,0
455,0,0.0002390000008745119,0
456,0,0.002280999906361103,0
457,1,0.8371509909629822,1
458,1,0.9987679719924927,1
459,0,5.999999848427251e-05,0
460,1,0.9993950128555298,1
461,0,0.02933800034224987,0
462,1,0.9192339777946472,1
463,0,0.21441400051116943,0
464,0,0.48577800393104553,0
465,1,0.24097399413585663,0
466,1,0.8439620137214661,1
467,1,0.976951003074646,1
468,0,0.04290299862623215,0
469,1,0.9940040111541748,1
470,0,0.0038060001097619534,0
471,1,0.22908499836921692,0
472,1,0.9974150061607361,1
473,0,0.09470000118017197,0
474,1,0.9992589950561523,1
475,0,0.0010649999603629112,0
476,1,0.9988440275192261,1
477,1,0.9596379995346069,1
478,1,1.0,1
479,0,0.0008859999943524599,0
480,1,0.9850919842720032,1
481,0,0.10890299826860428,0
482,1,0.9996989965438843,1
483,0,0.17208899557590485,0
484,1,0.9999470114707947,1
485,0,0.2187879979610443,0
486,1,0.9998670220375061,1
487,0,0.006407000124454498,0
488,1,0.9760869741439819,1
489,0,0.02010899968445301,0
490,0,0.0014890000456944108,0
491,1,0.9942060112953186,1
492,0,0.20350800454616547,0
493,1,0.9990000128746033,1
494,1,0.9993919730186462,1
495,0,0.021949000656604767,0
496,1,0.9999359846115112,1
497,1,0.9643110036849976,1
498,1,0.9999949932098389,1
499,1,0.9999930262565613,1
500,0,0.010057000443339348,0
501,1,0.9998639822006226,1
502,0,0.9944220185279846,1
503,1,0.9999960064888,1
504,0,0.00016900000628083944,0
505,1,0.9970549941062927,1
506,0,0.012709000147879124,0
507,0,0.15940600633621216,0
508,1,0.999888002872467,1
509,1,0.9999960064888,1
510,1,0.9978839755058289,1
511,1,0.6334810256958008,1
512,0,0.02901099994778633,0
513,1,0.9018710255622864,1
514,0,0.003464000066742301,0
515,0,0.006767999846488237,0
516,1,0.8282570242881775,1
517,1,0.9996730089187622,1
518,0,0.9950330257415771,1
519,0,0.06214800104498863,0
520,0,0.02204900048673153,0
521,0,0.006686000153422356,0
522,0,0.9291300177574158,1
523,1,0.9999889731407166,1
524,1,0.913375973701477,1
525,1,0.9999790191650391,1
526,1,0.9993720054626465,1
527,1,0.5587869882583618,1
528,1,0.9893860220909119,1
529,0,0.1726910024881363,0
530,0,0.10295599699020386,0
531,0,0.6208909749984741,1
532,1,0.9999589920043945,1
533,0,0.014317000284790993,0
534,1,0.8705319762229919,1
535,1,0.9999989867210388,1
536,0,0.002088000066578388,0
537,1,0.9986860156059265,1
538,0,0.43951699137687683,0
539,1,0.9944189786911011,1
540,1,0.9985759854316711,1
541,1,0.5130389928817749,1
542,1,0.9956470131874084,1
543,1,0.9994980096817017,1
544,1,0.9996510148048401,1
545,1,0.9224860072135925,1
546,0,0.10141900181770325,0
547,1,0.09725099802017212,0
548,0,4.70000013592653e-05,0
549,1,0.8447269797325134,1
550,0,0.02163800038397312,0
551,0,0.02108299918472767,0
552,1,0.5328180193901062,1
553,0,0.14522700011730194,0
554,1,0.8501020073890686,1
555,0,3.000000106112566e-06,0
556,1,0.9994069933891296,1
557,1,0.9988719820976257,1
558,0,0.00026199998683296144,0
559,0,0.0006559999892488122,0
560,0,0.009448000229895115,0
561,0,0.02677999995648861,0
562,1,0.9987649917602539,1
563,1,0.8523150086402893,1
564,1,0.9769179821014404,1
565,1,0.9994120001792908,1
566,0,0.04408400133252144,0
567,0,0.5801860094070435,1
568,0,0.026479000225663185,0
569,1,0.9999939799308777,1
570,1,0.9840440154075623,1
571,1,0.7165369987487793,1
572,1,0.5331599712371826,1
573,0,0.972108006477356,1
574,0,7.999999797903001e-05,0
575,1,0.999638020992279,1
576,0,0.03736700117588043,0
577,1,0.9461140036582947,1
578,1,0.9690089821815491,1
579,1,0.9999970197677612,1
580,0,0.10453099757432938,0
581,1,0.9997879862785339,1
582,0,0.4401020109653473,0
583,0,0.0005740000051446259,0
584,1,0.9987919926643372,1
585,0,0.0007830000249668956,0
586,1,0.9995309710502625,1
587,0,3.300000025774352e-05,0
588,1,0.966385006904602,1
589,1,0.7560409903526306,1
590,0,0.054655998945236206,0
591,1,0.45691800117492676,0
592,1,0.9959189891815186,1
593,1,0.9249979853630066,1
594,1,0.45286500453948975,0
595,0,0.01563500054180622,0
596,1,0.9994779825210571,1
597,1,0.9997360110282898,1
598,1,0.9913219809532166,1
599,1,0.050172001123428345,0
600,0,0.03186900168657303,0
601,0,8.199999865610152e-05,0
602,1,0.9998350143432617,1
603,0,0.0028570001013576984,0
604,0,0.40039700269699097,0
605,1,0.8817530274391174,1
606,0,0.18620100617408752,0
607,0,0.01179100014269352,0
608,1,0.9951879978179932,1
609,0,0.00023200000578071922,0
610,1,0.9999840259552002,1
611,1,0.9987930059432983,1
612,1,0.9994279742240906,1
613,0,4.999999873689376e-06,0
614,0,2.8000000384054147e-05,0
615,1,0.9017710089683533,1
616,1,0.9999200105667114,1
617,1,0.6727749705314636,1
618,1,0.999002993106842,1
619,1,0.9996970295906067,1
620,1,0.2177799940109253,0
621,1,0.9999579787254333,1
622,0,0.21017000079154968,0
623,0,2.4000000848900527e-05,0
624,0,0.370620995759964,0
625,1,0.9998509883880615,1
626,0,0.12425900250673294,0
627,0,0.004916999954730272,0
628,0,0.09114400297403336,0
629,0,0.1325639933347702,0
630,1,0.9644050002098083,1
631,0,0.004532999824732542,0
632,0,0.05722999945282936,0
633,0,0.010924999602138996,0
634,0,0.0002610000083222985,0
635,1,0.999970018863678,1
636,1,0.9956380128860474,1
637,1,0.9974169731140137,1
638,1,0.9999939799308777,1
639,0,0.00035099999513477087,0
640,0,0.004263999871909618,0
641,0,0.002698000054806471,0
642,0,3.300000025774352e-05,0
643,0,0.0005210000090301037,0
644,1,0.999925971031189,1
645,1,0.9418060183525085,1
646,1,0.9999039769172668,1
647,1,0.8335840106010437,1
648,1,0.8183310031890869,1
649,1,0.9999970197677612,1
650,0,0.006254999898374081,0
651,1,0.9990460276603699,1
652,1,0.9987159967422485,1
653,1,0.9998850226402283,1
654,0,0.00013000000035390258,0
655,1,0.9704470038414001,1
656,1,0.5343509912490845,1
657,1,0.9994019865989685,1
658,0,0.0024800000246614218,0
659,1,0.9937660098075867,1
660,0,0.00018099999579135329,0
661,1,0.9992390275001526,1
662,1,0.8764749765396118,1
663,1,0.9998729825019836,1
664,0,0.00043700000969693065,0
665,0,0.21249300241470337,0
666,0,0.033824000507593155,0
667,0,3.5000000934815034e-05,0
668,1,0.9999970197677612,1
669,0,0.022311000153422356,0
670,0,0.0029180001001805067,0
671,0,0.0021329999435693026,0
672,1,0.9201120138168335,1
673,0,7.400000322377309e-05,0
674,1,0.9448379874229431,1
675,1,0.13422900438308716,0
676,1,0.9925950169563293,1
677,1,0.9994779825210571,1
678,0,7.100000220816582e-05,0
679,0,0.43720799684524536,0
680,1,0.9999859929084778,1
681,0,0.4219819903373718,0
682,1,0.9303849935531616,1
683,0,1.9999999949504854e-06,0
684,1,0.9999939799308777,1
685,0,3.000000106112566e-06,0
686,0,0.10281500220298767,0
687,0,0.0016329999780282378,0
688,0,0.0001990000018849969,0
689,0,0.0026650000363588333,0
690,1,0.9996179938316345,1
691,0,0.9303759932518005,1
692,0,0.00022699999681208283,0
693,1,0.8849440217018127,1
694,1,0.919517993927002,1
695,1,0.9995579719543457,1
696,0,0.3343069851398468,0
697,1,0.9818459749221802,1
698,1,0.9785739779472351,1
699,0,0.0028200000524520874,0
700,1,0.9979590177536011,1
701,1,0.9999960064888,1
702,1,0.9870730042457581,1
703,1,0.9660760164260864,1
704,0,0.00796900037676096,0
705,0,0.02788900025188923,0
706,1,0.02285899966955185,0
707,1,0.9999979734420776,1
708,1,0.992995023727417,1
709,0,0.018634000793099403,0
710,1,0.7530069947242737,1
711,0,0.07651100307703018,0
712,0,0.058389000594615936,0
713,1,0.9743170142173767,1
714,1,0.9981939792633057,1
715,1,0.9343129992485046,1
716,1,0.9920499920845032,1
717,1,0.3936789929866791,0
718,0,0.9350969791412354,1
719,0,0.19570699334144592,0
720,1,0.967170000076294,1
721,0,0.062495000660419464,0
722,1,0.6335070133209229,1
723,1,0.9735749959945679,1
724,1,0.9722409844398499,1
725,1,0.9423210024833679,1
726,0,0.0033710000570863485,0
727,1,0.9786880016326904,1
728,1,0.7561900019645691,1
729,1,0.9965350031852722,1
730,0,0.0003530000103637576,0
731,0,0.003495000069960952,0
732,0,0.053240999579429626,0
733,0,0.008293000049889088,0
734,0,0.005392000079154968,0
735,0,6.70000008540228e-05,0
736,1,0.7047039866447449,1
737,0,0.012381999753415585,0
738,0,0.0030980000738054514,0
739,0,0.0016270000487565994,0
740,0,0.6928290128707886,1
741,1,0.3117859959602356,0
742,0,0.00039999998989515007,0
743,0,0.6676080226898193,1
744,0,0.9726799726486206,1
745,1,0.7332000136375427,1
746,0,0.002549000084400177,0
747,1,0.9861220121383667,1
748,1,0.9700499773025513,1
749,1,0.9992020130157471,1
750,0,0.00012199999764561653,0
751,1,0.9839280247688293,1
752,0,0.09457799792289734,0
753,0,0.002194999950006604,0
754,1,0.9994000196456909,1
755,1,0.9996920228004456,1
756,0,0.005330999847501516,0
757,0,0.05936000123620033,0
758,1,0.9959459900856018,1
759,0,0.00010099999781232327,0
760,0,0.06353399902582169,0
761,1,0.9999880194664001,1
762,1,0.4940260052680969,0
763,0,0.29737600684165955,0
764,0,0.0010860000038519502,0
765,1,1.0,1
766,0,0.0045289997942745686,0
767,0,0.5791460275650024,1
768,1,0.9994450211524963,1
769,1,0.8395140171051025,1
770,1,0.9820060133934021,1
771,1,0.9979540109634399,1
772,1,0.9860870242118835,1
773,0,0.0006719999946653843,0
774,1,0.9918799996376038,1
775,1,0.958890974521637,1
776,0,0.00013699999544769526,0
777,0,0.0006629999843426049,0
778,1,0.9954090118408203,1
779,1,0.3805829882621765,0
780,1,0.9995819926261902,1
781,0,0.3440670073032379,0
782,1,0.9991610050201416,1
783,0,0.00046499999007210135,0
784,1,0.9995329976081848,1
785,0,0.12121299654245377,0
786,1,0.9962059855461121,1
787,0,0.054719001054763794,0
788,1,0.2906779944896698,0
789,0,0.8153719902038574,1
790,0,0.0019829999655485153,0
791,0,0.05269800126552582,0
792,1,0.9999809861183167,1
793,1,0.9800900220870972,1
794,0,0.0054790000431239605,0
795,0,0.011548999696969986,0
796,0,0.12425299733877182,0
797,1,0.9999960064888,1
798,0,0.11127500236034393,0
799,1,0.9962530136108398,1
800,1,0.9534800052642822,1
801,0,0.0,0
802,0,0.0,0
803,1,0.9999189972877502,1
804,1,0.9998499751091003,1
805,1,0.9652860164642334,1
806,1,0.9999920129776001,1
807,0,0.0008740000193938613,0
808,1,0.9998990297317505,1
809,1,0.9999960064888,1
810,1,0.9557309746742249,1
811,1,0.9995800256729126,1
812,1,0.9294390082359314,1
813,1,0.8844450116157532,1
814,1,0.9990530014038086,1
815,1,0.27663999795913696,0
816,1,0.5477330088615417,1
817,1,0.9999629855155945,1
818,1,0.9916939735412598,1
819,1,0.9928200244903564,1
820,1,0.8989740014076233,1
821,0,0.0022380000445991755,0
822,1,0.9993900060653687,1
823,0,0.040856000036001205,0
824,0,0.3161120116710663,0
825,1,0.9334449768066406,1
826,1,0.530040979385376,1
827,0,0.05900299921631813,0
828,0,0.033045001327991486,0
829,0,0.00011600000289035961,0
830,0,0.004954000003635883,0
831,1,0.6317980289459229,1
832,1,0.73164302110672,1
833,0,0.9162830114364624,1
834,1,0.6946020126342773,1
835,1,0.9995260238647461,1
836,0,4.999999873689376e-06,0
837,1,0.995281994342804,1
838,0,0.002471999963745475,0
839,1,0.9986699819564819,1
840,0,0.7121180295944214,1
841,0,0.04924900084733963,0
842,0,0.0033569999504834414,0
843,0,0.04038500040769577,0
844,0,0.017000000923871994,0
845,0,0.0012529999949038029,0
846,0,0.09861700236797333,0
847,1,0.9980199933052063,1
848,0,0.1872279942035675,0
849,1,0.8805750012397766,1
850,1,0.9995570182800293,1
851,1,0.9915140271186829,1
852,0,0.038676999509334564,0
853,0,0.01816600002348423,0
854,0,0.0009110000100918114,0
855,1,0.9999939799308777,1
856,0,0.0004619999963324517,0
857,1,0.9757580161094666,1
858,1,0.9995229840278625,1
859,1,0.9984869956970215,1
860,0,0.0629739984869957,0
861,1,0.6014270186424255,1
862,0,0.8646569848060608,1
863,0,0.019260000437498093,0
864,1,0.9997739791870117,1
865,1,0.8721569776535034,1
866,0,0.027143999934196472,0
867,0,0.010286999866366386,0
868,0,0.04428200051188469,0
869,0,0.0002209999947808683,0
870,1,0.9822279810905457,1
871,0,0.05255600064992905,0
872,0,0.012071000412106514,0
873,0,0.6650220155715942,1
874,0,0.6267359852790833,1
875,0,0.006858000066131353,0
876,0,0.27188000082969666,0
877,1,0.9999300241470337,1
878,1,0.9940459728240967,1
879,1,0.9963750243186951,1
880,0,0.002111000008881092,0
881,0,0.7802389860153198,1
882,0,3.999999989900971e-06,0
883,1,0.9901819825172424,1
884,1,0.998170018196106,1
885,1,0.9998520016670227,1
886,0,0.005940999835729599,0
887,1,0.9493529796600342,1
888,0,0.4902789890766144,0
889,0,0.010552000254392624,0
890,1,0.9459099769592285,1
891,0,0.026413999497890472,0
892,1,0.8949970006942749,1
893,0,0.010917999781668186,0
894,1,0.9773370027542114,1
895,0,0.001917000045068562,0
896,1,0.9850360155105591,1
897,0,0.15553000569343567,0
898,0,0.08763200044631958,0
899,0,0.0001610000035725534,0
900,0,0.004712999798357487,0
901,1,0.9945020079612732,1
902,0,7.000000096013537e-06,0
903,1,0.9954760074615479,1
904,0,0.0001289999927394092,0
905,0,0.01399299968034029,0
906,1,0.9994400143623352,1
907,0,0.6866329908370972,1
908,1,0.9929990172386169,1
909,0,0.008767000399529934,0
910,0,0.0008640000014565885,0
911,0,0.0005929999751970172,0
912,0,0.8755630254745483,1
913,1,0.763795018196106,1
914,0,0.003942999988794327,0
915,0,0.00266400002874434,0
916,1,0.9997959733009338,1
917,1,0.9760090112686157,1
918,0,0.092228002846241,0
919,1,0.999193012714386,1
920,0,0.030208000913262367,0
921,0,0.00010900000052060932,0
922,1,0.9959759712219238,1
923,1,0.9986039996147156,1
924,0,0.008953000418841839,0
925,1,0.9989330172538757,1
926,1,0.9999430179595947,1
927,1,0.177155002951622,0
928,1,0.7835000157356262,1
929,1,0.999875009059906,1
930,1,0.9999459981918335,1
931,1,0.9361460208892822,1
932,1,0.9999279975891113,1
933,0,0.034981001168489456,0
934,0,0.0658240020275116,0
935,0,0.00820900034159422,0
936,1,0.9754999876022339,1
937,1,0.9769049882888794,1
938,0,0.11279900372028351,0
939,1,0.9991220235824585,1
940,1,0.9975299835205078,1
941,0,0.00017899999511428177,0
942,0,0.018641000613570213,0
943,1,0.7826219797134399,1
944,0,0.01538500003516674,0
945,0,1.9999999494757503e-05,0
946,0,0.056053999811410904,0
947,0,0.08379899710416794,0
948,0,0.17381300032138824,0
949,0,0.021817000582814217,0
950,1,0.9995830059051514,1
951,0,0.01387799996882677,0
952,0,0.0005089999758638442,0
953,1,0.9989500045776367,1
954,1,0.9999979734420776,1
955,0,0.042399000376462936,0
956,0,0.011680999770760536,0
957,1,0.9830359816551208,1
958,0,0.9737799763679504,1
959,0,0.0010400000028312206,0
960,1,0.9999920129776001,1
961,1,0.9998019933700562,1
962,1,0.26065099239349365,0
963,0,0.006140999961644411,0
964,0,0.16969799995422363,0
965,0,0.003636999987065792,0
966,1,0.9983710050582886,1
967,1,0.9999809861183167,1
968,0,0.006062000058591366,0
969,1,0.7098180055618286,1
970,1,0.9999759793281555,1
971,1,0.9999539852142334,1
972,0,0.4507400095462799,0
973,1,0.9880729913711548,1
974,1,0.9982190132141113,1
975,0,0.6175220012664795,1
976,1,0.9959189891815186,1
977,0,3.000000106112566e-06,0
978,0,0.0005130000063218176,0
979,1,0.951574981212616,1
980,0,0.2773660123348236,0
981,0,0.06998799741268158,0
982,1,0.9992709755897522,1
983,0,0.9631919860839844,1
984,1,0.9998379945755005,1
985,1,0.9999949932098389,1
986,1,0.999809980392456,1
987,0,0.0003169999981764704,0
988,1,0.9995899796485901,1
989,1,0.9996079802513123,1
990,0,0.0011220000451430678,0
991,1,0.8643540143966675,1
992,1,0.7524380087852478,1
993,1,0.9863139986991882,1
994,1,0.9996179938316345,1
995,0,1.4999999621068127e-05,0
996,1,0.8091509938240051,1
997,0,0.05130999907851219,0
998,1,0.8840500116348267,1
999,0,0.03357100114226341,0
1000,1,0.9998869895935059,1
1001,0,0.10971300303936005,0
1002,1,0.9908949732780457,1
1003,0,0.0010349999647587538,0
1004,1,0.9999859929084778,1
1005,0,0.0025530001148581505,0
1006,1,0.9999920129776001,1
1007,1,0.999879002571106,1
1008,0,9.999999974752427e-07,0
1009,0,0.0028719999827444553,0
1010,1,0.9943879842758179,1
1011,1,0.9711470007896423,1
1012,1,0.9948269724845886,1
1013,1,0.9998109936714172,1
1014,1,0.9762089848518372,1
1015,1,0.9998829960823059,1
1016,1,0.9999780058860779,1
1017,0,0.0,0
1018,0,0.6883339881896973,1
1019,1,0.9282140135765076,1
1020,1,0.9998930096626282,1
1021,1,0.9998729825019836,1
1022,0,9.100000170292333e-05,0
1023,0,0.9898710250854492,1
1024,0,0.000615999975707382,0
1025,1,0.9821799993515015,1
1026,0,0.0006140000186860561,0
1027,1,0.1656319946050644,0
1028,1,0.9994000196456909,1
1029,0,0.06455899775028229,0
1030,1,0.6332129836082458,1
1031,0,0.7205309867858887,1
1032,0,0.0017109999898821115,0
1033,1,0.9437699913978577,1
1034,0,6.500000017695129e-05,0
1035,1,0.9897779822349548,1
1036,1,0.9999960064888,1
1037,1,0.6017510294914246,1
1038,1,0.9996140003204346,1
1039,1,0.9944379925727844,1
1040,0,0.0030590000096708536,0
1041,0,0.046185001730918884,0
1042,1,0.9999909996986389,1
1043,0,0.04108000174164772,0
1044,1,0.9816740155220032,1
1045,1,0.9502829909324646,1
1046,0,0.005073999986052513,0
1047,0,3.999999989900971e-06,0
1048,0,0.009542999789118767,0
1049,0,0.001386999967508018,0
1050,1,0.9859619736671448,1
1051,0,0.03319599851965904,0
1052,0,0.08525899797677994,0
1053,1,0.92637699842453,1
1054,1,0.9947029948234558,1
1055,1,0.8495669960975647,1
1056,1,0.9999759793281555,1
1057,0,0.889955997467041,1
1058,1,0.5288519859313965,1
1059,1,0.7665380239486694,1
1060,1,0.9992740154266357,1
1061,0,0.15476299822330475,0
1062,0,0.061524998396635056,0
1063,1,0.9997410178184509,1
1064,1,0.9456490278244019,1
1065,1,0.998091995716095,1
1066,0,0.02431900054216385,0
1067,1,0.9871739745140076,1
1068,0,0.0003389999910723418,0
1069,0,0.10120400041341782,0
1070,0,0.03318199887871742,0
1071,1,0.24034999310970306,0
1072,0,0.006364999804645777,0
1073,0,0.25662699341773987,0
1074,1,0.9617000222206116,1
1075,1,0.9889349937438965,1
1076,1,0.12340500205755234,0
1077,1,0.9981340169906616,1
1078,0,0.5615090131759644,1
1079,0,0.9181789755821228,1
1080,1,0.9892129898071289,1
1081,1,0.9693059921264648,1
1082,0,0.00016199999663513154,0
1083,1,0.9083170294761658,1
1084,0,0.00020199999562464654,0
1085,0,0.813992977142334,1
1086,0,0.09616299718618393,0
1087,1,0.9998350143432617,1
1088,0,9.300000237999484e-05,0
1089,0,0.046622999012470245,0
1090,0,0.22289399802684784,0
1091,1,0.9808520078659058,1
1092,1,0.9454960227012634,1
1093,1,0.9999780058860779,1
1094,0,0.007197999861091375,0
1095,0,0.1397619992494583,0
1096,1,0.9960020184516907,1
1097,1,0.9997860193252563,1
1098,0,0.1540440022945404,0
1099,1,0.11630299687385559,0
1100,1,0.999879002571106,1
1101,1,0.951990008354187,1
1102,0,0.011537999846041203,0
1103,1,0.9996780157089233,1
1104,0,0.47135698795318604,0
1105,0,0.009913000278174877,0
1106,0,0.0016759999562054873,0
1107,0,0.003488000016659498,0
1108,1,0.7802029848098755,1
1109,1,0.9983059763908386,1
1110,0,0.00072900002123788,0
1111,1,0.9984989762306213,1
1112,0,0.0058639999479055405,0
1113,1,0.02152100019156933,0
1114,1,0.9954040050506592,1
1115,0,0.4374769926071167,0
1116,1,0.9193310141563416,1
1117,1,0.9987009763717651,1
1118,0,0.442654013633728,0
1119,0,0.014809000305831432,0
1120,1,0.9999979734420776,1
1121,0,0.0014250000240281224,0
1122,1,0.9998189806938171,1
1123,0,0.00011300000187475234,0
1124,0,0.04435199871659279,0
1125,0,9.999999747378752e-05,0
1126,1,0.9956169724464417,1
1127,0,7.000000096013537e-06,0
1128,0,0.0006929999799467623,0
1129,1,0.9994549751281738,1
1130,0,0.004381000064313412,0
1131,1,0.9994570016860962,1
1132,0,0.0005869999877177179,0
1133,0,0.08032099902629852,0
1134,1,0.9999979734420776,1
1135,0,0.00014800000644754618,0
1136,0,1.8999999156221747e-05,0
1137,1,0.9993600249290466,1
1138,0,0.22788600623607635,0
1139,1,0.9300600290298462,1
1140,1,0.9872320294380188,1
1141,0,0.041669998317956924,0
1142,1,0.9986709952354431,1
1143,1,0.3743239939212799,0
1144,0,0.20448699593544006,0
1145,0,1.9999999949504854e-06,0
1146,1,0.9999079704284668,1
1147,0,0.005495999939739704,0
1148,1,0.9985790252685547,1
1149,1,0.9906709790229797,1
1150,0,0.11309099942445755,0
1151,0,0.0012860000133514404,0
1152,0,0.1036359965801239,0
1153,0,1.700000029813964e-05,0
1154,1,0.9993950128555298,1
1155,0,0.028029000386595726,0
1156,1,0.9685590267181396,1
1157,0,0.7420139908790588,1
1158,0,0.9632239937782288,1
1159,1,0.9958029985427856,1
1160,1,0.9887440204620361,1
1161,1,0.9943699836730957,1
1162,1,0.9994069933891296,1
1163,1,0.9960020184516907,1
1164,1,0.9983670115470886,1
1165,1,0.9999510049819946,1
1166,0,0.0005590000073425472,0
1167,1,0.9999939799308777,1
1168,0,0.009650999680161476,0
1169,1,0.9987649917602539,1
1170,0,0.011447999626398087,0
1171,1,0.9967489838600159,1
1172,0,0.03617599979043007,0
1173,0,0.00013499999477062374,0
1174,1,0.9998319745063782,1
1175,1,0.9960569739341736,1
1176,0,0.0016550000291317701,0
1177,1,0.9998869895935059,1
1178,1,0.9988449811935425,1
1179,0,0.06141899898648262,0
1180,1,0.9992179870605469,1
1181,1,0.9978910088539124,1
1182,1,0.999305009841919,1
1183,1,0.9536100029945374,1
1184,0,0.022005999460816383,0
1185,1,0.31428900361061096,0
1186,1,0.999800980091095,1
1187,0,3.000000106112566e-06,0
1188,1,0.9992769956588745,1
1189,1,0.999987006187439,1
1190,0,0.00355600006878376,0
1191,0,0.0003539999888744205,0
1192,1,0.9920399785041809,1
1193,0,0.0004349999944679439,0
1194,1,0.9558209776878357,1
1195,1,0.9874089956283569,1
1196,0,0.49951300024986267,0
1197,1,0.770995020866394,1
1198,1,0.9999729990959167,1
1199,0,0.9864330291748047,1
1200,0,0.025188999250531197,0
1201,0,0.7188159823417664,1
1202,1,0.9966430068016052,1
1203,0,0.0012870000209659338,0
1204,1,0.9990260004997253,1
1205,0,0.0021989999804645777,0
1206,0,6.000000212225132e-06,0
1207,0,0.4882870018482208,0
1208,0,0.02281299978494644,0
1209,0,0.0355600006878376,0
1210,1,0.9998599886894226,1
1211,0,0.0061610001139342785,0
1212,0,0.008781000040471554,0
1213,1,0.9998959898948669,1
1214,1,0.9091809988021851,1
1215,1,0.9986209869384766,1
1216,0,0.2464510053396225,0
1217,0,0.0002579999854788184,0
1218,1,0.9994680285453796,1
1219,1,0.9999920129776001,1
1220,1,0.999055027961731,1
1221,1,0.9991239905357361,1
1222,1,0.9990469813346863,1
1223,1,0.9996039867401123,1
1224,0,0.017826000228524208,0
1225,0,0.804889976978302,1
1226,1,0.9591180086135864,1
1227,0,0.0007009999826550484,0
1228,1,0.9942920207977295,1
1229,1,0.9799529910087585,1
1230,1,0.9999840259552002,1
1231,1,0.7377820014953613,1
1232,0,0.00010900000052060932,0
1233,1,0.9936439990997314,1
1234,1,0.9996910095214844,1
1235,1,0.09044600278139114,0
1236,1,0.9993360042572021,1
1237,0,0.0005119999987073243,0
1238,0,0.027432000264525414,0
1239,1,0.9999459981918335,1
1240,0,0.09957099705934525,0
1241,1,0.9908319711685181,1
1242,1,0.9952300190925598,1
1243,0,0.012129000388085842,0
1244,1,0.9973340034484863,1
1245,1,0.9478920102119446,1
1246,0,0.015286999754607677,0
1247,0,0.0009929999941959977,0
1248,1,0.9999949932098389,1
1249,1,0.9999920129776001,1
1250,1,0.9853090047836304,1
1251,1,0.9899349808692932,1
1252,1,0.998216986656189,1
1253,1,0.9295330047607422,1
1254,0,1.9999999949504854e-06,0
1255,1,0.9999960064888,1
1256,0,0.0990699976682663,0
1257,0,0.847711980342865,1
1258,0,3.999999989900971e-06,0
1259,0,0.0013780000153928995,0
1260,0,0.6311039924621582,1
1261,0,0.001626000041142106,0
1262,0,0.016245000064373016,0
1263,0,0.5204100012779236,1
1264,0,0.0009679999784566462,0
1265,1,0.9999960064888,1
1266,1,0.7267199754714966,1
1267,0,5.6000000768108293e-05,0
1268,0,1.4999999621068127e-05,0
1269,0,0.1545809954404831,0
1270,0,0.006006000097841024,0
1271,1,0.9990649819374084,1
1272,0,0.004056999925523996,0
1273,1,0.4824970066547394,0
1274,0,4.999999873689376e-06,0
1275,1,0.9732909798622131,1
1276,1,0.9998300075531006,1
1277,1,0.9989070296287537,1
1278,1,0.9637500047683716,1
1279,0,0.0007309999782592058,0
1280,0,0.01776600070297718,0
1281,0,0.001598999951966107,0
1282,1,0.9448130130767822,1
1283,0,0.008136999793350697,0
1284,1,0.9778919816017151,1
1285,0,0.8769260048866272,1
1286,0,0.00019799999427050352,0
1287,0,0.7195529937744141,1
1288,1,0.9999079704284668,1
1289,0,0.0008459999808110297,0
1290,1,0.9744210243225098,1
1291,0,0.4108389914035797,0
1292,0,0.006264000199735165,0
1293,0,0.12331400066614151,0
1294,1,0.9980369806289673,1
1295,1,0.9908599853515625,1
1296,0,9.500000305706635e-05,0
1297,0,0.02516300044953823,0
1298,1,0.9976649880409241,1
1299,1,0.9597240090370178,1
1300,1,0.9950019717216492,1
1301,1,0.832617998123169,1
1302,1,0.7380099892616272,1
1303,1,0.9985799789428711,1
1304,1,0.9999780058860779,1
1305,0,0.0026650000363588333,0
1306,0,0.9828590154647827,1
1307,1,0.9999979734420776,1
1308,1,0.1762160062789917,0
1309,1,0.9973549842834473,1
1310,1,0.759227991104126,1
1311,0,0.008098999969661236,0
1312,1,0.9003279805183411,1
1313,1,0.4923030138015747,0
1314,0,0.00773600023239851,0
1315,0,0.04855300113558769,0
1316,0,0.00976799987256527,0
1317,0,0.002489000093191862,0
1318,1,0.07398000359535217,0
1319,1,0.9999930262565613,1
1320,0,0.023614000529050827,0
1321,1,0.7091259956359863,1
1322,0,0.43244799971580505,0
1323,1,0.5928990244865417,1
1324,0,0.5176969766616821,1
1325,0,0.0012339999666437507,0
1326,0,0.06579200178384781,0
1327,1,0.9702469706535339,1
1328,1,0.9970880150794983,1
1329,1,0.9965900182723999,1
1330,0,0.07506000250577927,0
1331,0,0.024404000490903854,0
1332,0,0.00443200021982193,0
1333,0,0.011226000264286995,0
1334,0,0.08299899846315384,0
1335,1,0.9923080205917358,1
1336,0,0.1808910071849823,0
1337,0,0.044155001640319824,0
1338,1,0.9378880262374878,1
1339,1,0.051235999912023544,0
1340,0,0.001290000043809414,0
1341,0,0.6168500185012817,1
1342,1,0.8834589719772339,1
1343,0,0.025357000529766083,0
1344,1,0.957260012626648,1
1345,0,0.0004959999932907522,0
1346,1,0.9999009966850281,1
1347,1,0.9999139904975891,1
1348,1,0.999921977519989,1
1349,0,0.005572999827563763,0
1350,1,0.20951199531555176,0
1351,0,0.001256000017747283,0
1352,0,0.22149600088596344,0
1353,0,0.00014699999883305281,0
1354,1,0.8004649877548218,1
1355,1,0.9999889731407166,1
1356,1,0.998848021030426,1
1357,1,0.9980840086936951,1
1358,1,0.9972010254859924,1
1359,1,0.9731659889221191,1
1360,0,0.6330389976501465,1
1361,0,0.9487230181694031,1
1362,0,0.0446459986269474,0
1363,0,0.0010979999788105488,0
1364,0,0.01280600018799305,0
1365,1,0.9999390244483948,1
1366,1,0.9672920107841492,1
1367,1,0.9996169805526733,1
1368,0,2.300000051036477e-05,0
1369,0,0.0055229999125003815,0
1370,1,0.9998540282249451,1
1371,1,0.9999970197677612,1
1372,1,0.9999210238456726,1
1373,1,0.9573460221290588,1
1374,0,0.5014340281486511,1
1375,1,0.06204900145530701,0
1376,1,0.9999549984931946,1
1377,0,9.000000318337698e-06,0
1378,0,0.00014699999883305281,0
1379,0,0.00430699996650219,0
1380,1,0.9998229742050171,1
1381,1,0.9464460015296936,1
1382,0,0.010281000286340714,0
1383,1,0.9954730272293091,1
1384,0,0.6334900259971619,1
1385,1,0.6295269727706909,1
1386,1,0.9590759873390198,1
1387,1,0.9946579933166504,1
1388,0,0.0007849999819882214,0
1389,0,1.4999999621068127e-05,0
1390,1,0.9903259873390198,1
1391,0,0.006060999818146229,0
1392,1,0.9714959859848022,1
1393,0,1.9999999949504854e-06,0
1394,1,0.9996060132980347,1
1395,0,0.00011300000187475234,0
1396,1,0.9984650015830994,1
1397,0,1.2000000424450263e-05,0
1398,1,0.5914390087127686,1
1399,1,0.6592239737510681,1
1400,0,0.07633200287818909,0
1401,0,0.0061240000650286674,0
1402,1,0.9673299789428711,1
1403,1,0.9986050128936768,1
1404,1,0.4370270073413849,0
1405,1,0.9992520213127136,1
1406,0,0.0028099999763071537,0
1407,0,0.006570999976247549,0
1408,0,5.999999848427251e-05,0
1409,1,0.9997820258140564,1
1410,0,0.023305999115109444,0
1411,0,0.0008099999977275729,0
1412,1,0.9452390074729919,1
1413,1,0.9999240040779114,1
1414,0,0.2951340079307556,0
1415,0,0.00042799999937415123,0
1416,1,0.9998040199279785,1
1417,0,0.0002859999949578196,0
1418,1,0.9999949932098389,1
1419,0,0.025843000039458275,0
1420,0,0.017316000536084175,0
1421,1,0.9869679808616638,1
1422,1,0.8440139889717102,1
1423,1,0.9978119730949402,1
1424,1,0.9999759793281555,1
1425,1,0.9926360249519348,1
1426,0,0.2542009949684143,0
1427,1,0.9999560117721558,1
1428,0,0.012889999896287918,0
1429,1,0.9999309778213501,1
1430,1,0.9999549984931946,1
1431,1,0.47045400738716125,0
1432,1,0.9929490089416504,1
1433,1,0.8652099967002869,1
1434,0,0.0007089999853633344,0
1435,1,0.9999899864196777,1
1436,0,9.999999974752427e-07,0
1437,0,0.011439000256359577,0
1438,1,0.9999759793281555,1
1439,1,0.9970149993896484,1
1440,0,0.007462000008672476,0
1441,0,0.0020719999447464943,0
1442,0,0.0021899999119341373,0
1443,0,0.23914000391960144,0
1444,0,0.0006719999946653843,0
1445,1,0.9997429847717285,1
1446,0,0.0004839999892283231,0
1447,0,9.999999747378752e-06,0
1448,1,0.9976980090141296,1
1449,0,8.499999967170879e-05,0
1450,0,0.04061099886894226,0
1451,0,0.7511680126190186,1
1452,0,0.0024659999180585146,0
1453,1,0.9998070001602173,1
1454,0,0.17930200695991516,0
1455,1,0.7911279797554016,1
1456,0,0.0008120000129565597,0
1457,0,0.29983198642730713,0
1458,0,0.006188000086694956,0
1459,1,0.9984859824180603,1
1460,0,0.0007029999978840351,0
1461,0,0.4137060046195984,0
1462,0,0.00240899994969368,0
1463,1,0.9994480013847351,1
1464,0,0.22763900458812714,0
1465,1,0.9666240215301514,1
1466,1,0.9999719858169556,1
1467,1,0.46906501054763794,0
1468,1,0.2511709928512573,0
1469,0,0.03432900086045265,0
1470,1,0.8931310176849365,1
1471,0,0.0008900000248104334,0
1472,1,0.9990689754486084,1
1473,0,0.00011100000119768083,0
1474,1,0.9945240020751953,1
1475,0,0.05612599849700928,0
1476,0,0.02305000089108944,0
1477,0,0.0015269999857991934,0
1478,0,0.0002570000069681555,0
1479,1,0.9998130202293396,1
1480,1,0.07894500344991684,0
1481,0,0.13497300446033478,0
1482,0,0.36789000034332275,0
1483,0,0.0003260000084992498,0
1484,0,0.523747980594635,1
1485,0,0.024480000138282776,0
1486,1,0.9981629848480225,1
1487,1,0.957381010055542,1
1488,1,0.9997140169143677,1
1489,0,1.5999999959603883e-05,0
1490,0,0.826878011226654,1
1491,0,0.0050929998978972435,0
1492,0,0.0030040000565350056,0
1493,1,0.9999060034751892,1
1494,1,0.9881669878959656,1
1495,0,0.0015839999541640282,0
1496,0,0.302964985370636,0
1497,1,0.8998590111732483,1
1498,1,0.9972400069236755,1
1499,1,0.99891197681427,1
1500,0,0.14434799551963806,0
1501,1,0.9925029873847961,1
1502,0,0.0016210000030696392,0
1503,0,0.0001829999964684248,0
1504,1,0.9894300103187561,1
1505,1,0.4776049852371216,0
1506,0,0.2628360092639923,0
1507,1,0.0934389978647232,0
1508,0,0.00018699999782256782,0
1509,1,1.0,1
1510,1,0.9697570204734802,1
1511,0,0.006382000166922808,0
1512,0,0.0010389999952167273,0
1513,1,0.9847930073738098,1
1514,1,0.9946290254592896,1
1515,1,0.997963011264801,1
1516,0,3.899999865097925e-05,0
1517,0,0.38714998960494995,0
1518,0,0.38364800810813904,0
1519,1,0.898622989654541,1
1520,1,0.9803479909896851,1
1521,0,0.2759140133857727,0
1522,1,0.9552969932556152,1
1523,0,0.06680499762296677,0
1524,0,0.03216800093650818,0
1525,0,0.08778200298547745,0
1526,1,0.999517023563385,1
1527,0,0.17287999391555786,0
1528,0,3.000000106112566e-06,0
1529,0,0.15713800489902496,0
1530,1,0.9999060034751892,1
1531,0,0.006126999855041504,0
1532,0,6.600000051548705e-05,0
1533,1,0.999891996383667,1
1534,1,0.09314899891614914,0
1535,0,0.018014999106526375,0
1536,1,0.9999729990959167,1
1537,0,0.0019470000406727195,0
1538,1,0.7508410215377808,1
1539,0,0.0066269999369978905,0
1540,1,0.9999740123748779,1
1541,1,0.7733359932899475,1
1542,0,0.02306400053203106,0
1543,1,0.9982810020446777,1
1544,1,0.89171302318573,1
1545,0,4.5000000682193786e-05,0
1546,0,0.0008859999943524599,0
1547,0,0.07218000292778015,0
1548,1,0.8808559775352478,1
1549,1,0.9913010001182556,1
1550,1,0.9994789958000183,1
1551,0,0.00013899999612476677,0
1552,0,0.005700999870896339,0
1553,0,7.000000096013537e-06,0
1554,1,0.9994919896125793,1
1555,0,0.19653600454330444,0
1556,0,0.8317300081253052,1
1557,0,0.008806000463664532,0
1558,0,0.0010389999952167273,0
1559,0,2.700000004551839e-05,0
1560,0,0.04478299990296364,0
1561,1,0.9996700286865234,1
1562,1,0.9994149804115295,1
1563,0,1.4999999621068127e-05,0
1564,0,0.30232900381088257,0
1565,1,0.994284987449646,1
1566,0,0.004745999816805124,0
1567,1,0.9995980262756348,1
1568,1,0.12979799509048462,0
1569,1,0.998045027256012,1
1570,0,0.8162220120429993,1
1571,1,0.9998980164527893,1
1572,0,0.4723049998283386,0
1573,1,0.993278980255127,1
1574,1,0.9997479915618896,1
1575,1,0.9990689754486084,1
1576,1,0.9979749917984009,1
1577,0,0.19817300140857697,0
1578,0,3.300000025774352e-05,0
1579,1,0.9946960210800171,1
1580,0,0.006618000101298094,0
1581,0,0.03374800086021423,0
1582,1,0.9939870238304138,1
1583,1,0.41996699571609497,0
1584,1,0.6390470266342163,1
1585,0,0.005047000013291836,0
1586,1,0.9999960064888,1
1587,1,0.9401739835739136,1
1588,0,0.05158799886703491,0
1589,1,0.9437230229377747,1
1590,1,0.9999560117721558,1
1591,0,0.02153100073337555,0
1592,1,0.4586679935455322,0
1593,0,0.812125027179718,1
1594,0,0.03819900006055832,0
1595,1,0.9975500106811523,1
1596,1,0.9773799777030945,1
1597,0,0.0006960000027902424,0
1598,0,0.2203959971666336,0
1599,0,0.026014000177383423,0
1600,0,0.004277000203728676,0
1601,0,0.004129999782890081,0
1602,1,0.799232006072998,1
1603,1,0.7398020029067993,1
1604,1,0.9995489716529846,1
1605,0,0.004104000050574541,0
1606,0,0.006002999842166901,0
1607,0,0.005896999966353178,0
1608,1,0.9641669988632202,1
1609,1,0.9964439868927002,1
1610,1,0.9996140003204346,1
1611,0,0.0022360000293701887,0
1612,1,0.8856480121612549,1
1613,0,0.0009629999985918403,0
1614,0,0.002672000089660287,0
1615,1,0.9667930006980896,1
1616,1,0.9978240132331848,1
1617,0,0.0009110000100918114,0
1618,0,0.15737499296665192,0
1619,1,0.9858629703521729,1
1620,1,0.999750018119812,1
1621,1,0.9999960064888,1
1622,0,0.010375999845564365,0
1623,0,0.0018439999548718333,0
1624,1,0.9995449781417847,1
1625,0,0.08182600140571594,0
1626,0,0.013621999882161617,0
1627,1,0.9930019974708557,1
1628,1,0.9999269843101501,1
1629,0,0.9989349842071533,1
1630,1,0.9992390275001526,1
1631,0,0.3713429868221283,0
1632,1,0.9995399713516235,1
1633,1,0.14687100052833557,0
1634,1,0.9188870191574097,1
1635,0,0.001478999969549477,0
1636,0,0.018386000767350197,0
1637,1,0.9931880235671997,1
1638,1,0.9036350250244141,1
1639,0,0.0032279998995363712,0
1640,1,0.9937790036201477,1
1641,1,0.9991220235824585,1
1642,1,0.9992070198059082,1
1643,0,0.030973000451922417,0
1644,0,0.0028929999098181725,0
1645,1,0.9999920129776001,1
1646,0,0.020826999098062515,0
1647,0,0.0263689998537302,0
1648,1,0.995622992515564,1
1649,1,0.9657949805259705,1
1650,0,0.3448370099067688,0
1651,0,0.34438300132751465,0
1652,1,0.9997779726982117,1
1653,1,0.9945589900016785,1
1654,0,4.3000000005122274e-05,0
1655,0,0.09433600306510925,0
1656,1,0.9747729897499084,1
1657,0,0.10567999631166458,0
1658,1,0.33139699697494507,0
1659,0,0.035829998552799225,0
1660,1,0.984790027141571,1
1661,0,0.13142099976539612,0
1662,0,0.030601000413298607,0
1663,0,0.0010049999691545963,0
1664,0,0.00020799999765586108,0
1665,0,0.00888499990105629,0
1666,1,0.8615670204162598,1
1667,1,0.9981420040130615,1
1668,1,0.9991660118103027,1
1669,1,0.9999279975891113,1
1670,1,0.9999849796295166,1
1671,1,0.9999939799308777,1
1672,0,0.0065390001982450485,0
1673,0,0.10098499804735184,0
1674,1,0.22656700015068054,0
1675,1,0.97530198097229,1
1676,1,0.9813370108604431,1
1677,0,0.001231999951414764,0
1678,0,0.022453999146819115,0
1679,0,0.0002809999859891832,0
1680,0,0.00014400000509340316,0
1681,0,0.13268199563026428,0
1682,0,0.015283999964594841,0
1683,1,0.9603220224380493,1
1684,1,0.97120600938797,1
1685,1,0.9844080209732056,1
1686,1,0.9996240139007568,1
1687,1,0.9999849796295166,1
1688,0,0.14522099494934082,0
1689,1,0.9999740123748779,1
1690,0,0.0004290000069886446,0
1691,0,0.030813999474048615,0
1692,1,0.9988980293273926,1
1693,1,0.9970939755439758,1
1694,1,0.9993249773979187,1
1695,1,0.205145001411438,0
1696,0,0.0003870000073220581,0
1697,1,0.918304979801178,1
1698,1,0.14137500524520874,0
1699,0,0.3126299977302551,0
1700,0,0.047860000282526016,0
1701,1,0.42035698890686035,0
1702,1,1.0,1
1703,0,0.05998000130057335,0
1704,1,0.0630130022764206,0
1705,1,0.9996970295906067,1
1706,1,0.9999899864196777,1
1707,1,0.9989809989929199,1
1708,1,0.9808400273323059,1
1709,0,0.008301000110805035,0
1710,1,0.9811480045318604,1
1711,1,0.9828069806098938,1
1712,1,0.9999989867210388,1
1713,1,0.9947400093078613,1
1714,1,0.7554910182952881,1
1715,0,0.0064849997870624065,0
1716,0,1.8000000636675395e-05,0
1717,0,1.9999999949504854e-06,0
1718,0,0.002176000038161874,0
1719,0,2.8000000384054147e-05,0
1720,1,0.9882500171661377,1
1721,1,0.8262799978256226,1
1722,1,0.9929789900779724,1
1723,0,0.012808999978005886,0
1724,1,0.9982190132141113,1
1725,1,0.9999880194664001,1
1726,1,0.21157099306583405,0
1727,0,0.009193000383675098,0
1728,1,0.9998509883880615,1
1729,0,0.014938999898731709,0
1730,1,0.9999589920043945,1
1731,1,0.2625870108604431,0
1732,1,0.9968249797821045,1
1733,0,0.00016199999663513154,0
1734,0,0.014481999911367893,0
1735,0,0.000195999993593432,0
1736,0,0.000838999985717237,0
1737,0,0.21777600049972534,0
1738,1,0.99447101354599,1
1739,1,0.9998070001602173,1
1740,1,0.9999390244483948,1
1741,0,0.01975799910724163,0
1742,1,0.9991570115089417,1
1743,0,0.0006140000186860561,0
1744,1,0.7656019926071167,1
1745,1,0.9999880194664001,1
1746,0,0.010104999877512455,0
1747,0,0.0015790000325068831,0
1748,1,0.9999390244483948,1
1749,0,0.1029449999332428,0
1750,1,0.9990079998970032,1
1751,0,5.900000178371556e-05,0
1752,0,0.34297600388526917,0
1753,0,0.06840299814939499,0
1754,1,0.9598450064659119,1
1755,1,0.9428020119667053,1
1756,0,0.1220329999923706,0
1757,1,0.9978280067443848,1
1758,0,0.12449599802494049,0
1759,1,0.9906439781188965,1
1760,1,0.9994000196456909,1
1761,0,0.026298999786376953,0
1762,0,9.999999747378752e-06,0
1763,0,0.4944779872894287,0
1764,1,0.99993497133255,1
1765,0,0.0012489999644458294,0
1766,1,0.9883999824523926,1
1767,1,0.9999139904975891,1
1768,1,0.9927660226821899,1
1769,1,0.9652990102767944,1
1770,0,0.01928899995982647,0
1771,1,0.2847200036048889,0
1772,1,0.9832749962806702,1
1773,0,0.04548000171780586,0
1774,1,0.998009979724884,1
1775,0,0.015293999575078487,0
1776,1,0.9930779933929443,1
1777,1,0.9994580149650574,1
1778,0,0.11298800259828568,0
1779,1,0.44857698678970337,0
1780,0,0.47510701417922974,0
1781,1,0.9881979823112488,1
1782,0,3.7999998312443495e-05,0
1783,1,0.9999319911003113,1
1784,0,0.10124599933624268,0
1785,1,0.9933599829673767,1
1786,0,9.999999974752427e-07,0
1787,0,0.0010550000006332994,0
1788,1,0.043995000422000885,0
1789,0,0.0016969999996945262,0
1790,1,0.9045990109443665,1
1791,1,0.9999539852142334,1
1792,0,0.01502699963748455,0
1793,1,0.9999989867210388,1
1794,1,0.9563949704170227,1
1795,0,0.00587099976837635,0
1796,1,0.9994009733200073,1
1797,1,0.999970018863678,1
1798,0,0.36386099457740784,0
1799,1,0.9994760155677795,1
1800,0,0.0436599999666214,0
1801,1,0.8346660137176514,1
1802,1,0.9997609853744507,1
1803,1,0.9663400053977966,1
1804,1,0.9846469759941101,1
1805,1,0.9480680227279663,1
1806,1,0.999189019203186,1
1807,1,0.998013973236084,1
1808,1,0.10970400273799896,0
1809,1,0.7312660217285156,1
1810,0,0.1106870025396347,0
1811,1,0.6440969705581665,1
1812,0,0.0011239999439567327,0
1813,0,0.000155999994603917,0
1814,0,1.1000000085914508e-05,0
1815,1,0.9999989867210388,1
1816,0,0.003484999993816018,0
1817,0,0.9957919716835022,1
1818,0,0.0011309999972581863,0
1819,1,0.9999840259552002,1
1820,0,0.07371000200510025,0
1821,1,0.9999809861183167,1
1822,0,0.3564319908618927,0
1823,1,0.8300420045852661,1
1824,0,7.300000288523734e-05,0
1825,0,0.015370000153779984,0
1826,1,0.9976410269737244,1
1827,1,0.9999899864196777,1
1828,0,0.8315669894218445,1
1829,1,0.9213029742240906,1
1830,1,0.9815239906311035,1
1831,1,0.0523810014128685,0
1832,1,0.9998700022697449,1
1833,0,9.999999974752427e-07,0
1834,0,0.0007389999809674919,0
1835,1,0.9641299843788147,1
1836,1,0.992326021194458,1
1837,0,1.9999999949504854e-06,0
1838,1,0.8850470185279846,1
1839,1,0.9858700037002563,1
1840,0,0.00020700000459328294,0
1841,1,0.5992220044136047,1
1842,1,0.8828510046005249,1
1843,0,0.022432999685406685,0
1844,1,0.9900280237197876,1
1845,0,0.13320399820804596,0
1846,1,0.9638130068778992,1
1847,0,0.008549000136554241,0
1848,0,0.0690779983997345,0
1849,1,0.9999909996986389,1
1850,0,0.0011500000255182385,0
1851,1,0.4143590033054352,0
1852,1,0.9961789846420288,1
1853,1,0.9995729923248291,1
1854,1,0.9999560117721558,1
1855,0,0.10259199887514114,0
1856,0,0.015494000166654587,0
1857,0,0.6609879732131958,1
1858,1,0.9956470131874084,1
1859,0,0.0009689999860711396,0
1860,1,0.999563992023468,1
1861,0,0.015860000625252724,0
1862,1,0.9999369978904724,1
1863,0,0.0006360000115819275,0
1864,1,0.9999300241470337,1
1865,0,0.0007340000011026859,0
1866,1,0.9997739791870117,1
1867,0,0.7590889930725098,1
1868,0,0.020565999671816826,0
1869,0,0.10875599831342697,0
1870,0,0.0005719999899156392,0
1871,1,0.899770975112915,1
1872,1,0.9999300241470337,1
1873,1,0.9999189972877502,1
1874,0,0.04467200115323067,0
1875,0,0.006105999927967787,0
1876,0,0.03614300116896629,0
1877,0,0.0007159999804571271,0
1878,1,0.6780999898910522,1
1879,0,0.00041599999531172216,0
1880,1,1.0,1
1881,0,0.0001500000071246177,0
1882,0,5.900000178371556e-05,0
1883,0,0.0004030000127386302,0
1884,1,0.9992409944534302,1
1885,0,6.0999998822808266e-05,0
1886,0,0.0013960000360384583,0
1887,1,0.9939450025558472,1
1888,0,0.25052300095558167,0
1889,1,0.9994410276412964,1
1890,1,0.9999909996986389,1
1891,1,0.9994410276412964,1
1892,1,0.9614700078964233,1
1893,0,0.02120400033891201,0
1894,1,0.9985349774360657,1
1895,0,0.0003100000030826777,0
1896,1,0.9648650288581848,1
1897,1,0.9998289942741394,1
1898,1,0.9993429780006409,1
1899,1,0.3163929879665375,0
1900,1,0.9504539966583252,1
1901,1,0.8018839955329895,1
1902,0,0.0008559999987483025,0
1903,1,0.9998390078544617,1
1904,1,0.9999719858169556,1
1905,1,0.997967004776001,1
1906,1,0.9996359944343567,1
1907,1,0.9809060096740723,1
1908,1,0.9999589920043945,1
1909,1,0.9101499915122986,1
1910,1,0.9985290169715881,1
1911,0,0.00015300000086426735,0
1912,0,0.009340000338852406,0
1913,1,0.9508180022239685,1
1914,0,0.00018200000340584666,0
1915,1,0.528190016746521,1
1916,1,0.9998660087585449,1
1917,0,2.9999999242136255e-05,0
1918,1,0.9902780055999756,1
1919,1,0.9879019856452942,1
1920,0,0.004397000186145306,0
1921,1,0.47073400020599365,0
1922,0,0.21040500700473785,0
1923,1,0.9994410276412964,1
1924,1,0.9998440146446228,1
1925,1,0.9991310238838196,1
1926,0,0.003077999921515584,0
1927,1,0.33518001437187195,0
1928,0,0.017436999827623367,0
1929,0,0.023731999099254608,0
1930,0,0.07211299985647202,0
1931,0,0.07569099962711334,0
1932,1,0.7210509777069092,1
1933,1,0.9999719858169556,1
1934,0,0.003512999974191189,0
1935,1,0.7543749809265137,1
1936,0,0.004927000030875206,0
1937,1,0.4619329869747162,0
1938,1,0.9999750256538391,1
1939,0,0.00047400000039488077,0
1940,1,0.997651994228363,1
1941,0,0.03221900016069412,0
1942,1,0.9989219903945923,1
1943,1,0.9999229907989502,1
1944,0,0.032210998237133026,0
1945,1,0.9996899962425232,1
1946,1,0.9566069841384888,1
1947,0,0.047033000737428665,0
1948,1,0.3106920123100281,0
1949,0,0.007546000182628632,0
1950,1,0.9894859790802002,1
1951,1,0.9999780058860779,1
1952,1,0.3769400119781494,0
1953,0,3.5000000934815034e-05,0
1954,1,0.9875770211219788,1
1955,1,0.08153600245714188,0
1956,0,0.8311820030212402,1
1957,0,0.049973998218774796,0
1958,0,0.0005670000100508332,0
1959,0,0.009233999997377396,0
1960,0,0.010346000082790852,0
1961,1,0.9998909831047058,1
1962,0,0.012391000054776669,0
1963,0,0.03299500048160553,0
1964,0,0.447719007730484,0
1965,1,0.9926310181617737,1
1966,1,0.9999909996986389,1
1967,1,0.9977319836616516,1
1968,0,0.1867379993200302,0
1969,0,0.002119000069797039,0
1970,0,0.00015700000221841037,0
1971,1,0.999642014503479,1
1972,0,0.004098000004887581,0
1973,1,0.8809340000152588,1
1974,0,0.03384799882769585,0
1975,0,0.02387000061571598,0
1976,1,0.999983012676239,1
1977,0,0.0006319999811239541,0
1978,0,0.0002640000020619482,0
1979,1,0.9962189793586731,1
1980,1,0.3598169982433319,0
1981,1,0.9999819993972778,1
1982,0,0.013143000192940235,0
1983,0,0.06164800003170967,0
1984,1,0.9869459867477417,1
1985,1,0.9998959898948669,1
1986,0,0.4067859947681427,0
1987,1,0.9718350172042847,1
1988,1,0.9998220205307007,1
1989,0,0.0541829988360405,0
1990,0,0.09358000010251999,0
1991,0,0.0030040000565350056,0
1992,1,0.999921977519989,1
1993,0,0.16370899975299835,0
1994,0,0.08742500096559525,0
1995,0,0.0031610000878572464,0
1996,0,0.13847100734710693,0
1997,1,0.9965940117835999,1
1998,1,0.9999840259552002,1
1999,1,0.7914140224456787,1
2000,1,0.08239799737930298,0
2001,1,0.9998890161514282,1
2002,1,0.9960139989852905,1
2003,1,0.9998160004615784,1
2004,1,0.9932990074157715,1
2005,1,0.9309430122375488,1
2006,0,0.3348099887371063,0
2007,0,0.1893800050020218,0
2008,1,0.9349179863929749,1
2009,1,0.7430149912834167,1
2010,1,0.675583004951477,1
2011,1,0.9594249725341797,1
2012,1,0.9373509883880615,1
2013,1,0.9991269707679749,1
2014,0,0.013983000069856644,0
2015,0,1.1000000085914508e-05,0
2016,1,0.8356689810752869,1
2017,0,0.04532099887728691,0
2018,1,0.9996340274810791,1
2019,1,0.35440200567245483,0
2020,0,0.00020799999765586108,0
2021,0,0.20148000121116638,0
2022,0,0.013396999798715115,0
2023,0,0.0018949999939650297,0
2024,1,0.9048240184783936,1
2025,1,0.9999639987945557,1
2026,0,0.0,0
2027,0,3.400000059627928e-05,0
2028,0,0.26493901014328003,0
2029,0,0.03891599923372269,0
2030,1,0.13529899716377258,0
2031,1,0.9393619894981384,1
2032,0,0.03986399993300438,0
2033,1,0.9988150000572205,1
2034,1,0.9999889731407166,1
2035,1,0.9701030254364014,1
2036,1,0.9854410290718079,1
2037,0,0.5154520273208618,1
2038,0,0.015258999541401863,0
2039,0,0.003464000066742301,0
2040,1,0.9807850122451782,1
2041,1,0.989920973777771,1
2042,0,0.0019209999591112137,0
2043,1,0.9999930262565613,1
2044,0,0.29981499910354614,0
2045,0,0.2371719926595688,0
2046,1,0.9357820153236389,1
2047,1,0.89370197057724,1
2048,0,0.044084999710321426,0
2049,1,0.9970740079879761,1
2050,0,0.10720200091600418,0
2051,0,0.09093999862670898,0
2052,0,0.009132999926805496,0
2053,1,0.9987419843673706,1
2054,0,0.4662350118160248,0
2055,0,0.004776000045239925,0
2056,1,0.9993399977684021,1
2057,0,0.0001630000042496249,0
2058,1,0.9999819993972778,1
2059,1,0.7668439745903015,1
2060,0,0.10249000042676926,0
2061,1,0.9920200109481812,1
2062,1,0.9977549910545349,1
2063,1,0.9999979734420776,1
2064,0,0.0028570001013576984,0
2065,0,0.5960040092468262,1
2066,1,0.9998040199279785,1
2067,1,0.39034798741340637,0
2068,0,0.00037799999699927866,0
2069,1,0.48594799637794495,0
2070,1,0.9997010231018066,1
2071,1,0.3766390085220337,0
2072,1,0.6542940139770508,1
2073,0,9.600000339560211e-05,0
2074,1,0.9921740293502808,1
2075,0,0.3132379949092865,0
2076,1,0.9347760081291199,1
2077,0,0.0005450000171549618,0
2078,0,0.003582000033929944,0
2079,0,4.999999873689376e-05,0
2080,1,0.9937559962272644,1
2081,1,0.9996179938316345,1
2082,0,0.0008539999835193157,0
2083,1,0.6514109969139099,1
2084,0,3.7000001611886546e-05,0
2085,0,0.00017600000137463212,0
2086,0,0.005379999987781048,0
2087,0,0.0007029999978840351,0
2088,0,0.014310000464320183,0
2089,0,0.00029600001289509237,0
2090,0,3.600000127335079e-05,0
2091,1,0.9998270273208618,1
2092,0,0.4531779885292053,0
2093,1,0.9999930262565613,1
2094,1,0.9840289950370789,1
2095,1,0.8841059803962708,1
2096,1,0.9997320175170898,1
2097,0,0.016697999089956284,0
2098,0,0.6050670146942139,1
2099,1,0.9835609793663025,1
2100,1,0.9999960064888,1
2101,1,0.702023983001709,1
2102,1,0.9998549818992615,1
2103,1,0.9996830224990845,1
2104,0,0.17996899783611298,0
2105,0,0.0015620000194758177,0
2106,0,0.9535459876060486,1
2107,1,0.9972950220108032,1
2108,0,0.4215939939022064,0
2109,0,0.0014359999913722277,0
2110,1,0.9644410014152527,1
2111,0,0.041565001010894775,0
2112,1,0.9964169859886169,1
2113,1,0.599556028842926,1
2114,0,0.17986899614334106,0
2115,1,0.99993497133255,1
2116,0,0.00033000000985339284,0
2117,0,7.999999979801942e-06,0
2118,0,0.009523999877274036,0
2119,0,0.30287298560142517,0
2120,1,0.8972280025482178,1
2121,1,0.9924989938735962,1
2122,1,0.9945489764213562,1
2123,1,0.9655809998512268,1
2124,0,0.009883999824523926,0
2125,1,0.9941710233688354,1
2126,1,0.9937679767608643,1
2127,0,0.009328999556601048,0
2128,1,0.12135300040245056,0
2129,1,0.9999520182609558,1
2130,1,0.9983459711074829,1
2131,0,0.018595999106764793,0
2132,0,0.0002469999890308827,0
2133,0,0.00039500001003034413,0
2134,1,0.9994239807128906,1
2135,0,0.7463269829750061,1
2136,1,0.9888319969177246,1
2137,0,0.5347099900245667,1
2138,0,0.000387999985832721,0
2139,1,0.9999290108680725,1
2140,0,0.0013780000153928995,0
2141,1,0.9999920129776001,1
2142,0,0.00811699964106083,0
2143,0,0.08677099645137787,0
2144,1,0.9997180104255676,1
2145,0,0.006696000229567289,0
2146,0,0.18060100078582764,0
2147,0,0.006374000106006861,0
2148,1,0.9823219776153564,1
2149,1,0.987201988697052,1
2150,0,0.0001049999991664663,0
2151,0,0.0034360000863671303,0
2152,0,0.0397460013628006,0
2153,0,0.03172900155186653,0
2154,1,0.9352549910545349,1
2155,1,0.1480640023946762,0
2156,1,0.9932209849357605,1
2157,0,0.039294999092817307,0
2158,0,0.0353889986872673,0
2159,0,0.0027489999774843454,0
2160,1,0.9996709823608398,1
2161,1,0.9999060034751892,1
2162,0,0.0014809999847784638,0
2163,1,0.999517023563385,1
2164,1,0.9466909766197205,1
2165,1,0.9930949807167053,1
2166,0,0.0015660000499337912,0
2167,0,7.999999979801942e-06,0
2168,0,0.02317900024354458,0
2169,0,1.4999999621068127e-05,0
2170,1,0.999517023563385,1
2171,1,0.9992520213127136,1
2172,0,0.0004839999892283231,0
2173,0,0.26291999220848083,0
2174,1,0.9999039769172668,1
2175,1,0.9867129921913147,1
2176,1,0.7853019833564758,1
2177,1,0.8283830285072327,1
2178,1,0.9903290271759033,1
2179,1,0.0025510000996291637,0
2180,0,1.9999999949504854e-06,0
2181,1,0.9991639852523804,1
2182,1,0.9849269986152649,1
2183,1,0.9999939799308777,1
2184,1,0.9713550209999084,1
2185,1,0.9634799957275391,1
2186,0,0.6569889783859253,1
2187,0,0.005516999866813421,0
2188,0,0.022897999733686447,0
2189,1,0.9978399872779846,1
2190,0,0.22535499930381775,0
2191,1,0.0967869982123375,0
2192,0,2.499999936844688e-05,0
2193,0,6.199999916134402e-05,0
2194,1,0.9998570084571838,1
2195,0,0.2841019928455353,0
2196,0,0.0001340000017080456,0
2197,0,0.009112000465393066,0
2198,1,0.9457849860191345,1
2199,0,0.0003129999968223274,0
2200,1,0.9999960064888,1
2201,0,0.247872993350029,0
2202,0,0.9031090140342712,1
2203,0,0.0006459999713115394,0
2204,1,0.9845200181007385,1
2205,0,1.2999999853491317e-05,0
2206,0,0.13180600106716156,0
2207,1,0.9995959997177124,1
2208,1,0.7413679957389832,1
2209,1,0.6430060267448425,1
2210,1,0.9998019933700562,1
2211,0,0.002570000011473894,0
2212,0,0.005313000176101923,0
2213,0,2.5999999706982635e-05,0
2214,0,0.624845027923584,1
2215,0,0.000818000000435859,0
2216,1,0.007379000075161457,0
2217,0,0.05914599820971489,0
2218,1,0.9933080077171326,1
2219,0,0.0003100000030826777,0
2220,0,0.00010699999984353781,0
2221,0,0.003490000031888485,0
2222,0,0.1344279944896698,0
2223,0,3.400000059627928e-05,0
2224,0,0.0001289999927394092,0
2225,0,0.019279999658465385,0
2226,1,0.9999629855155945,1
2227,0,0.02696800045669079,0
2228,0,0.9994649887084961,1
2229,1,0.9936230182647705,1
2230,0,0.023605000227689743,0
2231,1,0.9806889891624451,1
2232,0,0.42631998658180237,0
2233,1,0.999891996383667,1
2234,1,0.870764970779419,1
2235,1,0.9742209911346436,1
2236,0,0.1190129965543747,0
2237,0,0.09472300112247467,0
2238,1,0.9996240139007568,1
2239,1,0.9135239720344543,1
2240,0,0.0005039999959990382,0
2241,1,0.9912980198860168,1
2242,1,0.9999740123748779,1
2243,1,0.9996920228004456,1
2244,1,0.999862015247345,1
2245,0,0.00023799999326001853,0
2246,0,0.08144199848175049,0
2247,1,0.9931889772415161,1
2248,0,0.5443750023841858,1
2249,1,0.9992570281028748,1
2250,1,0.9567099809646606,1
2251,0,0.0002849999873433262,0
2252,0,0.8242459893226624,1
2253,1,0.9940999746322632,1
2254,1,0.9851909875869751,1
2255,0,0.4703400135040283,0
2256,0,0.0053010000847280025,0
2257,1,0.9987959861755371,1
2258,0,0.003969000186771154,0
2259,0,0.0020260000601410866,0
2260,1,0.8447480201721191,1
2261,1,0.9999790191650391,1
2262,1,0.9646340012550354,1
2263,0,5.199999941396527e-05,0
2264,0,0.00023200000578071922,0
2265,1,0.9995110034942627,1
2266,0,0.9555619955062866,1
2267,1,0.9999399781227112,1
2268,0,0.04899600148200989,0
2269,0,0.007189999800175428,0
2270,1,0.9978880286216736,1
2271,0,0.00026599998818710446,0
2272,0,3.9999998989515007e-05,0
2273,0,0.00043799998820759356,0
2274,1,0.9998670220375061,1
2275,1,0.9999709725379944,1
2276,1,0.9600899815559387,1
2277,1,0.9821339845657349,1
2278,1,0.9694439768791199,1
2279,1,0.9811319708824158,1
2280,0,0.010665000416338444,0
2281,0,0.42032700777053833,0
2282,0,0.06877899914979935,0
2283,0,3.5000000934815034e-05,0
2284,0,0.24800600111484528,0
2285,1,0.7949339747428894,1
2286,0,4.8000001697801054e-05,0
2287,0,0.0067079998552799225,0
2288,0,0.21793200075626373,0
2289,0,0.5802379846572876,1
2290,0,0.771727979183197,1
2291,0,0.7425259947776794,1
2292,1,0.9998239874839783,1
2293,0,0.0006350000039674342,0
2294,0,0.10127399861812592,0
2295,0,0.9528970122337341,1
2296,0,0.00013600000238511711,0
2297,0,0.0008999999845400453,0
2298,0,6.800000119255856e-05,0
2299,1,0.9767320156097412,1
2300,1,0.8284119963645935,1
2301,0,0.3924599885940552,0
2302,0,0.2113720029592514,0
2303,0,0.1306699961423874,0
2304,1,0.4420740008354187,0
2305,1,0.9999989867210388,1
2306,1,0.9978359937667847,1
2307,1,0.9936580061912537,1
2308,1,0.34313100576400757,0
2309,1,0.9996939897537231,1
2310,1,0.9174219965934753,1
2311,0,0.010072000324726105,0
2312,1,0.9924619793891907,1
2313,1,0.878279983997345,1
2314,1,0.999347984790802,1
2315,1,0.9999909996986389,1
2316,1,0.9146329760551453,1
2317,0,0.0027620000764727592,0
2318,1,0.9998930096626282,1
2319,0,0.006978000048547983,0
2320,1,0.9999619722366333,1
2321,1,0.9813560247421265,1
2322,1,0.9166139960289001,1
2323,0,0.019426999613642693,0
2324,0,7.100000220816582e-05,0
2325,0,5.199999941396527e-05,0
2326,1,0.9999840259552002,1
2327,0,0.312171995639801,0
2328,0,0.006544000003486872,0
2329,0,0.11597900092601776,0
2330,1,0.9999669790267944,1
2331,0,0.1250939965248108,0
2332,1,0.9604499936103821,1
2333,1,0.9911080002784729,1
2334,1,0.9999399781227112,1
2335,0,0.39726200699806213,0
2336,0,0.027712000533938408,0
2337,1,0.8188490271568298,1
2338,1,0.9820070266723633,1
2339,1,0.9989259839057922,1
2340,1,0.9901099801063538,1
2341,0,0.0009899999713525176,0
2342,0,0.8866590261459351,1
2343,0,0.022568000480532646,0
2344,1,0.9991790056228638,1
2345,0,0.13701699674129486,0
2346,0,0.0076790000312030315,0
2347,1,0.9983729720115662,1
2348,1,0.9958480000495911,1
2349,1,0.9968559741973877,1
2350,1,0.8225619792938232,1
2351,1,0.913657009601593,1
2352,1,1.0,1
2353,0,1.2999999853491317e-05,0
2354,0,0.03810599818825722,0
2355,1,0.999770998954773,1
2356,1,0.98545902967453,1
2357,1,0.35681700706481934,0
2358,0,7.000000096013537e-06,0
2359,1,0.999297022819519,1
2360,0,0.02077700011432171,0
2361,1,0.9999960064888,1
2362,0,0.0009919999865815043,0
2363,0,0.0705690011382103,0
2364,1,0.9835910201072693,1
2365,1,0.9998869895935059,1
2366,0,0.010005000047385693,0
2367,0,0.5038740038871765,1
2368,1,0.9673359990119934,1
2369,0,0.4865710139274597,0
2370,1,0.9999499917030334,1
2371,1,0.9999110102653503,1
2372,1,0.9999669790267944,1
2373,0,0.047109998762607574,0
2374,1,0.9957600235939026,1
2375,0,0.0002099999983329326,0
2376,1,0.9979869723320007,1
2377,0,0.08513499796390533,0
2378,0,5.199999941396527e-05,0
2379,1,0.9974460005760193,1
2380,0,0.40831100940704346,0
2381,1,0.9999989867210388,1
2382,1,0.8274319767951965,1
2383,0,0.020627999678254128,0
2384,0,0.04742800071835518,0
2385,0,0.02538199909031391,0
2386,0,0.8802180290222168,1
2387,1,0.9999889731407166,1
2388,0,0.0018710000440478325,0
2389,0,0.0002770000137388706,0
2390,1,0.9970120191574097,1
2391,0,0.009566999971866608,0
2392,0,0.002171000000089407,0
2393,0,0.003022999968379736,0
2394,0,0.00015900000289548188,0
2395,1,0.664447009563446,1
2396,1,0.9994590282440186,1
2397,1,0.9999110102653503,1
2398,0,0.0395670011639595,0
2399,0,0.00047900000936351717,0
2400,1,0.8325170278549194,1
2401,1,0.999908983707428,1
2402,1,0.9867569804191589,1
2403,0,0.14099399745464325,0
2404,0,0.002320999978110194,0
2405,1,0.9942409992218018,1
2406,1,0.9999960064888,1
2407,0,0.9797580242156982,1
2408,1,0.9988409876823425,1
2409,1,0.9806110262870789,1
2410,0,1.5999999959603883e-05,0
2411,1,0.9920049905776978,1
2412,1,0.31250500679016113,0
2413,0,0.14200299978256226,0
2414,0,0.9669409990310669,1
2415,0,0.5211949944496155,1
2416,0,0.0005530000198632479,0
2417,0,0.00020399999630171806,0
2418,0,0.9791839718818665,1
2419,0,0.002503999974578619,0
2420,1,0.9996529817581177,1
2421,0,0.00014899999951012433,0
2422,1,0.9933720231056213,1
2423,0,0.00018099999579135329,0
2424,1,0.8067449927330017,1
2425,1,1.0,1
2426,0,0.00012199999764561653,0
2427,0,4.099999932805076e-05,0
2428,1,0.9989640116691589,1
2429,0,0.008841999806463718,0
2430,1,0.9992219805717468,1
2431,1,0.9994670152664185,1
2432,0,0.5524219870567322,1
2433,1,0.9933450222015381,1
2434,1,0.9944260120391846,1
2435,1,0.6444360017776489,1
2436,1,0.25016599893569946,0
2437,0,0.00025400001322850585,0
2438,1,0.9999899864196777,1
2439,0,0.002346999943256378,0
2440,1,0.9990209937095642,1
2441,0,6.900000153109431e-05,0
2442,1,0.9999859929084778,1
2443,1,0.9781950116157532,1
2444,0,0.0037090000696480274,0
2445,1,0.9985960125923157,1
2446,0,0.005934000015258789,0
2447,0,0.08838599920272827,0
2448,1,0.17403000593185425,0
2449,0,0.016388999298214912,0
2450,0,0.00047900000936351717,0
2451,0,0.02456899918615818,0
2452,1,0.9929410219192505,1
2453,0,0.0002770000137388706,0
2454,1,0.9976130127906799,1
2455,1,0.7795569896697998,1
2456,1,0.9997850060462952,1
2457,1,0.9112030267715454,1
2458,0,0.3993360102176666,0
2459,1,0.9992809891700745,1
2460,0,0.006787999998778105,0
2461,0,0.004600999876856804,0
2462,1,0.9999719858169556,1
2463,0,0.9998909831047058,1
2464,0,0.061900001019239426,0
2465,0,0.00020300000323913991,0
2466,0,0.010577999986708164,0
2467,0,0.2142000049352646,0
2468,1,0.9999409914016724,1
2469,1,0.9851760268211365,1
2470,1,0.7825369834899902,1
2471,0,0.001690999954007566,0
2472,0,0.677594006061554,1
2473,1,0.16140499711036682,0
2474,1,0.9999780058860779,1
2475,1,0.9999690055847168,1
2476,0,0.03810799866914749,0
2477,0,2.300000051036477e-05,0
2478,0,0.47523999214172363,0
2479,1,0.9964749813079834,1
2480,1,0.9997860193252563,1
2481,0,0.15171599388122559,0
2482,0,0.04162300005555153,0
2483,1,0.9825389981269836,1
2484,1,0.9878320097923279,1
2485,0,0.9062060117721558,1
2486,0,3.000000106112566e-06,0
2487,1,0.9999960064888,1
2488,1,0.9999979734420776,1
2489,0,0.007414999883621931,0
2490,0,0.10322099924087524,0
2491,1,0.9995110034942627,1
2492,1,0.9994890093803406,1
2493,0,0.0032019999343901873,0
2494,1,0.6264669895172119,1
2495,0,0.13518300652503967,0
2496,0,2.8000000384054147e-05,0
2497,0,0.0008559999987483025,0
2498,0,0.21674400568008423,0
2499,1,0.9827250242233276,1
2500,0,0.018303999677300453,0
2501,1,0.8166379928588867,1
2502,1,0.9939169883728027,1
2503,1,0.9999729990959167,1
2504,1,0.9172710180282593,1
2505,1,0.024372000247240067,0
2506,1,0.9032620191574097,1
2507,1,0.8492900133132935,1
2508,0,0.019378000870347023,0
2509,0,0.3830539882183075,0
2510,1,1.0,1
2511,1,0.999983012676239,1
2512,0,0.008895999751985073,0
2513,1,0.9932060241699219,1
2514,0,4.999999873689376e-06,0
2515,1,0.743586003780365,1
2516,0,0.08851200342178345,0
2517,1,0.9999179840087891,1
2518,0,0.01817999966442585,0
2519,1,0.9999899864196777,1
2520,0,0.06524799764156342,0
2521,0,0.1867240071296692,0
2522,0,0.0007220000261440873,0
2523,1,0.9995579719543457,1
2524,1,0.3326829969882965,0
2525,0,0.5925760269165039,1
2526,0,0.007110000122338533,0
2527,1,0.9976990222930908,1
2528,1,0.9829180240631104,1
2529,1,0.9998639822006226,1
2530,0,0.00418000016361475,0
2531,1,0.9995179772377014,1
2532,1,0.9998329877853394,1
2533,1,0.7441719770431519,1
2534,1,0.9992139935493469,1
2535,0,3.9999998989515007e-05,0
2536,1,0.9969499707221985,1
2537,0,0.01690099947154522,0
2538,0,0.019463999196887016,0
2539,1,0.9461219906806946,1
2540,0,0.007563999854028225,0
2541,0,4.999999873689376e-06,0
2542,0,0.0020490000024437904,0
2543,0,3.999999989900971e-06,0
2544,0,0.0030769999139010906,0
2545,1,0.2521269917488098,0
2546,0,0.0022770001087337732,0
2547,0,0.0008699999889358878,0
2548,1,0.9983720183372498,1
2549,1,0.9588350057601929,1
2550,0,0.004219000227749348,0
2551,0,0.27688199281692505,0
2552,1,0.9976890087127686,1
2553,0,0.002819000044837594,0
2554,1,0.9999989867210388,1
2555,0,0.6972960233688354,1
2556,0,0.011471999809145927,0
2557,1,0.8096029758453369,1
2558,0,0.0005859999801032245,0
2559,0,0.06486000120639801,0
2560,1,0.9938820004463196,1
2561,1,0.2782680094242096,0
2562,0,0.017037000507116318,0
2563,0,0.9533140063285828,1
2564,1,0.9999799728393555,1
2565,1,0.11413200199604034,0
2566,1,0.9988999962806702,1
2567,1,0.9991819858551025,1
2568,1,0.9364100098609924,1
2569,1,0.9971939921379089,1
2570,0,0.0003229999856557697,0
2571,0,0.04912799969315529,0
2572,1,0.8033900260925293,1
2573,1,0.483924001455307,0
2574,1,0.9895439743995667,1
2575,1,0.9999979734420776,1
2576,0,0.03858000040054321,0
2577,0,0.0234839990735054,0
2578,0,0.5421130061149597,1
2579,1,0.9999200105667114,1
2580,1,0.9997419714927673,1
2581,0,4.600000102072954e-05,0
2582,0,0.011750999838113785,0
2583,0,0.00022499999613501132,0
2584,0,0.19583499431610107,0
2585,1,0.9925280213356018,1
2586,0,0.00012599999899975955,0
2587,1,0.9972040057182312,1
2588,1,0.9999319911003113,1
2589,0,0.06935899704694748,0
2590,0,0.12287700176239014,0
2591,1,0.883184015750885,1
2592,0,0.0006970000104047358,0
2593,0,0.13879700005054474,0
2594,1,0.9999880194664001,1
2595,0,0.0006050000083632767,0
2596,0,0.1540919989347458,0
2597,1,0.9984070062637329,1
2598,1,0.9998080134391785,1
2599,0,0.023413000628352165,0
2600,0,0.9127299785614014,1
2601,0,0.0016850000247359276,0
2602,0,0.17828699946403503,0
2603,0,0.02735999971628189,0
2604,1,0.9297599792480469,1
2605,0,0.13300499320030212,0
2606,0,0.363427996635437,0
2607,1,0.9759399890899658,1
2608,1,0.9919220209121704,1
2609,1,0.9518439769744873,1
2610,1,0.9999809861183167,1
2611,0,0.0016769999638199806,0
2612,1,0.48319000005722046,0
2613,0,0.23597100377082825,0
2614,1,0.9933689832687378,1
2615,1,0.26760101318359375,0
2616,1,0.9939510226249695,1
2617,0,0.00016900000628083944,0
2618,1,0.9999799728393555,1
2619,1,0.526561975479126,1
2620,0,0.4698129892349243,0
2621,0,0.005113000050187111,0
2622,0,0.012695999816060066,0
2623,1,0.9404209852218628,1
2624,0,0.033385999500751495,0
2625,0,0.0013010000111535192,0
2626,0,0.024924999102950096,0
2627,0,0.26395800709724426,0
2628,0,5.900000178371556e-05,0
2629,1,0.9999290108680725,1
2630,0,0.000291000003926456,0
2631,0,0.02092299982905388,0
2632,1,0.8287270069122314,1
2633,1,0.9999909996986389,1
2634,0,0.13935600221157074,0
2635,0,0.00023700000019744039,0
2636,0,0.06633000075817108,0
2637,1,0.9995419979095459,1
2638,1,0.9633560180664062,1
2639,1,0.9984670281410217,1
2640,0,0.00015199999324977398,0
2641,0,0.0025599999353289604,0
2642,1,0.9988899827003479,1
2643,0,0.003924000076949596,0
2644,0,0.0012959999730810523,0
2645,1,0.8705490231513977,1
2646,0,0.006883000023663044,0
2647,0,0.16699600219726562,0
2648,0,1.2999999853491317e-05,0
2649,1,0.9546430110931396,1
2650,0,0.30860498547554016,0
2651,0,0.037029001861810684,0
2652,0,0.16040700674057007,0
2653,1,0.9989460110664368,1
2654,0,0.000371000001905486,0
2655,0,0.02136700041592121,0
2656,1,0.9980019927024841,1
2657,0,0.05811399966478348,0
2658,1,0.9995859861373901,1
2659,1,0.9923629760742188,1
2660,1,0.7620009779930115,1
2661,1,0.09285099804401398,0
2662,1,0.9974960088729858,1
2663,0,0.054106999188661575,0
2664,1,0.9974390268325806,1
2665,1,0.9943640232086182,1
2666,1,0.9197440147399902,1
2667,0,2.9999999242136255e-05,0
2668,0,0.001370999962091446,0
2669,1,0.40210700035095215,0
2670,1,0.42489299178123474,0
2671,1,0.8676469922065735,1
2672,0,0.0228279996663332,0
2673,1,0.9992690086364746,1
2674,1,0.9995459914207458,1
2675,1,0.9933469891548157,1
2676,0,8.800000068731606e-05,0
2677,0,0.006426000036299229,0
2678,1,0.2525709867477417,0
2679,1,0.9771680235862732,1
2680,1,0.9999979734420776,1
2681,0,0.0009360000258311629,0
2682,1,0.9998130202293396,1
2683,1,0.9987620115280151,1
2684,0,0.16990099847316742,0
2685,0,9.999999974752427e-07,0
2686,1,0.9988769888877869,1
2687,0,0.006074000149965286,0
2688,1,0.9996489882469177,1
2689,0,0.0006900000153109431,0
2690,1,0.9913039803504944,1
2691,0,0.006645999848842621,0
2692,0,0.0007140000234358013,0
2693,0,0.045892998576164246,0
2694,1,0.9999889731407166,1
2695,1,0.9955160021781921,1
2696,1,0.9999989867210388,1
2697,0,0.003493000054731965,0
2698,0,0.0002610000083222985,0
2699,0,0.01845500059425831,0
2700,1,0.994117021560669,1
2701,0,6.600000051548705e-05,0
2702,1,0.9509119987487793,1
2703,0,0.0025679999962449074,0
2704,0,1.2000000424450263e-05,0
2705,0,0.08204799890518188,0
2706,1,0.9999889731407166,1
2707,0,1.9999999949504854e-06,0
2708,0,0.4127430021762848,0
2709,0,8.199999865610152e-05,0
2710,1,0.4567129909992218,0
2711,1,0.9999629855155945,1
2712,0,0.0005039999959990382,0
2713,0,9.899999713525176e-05,0
2714,1,0.9997770190238953,1
2715,1,0.9999200105667114,1
2716,1,0.9649270176887512,1
2717,0,2.2000000171829015e-05,0
2718,1,0.9999610185623169,1
2719,0,0.0003539999888744205,0
2720,0,7.999999797903001e-05,0
2721,0,0.006918000057339668,0
2722,1,0.9977710247039795,1
2723,1,0.9996299743652344,1
2724,1,0.999800980091095,1
2725,1,0.9585660099983215,1
2726,1,0.22450099885463715,0
2727,0,0.03611699864268303,0
2728,0,0.3107239902019501,0
2729,1,0.9837260246276855,1
2730,0,0.0033130000811070204,0
2731,0,0.00047599998652003706,0
2732,0,0.011359999887645245,0
2733,0,0.25865599513053894,0
2734,0,0.019819000735878944,0
2735,1,0.7259309887886047,1
2736,1,0.9754530191421509,1
2737,0,0.5599309802055359,1
2738,1,0.3468190133571625,0
2739,0,0.00011600000289035961,0
2740,0,0.8812749981880188,1
2741,1,0.9998559951782227,1
2742,0,0.0016830000095069408,0
2743,0,0.001075000036507845,0
2744,1,0.9574120044708252,1
2745,1,0.9974679946899414,1
2746,1,0.999580979347229,1
2747,1,0.6138299703598022,1
2748,0,0.0003209999995306134,0
2749,0,0.0004619999963324517,0
2750,1,0.9946550130844116,1
2751,1,0.9969900250434875,1
2752,1,0.7815840244293213,1
2753,0,0.00019999999494757503,0
2754,0,0.0012379999971017241,0
2755,1,0.8819770216941833,1
2756,0,0.0,0
2757,0,0.44585999846458435,0
2758,1,0.9672859907150269,1
2759,0,0.003109999932348728,0
2760,1,0.9996240139007568,1
2761,0,0.004767000209540129,0
2762,1,0.9121590256690979,1
2763,0,0.8511880040168762,1
2764,1,0.9948869943618774,1
2765,0,0.0002739999908953905,0
2766,1,0.9860069751739502,1
2767,1,0.999966025352478,1
2768,1,0.998386025428772,1
2769,0,0.0009159999899566174,0
2770,1,0.9470310211181641,1
2771,1,0.9997929930686951,1
2772,1,0.9999690055847168,1
2773,1,0.9993699789047241,1
2774,0,0.2011680006980896,0
2775,0,0.002643000101670623,0
2776,0,0.42239099740982056,0
2777,1,0.9839230179786682,1
2778,0,0.000750000006519258,0
2779,0,6.199999916134402e-05,0
2780,0,0.06519100069999695,0
2781,1,0.9999989867210388,1
2782,1,0.9999960064888,1
2783,1,0.997044026851654,1
2784,0,0.0015539999585598707,0
2785,1,0.6673399806022644,1
2786,0,0.04430700093507767,0
2787,0,0.02544800005853176,0
2788,0,0.05900200083851814,0
2789,0,4.999999873689376e-06,0
2790,0,0.0011409999569877982,0
2791,0,0.00318100000731647,0
2792,0,0.057819001376628876,0
2793,0,0.13636499643325806,0
2794,0,6.600000051548705e-05,0
2795,0,3.000000106112566e-06,0
2796,0,0.15841400623321533,0
2797,0,0.22762000560760498,0
2798,0,0.01968500018119812,0
2799,1,0.9964609742164612,1
2800,0,0.005543000064790249,0
2801,0,0.0005520000122487545,0
2802,0,0.0007249999907799065,0
2803,1,0.9884039759635925,1
2804,1,0.8983640074729919,1
2805,0,0.007439000066369772,0
2806,1,0.29821500182151794,0
2807,0,0.005799999926239252,0
2808,0,0.0009299999801442027,0
2809,0,0.0022150001022964716,0
2810,1,0.9948679804801941,1
2811,0,0.002756000030785799,0
2812,0,0.9385629892349243,1
2813,0,0.0010770000517368317,0
2814,1,0.548891007900238,1
2815,0,0.08594399690628052,0
2816,1,0.9996979832649231,1
2817,0,0.24464300274848938,0
2818,1,0.9999399781227112,1
2819,1,0.9983289837837219,1
2820,0,0.000375000003259629,0
2821,0,0.0025500000920146704,0
2822,0,0.9668959975242615,1
2823,0,0.01827000081539154,0
2824,0,0.2299399971961975,0
2825,1,0.4610390067100525,0
2826,1,0.758870005607605,1
2827,0,0.0004299999854993075,0
2828,0,0.8392210006713867,1
2829,1,0.9418669939041138,1
2830,0,0.06323900073766708,0
2831,1,0.7948970198631287,1
2832,0,0.1799200028181076,0
2833,1,0.9829639792442322,1
2834,1,0.9871469736099243,1
2835,0,0.0001340000017080456,0
2836,0,0.004881000146269798,0
2837,0,0.012408999726176262,0
2838,1,0.8754820227622986,1
2839,1,0.9999200105667114,1
2840,0,6.900000153109431e-05,0
2841,1,0.982761025428772,1
2842,1,0.9982249736785889,1
2843,0,6.199999916134402e-05,0
2844,1,0.9445649981498718,1
2845,0,2.700000004551839e-05,0
2846,0,0.0001340000017080456,0
2847,0,0.00031999999191612005,0
2848,0,0.010324999690055847,0
2849,1,0.9762340188026428,1
2850,0,4.999999873689376e-06,0
2851,0,0.004976999945938587,0
2852,0,0.021950000897049904,0
2853,1,0.9997519850730896,1
2854,0,0.1293870061635971,0
2855,0,0.010641999542713165,0
2856,0,0.006827999837696552,0
2857,1,0.33173900842666626,0
2858,1,0.9998800158500671,1
2859,1,0.6772590279579163,1
2860,0,0.010269000194966793,0
2861,0,0.24918599426746368,0
2862,0,0.0024170000106096268,0
2863,1,0.5482550263404846,1
2864,0,0.0001849999971454963,0
2865,1,0.9595680236816406,1
2866,0,0.11811400204896927,0
2867,1,0.2507289946079254,0
2868,1,0.9998000264167786,1
2869,0,0.03443999961018562,0
2870,0,0.2217170000076294,0
2871,0,3.000000106112566e-06,0
2872,0,0.041397999972105026,0
2873,1,0.9956039786338806,1
2874,1,0.7263680100440979,1
2875,0,0.34384098649024963,0
2876,0,0.000990999978967011,0
2877,1,0.4188019931316376,0
2878,0,0.15441100299358368,0
2879,0,0.039475999772548676,0
2880,1,0.9944400191307068,1
2881,0,0.02273000031709671,0
2882,0,0.003476999932900071,0
2883,1,0.9957849979400635,1
2884,0,0.20044200122356415,0
2885,1,0.933525025844574,1
2886,1,0.9998509883880615,1
2887,1,0.9999210238456726,1
2888,0,0.9999979734420776,1
2889,0,0.8477470278739929,1
2890,1,0.9946249723434448,1
2891,1,0.9999729990959167,1
2892,0,0.20796500146389008,0
2893,1,0.9568889737129211,1
2894,1,0.16386300325393677,0
2895,1,0.999987006187439,1
2896,0,1.700000029813964e-05,0
2897,0,0.26042500138282776,0
2898,0,0.0008459999808110297,0
2899,0,0.1822109967470169,0
2900,1,0.9978129863739014,1
2901,1,0.9984909892082214,1
2902,1,0.9999459981918335,1
2903,1,0.993340015411377,1
2904,1,0.999413013458252,1
2905,1,0.9812229871749878,1
2906,1,0.9826580286026001,1
2907,0,2.300000051036477e-05,0
2908,0,0.043682001531124115,0
2909,0,0.0003169999981764704,0
2910,0,0.018890999257564545,0
2911,1,0.9337059855461121,1
2912,0,0.7851359844207764,1
2913,0,6.900000153109431e-05,0
2914,1,0.9999970197677612,1
2915,0,0.00023099999816622585,0
2916,0,0.03294600173830986,0
2917,1,0.9993720054626465,1
2918,1,0.791845977306366,1
2919,0,0.01589900068938732,0
2920,1,0.9998549818992615,1
2921,1,0.9989219903945923,1
2922,0,3.000000106112566e-06,0
2923,0,0.015092999674379826,0
2924,1,0.9569500088691711,1
2925,1,0.9579330086708069,1
2926,0,1.9999999949504854e-06,0
2927,1,0.9933069944381714,1
2928,1,0.9999099969863892,1
2929,1,0.9996650218963623,1
2930,1,0.3784649968147278,0
2931,0,0.0007929999846965075,0
2932,0,0.003478999948129058,0
2933,0,0.02762800082564354,0
2934,1,0.9949020147323608,1
2935,0,0.005543000064790249,0
2936,0,0.00024199999461416155,0
2937,1,0.9765070080757141,1
2938,0,5.6000000768108293e-05,0
2939,1,0.9575049877166748,1
2940,1,0.9933620095252991,1
2941,0,0.003662999952211976,0
2942,1,0.9974499940872192,1
2943,0,0.5473769903182983,1
2944,1,0.9205920100212097,1
2945,0,0.00011800000356743112,0
2946,0,0.0016919999616220593,0
2947,0,0.13778699934482574,0
2948,1,0.9804559946060181,1
2949,0,0.019372999668121338,0
2950,0,9.7999996796716e-05,0
2951,1,0.9988849759101868,1
2952,1,0.9998120069503784,1
2953,0,0.002940000034868717,0
2954,0,0.006678000092506409,0
2955,1,0.9912790060043335,1
2956,0,0.03920299932360649,0
2957,0,0.023415999487042427,0
2958,0,0.26029399037361145,0
2959,1,0.9385619759559631,1
2960,0,0.0005869999877177179,0
2961,1,0.9600430130958557,1
2962,0,0.035634998232126236,0
2963,1,0.999002993106842,1
2964,0,9.999999974752427e-07,0
2965,1,0.9998949766159058,1
2966,1,0.9997829794883728,1
2967,1,0.9771190285682678,1
2968,1,0.993162989616394,1
2969,1,0.9989060163497925,1
2970,1,0.999023973941803,1
2971,1,0.5078179836273193,1
2972,0,0.0020800000056624413,0
2973,1,0.9993090033531189,1
2974,1,0.7913579940795898,1
2975,1,0.9977459907531738,1
2976,1,0.9999709725379944,1
2977,1,0.07918599992990494,0
2978,0,0.003166999900713563,0
2979,1,0.9999840259552002,1
2980,0,8.70000003487803e-05,0
2981,0,0.001339999958872795,0
2982,0,0.0028800000436604023,0
2983,0,0.00018899999849963933,0
2984,0,0.950177013874054,1
2985,0,0.018123000860214233,0
2986,0,0.004747000057250261,0
2987,1,0.9994999766349792,1
2988,1,0.9978970289230347,1
2989,1,0.9999619722366333,1
2990,1,0.9976009726524353,1
2991,0,0.0002789999998640269,0
2992,1,0.9985049962997437,1
2993,1,0.9999449849128723,1
2994,0,0.0015170000260695815,0
2995,0,1.8999999156221747e-05,0
2996,0,0.007716999854892492,0
2997,0,0.002065999899059534,0
2998,1,0.9999949932098389,1
2999,0,0.9930920004844666,1
3000,0,0.5390669703483582,1
3001,0,0.6330400109291077,1
3002,1,0.9643890261650085,1
3003,1,0.9997609853744507,1
3004,1,0.9999979734420776,1
3005,0,0.1215360015630722,0
3006,0,0.25956499576568604,0
3007,1,0.9999709725379944,1
3008,0,3.300000025774352e-05,0
3009,1,0.35769298672676086,0
3010,1,0.9999740123748779,1
3011,1,0.9995660185813904,1
3012,1,0.9999269843101501,1
3013,1,0.9802669882774353,1
3014,0,0.005274000111967325,0
3015,1,0.9584559798240662,1
3016,0,0.8883640170097351,1
3017,1,0.9999949932098389,1
3018,1,0.9993780255317688,1
3019,1,0.9877859950065613,1
3020,0,0.006622000131756067,0
3021,1,0.6787179708480835,1
3022,0,0.04673700034618378,0
3023,1,0.9999319911003113,1
3024,1,0.7835689783096313,1
3025,1,0.7503169775009155,1
3026,0,0.796209990978241,1
3027,0,0.5694159865379333,1
3028,0,0.9093260169029236,1
3029,1,0.9999790191650391,1
3030,1,0.9926239848136902,1
3031,0,0.000610999995842576,0
3032,1,0.9990500211715698,1
3033,0,0.004488000180572271,0
3034,1,0.9999930262565613,1
3035,1,0.9999949932098389,1
3036,0,0.0038010000716894865,0
3037,0,0.01065600011497736,0
3038,0,0.0012570000253617764,0
3039,1,0.9586679935455322,1
3040,0,0.007891000248491764,0
3041,1,0.9799039959907532,1
3042,0,0.2029300034046173,0
3043,1,0.9631959795951843,1
3044,0,0.101002998650074,0
3045,1,0.9996830224990845,1
3046,0,0.01938300020992756,0
3047,0,9.999999974752427e-07,0
3048,0,0.0002789999998640269,0
3049,0,0.00822800025343895,0
3050,0,0.0018420000560581684,0
3051,1,0.9852499961853027,1
3052,1,0.9999629855155945,1
3053,1,0.9999600052833557,1
3054,0,0.0021609999239444733,0
3055,1,0.49592000246047974,0
3056,1,0.9999889731407166,1
3057,0,0.006833000108599663,0
3058,0,0.011216999962925911,0
3059,1,0.29415300488471985,0
3060,0,0.6864269971847534,1
3061,1,0.9989650249481201,1
3062,0,0.18050099909305573,0
3063,0,0.00021899999410379678,0
3064,1,0.999966025352478,1
3065,0,0.9718660116195679,1
3066,1,0.7923420071601868,1
3067,0,0.1991879940032959,0
3068,1,0.9942399859428406,1
3069,1,0.9983969926834106,1
3070,1,0.9996039867401123,1
3071,1,0.9999949932098389,1
3072,0,0.1122020035982132,0
3073,0,0.2560119926929474,0
3074,1,0.9996579885482788,1
3075,0,0.0344570018351078,0
3076,0,0.0004980000085197389,0
3077,0,3.000000106112566e-06,0
3078,0,1.8000000636675395e-05,0
3079,0,0.058970000594854355,0
3080,1,0.9987969994544983,1
3081,0,2.4000000848900527e-05,0
3082,1,0.999210000038147,1
3083,0,0.0034290000330656767,0
3084,1,0.9962170124053955,1
3085,0,0.00012799999967683107,0
3086,1,0.9997400045394897,1
3087,1,0.9996790289878845,1
3088,1,0.46381598711013794,0
3089,1,0.8748019933700562,1
3090,0,1.4999999621068127e-05,0
3091,1,0.9913930296897888,1
3092,1,0.9993780255317688,1
3093,0,9.999999974752427e-07,0
3094,0,0.00041000000783242285,0
3095,1,0.9664499759674072,1
3096,0,0.15723000466823578,0
3097,0,0.07310400158166885,0
3098,0,0.08746100217103958,0
3099,1,0.9960070252418518,1
3100,0,0.007034999784082174,0
3101,0,0.0055229999125003815,0
3102,1,0.9999899864196777,1
3103,0,0.1253640055656433,0
3104,1,0.9999989867210388,1
3105,1,0.9816480278968811,1
3106,0,0.04458799958229065,0
3107,0,0.0005639999872073531,0
3108,0,1.5999999959603883e-05,0
3109,0,0.1078680008649826,0
3110,0,0.053063999861478806,0
3111,0,0.2796750068664551,0
3112,1,0.3261350095272064,0
3113,0,0.7189139723777771,1
3114,1,0.998727023601532,1
3115,1,0.9981729984283447,1
3116,1,0.9424449801445007,1
3117,0,0.13886100053787231,0
3118,0,0.003756999969482422,0
3119,0,0.011475999839603901,0
3120,1,0.6098039746284485,1
3121,0,0.0684949979186058,0
3122,0,0.12750700116157532,0
3123,1,0.9999390244483948,1
3124,1,0.6846910119056702,1
3125,1,0.9968519806861877,1
3126,0,0.00019500000053085387,0
3127,1,0.9859840273857117,1
3128,1,0.9847189784049988,1
3129,0,0.0044479998759925365,0
3130,0,0.2761960029602051,0
3131,0,0.00278700003400445,0
3132,1,0.7806429862976074,1
3133,1,0.020687000826001167,0
3134,0,3.9999998989515007e-05,0
3135,1,0.9959160089492798,1
3136,0,0.00015300000086426735,0
3137,0,0.0002579999854788184,0
3138,0,0.07424499839544296,0
3139,0,0.009260999970138073,0
3140,1,0.9992240071296692,1
3141,1,0.9999799728393555,1
3142,1,0.9880020022392273,1
3143,1,0.9999780058860779,1
3144,0,0.12581099569797516,0
3145,1,0.9563289880752563,1
3146,1,0.9999809861183167,1
3147,0,0.00041700000292621553,0
3148,1,0.5198929905891418,1
3149,0,0.5447800159454346,1
3150,0,0.0056329998187720776,0
3151,1,0.8932480216026306,1
3152,1,0.9998250007629395,1
3153,0,0.0001230000052601099,0
3154,0,0.0006070000235922635,0
3155,0,7.000000096013537e-06,0
3156,1,0.9751380085945129,1
3157,1,0.9998630285263062,1
3158,0,0.04642599821090698,0
3159,1,0.9988129734992981,1
3160,1,0.9564340114593506,1
3161,1,0.9476169943809509,1
3162,1,0.7674139738082886,1
3163,1,0.8677809834480286,1
3164,0,0.6850450038909912,1
3165,0,3.999999989900971e-06,0
3166,0,0.3211660087108612,0
3167,0,0.037716999650001526,0
3168,1,0.9999989867210388,1
3169,0,0.08613499999046326,0
3170,0,0.1603419929742813,0
3171,0,0.03300600126385689,0
3172,0,0.15142600238323212,0
3173,1,1.0,1
3174,1,0.9992409944534302,1
3175,1,0.9999439716339111,1
3176,1,0.9942520260810852,1
3177,0,0.07654999941587448,0
3178,1,0.9991819858551025,1
3179,0,0.005423999857157469,0
3180,1,0.9997249841690063,1
3181,0,1.700000029813964e-05,0
3182,1,0.6559110283851624,1
3183,0,0.054037999361753464,0
3184,0,0.5945249795913696,1
3185,0,0.014782999642193317,0
3186,1,0.9991869926452637,1
3187,0,0.004019999876618385,0
3188,0,0.0005549999768845737,0
3189,0,0.0042489999905228615,0
3190,0,1.4999999621068127e-05,0
3191,1,0.9992790222167969,1
3192,1,0.6826300024986267,1
3193,0,0.036750998347997665,0
3194,1,0.29560500383377075,0
3195,0,0.04951399937272072,0
3196,0,0.10552699863910675,0
3197,0,0.0043830000795423985,0
3198,0,0.01672999933362007,0
3199,0,0.4123699963092804,0
3200,0,0.049678999930620193,0
3201,1,0.9998120069503784,1
3202,0,4.70000013592653e-05,0
3203,1,0.9999319911003113,1
3204,0,0.735660970211029,1
3205,0,0.00036700000055134296,0
3206,0,0.022861000150442123,0
3207,1,0.9362109899520874,1
3208,0,0.010563000105321407,0
3209,1,0.999409019947052,1
3210,0,0.025947999209165573,0
3211,1,0.750914990901947,1
3212,1,0.9999520182609558,1
3213,0,0.05185699835419655,0
3214,0,0.00013299999409355223,0
3215,1,0.21352800726890564,0
3216,0,0.001967000076547265,0
3217,1,0.8758029937744141,1
3218,0,0.8421810269355774,1
3219,0,0.4251599907875061,0
3220,1,0.9977930188179016,1
3221,1,0.9922360181808472,1
3222,0,0.0033519999124109745,0
3223,0,0.22916199266910553,0
3224,0,0.003965999931097031,0
3225,0,0.16262799501419067,0
3226,0,0.004947000183165073,0
3227,1,0.9978280067443848,1
3228,0,0.022179000079631805,0
3229,0,0.001981999957934022,0
3230,1,0.9945949912071228,1
3231,1,0.30353599786758423,0
3232,0,0.11208900064229965,0
3233,0,0.010332999750971794,0
3234,0,0.03452200070023537,0
3235,1,0.9344720244407654,1
3236,1,0.9999939799308777,1
3237,0,2.5999999706982635e-05,0
3238,0,0.008465000428259373,0
3239,0,3.999999989900971e-06,0
3240,1,0.9971809983253479,1
3241,1,0.9999539852142334,1
3242,1,0.6206579804420471,1
3243,0,0.0006089999806135893,0
3244,0,5.900000178371556e-05,0
3245,1,0.9565010070800781,1
3246,1,0.9873790144920349,1
3247,1,0.9910730123519897,1
3248,0,0.0013089999556541443,0
3249,0,0.0004980000085197389,0
3250,0,0.007027999963611364,0
3251,1,0.9952560067176819,1
3252,0,0.04670000076293945,0
3253,0,0.08847600221633911,0
3254,1,0.9468250274658203,1
3255,1,0.02814600057899952,0
3256,0,2.5999999706982635e-05,0
3257,1,0.9999979734420776,1
3258,1,0.9251220226287842,1
3259,1,0.929643988609314,1
3260,1,0.9960700273513794,1
3261,0,0.0007830000249668956,0
3262,0,0.7372679710388184,1
3263,1,0.9685810208320618,1
3264,1,0.3171420097351074,0
3265,0,0.12768200039863586,0
3266,1,0.9991030097007751,1
3267,0,2.8000000384054147e-05,0
3268,0,0.005262000020593405,0
3269,0,0.017548000440001488,0
3270,1,0.9964110255241394,1
3271,1,0.9063969850540161,1
3272,1,0.9958860278129578,1
3273,1,0.9960820078849792,1
3274,1,0.8755260109901428,1
3275,1,0.9018949866294861,1
3276,0,0.008990000002086163,0
3277,0,0.01445899996906519,0
3278,0,0.0020200000144541264,0
3279,0,0.0005150000215508044,0
3280,0,0.00013299999409355223,0
3281,0,0.004925000015646219,0
3282,0,0.09829799830913544,0
3283,1,0.9994490146636963,1
3284,1,0.38123300671577454,0
3285,0,0.0,0
3286,1,0.9998250007629395,1
3287,0,0.1182050034403801,0
3288,0,0.0001230000052601099,0
3289,1,0.9996510148048401,1
3290,1,0.9999020099639893,1
3291,1,0.9988579750061035,1
3292,1,0.9978939890861511,1
3293,1,0.9996330142021179,1
3294,1,0.982571005821228,1
3295,0,0.03704800084233284,0
3296,1,0.5419870018959045,1
3297,1,0.9987919926643372,1
3298,0,0.0005360000068321824,0
3299,0,0.002469999948516488,0
3300,0,6.800000119255856e-05,0
3301,1,0.999809980392456,1
3302,1,0.9991030097007751,1
3303,0,0.02449899911880493,0
3304,1,0.999987006187439,1
3305,0,0.04845400154590607,0
3306,0,0.07613000273704529,0
3307,0,0.00025499999173916876,0
3308,1,0.9966750144958496,1
3309,0,1.700000029813964e-05,0
3310,1,0.9996259808540344,1
3311,0,0.00039400000241585076,0
3312,0,1.9999999949504854e-06,0
3313,0,0.036400001496076584,0
3314,0,0.029690999537706375,0
3315,0,0.00433199992403388,0
3316,1,0.998898983001709,1
3317,1,0.9194999933242798,1
3318,1,0.9993669986724854,1
3319,1,0.9999169707298279,1
3320,1,0.32098498940467834,0
3321,0,0.008409000001847744,0
3322,1,0.9997779726982117,1
3323,0,0.00380899989977479,0
3324,0,0.000653000024612993,0
3325,1,0.35019201040267944,0
3326,1,0.9884549975395203,1
3327,0,0.0026310000102967024,0
3328,1,0.6581199765205383,1
3329,1,0.9994350075721741,1
3330,1,0.9990379810333252,1
3331,1,0.9999380111694336,1
3332,1,0.9999920129776001,1
3333,1,0.9767850041389465,1
3334,0,0.0,0
3335,0,0.002454000059515238,0
3336,1,0.8042020201683044,1
3337,0,0.00041099998634308577,0
3338,0,0.005822999868541956,0
3339,1,0.9823459982872009,1
3340,1,0.9992120265960693,1
3341,0,0.9741190075874329,1
3342,0,0.021466000005602837,0
3343,0,0.1010890007019043,0
3344,1,0.3372479975223541,0
3345,0,0.9723449945449829,1
3346,0,0.0825200006365776,0
3347,1,0.9657509922981262,1
3348,1,0.8305280208587646,1
3349,1,0.9930920004844666,1
3350,0,0.28179100155830383,0
3351,1,0.9921479821205139,1
3352,0,0.8479750156402588,1
3353,1,0.5639560222625732,1
3354,0,0.002859999891370535,0
3355,0,0.0001320000010309741,0
3356,0,0.02331800013780594,0
3357,1,0.999176025390625,1
3358,1,0.05383099988102913,0
3359,0,0.1902420073747635,0
3360,1,0.9999179840087891,1
3361,0,1.9999999949504854e-06,0
3362,0,0.020925000309944153,0
3363,1,0.9951679706573486,1
3364,1,0.9898340106010437,1
3365,0,0.012360000051558018,0
3366,1,0.722465991973877,1
3367,1,0.999580979347229,1
3368,1,0.33569198846817017,0
3369,0,0.012980000115931034,0
3370,1,0.9813100099563599,1
3371,0,0.4399769902229309,0
3372,1,0.9857289791107178,1
3373,0,0.4053170084953308,0
3374,1,0.3744480013847351,0
3375,1,0.567546010017395,1
3376,1,0.9998220205307007,1
3377,0,0.0009720000089146197,0
3378,0,0.44851401448249817,0
3379,1,0.9994009733200073,1
3380,1,0.6733239889144897,1
3381,1,0.985647976398468,1
3382,1,0.9999979734420776,1
3383,1,0.9819570183753967,1
3384,1,0.9989950060844421,1
3385,0,0.0025480000767856836,0
3386,1,0.9998189806938171,1
3387,1,0.848035991191864,1
3388,1,0.9997749924659729,1
3389,1,0.7223610281944275,1
3390,0,0.01632400043308735,0
3391,1,0.9136540293693542,1
3392,1,0.8635560274124146,1
3393,1,0.966966986656189,1
3394,1,0.984798014163971,1
3395,1,0.9978700280189514,1
3396,1,0.9996740221977234,1
3397,0,0.4028080105781555,0
3398,0,0.024555999785661697,0
3399,0,0.6697810292243958,1
3400,1,0.9997749924659729,1
3401,0,0.0034650000743567944,0
3402,0,0.07794500142335892,0
3403,1,0.9999989867210388,1
3404,1,0.9979069828987122,1
3405,0,0.010495999827980995,0
3406,0,0.00014099999680183828,0
3407,0,0.010478000156581402,0
3408,1,0.6115419864654541,1
3409,1,0.9999790191650391,1
3410,1,0.9060860276222229,1
3411,0,0.812021017074585,1
3412,1,0.9947959780693054,1
3413,0,0.002887000096961856,0
3414,0,0.11017300188541412,0
3415,1,0.9993739724159241,1
3416,1,0.9140549898147583,1
3417,1,0.519091010093689,1
3418,1,0.9914849996566772,1
3419,1,0.9937959909439087,1
3420,0,0.0022189998999238014,0
3421,0,0.00020700000459328294,0
3422,1,0.991159975528717,1
3423,0,0.0019650000613182783,0
3424,0,0.005247999913990498,0
3425,0,0.0002789999998640269,0
3426,1,0.3957439959049225,0
3427,1,0.9996029734611511,1
3428,0,0.00036299999919719994,0
3429,0,3.999999989900971e-06,0
3430,1,0.9983339905738831,1
3431,0,0.01568800024688244,0
3432,1,0.9988999962806702,1
3433,0,0.02996399998664856,0
3434,1,0.9988909959793091,1
3435,0,0.04799899831414223,0
3436,0,0.0001880000054370612,0
3437,0,3.099999958067201e-05,0
3438,1,0.9988970160484314,1
3439,0,0.6546000242233276,1
3440,1,0.9189159870147705,1
3441,1,0.9614160060882568,1
3442,0,0.000986000057309866,0
3443,0,0.7202180027961731,1
3444,0,0.024661999195814133,0
3445,1,0.9871749877929688,1
3446,1,0.9744600057601929,1
3447,0,0.01669899933040142,0
3448,1,0.9999139904975891,1
3449,0,0.009851999580860138,0
3450,0,0.0789870023727417,0
3451,0,0.01094099972397089,0
3452,1,0.9942659735679626,1
3453,1,0.9997490048408508,1
3454,0,6.000000212225132e-06,0
3455,1,0.9544219970703125,1
3456,1,0.9949550032615662,1
3457,1,0.9864439964294434,1
3458,1,0.9982479810714722,1
3459,1,0.127128005027771,0
3460,1,0.9955000281333923,1
3461,1,0.9766470193862915,1
3462,1,0.7312020063400269,1
3463,0,0.8973619937896729,1
3464,0,0.16114799678325653,0
3465,0,0.0006479999865405262,0
3466,1,0.9997910261154175,1
3467,0,0.36471399664878845,0
3468,1,0.9994080066680908,1
3469,1,0.9999629855155945,1
3470,1,0.9996349811553955,1
3471,1,0.9008830189704895,1
3472,1,0.9999709725379944,1
3473,0,0.020965000614523888,0
3474,1,0.9854810237884521,1
3475,0,0.8562170267105103,1
3476,1,0.996300995349884,1
3477,1,0.8320670127868652,1
3478,0,0.9242079854011536,1
3479,0,3.000000106112566e-06,0
3480,1,0.6021199822425842,1
3481,1,0.9795060157775879,1
3482,1,0.9774219989776611,1
3483,0,9.200000204145908e-05,0
3484,0,0.49267399311065674,0
3485,1,0.9912329912185669,1
3486,1,0.9939659833908081,1
3487,0,0.13851399719715118,0
3488,1,0.6242219805717468,1
3489,1,0.7971510291099548,1
3490,0,0.8672379851341248,1
3491,1,0.8357759714126587,1
3492,1,0.9601920247077942,1
3493,1,0.9997910261154175,1
3494,1,0.999879002571106,1
3495,1,0.972586989402771,1
3496,1,0.9994660019874573,1
3497,0,0.9574199914932251,1
3498,1,0.9654049873352051,1
3499,0,0.0013279999839141965,0
3500,0,0.0031969998963177204,0
3501,0,0.6538209915161133,1
3502,1,0.9999930262565613,1
3503,0,0.15328000485897064,0
3504,0,0.0004569999873638153,0
3505,1,0.9977279901504517,1
3506,0,0.0003530000103637576,0
3507,1,0.9998229742050171,1
3508,1,0.9421769976615906,1
3509,0,0.03992300108075142,0
3510,1,0.9999480247497559,1
3511,1,0.9994570016860962,1
3512,1,0.9999949932098389,1
3513,0,0.2270449995994568,0
3514,1,0.9383689761161804,1
3515,0,0.6786940097808838,1
3516,0,0.6890220046043396,1
3517,1,0.9506940245628357,1
3518,1,0.9997779726982117,1
3519,0,0.013787999749183655,0
3520,1,0.9747470021247864,1
3521,1,0.999754011631012,1
3522,0,0.00010900000052060932,0
3523,0,0.0006309999735094607,0
3524,1,0.9570059776306152,1
3525,0,0.007670000195503235,0
3526,0,0.0003209999995306134,0
3527,1,0.9583520293235779,1
3528,1,0.9996809959411621,1
3529,1,0.9987630248069763,1
3530,1,0.9788900017738342,1
3531,1,0.99891597032547,1
3532,0,0.008639000356197357,0
3533,1,0.724124014377594,1
3534,0,0.0022070000413805246,0
3535,1,0.9999819993972778,1
3536,1,0.9994670152664185,1
3537,1,0.9999650120735168,1
3538,1,0.9481329917907715,1
3539,0,0.8618149757385254,1
3540,1,0.978833019733429,1
3541,1,0.9724360108375549,1
3542,1,0.9941179752349854,1
3543,1,0.9970200061798096,1
3544,1,0.9075250029563904,1
3545,1,0.9998930096626282,1
3546,0,6.900000153109431e-05,0
3547,1,0.042635999619960785,0
3548,1,0.9981309771537781,1
3549,0,0.12274300307035446,0
3550,0,0.04400800168514252,0
3551,0,0.003739000065252185,0
3552,0,0.0002699999895412475,0
3553,0,0.00472299987450242,0
3554,0,0.9316580295562744,1
3555,0,0.0006689999718219042,0
3556,0,5.8000001445179805e-05,0
3557,1,0.9540290236473083,1
3558,0,0.4390369951725006,0
3559,1,0.9996060132980347,1
3560,0,0.011760000139474869,0
3561,1,0.9724100232124329,1
3562,0,0.15437699854373932,0
3563,1,0.8340200185775757,1
3564,1,0.8943960070610046,1
3565,1,0.5420950055122375,1
3566,1,0.9935899972915649,1
3567,0,0.08272799849510193,0
3568,0,0.00014400000509340316,0
3569,1,0.996936023235321,1
3570,0,0.24541200697422028,0
3571,0,1.1000000085914508e-05,0
3572,1,0.9995930194854736,1
3573,0,0.0050650001503527164,0
3574,1,0.9989719986915588,1
3575,0,0.00317799998447299,0
3576,0,0.00017299999308306724,0
3577,0,0.0,0
3578,1,0.9997619986534119,1
3579,0,0.00032699998700991273,0
3580,0,0.012764999642968178,0
3581,0,0.017962999641895294,0
3582,0,0.0011129999766126275,0
3583,0,0.010595000348985195,0
3584,0,0.04022900015115738,0
3585,0,0.07193399965763092,0
3586,1,0.999210000038147,1
3587,0,0.016586000099778175,0
3588,0,1.8000000636675395e-05,0
3589,1,0.999970018863678,1
3590,0,0.0007520000217482448,0
3591,1,0.9999930262565613,1
3592,0,0.019016999751329422,0
3593,0,1.1000000085914508e-05,0
3594,1,0.9999970197677612,1
3595,1,0.9875270128250122,1
3596,1,0.9917870163917542,1
3597,0,8.099999831756577e-05,0
3598,1,0.9999960064888,1
3599,0,0.0010939999483525753,0
3600,0,0.00011800000356743112,0
3601,0,0.01964000053703785,0
3602,0,1.2000000424450263e-05,0
3603,1,0.17674000561237335,0
3604,0,5.500000042957254e-05,0
3605,1,0.9990749955177307,1
3606,0,0.005355999805033207,0
3607,1,0.8995270133018494,1
3608,0,0.0010470000561326742,0
3609,0,9.999999974752427e-07,0
3610,0,0.01158200018107891,0
3611,0,0.9993100166320801,1
3612,1,0.9916689991950989,1
3613,1,0.998075008392334,1
3614,0,1.2000000424450263e-05,0
3615,1,0.9983659982681274,1
3616,1,0.9873319864273071,1
3617,0,0.013030000030994415,0
3618,0,0.01618500053882599,0
3619,0,0.022949999198317528,0
3620,1,0.9998869895935059,1
3621,1,0.9987890124320984,1
3622,1,0.9998409748077393,1
3623,0,0.27506598830223083,0
3624,1,0.5409380197525024,1
3625,0,3.999999989900971e-06,0
3626,1,0.014235000126063824,0
3627,1,0.9999300241470337,1
3628,1,0.9968330264091492,1
3629,0,0.009603000245988369,0
3630,0,0.08782800287008286,0
3631,0,0.060371000319719315,0
3632,1,0.9999430179595947,1
3633,0,0.003971000202000141,0
3634,1,0.3719080090522766,0
3635,1,0.9186800122261047,1
3636,1,0.999284029006958,1
3637,1,0.996891975402832,1
3638,0,0.011770999990403652,0
3639,1,0.9846670031547546,1
3640,1,0.9940279722213745,1
3641,1,0.9948989748954773,1
3642,0,9.999999974752427e-07,0
3643,0,0.05190400034189224,0
3644,1,0.9884520173072815,1
3645,0,0.68442302942276,1
3646,0,0.0002410000015515834,0
3647,0,0.0008529999759048223,0
3648,0,0.010622999630868435,0
3649,1,0.9665759801864624,1
3650,0,0.0009469999931752682,0
3651,0,0.0007270000060088933,0
3652,0,1.4000000192027073e-05,0
3653,0,0.2095090001821518,0
3654,1,0.999970018863678,1
3655,0,0.0009790000040084124,0
3656,1,0.9995890259742737,1
3657,1,0.9991099834442139,1
3658,1,0.9987019896507263,1
3659,1,0.9869279861450195,1
3660,0,0.0002099999983329326,0
3661,0,0.0005530000198632479,0
3662,0,0.020992999896407127,0
3663,0,0.015836000442504883,0
3664,1,0.9999780058860779,1
3665,0,0.05197799950838089,0
3666,1,0.9907619953155518,1
3667,0,0.903531014919281,1
3668,1,0.8644620180130005,1
3669,1,0.9993720054626465,1
3670,1,0.9929730296134949,1
3671,0,0.11400700360536575,0
3672,1,0.6980370283126831,1
3673,0,0.005156000144779682,0
3674,0,0.01903899945318699,0
3675,1,0.8914980292320251,1
3676,0,0.0015820000553503633,0
3677,1,0.9991539716720581,1
3678,1,0.49427399039268494,0
3679,1,0.5267519950866699,1
3680,0,0.01908300071954727,0
3681,0,0.014101999811828136,0
3682,1,0.9916999936103821,1
3683,0,0.013509999960660934,0
3684,0,0.10174199938774109,0
3685,1,0.9695379734039307,1
3686,1,0.9922109842300415,1
3687,1,0.9999979734420776,1
3688,0,6.000000212225132e-06,0
3689,1,0.9414600133895874,1
3690,1,0.8219500184059143,1
3691,1,0.9992020130157471,1
3692,1,0.9940099716186523,1
3693,0,0.003684000112116337,0
3694,1,0.7455970048904419,1
3695,1,0.9039049744606018,1
3696,1,0.9959880113601685,1
3697,1,0.9990940093994141,1
3698,1,0.9998440146446228,1
3699,0,0.04185599833726883,0
3700,0,0.8539400100708008,1
3701,1,0.878000020980835,1
3702,0,0.004265999887138605,0
3703,1,0.998386025428772,1
3704,0,0.004017999861389399,0
3705,0,0.04033299908041954,0
3706,1,0.47976401448249817,0
3707,0,0.000750000006519258,0
3708,0,0.04630099982023239,0
3709,0,0.023365000262856483,0
3710,1,0.8397909998893738,1
3711,1,0.10119400173425674,0
3712,0,0.0037799999117851257,0
3713,0,4.999999873689376e-06,0
3714,0,0.0007389999809674919,0
3715,1,0.9995309710502625,1
3716,0,0.00019999999494757503,0
3717,1,0.999737024307251,1
3718,1,0.9999079704284668,1
3719,1,0.04339500144124031,0
3720,0,0.0551070012152195,0
3721,0,0.00021899999410379678,0
3722,0,0.2722190022468567,0
3723,0,0.0033859999384731054,0
3724,0,7.500000356230885e-05,0
3725,1,0.9997590184211731,1
3726,1,0.9972609877586365,1
3727,1,0.9991210103034973,1
3728,0,9.000000318337698e-06,0
3729,0,0.00013000000035390258,0
3730,0,0.008953999727964401,0
3731,0,7.500000356230885e-05,0
3732,0,0.006467999890446663,0
3733,1,0.9999369978904724,1
3734,1,0.9999939799308777,1
3735,0,0.00010099999781232327,0
3736,1,0.9700369834899902,1
3737,0,5.199999941396527e-05,0
3738,1,0.9985899925231934,1
3739,0,0.04670099914073944,0
3740,0,0.07089199870824814,0
3741,0,0.6945220232009888,1
3742,1,0.9974870085716248,1
3743,0,9.999999974752427e-07,0
3744,1,0.9997789859771729,1
3745,1,0.7230240106582642,1
3746,1,0.956043004989624,1
3747,1,0.9732670187950134,1
3748,0,0.29464200139045715,0
3749,1,0.9967989921569824,1
3750,1,0.9992679953575134,1
3751,0,0.0023799999617040157,0
3752,0,0.041916001588106155,0
3753,0,0.0002570000069681555,0
3754,1,0.9993690252304077,1
3755,0,0.03612799942493439,0
3756,0,0.04260899871587753,0
3757,0,0.000291000003926456,0
3758,0,0.8609740138053894,1
3759,1,0.41868001222610474,0
3760,0,0.2182530015707016,0
3761,1,0.9926519989967346,1
3762,1,0.9987159967422485,1
3763,0,0.08328600227832794,0
3764,0,1.4999999621068127e-05,0
3765,0,0.0008370000286959112,0
3766,1,0.9992759823799133,1
3767,1,0.9999989867210388,1
3768,0,0.05179600045084953,0
3769,0,0.0019280000124126673,0
3770,0,0.042403001338243484,0
3771,1,0.9975330233573914,1
3772,0,0.0001829999964684248,0
3773,0,0.9759740233421326,1
3774,1,0.9997469782829285,1
3775,0,0.543658971786499,1
3776,0,0.00887999963015318,0
3777,1,1.0,1
3778,0,0.5892950296401978,1
3779,0,0.024514000862836838,0
3780,1,0.9999939799308777,1
3781,0,0.0044639999978244305,0
3782,1,0.9982820153236389,1
3783,1,0.9995269775390625,1
3784,1,0.9926469922065735,1
3785,1,0.8390430212020874,1
3786,0,0.00043700000969693065,0
3787,1,0.9960950016975403,1
3788,1,0.9995549917221069,1
3789,0,0.5561950206756592,1
3790,0,0.00026000000070780516,0
3791,0,0.012524999678134918,0
3792,0,0.00120599998626858,0
3793,1,0.9999499917030334,1
3794,1,0.9667739868164062,1
3795,0,0.03753700107336044,0
3796,1,0.9168059825897217,1
3797,1,0.9938600063323975,1
3798,1,0.982026994228363,1
3799,0,0.23037299513816833,0
3800,1,0.998956024646759,1
3801,1,0.9978139996528625,1
3802,1,0.9952809810638428,1
3803,0,0.0034729999024420977,0
3804,1,0.9990149736404419,1
3805,1,0.9999970197677612,1
3806,0,0.01902100071310997,0
3807,0,0.025752000510692596,0
3808,1,0.9975150227546692,1
3809,0,0.09591499716043472,0
3810,0,0.00010299999848939478,0
3811,1,0.9999589920043945,1
3812,1,0.20546799898147583,0
3813,1,0.4802350103855133,0
3814,0,0.6155179738998413,1
3815,0,0.6518300175666809,1
3816,0,0.0006150000263005495,0
3817,1,0.9931319952011108,1
3818,0,0.005675000138580799,0
3819,0,0.0008989999769255519,0
3820,1,0.9452509880065918,1
3821,0,0.013181000016629696,0
3822,1,0.9990820288658142,1
3823,0,0.005820999853312969,0
3824,1,0.5428770184516907,1
3825,0,0.006008000113070011,0
3826,0,0.019014999270439148,0
3827,0,0.08576299995183945,0
3828,1,0.9974300265312195,1
3829,0,0.0035510000307112932,0
3830,1,0.9897019863128662,1
3831,1,0.6548619866371155,1
3832,1,0.9997649788856506,1
3833,0,9.999999747378752e-06,0
3834,0,0.9375820159912109,1
3835,0,0.00010099999781232327,0
3836,0,0.019867999479174614,0
3837,1,0.9852799773216248,1
3838,0,0.9430819749832153,1
3839,1,0.99931800365448,1
3840,1,0.9995800256729126,1
3841,0,0.0018080000299960375,0
3842,1,0.9985049962997437,1
3843,0,0.026937000453472137,0
3844,0,0.00042699999175965786,0
3845,0,0.07447300106287003,0
3846,0,0.7731969952583313,1
3847,0,0.0129380002617836,0
3848,1,0.04259100183844566,0
3849,1,0.9999979734420776,1
3850,0,0.018766000866889954,0
3851,0,0.13395899534225464,0
3852,0,0.8859630227088928,1
3853,1,0.31345799565315247,0
3854,1,0.9511420130729675,1
3855,1,0.9993259906768799,1
3856,0,0.7559790015220642,1
3857,1,0.9916939735412598,1
3858,0,0.015897000208497047,0
3859,1,0.9997699856758118,1
3860,0,0.5090299844741821,1
3861,0,0.057092998176813126,0
3862,0,0.4138469994068146,0
3863,0,0.0004920000210404396,0
3864,1,0.9984760284423828,1
3865,0,0.003573999973013997,0
3866,0,0.09451299905776978,0
3867,1,0.9988880157470703,1
3868,1,0.8902860283851624,1
3869,0,0.0007309999782592058,0
3870,0,0.0220320001244545,0
3871,0,7.000000096013537e-06,0
3872,1,0.9846609830856323,1
3873,1,0.9966549873352051,1
3874,0,0.0016139999497681856,0
3875,1,0.9998869895935059,1
3876,0,0.026176000013947487,0
3877,1,1.0,1
3878,1,0.9999970197677612,1
3879,1,0.9988399744033813,1
3880,0,0.0007740000146441162,0
3881,0,0.052712999284267426,0
3882,1,0.5638290047645569,1
3883,1,0.9924169778823853,1
3884,0,0.04971799999475479,0
3885,1,0.9999510049819946,1
3886,1,0.9896640181541443,1
3887,1,0.9999960064888,1
3888,0,3.000000106112566e-06,0
3889,0,0.010343999601900578,0
3890,1,0.9998000264167786,1
3891,1,0.9970909953117371,1
3892,0,0.025412000715732574,0
3893,0,0.0005300000193528831,0
3894,0,3.999999989900971e-06,0
3895,0,3.7000001611886546e-05,0
3896,0,0.00380500010214746,0
3897,1,0.997081995010376,1
3898,0,0.0019729998894035816,0
3899,1,0.8835840225219727,1
3900,1,0.9978340268135071,1
3901,0,0.007052999921143055,0
3902,0,0.0017089999746531248,0
3903,0,0.0014410000294446945,0
3904,1,0.9972149729728699,1
3905,0,0.0027169999666512012,0
3906,1,0.9999399781227112,1
3907,1,0.9827060103416443,1
3908,1,0.9984400272369385,1
3909,0,9.899999713525176e-05,0
3910,0,0.43296000361442566,0
3911,0,0.5064389705657959,1
3912,1,0.9948790073394775,1
3913,0,0.02114200033247471,0
3914,0,0.02076900005340576,0
3915,0,0.005938999820500612,0
3916,0,0.003579000011086464,0
3917,1,0.9821609854698181,1
3918,1,0.9966530203819275,1
3919,0,0.004980000201612711,0
3920,1,0.870199978351593,1
3921,0,0.0006399999838322401,0
3922,0,0.13844700157642365,0
3923,1,0.9680269956588745,1
3924,1,0.9999989867210388,1
3925,0,0.0023769999388605356,0
3926,0,0.83262699842453,1
3927,0,0.0006769999745301902,0
3928,1,0.996986985206604,1
3929,1,0.9998360276222229,1
3930,1,0.9685329794883728,1
3931,1,0.9991539716720581,1
3932,1,0.9988589882850647,1
3933,1,0.9998999834060669,1
3934,1,0.9996209740638733,1
3935,1,0.9999849796295166,1
3936,0,0.0005760000203736126,0
3937,1,0.9998720288276672,1
3938,0,4.199999966658652e-05,0
3939,0,0.28819501399993896,0
3940,0,0.012054000049829483,0
3941,0,0.00023600000713486224,0
3942,0,0.021111000329256058,0
3943,0,0.17435899376869202,0
3944,0,0.30059200525283813,0
3945,1,0.7357990145683289,1
3946,0,0.016426999121904373,0
3947,0,0.02996000088751316,0
3948,1,0.9871339797973633,1
3949,1,0.9944949746131897,1
3950,0,0.0005319999763742089,0
3951,1,0.9997339844703674,1
3952,0,2.099999983329326e-05,0
3953,1,0.9991999864578247,1
3954,1,0.9661020040512085,1
3955,0,7.999999797903001e-05,0
3956,0,0.008387000299990177,0
3957,0,0.002242000075057149,0
3958,1,0.9999430179595947,1
3959,0,0.008295999839901924,0
3960,0,0.005348000209778547,0
3961,0,0.7765960097312927,1
3962,0,0.5121060013771057,1
3963,0,0.03737099841237068,0
3964,1,0.9996299743652344,1
3965,0,0.3845300078392029,0
3966,1,0.9995570182800293,1
3967,0,0.7454050183296204,1
3968,1,0.9999880194664001,1
3969,0,0.007683999836444855,0
3970,1,0.6534540057182312,1
3971,1,0.9999989867210388,1
3972,1,0.9580739736557007,1
3973,0,0.6058340072631836,1
3974,1,0.9984840154647827,1
3975,0,0.9419080018997192,1
3976,1,0.9801679849624634,1
3977,0,0.0009280000231228769,0
3978,0,7.000000096013537e-06,0
3979,0,0.29107001423835754,0
3980,0,0.11799699813127518,0
3981,1,0.9994850158691406,1
3982,1,0.998416006565094,1
3983,1,0.9846240282058716,1
3984,0,4.70000013592653e-05,0
3985,0,0.059167999774217606,0
3986,0,0.08822699636220932,0
3987,0,0.0011149999918416142,0
3988,1,0.9985229969024658,1
3989,1,0.999970018863678,1
3990,0,0.002216000109910965,0
3991,1,0.9994670152664185,1
3992,0,0.0030620000325143337,0
3993,0,0.008471000008285046,0
3994,0,0.0457100011408329,0
3995,1,0.9999960064888,1
3996,0,0.0018149999668821692,0
3997,1,0.9999250173568726,1
3998,0,0.029541999101638794,0
3999,1,0.9999099969863892,1
4000,0,0.37848401069641113,0
4001,1,0.9953920245170593,1
4002,1,0.02356399968266487,0
4003,0,0.09473799914121628,0
4004,1,0.8549969792366028,1
4005,1,0.9981359839439392,1
4006,0,0.00774900009855628,0
4007,0,0.5689600110054016,1
4008,0,0.04528699815273285,0
4009,1,0.9990379810333252,1
4010,0,0.0027129999361932278,0
4011,0,0.0014890000456944108,0
4012,0,0.0029249999206513166,0
4013,1,0.9984279870986938,1
4014,1,0.9999750256538391,1
4015,1,0.8053359985351562,1
4016,0,0.049887001514434814,0
4017,1,0.9945589900016785,1
4018,0,0.0035389999393373728,0
4019,0,0.0014680000022053719,0
4020,1,0.9876800179481506,1
4021,1,0.9995999932289124,1
4022,1,0.9955649971961975,1
4023,0,0.04523799940943718,0
4024,1,0.9960070252418518,1
4025,0,1.700000029813964e-05,0
4026,1,0.8596590161323547,1
4027,0,0.14951099455356598,0
4028,1,0.9682859778404236,1
4029,1,0.9412509799003601,1
4030,0,0.005187999922782183,0
4031,1,0.5471929907798767,1
4032,1,0.4637799859046936,0
4033,1,0.9758740067481995,1
4034,1,0.06761500239372253,0
4035,0,5.0999999075429514e-05,0
4036,1,0.9997829794883728,1
4037,1,0.9575290083885193,1
4038,1,0.9990019798278809,1
4039,0,0.01662999950349331,0
4040,0,0.0013909999979659915,0
4041,0,0.00030399998649954796,0
4042,0,9.999999747378752e-06,0
4043,1,0.9793509840965271,1
4044,0,0.22138699889183044,0
4045,1,0.8393380045890808,1
4046,1,0.9997879862785339,1
4047,1,0.9975190162658691,1
4048,0,0.3713670074939728,0
4049,1,0.9099599719047546,1
4050,1,0.9997619986534119,1
4051,0,0.01990099996328354,0
4052,0,5.400000009103678e-05,0
4053,0,0.012577000074088573,0
4054,1,0.9732530117034912,1
4055,0,3.000000106112566e-06,0
4056,0,0.007946000434458256,0
4057,0,0.0020979999098926783,0
4058,0,0.006006000097841024,0
4059,1,0.9959279894828796,1
4060,1,0.9999390244483948,1
4061,0,0.6481279730796814,1
4062,1,0.9992690086364746,1
4063,0,3.000000106112566e-06,0
4064,0,0.01347499992698431,0
4065,0,0.17648300528526306,0
4066,0,0.010769999586045742,0
4067,0,0.010556000284850597,0
4068,1,0.9982230067253113,1
4069,0,0.0005670000100508332,0
4070,1,0.9998260140419006,1
4071,1,0.997868001461029,1
4072,0,0.0018230000277981162,0
4073,0,1.4000000192027073e-05,0
4074,1,0.9440929889678955,1
4075,0,9.999999747378752e-06,0
4076,0,0.01608099974691868,0
4077,1,0.9995120167732239,1
4078,1,0.9996629953384399,1
4079,0,0.08164799958467484,0
4080,1,0.9074559807777405,1
4081,0,2.2000000171829015e-05,0
4082,0,0.0005029999883845448,0
4083,1,0.9999949932098389,1
4084,1,0.978771984577179,1
4085,1,0.9214000105857849,1
4086,0,0.025311000645160675,0
4087,1,0.9970260262489319,1
4088,1,0.9997270107269287,1
4089,1,0.9914649724960327,1
4090,0,0.0055160000920295715,0
4091,0,0.0246140006929636,0
4092,0,0.09830400347709656,0
4093,1,0.9999399781227112,1
4094,0,0.00048600000445730984,0
4095,1,0.9986550211906433,1
4096,0,0.0499889999628067,0
4097,1,0.9873239994049072,1
4098,1,0.6991389989852905,1
4099,1,0.996071994304657,1
4100,1,0.41311201453208923,0
4101,1,0.9998080134391785,1
4102,1,0.9947919845581055,1
4103,1,0.9969300031661987,1
4104,1,0.9995710253715515,1
4105,0,0.0001340000017080456,0
4106,1,0.9825680255889893,1
4107,0,0.3355099856853485,0
4108,0,0.00039000000106170774,0
4109,1,0.922527015209198,1
4110,1,0.9913169741630554,1
4111,0,0.0008590000215917826,0
4112,0,0.9024119973182678,1
4113,1,0.6422449946403503,1
4114,0,0.051398999989032745,0
4115,1,0.9954839944839478,1
4116,0,6.299999949987978e-05,0
4117,1,0.9999840259552002,1
4118,0,0.0,0
4119,1,0.9984760284423828,1
4120,0,0.045660000294446945,0
4121,0,0.053553998470306396,0
4122,0,0.0,0
4123,1,0.9998490214347839,1
4124,0,0.07754799723625183,0
4125,1,0.9993370175361633,1
4126,1,0.9715359807014465,1
4127,0,0.0024300001095980406,0
4128,1,0.9999970197677612,1
4129,1,0.9953870177268982,1
4130,1,0.9868670105934143,1
4131,0,0.05227600038051605,0
4132,0,0.00015500000154133886,0
4133,1,0.8106269836425781,1
4134,1,0.8460990190505981,1
4135,0,0.6890490055084229,1
4136,1,0.8097720146179199,1
4137,0,2.9999999242136255e-05,0
4138,1,0.9824550151824951,1
4139,1,0.9996140003204346,1
4140,0,0.014933999627828598,0
4141,1,0.9891510009765625,1
4142,0,0.005427999887615442,0
4143,1,0.9992650151252747,1
4144,1,0.9881910085678101,1
4145,0,0.09092000126838684,0
4146,0,0.02861100062727928,0
4147,1,0.9999030232429504,1
4148,1,0.9933130145072937,1
4149,0,0.17484399676322937,0
4150,1,0.9999899864196777,1
4151,0,0.8359240293502808,1
4152,0,0.0008829999715089798,0
4153,0,0.006010999903082848,0
4154,0,0.04656299948692322,0
4155,1,0.9203739762306213,1
4156,1,0.9986950159072876,1
4157,0,4.8999998398358e-05,0
4158,1,0.999439001083374,1
4159,0,0.25581198930740356,0
4160,1,0.9998990297317505,1
4161,0,0.010564000345766544,0
4162,1,0.989700973033905,1
4163,0,0.4279560148715973,0
4164,0,0.0003969999961555004,0
4165,1,0.9999439716339111,1
4166,0,0.6183149814605713,1
4167,1,0.9890429973602295,1
4168,1,0.2224300056695938,0
4169,1,0.7815510034561157,1
4170,1,0.9993720054626465,1
4171,1,0.30581799149513245,0
4172,0,0.6262680292129517,1
4173,1,0.9424269795417786,1
4174,1,0.9933329820632935,1
4175,1,0.9969620108604431,1
4176,0,0.003785999957472086,0
4177,1,0.9996430277824402,1
4178,1,0.9611300230026245,1
4179,1,0.9764479994773865,1
4180,1,0.9946159720420837,1
4181,0,0.03574199974536896,0
4182,0,0.07715900242328644,0
4183,1,0.9973689913749695,1
4184,0,9.000000318337698e-06,0
4185,0,0.20209699869155884,0
4186,0,0.0005740000051446259,0
4187,0,1.2999999853491317e-05,0
4188,0,0.0016540000215172768,0
4189,0,0.00027600000612437725,0
4190,1,0.9997979998588562,1
4191,0,0.00041599999531172216,0
4192,1,0.004019999876618385,0
4193,0,0.20836900174617767,0
4194,1,0.9999899864196777,1
4195,1,0.9829639792442322,1
4196,1,0.9752429723739624,1
4197,1,0.9998890161514282,1
4198,1,0.9999719858169556,1
4199,0,4.5000000682193786e-05,0
4200,0,0.008635999634861946,0
4201,0,0.8751639723777771,1
4202,1,0.09115400165319443,0
4203,1,0.9763370156288147,1
4204,0,0.00011100000119768083,0
4205,1,1.0,1
4206,0,0.9530400037765503,1
4207,0,0.005133999977260828,0
4208,0,0.0077229999005794525,0
4209,1,0.9913600087165833,1
4210,1,0.9893280267715454,1
4211,1,0.932483971118927,1
4212,1,0.9957290291786194,1
4213,1,0.9891499876976013,1
4214,0,0.14681600034236908,0
4215,0,0.0011650000233203173,0
4216,0,0.03770900145173073,0
4217,1,0.9823669791221619,1
4218,1,0.9980430006980896,1
4219,0,0.09690999984741211,0
4220,1,0.9301760196685791,1
4221,0,0.0006200000061653554,0
4222,1,0.9999970197677612,1
4223,1,0.9931579828262329,1
4224,0,0.004567999858409166,0
4225,1,0.9995520114898682,1
4226,0,0.0028069999534636736,0
4227,0,0.7907900214195251,1
4228,0,0.970022976398468,1
4229,1,0.9705619812011719,1
4230,0,0.0031840000301599503,0
4231,0,0.9966340065002441,1
4232,0,0.2582620084285736,0
4233,0,4.8999998398358e-05,0
4234,1,0.7603009939193726,1
4235,0,0.0002739999908953905,0
4236,1,0.9996179938316345,1
4237,1,0.9990370273590088,1
4238,0,0.014507000334560871,0
4239,1,0.7692099809646606,1
4240,1,0.997534990310669,1
4241,1,0.9999750256538391,1
4242,1,0.9983739852905273,1
4243,0,0.09176900237798691,0
4244,0,0.000775999971665442,0
4245,0,0.03550099954009056,0
4246,0,3.199999991920777e-05,0
4247,0,0.8860200047492981,1
4248,0,0.21985800564289093,0
4249,0,0.0033569999504834414,0
4250,0,0.0005489999894052744,0
4251,0,0.0024610001128166914,0
4252,0,0.1837649941444397,0
4253,1,0.9765390157699585,1
4254,1,0.9999309778213501,1
4255,1,0.9995790123939514,1
4256,1,0.32349398732185364,0
4257,0,0.018453000113368034,0
4258,1,0.9989309906959534,1
4259,0,0.4424290060997009,0
4260,0,8.199999865610152e-05,0
4261,1,0.9954010248184204,1
4262,1,0.16374599933624268,0
4263,0,7.000000186963007e-05,0
4264,0,0.013950999826192856,0
4265,1,1.0,1
4266,0,0.00036899998667649925,0
4267,1,0.3751490116119385,0
4268,0,0.17062999308109283,0
4269,0,0.00011800000356743112,0
4270,1,0.6322630047798157,1
4271,0,0.34272700548171997,0
4272,1,0.9998949766159058,1
4273,1,0.9909849762916565,1
4274,0,0.00044299999717622995,0
4275,1,0.998104989528656,1
4276,1,0.9992049932479858,1
4277,1,0.98163902759552,1
4278,0,0.48465800285339355,0
4279,0,0.008728000335395336,0
4280,1,0.998898983001709,1
4281,0,0.0003549999964889139,0
4282,0,0.13999700546264648,0
4283,1,0.9907609820365906,1
4284,1,0.9999709725379944,1
4285,0,0.6752650141716003,1
4286,0,0.0013909999979659915,0
4287,1,0.9999430179595947,1
4288,1,0.9750679731369019,1
4289,0,0.3727410137653351,0
4290,1,0.804036021232605,1
4291,0,0.017694000154733658,0
4292,1,0.9940450191497803,1
4293,0,0.002764000091701746,0
4294,1,0.9999790191650391,1
4295,1,0.9325969815254211,1
4296,0,0.0005230000242590904,0
4297,0,0.00015700000221841037,0
4298,1,0.9998270273208618,1
4299,1,0.9971330165863037,1
4300,1,0.9644579887390137,1
4301,1,0.46331700682640076,0
4302,1,0.9965680241584778,1
4303,0,0.04377700015902519,0
4304,1,0.9999610185623169,1
4305,0,0.009081999771296978,0
4306,1,0.999347984790802,1
4307,1,0.9951909780502319,1
4308,1,0.9392629861831665,1
4309,1,0.9973859786987305,1
4310,0,0.00012700000661425292,0
4311,0,0.9327989816665649,1
4312,1,0.996442973613739,1
4313,1,0.9958800077438354,1
4314,1,0.9999979734420776,1
4315,0,0.00024300000222865492,0
4316,0,8.199999865610152e-05,0
4317,1,0.9884549975395203,1
4318,0,0.019979000091552734,0
4319,1,0.9999420046806335,1
4320,0,0.2297240048646927,0
4321,0,0.000826000003144145,0
4322,0,0.04709799960255623,0
4323,1,0.5084649920463562,1
4324,1,0.9993720054626465,1
4325,0,0.0019379999721422791,0
4326,1,0.9946399927139282,1
4327,0,0.11280599981546402,0
4328,0,0.030139999464154243,0
4329,0,0.10385700315237045,0
4330,0,0.0049959998577833176,0
4331,0,0.03202499821782112,0
4332,0,0.00016599999798927456,0
4333,1,0.6557459831237793,1
4334,0,0.010181000456213951,0
4335,0,0.813094973564148,1
4336,1,0.580469012260437,1
4337,1,0.9990350008010864,1
4338,0,0.0022929999977350235,0
4339,0,0.04926300048828125,0
4340,0,0.002609000075608492,0
4341,0,0.3375239968299866,0
4342,1,0.9999899864196777,1
4343,0,0.6875820159912109,1
4344,0,0.14331699907779694,0
4345,0,0.0015190000412985682,0
4346,0,0.08648700267076492,0
4347,1,0.9134920239448547,1
4348,1,0.998678982257843,1
4349,0,0.035868000239133835,0
4350,0,0.4430660009384155,0
4351,1,0.9999790191650391,1
4352,1,0.9994810223579407,1
4353,1,0.9999340176582336,1
4354,1,0.7437639832496643,1
4355,1,0.9944700002670288,1
4356,1,0.8875020146369934,1
4357,1,0.9999939799308777,1
4358,1,0.9999639987945557,1
4359,0,0.12881800532341003,0
4360,1,0.9999690055847168,1
4361,1,0.9293850064277649,1
4362,0,0.0804079994559288,0
4363,0,0.07921099662780762,0
4364,0,0.0022619999945163727,0
4365,1,0.9192299842834473,1
4366,1,0.9234610199928284,1
4367,0,0.052230000495910645,0
4368,0,0.0039969999343156815,0
4369,0,0.005675999913364649,0
4370,0,0.0001610000035725534,0
4371,1,0.9788050055503845,1
4372,0,7.79999973019585e-05,0
4373,0,0.005237999837845564,0
4374,0,0.21351200342178345,0
4375,1,0.06193999946117401,0
4376,0,0.03760499879717827,0
4377,1,0.9973559975624084,1
4378,0,7.000000096013537e-06,0
4379,1,0.7753540277481079,1
4380,1,0.9190210103988647,1
4381,0,0.8837019801139832,1
4382,0,0.00019999999494757503,0
4383,0,0.08415299654006958,0
4384,1,0.8689879775047302,1
4385,1,0.9978340268135071,1
4386,1,0.9999840259552002,1
4387,0,0.10498099774122238,0
4388,1,0.9999060034751892,1
4389,1,0.8797240257263184,1
4390,1,0.9920669794082642,1
4391,1,0.8870720267295837,1
4392,0,0.04675599932670593,0
4393,1,0.9764050245285034,1
4394,1,0.9999070167541504,1
4395,0,0.0007329999934881926,0
4396,1,0.9998909831047058,1
4397,0,0.006093000061810017,0
4398,1,0.9601320028305054,1
4399,0,0.0029180001001805067,0
4400,0,0.002317999955266714,0
4401,0,0.019478999078273773,0
4402,0,0.013933000154793262,0
4403,0,0.0403439998626709,0
4404,0,0.3676609992980957,0
4405,1,0.9994760155677795,1
4406,1,0.18276500701904297,0
4407,1,0.9241859912872314,1
4408,0,0.015320999547839165,0
4409,0,2.499999936844688e-05,0
4410,1,0.9798020124435425,1
4411,0,0.0,0
4412,0,0.029827000573277473,0
4413,0,0.018293999135494232,0
4414,1,0.996088981628418,1
4415,1,0.9197570085525513,1
4416,0,0.6057739853858948,1
4417,1,0.9138380289077759,1
4418,1,0.9999859929084778,1
4419,1,0.952830970287323,1
4420,1,0.9999439716339111,1
4421,1,0.9996359944343567,1
4422,0,0.0006210000137798488,0
4423,0,0.048179998993873596,0
4424,0,0.04835600033402443,0
4425,1,0.994521975517273,1
4426,0,0.13896100223064423,0
4427,1,0.94029700756073,1
4428,0,0.020174000412225723,0
4429,0,0.004131999798119068,0
4430,1,0.5088899731636047,1
4431,0,0.00033000000985339284,0
4432,0,0.12161800265312195,0
4433,1,0.9999889731407166,1
4434,0,0.23441100120544434,0
4435,1,0.9996179938316345,1
4436,1,0.9999859929084778,1
4437,1,0.9999240040779114,1
4438,1,0.9835320115089417,1
4439,0,0.2858090102672577,0
4440,0,0.001281999982893467,0
4441,1,0.9999819993972778,1
4442,1,0.9986090064048767,1
4443,1,0.9999619722366333,1
4444,1,0.7834839820861816,1
4445,1,0.9995719790458679,1
4446,0,0.12732400000095367,0
4447,1,0.9552159905433655,1
4448,1,0.9940149784088135,1
4449,0,0.22417700290679932,0
4450,0,0.0004030000127386302,0
4451,0,0.005799999926239252,0
4452,1,0.9993720054626465,1
4453,1,0.9938600063323975,1
4454,1,0.9997410178184509,1
4455,1,0.9992079734802246,1
4456,0,7.899999764049426e-05,0
4457,0,0.15794700384140015,0
4458,0,0.030998000875115395,0
4459,1,0.9803749918937683,1
4460,0,0.001436999998986721,0
4461,1,0.9999750256538391,1
4462,1,0.9999880194664001,1
4463,0,0.0013340000296011567,0
4464,1,0.9945330023765564,1
4465,1,0.9113640189170837,1
4466,0,0.003561000106856227,0
4467,0,0.031140999868512154,0
4468,0,0.025459999218583107,0
4469,1,0.8374149799346924,1
4470,1,0.9709600210189819,1
4471,1,0.9999719858169556,1
4472,0,0.0005080000264570117,0
4473,1,0.9998800158500671,1
4474,1,0.9999030232429504,1
4475,0,0.024501999840140343,0
4476,1,0.9999979734420776,1
4477,1,0.9999629855155945,1
4478,1,0.9780830144882202,1
4479,0,0.00011999999696854502,0
4480,0,0.027393000200390816,0
4481,1,1.0,1
4482,0,0.7799879908561707,1
4483,1,0.9984880089759827,1
4484,0,0.022102000191807747,0
4485,0,5.700000110664405e-05,0
4486,0,0.02759600058197975,0
4487,1,0.9999679923057556,1
4488,1,0.9999949932098389,1
4489,1,0.9999790191650391,1
4490,1,0.00916299968957901,0
4491,0,0.9908220171928406,1
4492,0,0.0009689999860711396,0
4493,0,0.697409987449646,1
4494,1,0.9944260120391846,1
4495,0,0.015217999927699566,0
4496,1,0.9999880194664001,1
4497,0,7.000000096013537e-06,0
4498,0,0.995406985282898,1
4499,0,0.017302000895142555,0
4500,1,0.9848729968070984,1
4501,0,0.007974999956786633,0
4502,1,0.9189130067825317,1
4503,0,4.8000001697801054e-05,0
4504,1,0.9192360043525696,1
4505,1,0.9666709899902344,1
4506,0,0.003579000011086464,0
4507,0,0.003636999987065792,0
4508,1,0.7962660193443298,1
4509,0,0.0,0
4510,1,0.9865729808807373,1
4511,0,0.10326100140810013,0
4512,0,0.002041999949142337,0
4513,0,0.10561300069093704,0
4514,0,0.001496999990195036,0
4515,0,0.001769999973475933,0
4516,0,0.0031240000389516354,0
4517,1,0.7338719964027405,1
4518,1,0.9943600296974182,1
4519,0,0.16359500586986542,0
4520,0,0.0036619999445974827,0
4521,1,0.9999979734420776,1
4522,0,0.00033000000985339284,0
4523,1,0.9976459741592407,1
4524,0,0.011649999767541885,0
4525,0,1.5999999959603883e-05,0
4526,1,0.23033800721168518,0
4527,0,0.015297000296413898,0
4528,0,0.107014000415802,0
4529,0,0.00024199999461416155,0
4530,0,0.00021499999274965376,0
4531,0,0.10607399791479111,0
4532,1,0.90317702293396,1
4533,1,0.12680000066757202,0
4534,0,0.010886999778449535,0
4535,0,0.0017379999626427889,0
4536,1,0.9981690049171448,1
4537,1,0.9950129985809326,1
4538,0,0.6562939882278442,1
4539,0,0.31893399357795715,0
4540,1,0.9999880194664001,1
4541,0,0.02083900012075901,0
4542,0,0.0331990011036396,0
4543,0,0.0003220000071451068,0
4544,0,0.011101000010967255,0
4545,0,0.0016329999780282378,0
4546,0,0.002104999963194132,0
4547,1,0.997979998588562,1
4548,1,0.9684010148048401,1
4549,0,0.0018570000538602471,0
4550,1,0.9938009977340698,1
4551,1,0.9858620166778564,1
4552,0,0.16677899658679962,0
4553,1,0.7325429916381836,1
4554,0,0.15852299332618713,0
4555,1,0.9997720122337341,1
4556,1,0.5480189919471741,1
4557,1,0.09121000021696091,0
4558,0,0.7064210176467896,1
4559,1,0.9837179780006409,1
4560,0,0.0009879999561235309,0
4561,0,0.0009369999752379954,0
4562,0,2.499999936844688e-05,0
4563,1,0.9916650056838989,1
4564,0,0.8214420080184937,1
4565,0,0.003963999915868044,0
4566,0,0.07063400000333786,0
4567,0,0.7553719878196716,1
4568,0,0.5098879933357239,1
4569,1,0.9258909821510315,1
4570,0,0.10777399688959122,0
4571,1,0.9997149705886841,1
4572,1,0.9622489809989929,1
4573,0,0.7901390194892883,1
4574,1,0.9932129979133606,1
4575,1,0.999987006187439,1
4576,0,0.0039090001955628395,0
4577,1,0.952459990978241,1
4578,1,0.8042770028114319,1
4579,0,0.006936000194400549,0
4580,1,0.999925971031189,1
4581,1,0.9996920228004456,1
4582,0,0.05838499963283539,0
4583,1,0.9935780167579651,1
4584,0,0.005179999861866236,0
4585,1,0.7436760067939758,1
4586,1,0.9999930262565613,1
4587,0,0.0008009999874047935,0
4588,1,0.9951990246772766,1
4589,0,0.1143919974565506,0
4590,1,0.8491520285606384,1
4591,0,0.8631179928779602,1
4592,1,0.27069801092147827,0
4593,0,0.0287650004029274,0
4594,0,0.0027970001101493835,0
4595,1,0.9999759793281555,1
4596,0,0.00022400000307243317,0
4597,1,0.9782509803771973,1
4598,0,0.04570300132036209,0
4599,0,0.9712569713592529,1
4600,0,0.10175400227308273,0
4601,1,0.9970489740371704,1
4602,1,0.9989640116691589,1
4603,1,0.9990860223770142,1
4604,1,0.9802470207214355,1
4605,1,0.9996299743652344,1
4606,1,0.02798200026154518,0
4607,0,0.1252260059118271,0
4608,0,0.09803999960422516,0
4609,1,0.9871439933776855,1
4610,1,0.9968169927597046,1
4611,1,0.9999989867210388,1
4612,0,0.0009919999865815043,0
4613,1,0.7498350143432617,1
4614,0,0.08016499876976013,0
4615,0,0.015430999919772148,0
4616,0,5.0999999075429514e-05,0
4617,0,3.999999989900971e-06,0
4618,1,0.9459459781646729,1
4619,0,0.9911260008811951,1
4620,0,0.0005200000014156103,0
4621,1,0.4953550100326538,0
4622,1,0.993815004825592,1
4623,1,0.8201130032539368,1
4624,1,0.9932190179824829,1
4625,1,0.5132439732551575,1
4626,0,0.21221500635147095,0
4627,0,0.0015490000369027257,0
4628,0,0.5371080040931702,1
4629,1,0.6518470048904419,1
4630,0,0.646914005279541,1
4631,1,0.03088200092315674,0
4632,0,0.25614500045776367,0
4633,0,0.00408599991351366,0
4634,1,0.9940230250358582,1
4635,1,0.9564380049705505,1
4636,0,3.000000106112566e-06,0
4637,1,0.992268979549408,1
4638,1,0.587073028087616,1
4639,0,7.400000322377309e-05,0
4640,0,4.400000034365803e-05,0
4641,1,0.9948170185089111,1
4642,0,0.003843999933451414,0
4643,0,0.025629999116063118,0
4644,1,0.9826020002365112,1
4645,0,0.10002200305461884,0
4646,0,0.012866999953985214,0
4647,1,0.999987006187439,1
4648,0,0.004567999858409166,0
4649,1,1.0,1
4650,1,0.9303069710731506,1
4651,0,0.006459000054746866,0
4652,0,0.01075700018554926,0
4653,0,0.00017800000205170363,0
4654,0,0.5825999975204468,1
4655,1,0.9998689889907837,1
4656,1,0.9699720144271851,1
4657,1,0.9999970197677612,1
4658,1,0.9979419708251953,1
4659,0,0.00017600000137463212,0
4660,1,0.9999740123748779,1
4661,0,0.0012080000014975667,0
4662,1,0.27929699420928955,0
4663,1,0.999455988407135,1
4664,0,0.5120220184326172,1
4665,0,0.09652899950742722,0
4666,0,0.2602289915084839,0
4667,0,0.0,0
4668,1,0.5792859792709351,1
4669,0,0.12811699509620667,0
4670,1,0.9998779892921448,1
4671,1,0.9956420063972473,1
4672,1,0.9980689883232117,1
4673,0,0.002136999974027276,0
4674,1,0.9999759793281555,1
4675,1,0.9978880286216736,1
4676,0,0.7313219904899597,1
4677,1,0.9978860020637512,1
4678,1,0.9827070236206055,1
4679,0,4.199999966658652e-05,0
4680,1,0.9990079998970032,1
4681,0,0.0038799999747425318,0
4682,0,0.009913000278174877,0
4683,1,0.9945669770240784,1
4684,1,0.9267539978027344,1
4685,1,0.9117720127105713,1
4686,1,0.9965850114822388,1
4687,0,0.015496999956667423,0
4688,1,0.9821169972419739,1
4689,0,0.006504000164568424,0
4690,1,0.9928439855575562,1
4691,0,0.01465499959886074,0
4692,0,0.017883000895380974,0
4693,0,0.32713600993156433,0
4694,0,0.36866000294685364,0
4695,0,4.70000013592653e-05,0
4696,0,0.024174999445676804,0
4697,1,0.6719189882278442,1
4698,0,0.7696189880371094,1
4699,1,0.9996230006217957,1
4700,1,0.9999960064888,1
4701,1,0.626990020275116,1
4702,1,0.9991030097007751,1
4703,0,3.099999958067201e-05,0
4704,0,0.8979650139808655,1
4705,0,0.14388799667358398,0
4706,1,0.9124569892883301,1
4707,1,0.9576839804649353,1
4708,1,0.9999799728393555,1
4709,0,0.021087000146508217,0
4710,1,0.9999780058860779,1
4711,1,0.9918339848518372,1
4712,1,0.27854201197624207,0
4713,1,0.997393012046814,1
4714,1,0.9990079998970032,1
4715,0,0.024407999590039253,0
4716,1,0.9987620115280151,1
4717,1,0.999305009841919,1
4718,0,0.004488000180572271,0
4719,1,0.9808189868927002,1
4720,0,0.0007660000119358301,0
4721,0,0.610450029373169,1
4722,1,0.9954479932785034,1
4723,0,0.06639199703931808,0
4724,1,0.9978690147399902,1
4725,1,0.9823449850082397,1
4726,0,0.0007399999885819852,0
4727,1,0.9924700260162354,1
4728,1,0.9858390092849731,1
4729,0,0.00021499999274965376,0
4730,1,0.9810640215873718,1
4731,1,0.9994860291481018,1
4732,1,0.9930570125579834,1
4733,0,0.0010160000529140234,0
4734,1,0.9148740172386169,1
4735,0,0.14462600648403168,0
4736,1,0.9998660087585449,1
4737,0,1.2999999853491317e-05,0
4738,1,0.9999759793281555,1
4739,1,0.9997100234031677,1
4740,0,6.500000017695129e-05,0
4741,1,0.9998949766159058,1
4742,0,0.08818600326776505,0
4743,0,0.1226319968700409,0
4744,0,0.00014699999883305281,0
4745,0,0.16755299270153046,0
4746,0,0.010727999731898308,0
4747,1,0.9997239708900452,1
4748,0,0.09245999902486801,0
4749,1,0.824599027633667,1
4750,0,0.03345699980854988,0
4751,0,0.09983599931001663,0
4752,1,0.983568012714386,1
4753,0,0.060401998460292816,0
4754,0,0.04763900116086006,0
4755,0,0.00011500000255182385,0
4756,0,0.07880000025033951,0
4757,1,0.9999909996986389,1
4758,1,0.997868001461029,1
4759,0,0.04969799891114235,0
4760,0,0.004300999920815229,0
4761,0,9.999999747378752e-06,0
4762,1,0.9495409727096558,1
4763,1,0.9998040199279785,1
4764,1,0.999970018863678,1
4765,1,0.9976599812507629,1
4766,1,0.9929450154304504,1
4767,1,0.9850620031356812,1
4768,1,0.9981979727745056,1
4769,0,0.0012049999786540866,0
4770,1,0.6873670220375061,1
4771,0,0.03349300101399422,0
4772,1,0.9998430013656616,1
4773,0,0.0789560005068779,0
4774,1,0.9994400143623352,1
4775,0,0.018959999084472656,0
4776,1,0.9853129982948303,1
4777,1,0.9990180134773254,1
4778,1,0.7822089791297913,1
4779,1,0.9994300007820129,1
4780,0,0.44800499081611633,0
4781,1,0.9749619960784912,1
4782,0,3.7000001611886546e-05,0
4783,0,0.007480999920517206,0
4784,1,0.9654300212860107,1
4785,0,0.010747999884188175,0
4786,1,0.7985630035400391,1
4787,1,0.999966025352478,1
4788,1,0.9273989796638489,1
4789,1,0.8660529851913452,1
4790,1,0.9999979734420776,1
4791,1,0.9999030232429504,1
4792,1,0.9995629787445068,1
4793,0,1.2000000424450263e-05,0
4794,1,0.9998490214347839,1
4795,0,0.0016929999692365527,0
4796,0,0.0035639998968690634,0
4797,1,0.9332380294799805,1
4798,0,0.0004619999963324517,0
4799,1,0.9995120167732239,1
4800,0,0.05900999903678894,0
4801,1,0.9992660284042358,1
4802,0,0.0062339999713003635,0
4803,1,0.9999859929084778,1
4804,1,0.9997599720954895,1
4805,0,0.04020699858665466,0
4806,0,0.007110000122338533,0
4807,0,0.48035499453544617,0
4808,0,0.7637680172920227,1
4809,0,0.004381999839097261,0
4810,1,0.8310689926147461,1
4811,0,0.002104999963194132,0
4812,0,0.003272000001743436,0
4813,1,0.9928020238876343,1
4814,0,0.0026469998992979527,0
4815,0,0.055697001516819,0
4816,1,0.7950770258903503,1
4817,0,0.004776999820023775,0
4818,0,0.0003009999927598983,0
4819,0,0.8211219906806946,1
4820,1,0.8780969977378845,1
4821,1,0.9641609787940979,1
4822,0,0.016927000135183334,0
4823,1,0.08528800308704376,0
4824,1,0.9999539852142334,1
4825,0,7.999999979801942e-06,0
4826,0,0.024341000244021416,0
4827,0,0.025026999413967133,0
4828,0,0.00582600012421608,0
4829,0,0.00022600000374950469,0
4830,0,0.0010870000114664435,0
4831,1,0.991657018661499,1
4832,0,0.47501298785209656,0
4833,0,0.0006949999951757491,0
4834,1,0.9944009780883789,1
4835,1,0.049136001616716385,0
4836,1,0.9986820220947266,1
4837,1,0.9993249773979187,1
4838,0,0.2963950037956238,0
4839,1,1.0,1
4840,1,0.7676510214805603,1
4841,0,3.9999998989515007e-05,0
4842,0,0.013869999907910824,0
4843,1,0.5311840176582336,1
4844,0,9.100000170292333e-05,0
4845,0,0.06313599646091461,0
4846,0,0.045593999326229095,0
4847,1,0.9998930096626282,1
4848,1,0.9937030076980591,1
4849,1,0.998403012752533,1
4850,1,0.9992280006408691,1
4851,1,0.9986500144004822,1
4852,0,0.000598000013269484,0
4853,0,0.1589130014181137,0
4854,1,0.2765049934387207,0
4855,1,0.9997770190238953,1
4856,1,0.3161320090293884,0
4857,0,0.7276300191879272,1
4858,0,0.16045300662517548,0
4859,0,0.0006810000049881637,0
4860,0,0.03733700141310692,0
4861,0,0.8875920176506042,1
4862,1,0.9979829788208008,1
4863,0,0.0010189999593421817,0
4864,0,0.03575899824500084,0
4865,0,0.02812499925494194,0
4866,0,0.02090900018811226,0
4867,1,0.5548279881477356,1
4868,0,0.00880999956279993,0
4869,0,0.647292971611023,1
4870,0,0.09667400270700455,0
4871,1,0.19328300654888153,0
4872,0,0.0008929999894462526,0
4873,0,0.0055610002018511295,0
4874,1,0.9959710240364075,1
4875,1,0.9990530014038086,1
4876,0,0.00088900001719594,0
4877,0,0.3472830057144165,0
4878,0,0.00240899994969368,0
4879,0,0.0013749999925494194,0
4880,0,0.016347000375390053,0
4881,1,0.9996669888496399,1
4882,1,0.988120973110199,1
4883,1,0.9999859929084778,1
4884,1,0.9999459981918335,1
4885,0,0.6058989763259888,1
4886,1,0.9424780011177063,1
4887,0,0.003594999900087714,0
4888,1,0.9950519800186157,1
4889,0,0.01042100042104721,0
4890,0,0.0,0
4891,0,0.22262099385261536,0
4892,1,0.9875689744949341,1
4893,0,0.08949500322341919,0
4894,0,0.4608049988746643,0
4895,1,0.9918209910392761,1
4896,1,0.999983012676239,1
4897,0,0.061925001442432404,0
4898,1,0.9999909996986389,1
4899,0,0.00203000009059906,0
4900,1,0.9997299909591675,1
4901,0,0.16175499558448792,0
4902,1,0.8973820209503174,1
4903,1,0.9790449738502502,1
4904,1,0.9990800023078918,1
4905,1,0.9887179732322693,1
4906,0,0.0008980000275187194,0
4907,1,0.5708760023117065,1
4908,1,0.027900999411940575,0
4909,0,0.035905998200178146,0
4910,1,0.8589379787445068,1
4911,0,0.008116000331938267,0
4912,0,0.0034990001004189253,0
4913,1,0.9994109869003296,1
4914,1,0.9985089898109436,1
4915,0,0.0009250000002793968,0
4916,1,0.9766179919242859,1
4917,0,0.00026199998683296144,0
4918,1,0.9999330043792725,1
4919,1,0.9464589953422546,1
4920,1,0.9992039799690247,1
4921,1,0.9997379779815674,1
4922,1,0.9997959733009338,1
4923,0,0.007896999828517437,0
4924,0,0.7894489765167236,1
4925,0,0.00015700000221841037,0
4926,1,0.9653080105781555,1
4927,0,0.024049999192357063,0
4928,0,0.0008909999742172658,0
4929,0,0.305308997631073,0
4930,1,0.9920830130577087,1
4931,0,0.8083919882774353,1
4932,0,0.0063599999994039536,0
4933,1,0.9998810291290283,1
4934,0,0.0009309999877586961,0
4935,1,0.8766890168190002,1
4936,0,0.23299099504947662,0
4937,0,9.7999996796716e-05,0
4938,1,0.9999989867210388,1
4939,1,0.9998329877853394,1
4940,0,0.7154459953308105,1
4941,1,0.9310619831085205,1
4942,0,0.003567999927327037,0
4943,1,0.999297022819519,1
4944,1,0.9993039965629578,1
4945,1,0.39803799986839294,0
4946,0,0.008066000416874886,0
4947,0,0.0010860000038519502,0
4948,1,0.9901840090751648,1
4949,0,1.4999999621068127e-05,0
4950,1,0.999966025352478,1
4951,0,0.0002119999990100041,0
4952,0,0.001567999948747456,0
4953,1,0.9998130202293396,1
4954,0,0.000826000003144145,0
4955,0,1.9999999949504854e-06,0
4956,1,0.994193971157074,1
4957,0,0.036208998411893845,0
4958,1,0.9370599985122681,1
4959,1,0.9999060034751892,1
4960,1,0.9672660231590271,1
4961,0,0.1965930014848709,0
4962,1,0.999983012676239,1
4963,0,0.8678820133209229,1
4964,1,0.9900569915771484,1
4965,0,0.0034469999372959137,0
4966,0,0.012167000211775303,0
4967,0,0.11380399763584137,0
4968,1,0.9983559846878052,1
4969,1,0.2735440135002136,0
4970,0,2.9000000722589903e-05,0
4971,0,0.01594799943268299,0
4972,1,0.9999949932098389,1
4973,0,0.0015699999639764428,0
4974,1,0.9999570250511169,1
4975,1,0.9989320039749146,1
4976,0,0.003932000137865543,0
4977,0,0.18284399807453156,0
4978,0,1.9999999949504854e-06,0
4979,0,0.04742300137877464,0
4980,0,0.001896000001579523,0
4981,0,0.001762000028975308,0
4982,0,2.2000000171829015e-05,0
4983,1,0.9999979734420776,1
4984,1,0.9083250164985657,1
4985,0,0.00010099999781232327,0
4986,1,0.9849179983139038,1
4987,1,0.972195029258728,1
4988,0,0.00014800000644754618,0
4989,0,0.7666820287704468,1
4990,1,0.9991700053215027,1
4991,1,0.9505500197410583,1
4992,0,0.0017109999898821115,0
4993,0,0.002966000000014901,0
4994,1,0.9922249913215637,1
4995,1,0.9998810291290283,1
4996,1,0.4062269926071167,0
4997,1,0.990863025188446,1
4998,0,0.0015079999575391412,0
4999,0,0.40821099281311035,0
5000,1,0.9805729985237122,1
5001,0,0.7344549894332886,1
5002,0,0.47298601269721985,0
5003,1,0.9999549984931946,1
5004,1,0.9941070079803467,1
5005,1,0.999966025352478,1
5006,0,0.0009629999985918403,0
5007,1,0.9725379943847656,1
5008,1,0.9870880246162415,1
5009,1,0.9958570003509521,1
5010,0,0.004124999977648258,0
5011,0,7.699999696342275e-05,0
5012,1,1.0,1
5013,0,0.19879800081253052,0
5014,1,0.9998199939727783,1
5015,1,0.31737300753593445,0
5016,1,0.9985889792442322,1
5017,0,0.0008379999781027436,0
5018,1,0.9981610178947449,1
5019,1,0.9987189769744873,1
5020,0,0.027772000059485435,0
5021,0,0.00021899999410379678,0
5022,1,0.9796590209007263,1
5023,0,0.04612699896097183,0
5024,0,0.004321000073105097,0
5025,0,7.999999979801942e-06,0
5026,1,0.9799900054931641,1
5027,1,0.9965710043907166,1
5028,0,0.13973799347877502,0
5029,1,0.9242969751358032,1
5030,1,0.221561998128891,0
5031,1,0.9499679803848267,1
5032,1,0.9798960089683533,1
5033,1,0.9999120235443115,1
5034,1,0.9410589933395386,1
5035,0,0.061987001448869705,0
5036,1,0.9997280240058899,1
5037,0,7.000000096013537e-06,0
5038,0,0.17892499268054962,0
5039,1,0.999288022518158,1
5040,0,0.010680999606847763,0
5041,1,0.9325389862060547,1
5042,0,0.042778000235557556,0
5043,1,0.9956820011138916,1
5044,0,0.014387000352144241,0
5045,0,0.02662700042128563,0
5046,0,0.00013699999544769526,0
5047,1,0.999629020690918,1
5048,0,0.017810000106692314,0
5049,1,0.8198429942131042,1
5050,0,0.18870599567890167,0
5051,0,0.10109800100326538,0
5052,0,0.06910499930381775,0
5053,0,0.001766999950632453,0
5054,1,0.966605007648468,1
5055,0,0.013725999742746353,0
5056,1,0.9999629855155945,1
5057,1,0.9945089817047119,1
5058,1,0.9999529719352722,1
5059,0,0.0057760002091526985,0
5060,0,0.0010010000551119447,0
5061,1,0.9989479780197144,1
5062,0,0.07181499898433685,0
5063,1,0.9927330017089844,1
5064,1,0.9820680022239685,1
5065,1,0.9219949841499329,1
5066,1,0.999671995639801,1
5067,1,0.9217439889907837,1
5068,0,0.0012450000504031777,0
5069,1,0.9998829960823059,1
5070,0,0.2271459996700287,0
5071,0,0.0007789999945089221,0
5072,0,0.007978999987244606,0
5073,1,0.9997640252113342,1
5074,1,0.20645299553871155,0
5075,0,0.0012369999894872308,0
5076,0,0.06469299644231796,0
5077,1,0.9968820214271545,1
5078,0,0.03401400148868561,0
5079,1,0.9995719790458679,1
5080,1,0.9998379945755005,1
5081,1,0.9897580146789551,1
5082,0,0.0010209999745711684,0
5083,1,0.9980340003967285,1
5084,0,0.8976650238037109,1
5085,0,0.0013200000394135714,0
5086,0,0.041120000183582306,0
5087,1,0.9967880249023438,1
5088,0,0.0006200000061653554,0
5089,1,0.9999939799308777,1
5090,0,0.5842059850692749,1
5091,0,0.007391999941319227,0
5092,0,0.0011609999928623438,0
5093,0,0.0010260000126436353,0
5094,1,0.999439001083374,1
5095,1,0.9510779976844788,1
5096,0,0.003102000104263425,0
5097,1,0.9792150259017944,1
5098,1,0.9999650120735168,1
5099,1,0.9256389737129211,1
5100,0,0.00011700000322889537,0
5101,0,5.199999941396527e-05,0
5102,1,0.9016889929771423,1
5103,1,0.9735280275344849,1
5104,1,0.9945330023765564,1
5105,0,0.10353899747133255,0
5106,1,0.991890013217926,1
5107,1,0.9989140033721924,1
5108,1,0.16520200669765472,0
5109,1,0.9998199939727783,1
5110,0,0.20464900135993958,0
5111,0,0.11929100006818771,0
5112,1,0.9779760241508484,1
5113,1,0.848376989364624,1
5114,1,0.9986460208892822,1
5115,1,0.9999269843101501,1
5116,1,0.9999510049819946,1
5117,1,0.9549160003662109,1
5118,1,0.9993680119514465,1
5119,0,0.9232959747314453,1
5120,0,0.7253220081329346,1
5121,1,0.9991260170936584,1
5122,1,0.9999420046806335,1
5123,1,0.9999669790267944,1
5124,1,0.9946290254592896,1
5125,0,0.00022899999748915434,0
5126,0,0.12852700054645538,0
5127,1,0.9999200105667114,1
5128,1,0.9939560294151306,1
5129,0,0.0005440000095404685,0
5130,1,0.005603000055998564,0
5131,1,0.9999390244483948,1
5132,1,0.9365209937095642,1
5133,0,0.22488300502300262,0
5134,1,0.9541929960250854,1
5135,0,0.010270999744534492,0
5136,0,7.000000096013537e-06,0
5137,0,0.774465024471283,1
5138,1,0.9999179840087891,1
5139,0,0.8519399762153625,1
5140,0,0.005020999815315008,0
5141,0,0.30921098589897156,0
5142,0,0.9429050087928772,1
5143,0,0.26042500138282776,0
5144,0,0.002555999904870987,0
5145,1,0.6500759720802307,1
5146,1,0.9990800023078918,1
5147,0,5.900000178371556e-05,0
5148,0,0.00024300000222865492,0
5149,1,0.9679980278015137,1
5150,1,0.997294008731842,1
5151,1,0.9999499917030334,1
5152,0,0.0030429998878389597,0
5153,0,0.02371400035917759,0
5154,1,0.9845619797706604,1
5155,1,0.9873960018157959,1
5156,0,0.09395100176334381,0
5157,1,0.10249999910593033,0
5158,1,0.9999139904975891,1
5159,1,0.07836399972438812,0
5160,0,0.05571499839425087,0
5161,1,0.6258730292320251,1
5162,0,0.004122000187635422,0
5163,1,0.9984620213508606,1
5164,0,0.0005629999795928597,0
5165,1,0.999754011631012,1
5166,1,0.9345200061798096,1
5167,1,0.9971910119056702,1
5168,1,0.9999880194664001,1
5169,1,0.8886550068855286,1
5170,1,0.9998829960823059,1
5171,0,0.0011109999613836408,0
5172,0,0.15477600693702698,0
5173,0,0.01706000044941902,0
5174,0,0.7362160086631775,1
5175,1,0.9997869729995728,1
5176,1,0.9892510175704956,1
5177,1,0.5510550141334534,1
5178,0,3.000000106112566e-06,0
5179,0,0.00031599999056197703,0
5180,0,0.1058730036020279,0
5181,0,0.0009009999921545386,0
5182,1,0.9997050166130066,1
5183,0,0.010366000235080719,0
5184,0,9.999999974752427e-07,0
5185,0,0.06510800123214722,0
5186,1,0.08876299858093262,0
5187,1,0.9999619722366333,1
5188,1,0.8407120108604431,1
5189,1,0.9945539832115173,1
5190,0,0.025505999103188515,0
5191,1,0.6929060220718384,1
5192,1,0.9998760223388672,1
5193,1,0.9715309739112854,1
5194,0,0.003916999790817499,0
5195,1,0.9965729713439941,1
5196,1,0.9745180010795593,1
5197,0,0.07507999986410141,0
5198,0,0.01448300015181303,0
5199,1,0.9974889755249023,1
5200,1,0.7627019882202148,1
5201,1,0.9934549927711487,1
5202,1,0.9971200227737427,1
5203,0,0.04315200075507164,0
5204,0,0.04164300113916397,0
5205,0,0.3700309991836548,0
5206,0,0.0010659999679774046,0
5207,0,0.03152899816632271,0
5208,1,0.9999319911003113,1
5209,1,0.9999939799308777,1
5210,0,0.19739699363708496,0
5211,0,0.8140569925308228,1
5212,0,0.0001880000054370612,0
5213,1,0.9968259930610657,1
5214,0,0.01577799953520298,0
5215,1,0.30946001410484314,0
5216,1,0.9862759709358215,1
5217,0,1.8000000636675395e-05,0
5218,0,0.09909100085496902,0
5219,0,0.12424000352621078,0
5220,1,0.9935219883918762,1
5221,0,0.002213000087067485,0
5222,0,6.800000119255856e-05,0
5223,0,0.0075889998115599155,0
5224,1,0.8933110237121582,1
5225,1,0.9964590072631836,1
5226,0,0.025098999962210655,0
5227,0,0.000534999999217689,0
5228,1,0.9281719923019409,1
5229,1,0.9571040272712708,1
5230,1,0.9967690110206604,1
5231,0,0.5156509876251221,1
5232,1,0.9997659921646118,1
5233,0,0.4140790104866028,0
5234,0,0.018394000828266144,0
5235,0,6.000000212225132e-06,0
5236,0,0.0,0
5237,1,0.9811810255050659,1
5238,1,0.9991379976272583,1
5239,1,0.9999250173568726,1
5240,0,0.7120689749717712,1
5241,1,0.9998189806938171,1
5242,1,0.9990100264549255,1
5243,1,0.8378660082817078,1
5244,1,0.9968379735946655,1
5245,1,0.9997190237045288,1
5246,1,0.9997940063476562,1
5247,1,0.9841520190238953,1
5248,0,0.0006980000180192292,0
5249,1,0.9998970031738281,1
5250,1,0.9995899796485901,1
5251,1,0.4947499930858612,0
5252,1,0.9965400099754333,1
5253,0,9.000000136438757e-05,0
5254,1,0.921875,1
5255,0,0.002893999917432666,0
5256,0,3.099999958067201e-05,0
5257,0,0.17543600499629974,0
5258,0,1.700000029813964e-05,0
5259,0,0.06856200098991394,0
5260,0,0.00014800000644754618,0
5261,0,0.2680329978466034,0
5262,0,0.1330070048570633,0
5263,0,0.0016710000345483422,0
5264,1,0.9944429993629456,1
5265,1,1.0,1
5266,1,0.988789975643158,1
5267,0,0.0067090000957250595,0
5268,1,0.9725729823112488,1
5269,0,0.022223999723792076,0
5270,1,0.9938979744911194,1
5271,0,0.0018479999853298068,0
5272,0,0.9934359788894653,1
5273,1,0.9995520114898682,1
5274,0,0.0028639999218285084,0
5275,0,0.12578099966049194,0
5276,0,0.0014260000316426158,0
5277,0,0.00043200000072829425,0
5278,0,0.0007590000168420374,0
5279,1,0.9932559728622437,1
5280,1,0.9999960064888,1
5281,0,0.019517000764608383,0
5282,0,0.004517000168561935,0
5283,0,0.010964999906718731,0
5284,0,0.0013210000470280647,0
5285,1,0.9994149804115295,1
5286,1,0.9915519952774048,1
5287,0,3.7000001611886546e-05,0
5288,0,0.15038900077342987,0
5289,0,0.04532400146126747,0
5290,1,0.9998499751091003,1
5291,1,0.9999939799308777,1
5292,0,2.4000000848900527e-05,0
5293,1,0.9999099969863892,1
5294,0,0.0027860000263899565,0
5295,0,0.1465429961681366,0
5296,1,0.9050359725952148,1
5297,1,0.8546760082244873,1
5298,0,0.01998399943113327,0
5299,0,0.8787440061569214,1
5300,1,0.9999639987945557,1
5301,1,0.8742190003395081,1
5302,1,0.9999650120735168,1
5303,0,0.022096000611782074,0
5304,1,0.9980829954147339,1
5305,1,0.9224799871444702,1
5306,1,0.9941499829292297,1
5307,0,0.019843999296426773,0
5308,1,0.997310996055603,1
5309,1,0.9776510000228882,1
5310,0,0.006051999982446432,0
5311,0,0.005810000002384186,0
5312,0,0.014525000005960464,0
5313,0,0.0031950001139193773,0
5314,0,0.016805000603199005,0
5315,0,0.0006290000164881349,0
5316,1,0.9985020160675049,1
5317,0,0.00976600032299757,0
5318,0,0.01003399956971407,0
5319,0,2.2000000171829015e-05,0
5320,1,0.9985650181770325,1
5321,1,0.9990839958190918,1
5322,1,0.12450800091028214,0
5323,0,0.009070999920368195,0
5324,0,0.03519999980926514,0
5325,0,0.005805000197142363,0
5326,0,0.8711569905281067,1
5327,0,0.15030799806118011,0
5328,0,0.07030399888753891,0
5329,0,0.007058999966830015,0
5330,0,1.9999999494757503e-05,0
5331,0,0.05861400067806244,0
5332,1,0.9921249747276306,1
5333,1,0.20853500068187714,0
5334,1,0.9992730021476746,1
5335,1,0.9998829960823059,1
5336,0,9.600000339560211e-05,0
5337,1,0.9994140267372131,1
5338,0,0.0002229999954579398,0
5339,0,0.004031000193208456,0
5340,1,0.9961599707603455,1
5341,0,1.9999999949504854e-06,0
5342,0,0.0012669999850913882,0
5343,1,0.9955840110778809,1
5344,1,0.9506919980049133,1
5345,0,0.7661449909210205,1
5346,1,0.999891996383667,1
5347,1,0.99931401014328,1
5348,1,0.9993829727172852,1
5349,0,0.0020230000372976065,0
5350,0,0.002804999938234687,0
5351,0,0.17471499741077423,0
5352,0,0.00937500037252903,0
5353,1,0.3356480002403259,0
5354,0,0.0003220000071451068,0
5355,1,0.5546659827232361,1
5356,1,0.9983170032501221,1
5357,1,0.9979779720306396,1
5358,1,0.9999319911003113,1
5359,0,0.00483699981123209,0
5360,1,0.9757689833641052,1
5361,1,0.9901880025863647,1
5362,0,0.10493099689483643,0
5363,1,0.9997680187225342,1
5364,1,0.9999679923057556,1
5365,0,0.6659860014915466,1
5366,1,0.018634000793099403,0
5367,1,0.9982939958572388,1
5368,1,0.9998559951782227,1
5369,0,0.00030499999411404133,0
5370,0,0.001221999991685152,0
5371,0,0.027243999764323235,0
5372,0,0.00419999985024333,0
5373,1,0.9999560117721558,1
5374,1,0.9959989786148071,1
5375,0,0.3399989902973175,0
5376,1,0.9991409778594971,1
5377,0,0.0020069999154657125,0
5378,1,0.8221489787101746,1
5379,0,0.01721999980509281,0
5380,1,0.9073629975318909,1
5381,1,0.036003001034259796,0
5382,1,0.999534010887146,1
5383,0,9.7999996796716e-05,0
5384,1,0.9998930096626282,1
5385,0,0.005609999876469374,0
5386,0,0.13401000201702118,0
5387,1,0.9994329810142517,1
5388,0,0.00016399999731220305,0
5389,1,0.9866060018539429,1
5390,0,0.0009239999926649034,0
5391,1,0.9999909996986389,1
5392,1,0.9997979998588562,1
5393,0,0.9488999843597412,1
5394,1,0.02638000063598156,0
5395,1,0.9465479850769043,1
5396,0,0.032016001641750336,0
5397,0,4.999999873689376e-06,0
5398,0,0.840366005897522,1
5399,1,0.917976975440979,1
5400,0,0.0021899999119341373,0
5401,1,0.9998959898948669,1
5402,0,0.012489000335335732,0
5403,1,0.4440450072288513,0
5404,0,0.1679600030183792,0
5405,1,0.9986870288848877,1
5406,1,0.9452019929885864,1
5407,0,7.000000186963007e-05,0
5408,0,0.000598000013269484,0
5409,1,0.8324559926986694,1
5410,1,0.42302998900413513,0
5411,1,0.9901949763298035,1
5412,1,0.7849670052528381,1
5413,0,0.0010270000202581286,0
5414,0,1.1000000085914508e-05,0
5415,1,0.23729300498962402,0
5416,1,0.9999840259552002,1
5417,1,0.9674959778785706,1
5418,1,0.9568489789962769,1
5419,1,0.9915680289268494,1
5420,0,0.00038300000596791506,0
5421,0,0.00107999995816499,0
5422,0,0.0024220000486820936,0
5423,1,0.891726016998291,1
5424,0,0.012140000239014626,0
5425,0,0.8141109943389893,1
5426,1,0.9970219731330872,1
5427,1,0.999983012676239,1
5428,0,0.0014299999456852674,0
5429,1,0.13231800496578217,0
5430,0,0.00018000000272877514,0
5431,1,0.20906899869441986,0
5432,0,0.3108389973640442,0
5433,1,0.985289990901947,1
5434,1,0.9999439716339111,1
5435,1,0.9974820017814636,1
5436,1,0.9994450211524963,1
5437,1,0.9997389912605286,1
5438,0,0.0009399999980814755,0
5439,1,0.9956740140914917,1
5440,0,0.15858200192451477,0
5441,0,0.0001320000010309741,0
5442,0,0.011594999581575394,0
5443,0,0.6689140200614929,1
5444,1,0.9999430179595947,1
5445,0,0.8474419713020325,1
5446,0,0.00010800000018207356,0
5447,1,0.999891996383667,1
5448,1,1.0,1
5449,1,0.3343240022659302,0
5450,0,0.029059000313282013,0
5451,1,0.9971370100975037,1
5452,1,0.9996129870414734,1
5453,1,0.9965620040893555,1
5454,1,0.9998289942741394,1
5455,1,0.9529119729995728,1
5456,0,0.10822299867868423,0
5457,1,0.9995599985122681,1
5458,0,0.7416110038757324,1
5459,1,0.9999930262565613,1
5460,0,0.03818599879741669,0
5461,1,0.9998300075531006,1
5462,1,0.9839640259742737,1
5463,1,0.9293040037155151,1
5464,0,0.06388399749994278,0
5465,1,0.9915930032730103,1
5466,1,0.9999979734420776,1
5467,0,2.499999936844688e-05,0
5468,0,0.0005569999921135604,0
5469,1,0.953669011592865,1
5470,1,0.996990978717804,1
5471,0,0.007402999792248011,0
5472,1,0.9229099750518799,1
5473,1,0.9882569909095764,1
5474,0,0.6793509721755981,1
5475,0,0.000590000010561198,0
5476,0,0.009934999980032444,0
5477,0,6.0999998822808266e-05,0
5478,1,0.9995430111885071,1
5479,1,0.9580900073051453,1
5480,0,0.0006290000164881349,0
5481,1,0.9998080134391785,1
5482,1,0.9832900166511536,1
5483,1,0.9993370175361633,1
5484,1,0.9970129728317261,1
5485,0,0.0,0
5486,1,0.9928290247917175,1
5487,1,0.4942840039730072,0
5488,0,0.15439899265766144,0
5489,1,0.9945359826087952,1
5490,1,0.9575179815292358,1
5491,1,0.9984580278396606,1
5492,1,0.9999790191650391,1
5493,0,4.3000000005122274e-05,0
5494,0,0.02950900048017502,0
5495,1,0.959185004234314,1
5496,1,0.9510570168495178,1
5497,0,0.0037620000075548887,0
5498,1,0.9998990297317505,1
5499,0,1.4999999621068127e-05,0
5500,0,0.004271000158041716,0
5501,0,0.03477799892425537,0
5502,0,0.0010290000354871154,0
5503,0,0.2970300018787384,0
5504,0,0.02593199908733368,0
5505,1,0.9983909726142883,1
5506,1,0.9986540079116821,1
5507,1,0.5600079894065857,1
5508,0,0.00020700000459328294,0
5509,1,0.9983069896697998,1
5510,0,0.36556199193000793,0
5511,0,0.16346600651741028,0
5512,1,0.005009000189602375,0
5513,0,0.012602999806404114,0
5514,1,0.08197800070047379,0
5515,1,0.3487609922885895,0
5516,0,0.0242490004748106,0
5517,1,0.9999840259552002,1
5518,1,0.9967629909515381,1
5519,1,0.7875480055809021,1
5520,1,0.9665340185165405,1
5521,0,0.0027119999285787344,0
5522,0,1.9999999949504854e-06,0
5523,1,0.9997429847717285,1
5524,0,0.9983389973640442,1
5525,0,0.1299149990081787,0
5526,0,0.10247199982404709,0
5527,0,0.015180000104010105,0
5528,1,0.999983012676239,1
5529,1,0.9999499917030334,1
5530,1,0.9543399810791016,1
5531,1,0.991379976272583,1
5532,0,0.22533300518989563,0
5533,0,2.9999999242136255e-05,0
5534,1,0.7150179743766785,1
5535,0,0.0001539999939268455,0
5536,0,0.5850110054016113,1
5537,1,0.9989269971847534,1
5538,0,0.010068999603390694,0
5539,0,0.0011159999994561076,0
5540,1,0.9948199987411499,1
5541,0,0.0039059999398887157,0
5542,0,0.7241399884223938,1
5543,1,0.9966560006141663,1
5544,0,0.09007199853658676,0
5545,0,0.008564000017940998,0
5546,1,0.9965400099754333,1
5547,0,0.24193499982357025,0
5548,1,0.08278500288724899,0
5549,0,0.13482199609279633,0
5550,0,0.7094969749450684,1
5551,0,0.0018779999809339643,0
5552,1,0.9983969926834106,1
5553,1,0.9755010008811951,1
5554,0,0.06053600087761879,0
5555,0,3.899999865097925e-05,0
5556,0,0.001888000057078898,0
5557,0,0.030362000688910484,0
5558,1,0.9998080134391785,1
5559,0,0.7178130149841309,1
5560,1,0.9965149760246277,1
5561,1,0.9985399842262268,1
5562,1,0.9999909996986389,1
5563,1,0.9845589995384216,1
5564,1,0.9789559841156006,1
5565,0,0.002019000006839633,0
5566,1,0.9999989867210388,1
5567,0,0.017781000584363937,0
5568,0,0.09310299903154373,0
5569,1,0.9974489808082581,1
5570,0,0.148375004529953,0
5571,0,0.18874800205230713,0
5572,1,0.9475359916687012,1
5573,0,9.000000318337698e-06,0
5574,1,0.2646690011024475,0
5575,0,0.1334889978170395,0
5576,1,0.951865017414093,1
5577,1,1.0,1
5578,0,0.5164399743080139,1
5579,0,6.600000051548705e-05,0
5580,1,0.9999600052833557,1
5581,1,0.9996010065078735,1
5582,0,0.6734009981155396,1
5583,1,0.99823397397995,1
5584,0,0.004381000064313412,0
5585,1,0.9999989867210388,1
5586,0,0.012581000104546547,0
5587,0,2.099999983329326e-05,0
5588,0,0.0003420000139158219,0
5589,0,0.519769012928009,1
5590,0,0.0016820000018924475,0
5591,1,0.9999399781227112,1
5592,1,0.9995549917221069,1
5593,1,0.8607950210571289,1
5594,1,0.9999399781227112,1
5595,1,0.9975399971008301,1
5596,1,0.9997940063476562,1
5597,0,0.030220000073313713,0
5598,1,0.9973980188369751,1
5599,0,0.20102599263191223,0
5600,0,0.008990000002086163,0
5601,0,0.0261049997061491,0
5602,1,0.9991000294685364,1
5603,1,0.33972498774528503,0
5604,1,0.9991329908370972,1
5605,1,0.9926490187644958,1
5606,1,0.999871015548706,1
5607,0,0.024493999779224396,0
5608,1,0.9965260028839111,1
5609,0,0.021391000598669052,0
5610,1,0.9999899864196777,1
5611,1,0.9931690096855164,1
5612,0,0.5709729790687561,1
5613,1,0.9952970147132874,1
5614,1,0.7227789759635925,1
5615,1,0.9958289861679077,1
5616,0,0.00010800000018207356,0
5617,1,0.9946770071983337,1
5618,1,0.39494600892066956,0
5619,1,0.9989719986915588,1
5620,0,0.07535400241613388,0
5621,1,0.6357839703559875,1
5622,1,0.8526049852371216,1
5623,0,0.008000999689102173,0
5624,0,0.01759199984371662,0
5625,1,0.9976450204849243,1
5626,1,0.9549970030784607,1
5627,1,0.995747983455658,1
5628,0,0.0006419999990612268,0
5629,1,0.9999439716339111,1
5630,0,0.007455999962985516,0
5631,0,0.0003389999910723418,0
5632,1,0.9998720288276672,1
5633,0,0.007393999956548214,0
5634,0,4.099999932805076e-05,0
5635,0,5.0999999075429514e-05,0
5636,1,0.9285069704055786,1
5637,0,0.05964300036430359,0
5638,0,0.0,0
5639,0,1.9999999949504854e-06,0
5640,0,0.011385999619960785,0
5641,1,0.9998900294303894,1
5642,1,0.9905250072479248,1
5643,0,0.22436699271202087,0
5644,1,0.9999979734420776,1
5645,1,0.5371130108833313,1
5646,1,0.9926400184631348,1
5647,1,0.9999849796295166,1
5648,0,0.08411099761724472,0
5649,0,0.046831998974084854,0
5650,0,0.5644940137863159,1
5651,1,0.9998520016670227,1
5652,1,0.8646420240402222,1
5653,1,0.9999499917030334,1
5654,1,0.9137020111083984,1
5655,0,0.03436199948191643,0
5656,1,0.9998440146446228,1
5657,1,0.9997159838676453,1
5658,0,3.999999989900971e-06,0
5659,1,0.7691959738731384,1
5660,0,0.0001140000022132881,0
5661,1,0.7682350277900696,1
5662,1,0.7921350002288818,1
5663,1,0.9999859929084778,1
5664,0,8.600000001024455e-05,0
5665,0,0.8468260169029236,1
5666,1,0.9998840093612671,1
5667,1,0.9976040124893188,1
5668,0,0.2642480134963989,0
5669,1,0.9987360239028931,1
5670,1,0.9957929849624634,1
5671,1,0.999459981918335,1
5672,0,0.0001140000022132881,0
5673,1,0.2803809940814972,0
5674,0,0.0439939983189106,0
5675,1,0.9984070062637329,1
5676,0,0.00016799999866634607,0
5677,1,0.9982600212097168,1
5678,1,0.9996410012245178,1
5679,0,0.0025770000647753477,0
5680,1,0.9999020099639893,1
5681,1,0.8484830260276794,1
5682,0,0.017582999542355537,0
5683,0,0.005787000060081482,0
5684,0,0.016200000420212746,0
5685,0,0.043581001460552216,0
5686,1,0.999127984046936,1
5687,1,0.9798049926757812,1
5688,1,0.999550998210907,1
5689,1,0.9998840093612671,1
5690,0,0.14975999295711517,0
5691,0,0.002211000071838498,0
5692,1,0.9999970197677612,1
5693,1,0.9261800050735474,1
5694,0,4.400000034365803e-05,0
5695,1,0.1728540062904358,0
5696,1,0.07488899677991867,0
5697,1,0.9999849796295166,1
5698,1,0.9998440146446228,1
5699,1,0.9998700022697449,1
5700,1,0.9982799887657166,1
5701,0,0.0024250000715255737,0
5702,1,0.999235987663269,1
5703,1,0.999638020992279,1
5704,0,0.01066100038588047,0
5705,0,0.0044479998759925365,0
5706,1,0.9999449849128723,1
5707,1,0.9994720220565796,1
5708,1,0.9918460249900818,1
5709,0,0.005100000184029341,0
5710,0,0.016123000532388687,0
5711,0,0.00392800010740757,0
5712,0,0.008801000192761421,0
5713,0,0.419842004776001,0
5714,1,0.9963260293006897,1
5715,0,0.004865000024437904,0
5716,0,0.2911989986896515,0
5717,0,1.1000000085914508e-05,0
5718,0,0.6134359836578369,1
5719,1,0.9038879871368408,1
5720,1,0.9971089959144592,1
5721,0,4.999999873689376e-06,0
5722,0,0.39102599024772644,0
5723,1,0.9993500113487244,1
5724,0,0.057725001126527786,0
5725,0,0.044571999460458755,0
5726,1,0.4317159950733185,0
5727,0,7.200000254670158e-05,0
5728,0,0.003536999924108386,0
5729,0,0.0004189999890513718,0
5730,0,0.02669999934732914,0
5731,0,0.03403899818658829,0
5732,1,0.9999930262565613,1
5733,0,0.24466699361801147,0
5734,1,0.8713170289993286,1
5735,0,0.07550200074911118,0
5736,0,0.0001539999939268455,0
5737,0,0.8901110291481018,1
5738,1,0.9995890259742737,1
5739,0,0.9049040079116821,1
5740,0,0.9794110059738159,1
5741,0,0.007814000360667706,0
5742,0,9.699999645818025e-05,0
5743,0,0.9590290188789368,1
5744,1,0.8519430160522461,1
5745,1,0.9984650015830994,1
5746,1,0.9999859929084778,1
5747,0,0.009091000072658062,0
5748,1,0.9980660080909729,1
5749,0,0.0038139999378472567,0
5750,0,0.026283999904990196,0
5751,1,0.9970800280570984,1
5752,1,0.9888610243797302,1
5753,0,0.25934499502182007,0
5754,1,0.7229419946670532,1
5755,1,0.1499750018119812,0
5756,0,6.000000212225132e-06,0
5757,1,0.989093005657196,1
5758,1,0.9997900128364563,1
5759,1,0.9999160170555115,1
5760,0,0.007606999948620796,0
5761,0,0.024018999189138412,0
5762,0,0.15642400085926056,0
5763,1,0.9998810291290283,1
5764,1,0.6864820122718811,1
5765,0,0.001133000012487173,0
5766,1,0.9993100166320801,1
5767,0,0.014690999872982502,0
5768,1,0.9997940063476562,1
5769,0,6.0999998822808266e-05,0
5770,0,0.06254799664020538,0
5771,0,0.003223000094294548,0
5772,1,0.12797300517559052,0
5773,1,0.9992280006408691,1
5774,1,0.9936670064926147,1
5775,0,0.006366000045090914,0
5776,0,0.1115259975194931,0
5777,1,0.9992510080337524,1
5778,1,0.999770998954773,1
5779,0,0.002901999978348613,0
5780,1,0.5188620090484619,1
5781,1,0.9839890003204346,1
5782,1,0.998520016670227,1
5783,0,0.04843699932098389,0
5784,0,0.11646399646997452,0
5785,0,0.024568000808358192,0
5786,1,0.9948539733886719,1
5787,1,0.9992169737815857,1
5788,0,0.028224999085068703,0
5789,0,0.026047000661492348,0
5790,0,0.0157260000705719,0
5791,1,0.9944909811019897,1
5792,0,0.06550999730825424,0
5793,1,0.9897710084915161,1
5794,0,0.5267459750175476,1
5795,0,7.79999973019585e-05,0
5796,1,0.5331869721412659,1
5797,1,0.9999309778213501,1
5798,1,0.9731749892234802,1
5799,0,0.004259999841451645,0
5800,1,0.997219979763031,1
5801,1,0.9998959898948669,1
5802,0,0.005098999943584204,0
5803,1,0.9994570016860962,1
5804,1,0.997842013835907,1
5805,0,0.006262999959290028,0
5806,1,0.9612619876861572,1
5807,0,0.023800000548362732,0
5808,1,0.9999799728393555,1
5809,1,0.9989020228385925,1
5810,1,0.9994310140609741,1
5811,1,0.9998980164527893,1
5812,1,0.9936569929122925,1
5813,1,0.9997779726982117,1
5814,1,0.9979299902915955,1
5815,1,0.9999290108680725,1
5816,0,1.4000000192027073e-05,0
5817,0,0.00026500000967644155,0
5818,0,0.21869799494743347,0
5819,0,0.7821339964866638,1
5820,1,0.7353129982948303,1
5821,0,0.000195999993593432,0
5822,1,0.9999499917030334,1
5823,1,0.8690800070762634,1
5824,1,0.9977220296859741,1
5825,1,0.6140419840812683,1
5826,0,0.0016599999507889152,0
5827,0,0.0,0
5828,0,0.18352200090885162,0
5829,1,0.9638460278511047,1
5830,1,0.9791539907455444,1
5831,1,0.9997329711914062,1
5832,1,0.9999210238456726,1
5833,0,0.5333989858627319,1
5834,0,0.12949000298976898,0
5835,1,0.9994930028915405,1
5836,1,0.9991269707679749,1
5837,0,0.04803299903869629,0
5838,0,9.000000136438757e-05,0
5839,1,0.9890699982643127,1
5840,0,0.8798289895057678,1
5841,0,1.5999999959603883e-05,0
5842,0,0.00021499999274965376,0
5843,1,0.9923999905586243,1
5844,1,0.9872620105743408,1
5845,1,0.9994509816169739,1
5846,1,0.987837016582489,1
5847,0,0.03937799856066704,0
5848,0,0.05977800115942955,0
5849,1,0.9991779923439026,1
5850,0,8.099999831756577e-05,0
5851,0,0.6282960176467896,1
5852,1,0.9999189972877502,1
5853,0,0.005750999785959721,0
5854,1,0.9990460276603699,1
5855,1,0.9915109872817993,1
5856,0,0.9751970171928406,1
5857,0,0.026482999324798584,0
5858,0,0.32894399762153625,0
5859,0,0.0014059999957680702,0
5860,1,0.994147002696991,1
5861,0,2.700000004551839e-05,0
5862,1,0.08384399861097336,0
5863,1,0.9953929781913757,1
5864,0,0.10846100002527237,0
5865,1,0.9972109794616699,1
5866,0,0.004947999957948923,0
5867,1,0.9998409748077393,1
5868,1,0.9940770268440247,1
5869,0,0.077674999833107,0
5870,1,0.9298629760742188,1
5871,0,0.6457629799842834,1
5872,1,0.9995250105857849,1
5873,0,0.00520800007507205,0
5874,1,0.9686470031738281,1
5875,1,0.7477499842643738,1
5876,1,0.999891996383667,1
5877,1,0.8542389869689941,1
5878,1,0.9999930262565613,1
5879,1,0.9987419843673706,1
5880,0,2.2000000171829015e-05,0
5881,1,0.0033519999124109745,0
5882,1,0.06756500154733658,0
5883,0,0.5218300223350525,1
5884,0,0.03656499832868576,0
5885,1,0.9869970083236694,1
5886,0,0.014498000033199787,0
5887,0,0.000526999996509403,0
5888,1,0.9975579977035522,1
5889,1,0.9999809861183167,1
5890,1,0.993028998374939,1
5891,0,0.020261000841856003,0
5892,1,0.9943770170211792,1
5893,0,0.011687000282108784,0
5894,1,0.9947090148925781,1
5895,0,0.0005520000122487545,0
5896,0,0.0007120000082068145,0
5897,1,0.9999740123748779,1
5898,0,0.06360399723052979,0
5899,0,7.100000220816582e-05,0
5900,0,0.0007520000217482448,0
5901,0,0.001724999980069697,0
5902,1,0.9928119778633118,1
5903,1,0.07905299961566925,0
5904,1,0.9985910058021545,1
5905,1,0.9994710087776184,1
5906,0,0.0005920000257901847,0
5907,0,0.9170380234718323,1
5908,1,0.9990379810333252,1
5909,1,0.9992510080337524,1
5910,1,0.9997869729995728,1
5911,1,0.9998679757118225,1
5912,1,0.9997069835662842,1
5913,1,0.999813973903656,1
5914,1,0.9808949828147888,1
5915,1,0.7709140181541443,1
5916,1,0.9623889923095703,1
5917,1,0.9938939809799194,1
5918,1,0.8551430106163025,1
5919,1,0.9475190043449402,1
5920,1,0.9992700219154358,1
5921,0,0.0012550000101327896,0
5922,0,6.0999998822808266e-05,0
5923,1,0.9974439740180969,1
5924,1,0.9998959898948669,1
5925,1,0.7718210220336914,1
5926,1,0.9999290108680725,1
5927,0,0.0035359999164938927,0
5928,1,0.9604619741439819,1
5929,0,0.0024389999452978373,0
5930,1,0.9822810292243958,1
5931,0,0.01734899915754795,0
5932,0,4.199999966658652e-05,0
5933,0,0.0007479999912902713,0
5934,0,0.0001539999939268455,0
5935,1,0.5946739912033081,1
5936,1,0.7050020098686218,1
5937,1,0.9520320296287537,1
5938,1,0.9904739856719971,1
5939,1,0.9833859801292419,1
5940,1,0.9995149970054626,1
5941,0,0.0007890000124461949,0
5942,1,0.9927390217781067,1
5943,0,0.00850799959152937,0
5944,0,0.007930000312626362,0
5945,1,0.42410698533058167,0
5946,1,0.999875009059906,1
5947,0,0.21394799649715424,0
5948,0,0.011296000331640244,0
5949,0,0.000590000010561198,0
5950,1,0.9240790009498596,1
5951,0,0.0019259999971836805,0
5952,0,0.012202000245451927,0
5953,0,1.2999999853491317e-05,0
5954,1,0.05195600166916847,0
5955,1,0.8818050026893616,1
5956,1,0.5149279832839966,1
5957,0,0.037404000759124756,0
5958,1,0.9973949790000916,1
5959,1,0.9999970197677612,1
5960,0,0.0018230000277981162,0
5961,0,0.0036120000295341015,0
5962,0,0.1727440059185028,0
5963,0,0.04825599864125252,0
5964,1,0.9031599760055542,1
5965,0,0.0005150000215508044,0
5966,0,0.995993971824646,1
5967,1,0.9993979930877686,1
5968,0,1.4999999621068127e-05,0
5969,0,0.3469170033931732,0
5970,0,0.0001049999991664663,0
5971,1,0.9999939799308777,1
5972,0,0.0004839999892283231,0
5973,0,0.07703299820423126,0
5974,0,0.0036879999097436666,0
5975,1,0.013372000306844711,0
5976,0,4.400000034365803e-05,0
5977,1,0.9932609796524048,1
5978,1,0.9999200105667114,1
5979,0,1.1000000085914508e-05,0
5980,1,0.9906299710273743,1
5981,1,0.9725390076637268,1
5982,1,0.9983599781990051,1
5983,0,0.0699009969830513,0
5984,0,0.003212000010535121,0
5985,0,0.0009850000496953726,0
5986,0,9.999999974752427e-07,0
5987,1,0.3879939913749695,0
5988,1,0.8638409972190857,1
5989,1,0.5305110216140747,1
5990,1,1.0,1
5991,0,1.8000000636675395e-05,0
5992,1,0.4624210000038147,0
5993,1,0.3232719898223877,0
5994,1,0.8994280099868774,1
5995,1,0.9898260235786438,1
5996,1,0.9986640214920044,1
5997,1,0.9665910005569458,1
5998,0,0.0005430000019259751,0
5999,1,0.9999300241470337,1
6000,0,0.0005080000264570117,0
6001,1,0.9893389940261841,1
6002,0,0.004747000057250261,0
6003,1,0.9979439973831177,1
6004,1,0.9870719909667969,1
6005,0,0.0425570011138916,0
6006,0,0.0006590000120922923,0
6007,0,0.7172669768333435,1
6008,0,0.1800609976053238,0
6009,1,0.9994210004806519,1
6010,1,0.991919994354248,1
6011,0,1.1000000085914508e-05,0
6012,1,0.993461012840271,1
6013,0,0.0010160000529140234,0
6014,1,0.291812002658844,0
6015,1,0.9999949932098389,1
6016,0,0.9379879832267761,1
6017,0,0.16471600532531738,0
6018,0,0.03376000002026558,0
6019,0,0.001193000003695488,0
6020,1,0.7266150116920471,1
6021,1,0.9986780285835266,1
6022,0,0.019811000674962997,0
6023,0,0.018496999517083168,0
6024,1,0.9998729825019836,1
6025,1,0.9807680249214172,1
6026,0,0.011858999729156494,0
6027,1,0.9817439913749695,1
6028,1,0.3588840067386627,0
6029,1,0.10412699729204178,0
6030,1,0.9994879961013794,1
6031,0,0.07328999787569046,0
6032,0,0.00010599999950500205,0
6033,1,0.9685059785842896,1
6034,1,0.995169997215271,1
6035,0,0.19612599909305573,0
6036,0,0.0017030000453814864,0
6037,1,0.10351599752902985,0
6038,1,0.9993190169334412,1
6039,0,1.4000000192027073e-05,0
6040,0,0.7380419969558716,1
6041,0,0.0033360000234097242,0
6042,1,0.9994509816169739,1
6043,0,7.200000254670158e-05,0
6044,0,0.17032000422477722,0
6045,1,0.9776260256767273,1
6046,1,0.9991229772567749,1
6047,1,0.9993730187416077,1
6048,0,0.0010649999603629112,0
6049,0,1.4000000192027073e-05,0
6050,1,0.9956589937210083,1
6051,1,0.8856710195541382,1
6052,0,1.2000000424450263e-05,0
6053,0,8.299999899463728e-05,0
6054,0,0.0,0
6055,1,0.010274999774992466,0
6056,1,0.9991959929466248,1
6057,1,0.9742640256881714,1
6058,1,0.989096999168396,1
6059,1,0.9990670084953308,1
6060,0,0.2474759966135025,0
6061,0,0.003208999987691641,0
6062,0,0.005119999870657921,0
6063,0,0.4196839928627014,0
6064,0,0.0053449999541044235,0
6065,0,0.028867999091744423,0
6066,0,0.05287899821996689,0
6067,0,0.5104290246963501,1
6068,0,0.0003530000103637576,0
6069,0,0.0001289999927394092,0
6070,0,0.33802101016044617,0
6071,1,0.997622013092041,1
6072,0,0.00020700000459328294,0
6073,1,0.988381028175354,1
6074,0,0.0003650000144261867,0
6075,0,0.004567999858409166,0
6076,0,0.003544999985024333,0
6077,1,0.9971590042114258,1
6078,0,0.0023640000727027655,0
6079,1,0.9955769777297974,1
6080,0,2.9000000722589903e-05,0
6081,1,0.995822012424469,1
6082,1,0.8969709873199463,1
6083,1,0.9922509789466858,1
6084,0,0.06972900032997131,0
6085,0,0.0005600000149570405,0
6086,1,0.975754976272583,1
6087,0,1.9999999494757503e-05,0
6088,0,0.004304999951273203,0
6089,1,0.9965819716453552,1
6090,1,0.9523299932479858,1
6091,1,0.9070810079574585,1
6092,1,0.9998239874839783,1
6093,0,0.6856300234794617,1
6094,1,0.9866260290145874,1
6095,0,0.8686710000038147,1
6096,0,0.007286000065505505,0
6097,1,0.9978259801864624,1
6098,1,0.9999989867210388,1
6099,0,0.0007769999792799354,0
6100,1,0.9997490048408508,1
6101,1,0.7917609810829163,1
6102,1,0.9973670244216919,1
6103,1,0.706574022769928,1
6104,1,0.9888299703598022,1
6105,1,0.9997519850730896,1
6106,1,0.9999840259552002,1
6107,1,0.9996299743652344,1
6108,1,0.9994540214538574,1
6109,1,0.9991829991340637,1
6110,0,2.9999999242136255e-05,0
6111,0,0.0002899999963119626,0
6112,0,8.70000003487803e-05,0
6113,1,1.0,1
6114,1,0.9955450296401978,1
6115,1,0.9998589754104614,1
6116,1,0.9373940229415894,1
6117,1,0.9977160096168518,1
6118,0,0.6683340072631836,1
6119,1,0.9803730249404907,1
6120,0,0.05379600077867508,0
6121,1,0.4715439975261688,0
6122,0,0.0011099999537691474,0
6123,0,0.00019299999985378236,0
6124,1,0.9971510171890259,1
6125,1,0.9984670281410217,1
6126,0,0.8275570273399353,1
6127,1,0.9746630191802979,1
6128,0,0.0039889998733997345,0
6129,0,0.0006949999951757491,0
6130,0,0.15230600535869598,0
6131,0,0.2922079861164093,0
6132,1,0.9997529983520508,1
6133,0,3.999999989900971e-06,0
6134,0,0.05151800066232681,0
6135,0,0.31505799293518066,0
6136,1,0.9999759793281555,1
6137,0,0.004499000031501055,0
6138,0,0.002624999964609742,0
6139,0,0.41817599534988403,0
6140,1,0.9984639883041382,1
6141,1,0.7831950187683105,1
6142,1,0.9947959780693054,1
6143,0,0.00015500000154133886,0
6144,1,0.7565979957580566,1
6145,1,0.9693400263786316,1
6146,1,0.9936069846153259,1
6147,1,0.9789739847183228,1
6148,0,6.199999916134402e-05,0
6149,1,0.9695829749107361,1
6150,0,0.0005070000188425183,0
6151,0,0.1260170042514801,0
6152,0,0.0017579999985173345,0
6153,0,3.999999989900971e-06,0
6154,0,0.0735900029540062,0
6155,0,0.08361399918794632,0
6156,0,5.500000042957254e-05,0
6157,1,0.9621809720993042,1
6158,0,0.05917400121688843,0
6159,1,0.9966639876365662,1
6160,0,0.02025499939918518,0
6161,0,9.000000318337698e-06,0
6162,1,0.9785090088844299,1
6163,1,1.0,1
6164,0,0.001550000044517219,0
6165,0,0.0024530000519007444,0
6166,1,0.9890480041503906,1
6167,0,0.03181900084018707,0
6168,0,0.00045200000749900937,0
6169,0,0.0034489999525249004,0
6170,1,0.9999989867210388,1
6171,0,0.027824999764561653,0
6172,0,0.12605400383472443,0
6173,0,0.09577199816703796,0
6174,1,1.0,1
6175,1,0.9010729789733887,1
6176,0,0.5682259798049927,1
6177,1,0.9880040287971497,1
6178,0,0.15443800389766693,0
6179,0,0.0028029999230057,0
6180,0,0.0834209993481636,0
6181,0,0.3264850080013275,0
6182,0,0.6310349702835083,1
6183,0,6.299999949987978e-05,0
6184,0,0.03266499936580658,0
6185,1,0.8892009854316711,1
6186,0,0.0326710008084774,0
6187,0,0.003106999909505248,0
6188,0,0.005013999994844198,0
6189,1,0.9989429712295532,1
6190,1,0.991104006767273,1
6191,1,0.9998019933700562,1
6192,0,0.0063240001909434795,0
6193,1,0.9999200105667114,1
6194,1,0.9998239874839783,1
6195,1,0.9810429811477661,1
6196,0,0.007164000067859888,0
6197,1,0.9999799728393555,1
6198,1,0.2908479869365692,0
6199,0,0.044861000031232834,0
6200,1,0.9984930157661438,1
6201,1,0.9980419874191284,1
6202,0,0.012643000110983849,0
6203,1,0.8474209904670715,1
6204,0,0.23718200623989105,0
6205,0,1.9999999494757503e-05,0
6206,0,0.00017100000695791095,0
6207,1,0.9221979975700378,1
6208,0,0.0009759999811649323,0
6209,1,0.9942799806594849,1
6210,0,3.600000127335079e-05,0
6211,1,0.9936689734458923,1
6212,1,0.9993450045585632,1
6213,0,0.2580089867115021,0
6214,0,0.06415200233459473,0
6215,1,0.9986850023269653,1
6216,0,0.05463600158691406,0
6217,0,0.9390619993209839,1
6218,1,0.9999979734420776,1
6219,0,0.0005590000073425472,0
6220,1,0.9740899801254272,1
6221,1,0.9985780119895935,1
6222,1,0.9999189972877502,1
6223,1,0.9999539852142334,1
6224,1,0.6240580081939697,1
6225,0,0.0681539997458458,0
6226,0,0.002432999899610877,0
6227,0,0.0015010000206530094,0
6228,1,0.882436990737915,1
6229,0,0.00016999999934341758,0
6230,0,0.007674000225961208,0
6231,0,0.0058109997771680355,0
6232,1,0.9999439716339111,1
6233,0,0.2950589954853058,0
6234,1,0.8801739811897278,1
6235,1,0.9999989867210388,1
6236,0,0.00021100000594742596,0
6237,0,0.0003819999983534217,0
6238,0,0.4090380072593689,0
6239,0,0.3566420078277588,0
6240,1,0.9878299832344055,1
6241,1,0.9954779744148254,1
6242,1,0.9999819993972778,1
6243,0,0.7794880270957947,1
6244,0,9.999999974752427e-07,0
6245,0,0.0017679999582469463,0
6246,0,0.006934999953955412,0
6247,1,0.9998469948768616,1
6248,0,1.8000000636675395e-05,0
6249,0,0.002122000092640519,0
6250,0,0.0016589999431744218,0
6251,1,0.9962170124053955,1
6252,1,0.4940919876098633,0
6253,1,0.9992600083351135,1
6254,1,0.0778070017695427,0
6255,1,0.018665999174118042,0
6256,0,0.3932250142097473,0
6257,1,0.9986129999160767,1
6258,1,0.9999939799308777,1
6259,1,0.8225929737091064,1
6260,1,0.9999359846115112,1
6261,0,0.4484429955482483,0
6262,1,0.9998559951782227,1
6263,0,0.8940520286560059,1
6264,0,0.00019799999427050352,0
6265,1,0.9999009966850281,1
6266,1,0.9865149855613708,1
6267,0,0.23728400468826294,0
6268,1,0.7423070073127747,1
6269,0,0.8475199937820435,1
6270,1,0.971032977104187,1
6271,1,0.989031970500946,1
6272,1,0.9991520047187805,1
6273,1,0.9999729990959167,1
6274,1,0.849291980266571,1
6275,1,0.9978110194206238,1
6276,1,0.9999960064888,1
6277,1,0.9999600052833557,1
6278,1,0.9999160170555115,1
6279,0,0.06966900080442429,0
6280,0,0.020312000066041946,0
6281,1,0.9997299909591675,1
6282,1,0.9843389987945557,1
6283,1,0.9999970197677612,1
6284,0,0.028138000518083572,0
6285,1,0.9979050159454346,1
6286,1,0.9999759793281555,1
6287,0,0.07617499679327011,0
6288,0,0.47483399510383606,0
6289,0,0.00026599998818710446,0
6290,0,0.00016599999798927456,0
6291,0,0.009432000108063221,0
6292,0,0.05869600176811218,0
6293,1,0.7367380261421204,1
6294,0,0.013407999649643898,0
6295,0,0.00010099999781232327,0
6296,0,0.007815999910235405,0
6297,1,0.1804489940404892,0
6298,0,0.001158999977633357,0
6299,0,0.08542300015687943,0
6300,0,0.19465599954128265,0
6301,1,0.9998670220375061,1
6302,1,0.6962829828262329,1
6303,1,0.9998930096626282,1
6304,1,0.12148299813270569,0
6305,0,0.0011439999798312783,0
6306,1,0.09790600091218948,0
6307,1,0.1884779930114746,0
6308,1,0.9805939793586731,1
6309,1,0.8878300189971924,1
6310,1,0.9678879976272583,1
6311,1,0.9995129704475403,1
6312,0,0.9486939907073975,1
6313,1,0.9024680256843567,1
6314,1,0.9951789975166321,1
6315,1,0.9990280270576477,1
6316,0,0.008886000141501427,0
6317,1,0.998494029045105,1
6318,0,0.3230060040950775,0
6319,1,0.9877240061759949,1
6320,0,0.6064410209655762,1
6321,0,0.0063149998895823956,0
6322,0,0.002919000107795,0
6323,1,0.953997015953064,1
6324,0,0.0007179999956861138,0
6325,1,0.5095360279083252,1
6326,1,0.9999809861183167,1
6327,1,0.9999899864196777,1
6328,0,0.0031649998854845762,0
6329,0,0.3186179995536804,0
6330,0,0.03512899950146675,0
6331,0,0.3161599934101105,0
6332,1,0.9999619722366333,1
6333,1,0.9964519739151001,1
6334,0,0.10623999685049057,0
6335,1,0.9804630279541016,1
6336,0,0.0005189999938011169,0
6337,0,0.0062489998526871204,0
6338,0,0.004176000133156776,0
6339,0,0.046160999685525894,0
6340,0,0.000818000000435859,0
6341,1,0.9973570108413696,1
6342,1,0.9656460285186768,1
6343,0,0.03779599815607071,0
6344,0,0.014553000219166279,0
6345,0,0.016023000702261925,0
6346,0,7.400000322377309e-05,0
6347,1,0.9999960064888,1
6348,1,0.9272519946098328,1
6349,1,0.9958840012550354,1
6350,0,0.0004980000085197389,0
6351,1,0.8648629784584045,1
6352,1,0.26052799820899963,0
6353,1,0.9998630285263062,1
6354,1,0.9020379781723022,1
6355,0,0.00014400000509340316,0
6356,0,0.11955799907445908,0
6357,1,0.7142149806022644,1
6358,0,0.01686999946832657,0
6359,1,0.2863369882106781,0
6360,0,0.00012199999764561653,0
6361,0,0.0002589999930933118,0
6362,1,0.14182500541210175,0
6363,0,0.0009629999985918403,0
6364,0,0.006773999892175198,0
6365,0,3.000000106112566e-06,0
6366,0,0.1407189965248108,0
6367,0,0.0021899999119341373,0
6368,0,0.22454500198364258,0
6369,0,0.000645000021904707,0
6370,1,0.913303017616272,1
6371,1,0.9982950091362,1
6372,1,0.996641993522644,1
6373,1,0.9978830218315125,1
6374,1,0.9999930262565613,1
6375,1,0.3261899948120117,0
6376,0,0.009278999641537666,0
6377,0,0.05849599838256836,0
6378,0,0.010471000336110592,0
6379,0,0.0007319999858736992,0
6380,1,0.8484129905700684,1
6381,0,0.06442700326442719,0
6382,0,0.28212299942970276,0
6383,0,0.027844000607728958,0
6384,1,0.9804589748382568,1
6385,1,0.9963409900665283,1
6386,1,0.9951050281524658,1
6387,0,0.005601999815553427,0
6388,1,0.9898849725723267,1
6389,1,0.24103499948978424,0
6390,0,0.11677999794483185,0
6391,1,0.99891197681427,1
6392,0,0.05697700008749962,0
6393,0,0.22114400565624237,0
6394,0,0.000299000006634742,0
6395,0,0.0005080000264570117,0
6396,1,0.9994279742240906,1
6397,0,0.7379440069198608,1
6398,0,0.00012799999967683107,0
6399,1,0.999763011932373,1
6400,0,7.300000288523734e-05,0
6401,1,0.9987589716911316,1
6402,1,0.6540089845657349,1
6403,0,9.999999747378752e-06,0
6404,1,0.9999979734420776,1
6405,1,0.9998670220375061,1
6406,1,0.38211798667907715,0
6407,1,0.9876800179481506,1
6408,1,0.6792719960212708,1
6409,0,4.999999873689376e-06,0
6410,1,0.9556270241737366,1
6411,1,0.9822840094566345,1
6412,0,0.011188000440597534,0
6413,0,2.099999983329326e-05,0
6414,0,0.031808000057935715,0
6415,1,0.9992160201072693,1
6416,0,0.8842419981956482,1
6417,0,0.6251559853553772,1
6418,0,7.999999797903001e-05,0
6419,0,0.0016589999431744218,0
6420,0,0.001164000015705824,0
6421,0,0.00015700000221841037,0
6422,0,0.002443999983370304,0
6423,0,6.900000153109431e-05,0
6424,0,0.0043379999697208405,0
6425,0,0.0020989999175071716,0
6426,1,0.8117409944534302,1
6427,1,0.9690229892730713,1
6428,0,0.005963999778032303,0
6429,1,1.0,1
6430,1,0.9999939799308777,1
6431,0,2.5999999706982635e-05,0
6432,0,0.9045209884643555,1
6433,1,0.9999979734420776,1
6434,1,0.9737780094146729,1
6435,0,0.5256999731063843,1
6436,1,0.99378502368927,1
6437,0,0.016932999715209007,0
6438,1,0.861286997795105,1
6439,0,2.499999936844688e-05,0
6440,0,0.004989999812096357,0
6441,1,0.9604629874229431,1
6442,1,0.9999619722366333,1
6443,0,1.1000000085914508e-05,0
6444,0,0.0019839999731630087,0
6445,0,0.08532500267028809,0
6446,1,0.9996780157089233,1
6447,0,0.15467700362205505,0
6448,1,0.9997609853744507,1
6449,0,0.004015999846160412,0
6450,1,0.9817190170288086,1
6451,0,0.0005440000095404685,0
6452,0,0.12619300186634064,0
6453,0,0.0009389999904669821,0
6454,0,0.03102399967610836,0
6455,0,0.004604000132530928,0
6456,0,0.004821000155061483,0
6457,0,0.25171899795532227,0
6458,0,0.00015199999324977398,0
6459,1,0.9891679883003235,1
6460,1,0.22944100201129913,0
6461,0,0.1039540022611618,0
6462,0,0.0009340000106021762,0
6463,0,0.019778000190854073,0
6464,1,0.9999750256538391,1
6465,1,0.26840999722480774,0
6466,0,0.013288999907672405,0
6467,0,0.011439000256359577,0
6468,0,0.0038850000128149986,0
6469,1,0.9996669888496399,1
6470,0,0.7300000190734863,1
6471,0,0.00032500000088475645,0
6472,1,0.9999650120735168,1
6473,1,0.9998400211334229,1
6474,0,0.013581999577581882,0
6475,0,0.12849999964237213,0
6476,1,0.8783130049705505,1
6477,0,3.7999998312443495e-05,0
6478,1,0.959181010723114,1
6479,0,0.4410580098628998,0
6480,1,0.9999960064888,1
6481,0,0.03793200105428696,0
6482,1,0.8594350218772888,1
6483,0,0.011195999570190907,0
6484,0,0.24951699376106262,0
6485,0,0.011622999794781208,0
6486,0,0.01881599985063076,0
6487,0,0.0002629999944474548,0
6488,1,0.9822379946708679,1
6489,0,0.47536298632621765,0
6490,1,0.81072598695755,1
6491,1,0.9998049736022949,1
6492,0,0.014448000118136406,0
6493,0,0.0009790000040084124,0
6494,0,0.13284100592136383,0
6495,0,0.041078001260757446,0
6496,0,0.027160000056028366,0
6497,0,0.0069610001519322395,0
6498,1,0.9999340176582336,1
6499,0,0.018343999981880188,0
6500,0,0.0008290000259876251,0
6501,1,0.9671440124511719,1
6502,1,0.9902330040931702,1
6503,1,0.9957709908485413,1
6504,0,0.018633000552654266,0
6505,0,0.001858999952673912,0
6506,1,0.9999840259552002,1
6507,0,0.01888200081884861,0
6508,0,0.023662999272346497,0
6509,1,0.9997320175170898,1
6510,0,0.003942000214010477,0
6511,1,0.999538004398346,1
6512,1,0.9990540146827698,1
6513,1,0.9943529963493347,1
6514,0,0.8794909715652466,1
6515,1,0.9369189739227295,1
6516,0,0.007962999865412712,0
6517,1,1.0,1
6518,0,0.01617100089788437,0
6519,1,0.9999610185623169,1
6520,1,0.9987959861755371,1
6521,1,0.9734050035476685,1
6522,1,0.9998559951782227,1
6523,0,0.03018599934875965,0
6524,0,0.015193999744951725,0
6525,0,0.052365999668836594,0
6526,1,0.9999529719352722,1
6527,1,0.9915390014648438,1
6528,1,0.9999949932098389,1
6529,1,0.9954530000686646,1
6530,0,0.045559998601675034,0
6531,0,0.0248780008405447,0
6532,1,0.999966025352478,1
6533,0,0.2589139938354492,0
6534,0,0.08092000335454941,0
6535,1,0.9948089718818665,1
6536,1,0.9999930262565613,1
6537,0,0.7438229918479919,1
6538,1,0.9926609992980957,1
6539,1,0.9999510049819946,1
6540,0,0.0070409998297691345,0
6541,1,0.9994329810142517,1
6542,1,0.9901419878005981,1
6543,1,0.9999340176582336,1
6544,1,0.996828019618988,1
6545,1,0.998199999332428,1
6546,0,0.0025629999581724405,0
6547,1,0.9999949932098389,1
6548,0,3.999999989900971e-06,0
6549,0,0.00018600000475998968,0
6550,0,0.0047900001518428326,0
6551,1,0.9999859929084778,1
6552,0,0.5030199885368347,1
6553,0,0.027804000303149223,0
6554,0,3.7999998312443495e-05,0
6555,1,0.8598899841308594,1
6556,1,0.9975100159645081,1
6557,0,0.276529997587204,0
6558,1,0.975570023059845,1
6559,0,0.028567999601364136,0
6560,0,0.11606399714946747,0
6561,0,0.0009389999904669821,0
6562,0,9.999999974752427e-07,0
6563,0,0.09561099857091904,0
6564,1,0.9970800280570984,1
6565,1,0.5177189707756042,1
6566,0,0.004027999937534332,0
6567,0,3.7999998312443495e-05,0
6568,1,0.9966260194778442,1
6569,1,0.7202439904212952,1
6570,0,0.044589001685380936,0
6571,1,0.9976760149002075,1
6572,0,0.16448399424552917,0
6573,1,1.0,1
6574,0,0.8182830214500427,1
6575,0,0.00808900035917759,0
6576,1,0.9999709725379944,1
6577,1,0.9926260113716125,1
6578,0,0.5906810164451599,1
6579,1,0.9321169853210449,1
6580,0,7.000000096013537e-06,0
6581,1,0.9999160170555115,1
6582,1,0.9991049766540527,1
6583,0,8.399999933317304e-05,0
6584,0,0.8556079864501953,1
6585,1,0.9985359907150269,1
6586,1,0.8964329957962036,1
6587,0,0.00017499999376013875,0
6588,0,0.0008619999862276018,0
6589,1,0.7585999965667725,1
6590,0,0.000846999988425523,0
6591,1,0.9727979898452759,1
6592,0,3.999999989900971e-06,0
6593,0,7.200000254670158e-05,0
6594,0,0.00927599985152483,0
6595,0,0.004137999843806028,0
6596,1,0.9937310218811035,1
6597,0,0.9134719967842102,1
6598,0,0.10356300324201584,0
6599,0,0.020190000534057617,0
6600,0,0.15161000192165375,0
6601,0,0.043393999338150024,0
6602,1,0.25115200877189636,0
6603,1,0.2260349988937378,0
6604,0,0.0015770000172778964,0
6605,1,0.035691998898983,0
6606,1,0.9999960064888,1
6607,1,0.7973840236663818,1
6608,0,0.02232999913394451,0
6609,0,0.006821000017225742,0
6610,0,0.0020459999796003103,0
6611,1,0.8218539953231812,1
6612,0,4.400000034365803e-05,0
6613,0,0.0004309999931138009,0
6614,0,0.00010099999781232327,0
6615,1,0.9918140172958374,1
6616,1,0.9958860278129578,1
6617,1,0.9973059892654419,1
6618,0,0.1439010053873062,0
6619,0,0.006039000116288662,0
6620,0,0.7773200273513794,1
6621,0,0.0673070028424263,0
6622,0,0.00020599999697878957,0
6623,0,0.00010699999984353781,0
6624,0,0.17466199398040771,0
6625,1,0.9999989867210388,1
6626,1,0.9651830196380615,1
6627,0,0.00047900000936351717,0
6628,0,0.9035639762878418,1
6629,1,0.35760900378227234,0
6630,1,0.9961860179901123,1
6631,0,0.000391999987186864,0
6632,0,0.9712859988212585,1
6633,1,0.9961109757423401,1
6634,0,0.37360599637031555,0
6635,1,0.9990540146827698,1
6636,0,0.00010399999882793054,0
6637,0,0.025381000712513924,0
6638,1,0.9200400114059448,1
6639,0,0.0,0
6640,0,0.0006459999713115394,0
6641,1,0.039413999766111374,0
6642,0,0.0012509999796748161,0
6643,1,0.587240993976593,1
6644,1,0.9996240139007568,1
6645,0,0.5570300221443176,1
6646,0,0.5876100063323975,1
6647,0,0.0019049999536946416,0
6648,0,0.010599000379443169,0
6649,1,0.9905080199241638,1
6650,0,0.0006360000115819275,0
6651,1,0.8848549723625183,1
6652,1,0.9988539814949036,1
6653,0,0.0030300000216811895,0
6654,0,0.2780759930610657,0
6655,0,0.012076999992132187,0
6656,0,0.006978999823331833,0
6657,1,0.9918069839477539,1
6658,1,0.9256229996681213,1
6659,1,0.9768009781837463,1
6660,1,0.8677579760551453,1
6661,1,0.9997450113296509,1
6662,1,0.9975990056991577,1
6663,1,0.9999989867210388,1
6664,1,0.995618999004364,1
6665,1,0.9929519891738892,1
6666,0,0.0037320000119507313,0
6667,0,0.09243199974298477,0
6668,0,0.4150739908218384,0
6669,1,0.3836829960346222,0
6670,0,0.0011609999928623438,0
6671,0,0.00026599998818710446,0
6672,1,0.9999669790267944,1
6673,0,0.015905000269412994,0
6674,0,1.8999999156221747e-05,0
6675,1,0.9969779849052429,1
6676,0,0.00011000000085914508,0
6677,0,0.014158000238239765,0
6678,1,0.9977849721908569,1
6679,0,1.5999999959603883e-05,0
6680,1,0.9979599714279175,1
6681,0,0.1570899933576584,0
6682,0,0.0013960000360384583,0
6683,1,0.8196030259132385,1
6684,0,7.79999973019585e-05,0
6685,0,0.34812599420547485,0
6686,0,1.9999999949504854e-06,0
6687,0,3.999999989900971e-06,0
6688,0,0.0018759999657049775,0
6689,1,0.7101879715919495,1
6690,0,0.001955999992787838,0
6691,0,0.22413599491119385,0
6692,0,0.14758700132369995,0
6693,0,0.7913839817047119,1
6694,0,0.0007570000016130507,0
6695,1,0.9921119809150696,1
6696,0,0.00011100000119768083,0
6697,0,0.024467000737786293,0
6698,1,0.9847869873046875,1
6699,1,0.9990829825401306,1
6700,1,0.5865799784660339,1
6701,0,0.009003999643027782,0
6702,0,0.2620390057563782,0
6703,1,0.9264900088310242,1
6704,1,0.7681519985198975,1
6705,1,0.9585559964179993,1
6706,0,0.22647300362586975,0
6707,1,0.9999979734420776,1
6708,0,5.500000042957254e-05,0
6709,1,0.9983230233192444,1
6710,1,1.0,1
6711,1,0.9999930262565613,1
6712,1,0.978082001209259,1
6713,1,0.9963439702987671,1
6714,0,0.0,0
6715,0,0.9865249991416931,1
6716,0,0.04092499986290932,0
6717,1,0.9808160066604614,1
6718,1,0.9990569949150085,1
6719,0,0.02908400073647499,0
6720,0,0.0,0
6721,1,0.9969750046730042,1
6722,0,0.0003800000122282654,0
6723,1,0.9976369738578796,1
6724,0,0.4502759873867035,0
6725,1,1.0,1
6726,1,0.9814680218696594,1
6727,0,0.4128609895706177,0
6728,0,0.0007960000075399876,0
6729,1,0.999305009841919,1
6730,1,0.9999799728393555,1
6731,1,0.9997519850730896,1
6732,1,0.9999960064888,1
6733,1,0.999422013759613,1
6734,1,0.9251750111579895,1
6735,1,0.05857300013303757,0
6736,0,0.9650760293006897,1
6737,1,0.9627310037612915,1
6738,0,1.2000000424450263e-05,0
6739,0,0.12651599943637848,0
6740,1,0.030260000377893448,0
6741,1,0.9475640058517456,1
6742,1,0.969963014125824,1
6743,1,0.9999960064888,1
6744,0,0.004863999783992767,0
6745,0,2.9000000722589903e-05,0
6746,0,0.0022499999031424522,0
6747,0,0.32764899730682373,0
6748,1,0.9945279955863953,1
6749,1,0.018843000754714012,0
6750,0,0.026489999145269394,0
6751,1,0.9998589754104614,1
6752,1,0.9987750053405762,1
6753,0,0.00010800000018207356,0
6754,1,0.9974560141563416,1
6755,0,0.0663599967956543,0
6756,0,0.015931999310851097,0
6757,1,0.998947024345398,1
6758,0,2.300000051036477e-05,0
6759,0,0.5878270268440247,1
6760,1,0.9946510195732117,1
6761,1,0.999809980392456,1
6762,0,0.0030869999900460243,0
6763,1,0.898389995098114,1
6764,0,0.010707000270485878,0
6765,0,0.018341999500989914,0
6766,0,0.05513399839401245,0
6767,0,0.1690939962863922,0
6768,1,0.999364972114563,1
6769,1,0.9972389936447144,1
6770,0,0.0014570000348612666,0
6771,0,0.0021550001110881567,0
6772,1,0.9994649887084961,1
6773,1,0.9703779816627502,1
6774,1,0.9981889724731445,1
6775,0,0.006353999953716993,0
6776,0,0.04469799995422363,0
6777,1,1.0,1
6778,0,0.0056779999285936356,0
6779,1,0.9575750231742859,1
6780,1,0.3192949891090393,0
6781,0,0.8117330074310303,1
6782,0,0.009891999885439873,0
6783,1,0.9985949993133545,1
6784,1,0.13199500739574432,0
6785,0,0.0018939999863505363,0
6786,0,0.02230899967253208,0
6787,0,0.3765009939670563,0
6788,1,0.49774599075317383,0
6789,0,0.00368599989451468,0
6790,1,0.996757984161377,1
6791,0,0.0032019999343901873,0
6792,0,0.0016769999638199806,0
6793,1,0.9999619722366333,1
6794,0,6.000000212225132e-06,0
6795,0,0.0010089999996125698,0
6796,1,0.9987900257110596,1
6797,0,0.5913609862327576,1
6798,1,0.9926329851150513,1
6799,0,0.004372000228613615,0
6800,1,0.9999970197677612,1
6801,1,0.9936710000038147,1
6802,0,0.00011899999663000926,0
6803,1,0.8494759798049927,1
6804,1,0.999796986579895,1
6805,1,0.9999979734420776,1
6806,1,0.9999979734420776,1
6807,0,0.0016959999920800328,0
6808,1,0.9899340271949768,1
6809,1,0.9124420285224915,1
6810,1,0.9986280202865601,1
6811,0,0.09881599992513657,0
6812,1,0.9972860217094421,1
6813,0,0.051311999559402466,0
6814,0,0.6318010091781616,1
6815,1,0.990181028842926,1
6816,0,0.07851000130176544,0
6817,1,0.9999459981918335,1
6818,0,0.03219199925661087,0
6819,1,0.9087219834327698,1
6820,1,0.999809980392456,1
6821,0,0.0004440000047907233,0
6822,1,0.9997159838676453,1
6823,0,0.07688400149345398,0
6824,1,0.9999849796295166,1
6825,1,0.9785000085830688,1
6826,1,0.9954689741134644,1
6827,0,0.057544998824596405,0
6828,0,0.0008570000063627958,0
6829,1,0.9999619722366333,1
6830,0,0.0005510000046342611,0
6831,0,0.11916100233793259,0
6832,1,0.9999780058860779,1
6833,1,0.9930070042610168,1
6834,1,0.9999979734420776,1
6835,1,0.6046550273895264,1
6836,1,0.9759430289268494,1
6837,0,0.2621079981327057,0
6838,1,0.9999970197677612,1
6839,1,0.9841920137405396,1
6840,1,0.9956499934196472,1
6841,0,0.09994799643754959,0
6842,1,0.9807909727096558,1
6843,0,0.02353299967944622,0
6844,0,0.13308300077915192,0
6845,0,0.00047900000936351717,0
6846,0,0.11211100220680237,0
6847,1,0.9988750219345093,1
6848,1,0.9995579719543457,1
6849,0,0.002256999956443906,0
6850,1,0.9948850274085999,1
6851,0,3.199999991920777e-05,0
6852,0,0.014116000384092331,0
6853,0,0.04805000126361847,0
6854,0,0.014498000033199787,0
6855,0,1.9999999949504854e-06,0
6856,1,0.15300500392913818,0
6857,1,0.9999629855155945,1
6858,0,0.1996999979019165,0
6859,1,0.9924420118331909,1
6860,1,0.9993889927864075,1
6861,0,0.9972140192985535,1
6862,0,0.033521998673677444,0
6863,1,0.9996939897537231,1
6864,1,0.5843279957771301,1
6865,1,0.984978973865509,1
6866,1,0.9902470111846924,1
6867,1,0.978085994720459,1
6868,1,0.9993870258331299,1
6869,1,0.9854400157928467,1
6870,1,0.9147070050239563,1
6871,1,0.9999520182609558,1
6872,1,0.3470599949359894,0
6873,0,7.899999764049426e-05,0
6874,0,0.00023499999952036887,0
6875,1,0.5165989995002747,1
6876,1,0.9180529713630676,1
6877,0,0.004133000038564205,0
6878,1,0.9961900115013123,1
6879,1,0.9999619722366333,1
6880,1,0.998537003993988,1
6881,1,0.9497399926185608,1
6882,0,0.002428000094369054,0
6883,0,0.1290690004825592,0
6884,0,0.002546000061556697,0
6885,1,0.003152000019326806,0
6886,1,0.9999989867210388,1
6887,1,0.9998340010643005,1
6888,0,0.6108229756355286,1
6889,1,0.9265609979629517,1
6890,0,0.30485600233078003,0
6891,0,0.05079999938607216,0
6892,0,0.819445013999939,1
6893,0,0.004879999905824661,0
6894,0,0.6385679841041565,1
6895,0,0.46562400460243225,0
6896,1,0.9866210222244263,1
6897,1,0.559984028339386,1
6898,0,0.0,0
6899,1,0.9942420125007629,1
6900,0,0.004999999888241291,0
6901,1,0.9998900294303894,1
6902,0,0.0012540000025182962,0
6903,0,0.3617919981479645,0
6904,1,0.7727469801902771,1
6905,1,0.9517080187797546,1
6906,1,0.9114440083503723,1
6907,1,0.9999780058860779,1
6908,1,0.9494739770889282,1
6909,1,0.9987180233001709,1
6910,1,0.9935550093650818,1
6911,0,0.11639200150966644,0
6912,1,0.9958459734916687,1
6913,0,0.007528000045567751,0
6914,0,0.002102999947965145,0
6915,1,0.9999989867210388,1
6916,0,0.021875999867916107,0
6917,1,0.998528003692627,1
6918,0,0.006200999952852726,0
6919,1,0.9571470022201538,1
6920,1,0.610027015209198,1
6921,0,0.09440000355243683,0
6922,1,0.9995599985122681,1
6923,0,1.2000000424450263e-05,0
6924,1,0.9992619752883911,1
6925,0,0.0661349967122078,0
6926,1,0.9736359715461731,1
6927,1,0.9623479843139648,1
6928,0,0.8228430151939392,1
6929,0,0.10512299835681915,0
6930,0,0.00020399999630171806,0
6931,0,0.00761000020429492,0
6932,1,0.9915199875831604,1
6933,0,0.10053600370883942,0
6934,0,0.004153000190854073,0
6935,0,0.0005259999888949096,0
6936,1,0.9966040253639221,1
6937,1,0.9997000098228455,1
6938,0,0.0035929998848587275,0
6939,1,0.998274028301239,1
6940,1,0.992152988910675,1
6941,1,0.7372699975967407,1
6942,1,0.9998120069503784,1
6943,1,0.998956024646759,1
6944,1,0.9998270273208618,1
6945,1,0.7290149927139282,1
6946,0,0.0030769999139010906,0
6947,0,0.35155799984931946,0
6948,1,0.9999989867210388,1
6949,0,0.00020199999562464654,0
6950,1,0.9658240079879761,1
6951,1,0.9996700286865234,1
6952,1,0.9914420247077942,1
6953,1,0.39947399497032166,0
6954,0,2.300000051036477e-05,0
6955,1,0.6953489780426025,1
6956,0,0.016826000064611435,0
6957,0,0.7549300193786621,1
6958,0,0.016665000468492508,0
6959,1,0.9993129968643188,1
6960,0,0.09462500363588333,0
6961,1,0.9995430111885071,1
6962,0,0.7016720175743103,1
6963,0,0.12248899787664413,0
6964,1,0.9931650161743164,1
6965,1,0.9995430111885071,1
6966,0,0.8425899744033813,1
6967,1,0.9999979734420776,1
6968,1,0.6957240104675293,1
6969,0,0.0015739999944344163,0
6970,0,0.8412690162658691,1
6971,0,0.36768800020217896,0
6972,0,0.030246999114751816,0
6973,1,0.9999740123748779,1
6974,1,0.9912980198860168,1
6975,0,0.0001289999927394092,0
6976,0,0.01776600070297718,0
6977,0,0.9999799728393555,1
6978,1,0.9996449947357178,1
6979,1,0.9999330043792725,1
6980,0,0.00595800019800663,0
6981,1,0.99959397315979,1
6982,1,0.6976869702339172,1
6983,1,0.9974960088729858,1
6984,0,0.22344399988651276,0
6985,0,0.32910099625587463,0
6986,1,0.9999570250511169,1
6987,1,0.9556310176849365,1
6988,0,0.00027600000612437725,0
6989,0,0.00012399999832268804,0
6990,0,0.0008929999894462526,0
6991,0,0.003143999958410859,0
6992,0,0.00747800013050437,0
6993,0,0.06594900041818619,0
6994,0,0.04419799894094467,0
6995,0,1.1000000085914508e-05,0
6996,1,0.9977660179138184,1
6997,1,0.9992579817771912,1
6998,1,0.39073801040649414,0
6999,1,0.9727920293807983,1
7000,1,0.39980000257492065,0
7001,1,0.9999020099639893,1
7002,0,0.0003380000125616789,0
7003,0,0.0024250000715255737,0
7004,1,0.9827849864959717,1
7005,0,0.0012989999959245324,0
7006,1,0.9999840259552002,1
7007,1,0.1468929946422577,0
7008,0,0.007327000144869089,0
7009,1,0.8808109760284424,1
7010,1,0.9993640184402466,1
7011,0,0.02714099921286106,0
7012,0,0.008508999831974506,0
7013,0,0.016860000789165497,0
7014,1,0.9904000163078308,1
7015,0,0.17521299421787262,0
7016,0,0.0004299999854993075,0
7017,1,0.9991620182991028,1
7018,1,0.9530990123748779,1
7019,1,0.9614560008049011,1
7020,0,0.0069519998505711555,0
7021,1,0.999563992023468,1
7022,0,0.004009000025689602,0
7023,0,0.03661999851465225,0
7024,1,0.23070499300956726,0
7025,0,0.0003980000037699938,0
7026,1,0.9999849796295166,1
7027,1,0.9930469989776611,1
7028,0,0.0010989999864250422,0
7029,1,0.9999009966850281,1
7030,1,0.9998270273208618,1
7031,1,0.9993799924850464,1
7032,1,0.8341230154037476,1
7033,1,0.8404139876365662,1
7034,0,0.0003809999907389283,0
7035,1,0.9969170093536377,1
7036,1,0.9969379901885986,1
7037,0,0.07969500124454498,0
7038,1,0.9953050017356873,1
7039,1,0.9999960064888,1
7040,1,1.0,1
7041,0,4.999999873689376e-05,0
7042,1,0.17584000527858734,0
7043,0,0.0002530000056140125,0
7044,0,0.0065899998880922794,0
7045,0,0.2953529953956604,0
7046,0,0.04972200095653534,0
7047,1,0.9962490200996399,1
7048,1,0.9955719709396362,1
7049,0,0.06417100131511688,0
7050,0,0.9352920055389404,1
7051,0,0.8232160210609436,1
7052,1,0.9939709901809692,1
7053,0,0.0002570000069681555,0
7054,1,0.9981139898300171,1
7055,1,0.9903069734573364,1
7056,1,0.9487630128860474,1
7057,1,0.9688889980316162,1
7058,1,0.9998120069503784,1
7059,0,5.8000001445179805e-05,0
7060,0,0.002498999936506152,0
7061,1,1.0,1
7062,0,0.00011800000356743112,0
7063,0,9.999999974752427e-07,0
7064,0,6.000000212225132e-06,0
7065,1,0.8961939811706543,1
7066,1,0.9926519989967346,1
7067,1,0.9976950287818909,1
7068,0,0.0,0
7069,1,0.9963970184326172,1
7070,1,0.9620580077171326,1
7071,1,0.9997569918632507,1
7072,1,0.9872360229492188,1
7073,0,6.399999983841553e-05,0
7074,0,0.03162100166082382,0
7075,1,0.6943609714508057,1
7076,0,0.08675500005483627,0
7077,1,0.9993280172348022,1
7078,1,0.9210889935493469,1
7079,0,0.0028429999947547913,0
7080,1,0.7143340110778809,1
7081,1,0.9998890161514282,1
7082,1,0.47620201110839844,0
7083,0,0.03552599996328354,0
7084,0,0.0025160000659525394,0
7085,1,0.9999600052833557,1
7086,0,0.5994910001754761,1
7087,0,0.12750299274921417,0
7088,0,1.1000000085914508e-05,0
7089,0,0.21738700568675995,0
7090,1,0.998989999294281,1
7091,1,0.898048996925354,1
7092,0,0.5049399733543396,1
7093,1,0.9999939799308777,1
7094,0,0.022439999505877495,0
7095,1,0.9997689723968506,1
7096,1,0.9982669949531555,1
7097,1,0.9990440011024475,1
7098,1,0.998242974281311,1
7099,0,0.9102839827537537,1
7100,0,0.007089999970048666,0
7101,0,0.012511000037193298,0
7102,0,0.007849999703466892,0
7103,1,0.9999330043792725,1
7104,1,0.9996659755706787,1
7105,0,0.0031620000954717398,0
7106,1,0.8229939937591553,1
7107,1,0.9150019884109497,1
7108,1,0.986096978187561,1
7109,0,0.0008449999731965363,0
7110,1,0.9999930262565613,1
7111,0,0.6480420231819153,1
7112,1,0.970104992389679,1
7113,0,0.013442999683320522,0
7114,1,0.9997860193252563,1
7115,1,0.2181369960308075,0
7116,0,0.004056999925523996,0
7117,1,0.9815009832382202,1
7118,1,0.998665988445282,1
7119,1,0.9990320205688477,1
7120,1,0.9998189806938171,1
7121,0,0.0018339999951422215,0
7122,0,0.004327000118792057,0
7123,1,0.9972079992294312,1
7124,0,0.13874399662017822,0
7125,0,0.00020199999562464654,0
7126,1,0.7925860285758972,1
7127,1,0.9730790257453918,1
7128,1,0.9942589998245239,1
7129,1,0.9996950030326843,1
7130,0,0.0057760002091526985,0
7131,1,0.9997069835662842,1
7132,0,0.012759000062942505,0
7133,1,0.9614359736442566,1
7134,0,0.032958000898361206,0
7135,1,0.9999470114707947,1
7136,0,0.00266700005158782,0
7137,0,0.0020069999154657125,0
7138,0,0.00014699999883305281,0
7139,0,0.003441999899223447,0
7140,1,0.9589669704437256,1
7141,1,0.9993299841880798,1
7142,1,0.8200690150260925,1
7143,1,0.9959400296211243,1
7144,1,0.9996989965438843,1
7145,0,0.0013379999436438084,0
7146,0,0.04132699966430664,0
7147,1,0.8796179890632629,1
7148,0,0.0034990001004189253,0
7149,1,0.9990540146827698,1
7150,0,0.06107199937105179,0
7151,1,0.9975069761276245,1
7152,0,0.0003699999942909926,0
7153,1,0.9928910136222839,1
7154,1,0.9949889779090881,1
7155,0,0.018286999315023422,0
7156,0,0.05866999924182892,0
7157,0,0.06091099977493286,0
7158,0,0.02339700050652027,0
7159,1,0.8585240244865417,1
7160,1,0.375465989112854,0
7161,1,0.9999589920043945,1
7162,0,0.0019499999471008778,0
7163,1,0.9863550066947937,1
7164,1,0.7106999754905701,1
7165,0,0.016944000497460365,0
7166,1,0.9908180236816406,1
7167,1,0.9511269927024841,1
7168,0,0.004304999951273203,0
7169,0,0.07878900319337845,0
7170,1,0.016452999785542488,0
7171,1,0.9330539703369141,1
7172,0,0.4892759919166565,0
7173,0,0.010134000331163406,0
7174,1,0.9986280202865601,1
7175,1,0.6490569710731506,1
7176,0,0.03511099889874458,0
7177,1,0.9987549781799316,1
7178,1,0.9999719858169556,1
7179,1,0.7944369912147522,1
7180,0,0.023736000061035156,0
7181,0,0.15740099549293518,0
7182,1,0.44216400384902954,0
7183,1,0.9999970197677612,1
7184,1,0.9996619820594788,1
7185,1,0.9965410232543945,1
7186,0,0.0005029999883845448,0
7187,1,0.5215539932250977,1
7188,1,0.7303400039672852,1
7189,1,0.9977480173110962,1
7190,0,0.8276069760322571,1
7191,1,0.9939029812812805,1
7192,0,0.0001610000035725534,0
7193,0,0.14732199907302856,0
7194,1,0.9994530081748962,1
7195,1,0.9989650249481201,1
7196,0,4.999999873689376e-06,0
7197,0,0.024630000814795494,0
7198,0,0.07712899893522263,0
7199,1,0.9972059726715088,1
7200,0,0.0001140000022132881,0
7201,0,0.0011919999960809946,0
7202,1,0.6473879814147949,1
7203,0,0.018984999507665634,0
7204,1,0.9999729990959167,1
7205,1,0.9999769926071167,1
7206,0,0.00016700000560376793,0
7207,0,0.15904900431632996,0
7208,1,0.9999849796295166,1
7209,0,0.0010140000376850367,0
7210,0,5.900000178371556e-05,0
7211,0,0.00011200000153621659,0
7212,1,0.8599560260772705,1
7213,0,0.04058599844574928,0
7214,1,0.9944090247154236,1
7215,1,0.9993680119514465,1
7216,1,0.9929320216178894,1
7217,1,0.9969279766082764,1
7218,0,0.00033400001120753586,0
7219,1,0.2557240128517151,0
7220,0,0.0733330026268959,0
7221,1,0.4491719901561737,0
7222,1,0.9242960214614868,1
7223,0,0.0006089999806135893,0
7224,1,0.9968979954719543,1
7225,1,0.9980189800262451,1
7226,0,0.0011729999678209424,0
7227,1,1.0,1
7228,1,0.7535049915313721,1
7229,0,0.013376999646425247,0
7230,1,0.9999989867210388,1
7231,0,0.07396200299263,0
7232,1,0.9966599941253662,1
7233,0,0.3527759909629822,0
7234,1,0.9965850114822388,1
7235,0,0.9258210062980652,1
7236,1,0.9999780058860779,1
7237,0,0.05319499969482422,0
7238,0,0.001171999960206449,0
7239,1,0.9996700286865234,1
7240,1,0.9031090140342712,1
7241,0,1.1000000085914508e-05,0
7242,1,0.9996359944343567,1
7243,1,0.9574580192565918,1
7244,0,0.00253800000064075,0
7245,0,0.07892800122499466,0
7246,0,0.006947000045329332,0
7247,1,0.9982680082321167,1
7248,1,0.9242079854011536,1
7249,0,9.999999974752427e-07,0
7250,1,0.9833539724349976,1
7251,1,0.9975020289421082,1
7252,0,0.06481000036001205,0
7253,1,0.9237009882926941,1
7254,1,0.9948310256004333,1
7255,1,0.9892129898071289,1
7256,0,0.0010849999962374568,0
7257,0,0.03554699942469597,0
7258,1,0.9768930077552795,1
7259,1,0.8158270120620728,1
7260,0,0.9690279960632324,1
7261,1,0.9999589920043945,1
7262,0,0.0020389999262988567,0
7263,1,0.9929850101470947,1
7264,1,0.9900810122489929,1
7265,1,0.9999309778213501,1
7266,1,0.9998459815979004,1
7267,0,0.00048600000445730984,0
7268,1,0.9147949814796448,1
7269,1,0.9994530081748962,1
7270,0,0.0025770000647753477,0
7271,0,0.08541800081729889,0
7272,1,0.9995660185813904,1
7273,1,0.9951469898223877,1
7274,1,0.20773300528526306,0
7275,1,0.9713460206985474,1
7276,1,0.9994000196456909,1
7277,0,0.11867400258779526,0
7278,1,0.9988160133361816,1
7279,1,0.01958099938929081,0
7280,1,0.9981560111045837,1
7281,0,0.0070569999516010284,0
7282,1,0.9981579780578613,1
7283,0,0.003926999866962433,0
7284,0,4.5000000682193786e-05,0
7285,0,0.005903000012040138,0
7286,1,0.9004110097885132,1
7287,0,0.3686459958553314,0
7288,1,0.9925270080566406,1
7289,0,0.12364599853754044,0
7290,0,0.005747999995946884,0
7291,1,0.9865580201148987,1
7292,1,0.9799500107765198,1
7293,1,0.9740480184555054,1
7294,0,0.010100999847054482,0
7295,0,0.0,0
7296,1,0.9760100245475769,1
7297,0,0.0948529988527298,0
7298,1,0.9107720255851746,1
7299,1,0.9950860142707825,1
7300,1,0.999783992767334,1
7301,1,0.9950039982795715,1
7302,0,0.0030799999367445707,0
7303,1,0.9895129799842834,1
7304,0,0.0011899999808520079,0
7305,1,0.9986090064048767,1
7306,0,0.25757598876953125,0
7307,0,0.27549201250076294,0
7308,0,0.16582199931144714,0
7309,1,0.9062619805335999,1
7310,1,0.9988080263137817,1
7311,0,0.006806999910622835,0
7312,0,3.000000106112566e-06,0
7313,1,0.9981449842453003,1
7314,1,0.9994329810142517,1
7315,0,0.0011099999537691474,0
7316,1,0.9956859946250916,1
7317,0,0.00916100014001131,0
7318,0,0.01742199994623661,0
7319,0,6.000000212225132e-06,0
7320,0,3.199999991920777e-05,0
7321,1,0.9995719790458679,1
7322,1,0.9639840126037598,1
7323,0,0.05104700103402138,0
7324,0,0.6416590213775635,1
7325,0,0.002216000109910965,0
7326,0,0.004433999769389629,0
7327,0,0.001740999985486269,0
7328,1,0.3567950129508972,0
7329,0,0.014042999595403671,0
7330,0,0.0038689998909831047,0
7331,0,0.00010699999984353781,0
7332,1,0.864162027835846,1
7333,0,0.060791999101638794,0
7334,0,1.8999999156221747e-05,0
7335,0,0.0061519998125731945,0
7336,1,0.9998160004615784,1
7337,0,0.001908999984152615,0
7338,0,0.01618799939751625,0
7339,1,0.035006001591682434,0
7340,1,0.9999790191650391,1
7341,0,0.2584579885005951,0
7342,1,0.9977089762687683,1
7343,0,4.999999873689376e-05,0
7344,1,0.9958140254020691,1
7345,0,0.0011119999689981341,0
7346,0,0.8988159894943237,1
7347,1,0.999879002571106,1
7348,1,0.00392200006172061,0
7349,1,0.9948369860649109,1
7350,0,0.07149600237607956,0
7351,0,0.8248940110206604,1
7352,0,0.00021100000594742596,0
7353,0,9.999999747378752e-06,0
7354,1,0.9696320295333862,1
7355,1,0.9932360053062439,1
7356,0,0.0006769999745301902,0
7357,0,0.17203600704669952,0
7358,0,5.0999999075429514e-05,0
7359,1,0.9964200258255005,1
7360,0,0.00227600010111928,0
7361,0,0.004290999844670296,0
7362,1,0.9792079925537109,1
7363,1,0.9961140155792236,1
7364,0,0.0003929999948013574,0
7365,0,0.0003060000017285347,0
7366,0,0.000826000003144145,0
7367,0,0.00021100000594742596,0
7368,1,0.9995610117912292,1
7369,1,0.9821739792823792,1
7370,1,0.9729390144348145,1
7371,1,0.9999269843101501,1
7372,0,0.010250000283122063,0
7373,1,0.9997940063476562,1
7374,0,0.010518999770283699,0
7375,0,0.33690598607063293,0
7376,0,0.07007800042629242,0
7377,1,0.9996740221977234,1
7378,1,0.9864940047264099,1
7379,0,0.03348400071263313,0
7380,1,0.9999769926071167,1
7381,1,0.9999129772186279,1
7382,0,0.05943100154399872,0
7383,0,0.15786300599575043,0
7384,1,0.9981669783592224,1
7385,0,0.424250990152359,0
7386,0,0.011025000363588333,0
7387,0,0.0005869999877177179,0
7388,0,0.006076999939978123,0
7389,1,0.9887850284576416,1
7390,0,0.0013020000187680125,0
7391,1,0.9957290291786194,1
7392,1,0.9078130125999451,1
7393,0,0.004879999905824661,0
7394,1,0.9999529719352722,1
7395,0,0.000678999989759177,0
7396,1,0.9985569715499878,1
7397,1,0.0035689999349415302,0
7398,1,0.7875279784202576,1
7399,0,0.004282999783754349,0
7400,0,0.017209000885486603,0
7401,1,0.9472830295562744,1
7402,1,0.9965620040893555,1
7403,0,0.09861800074577332,0
7404,1,0.8970699906349182,1
7405,1,0.99959397315979,1
7406,0,0.0016749999485909939,0
7407,1,0.7911869883537292,1
7408,0,0.007098999805748463,0
7409,1,0.9995430111885071,1
7410,0,1.9999999494757503e-05,0
7411,1,0.7056549787521362,1
7412,0,9.999999974752427e-07,0
7413,1,0.99794602394104,1
7414,1,0.9995819926261902,1
7415,0,0.058382000774145126,0
7416,1,0.9998130202293396,1
7417,1,0.15848200023174286,0
7418,1,0.9995909929275513,1
7419,1,0.9966560006141663,1
7420,0,0.9701910018920898,1
7421,0,0.09396500140428543,0
7422,0,0.13842199742794037,0
7423,1,0.9809309840202332,1
7424,1,0.9714760184288025,1
7425,0,0.043793000280857086,0
7426,1,0.9980970025062561,1
7427,1,0.3853189945220947,0
7428,0,0.03545000031590462,0
7429,0,0.013527999632060528,0
7430,0,0.2219419926404953,0
7431,1,0.9887049794197083,1
7432,0,0.00028700000257231295,0
7433,0,2.8000000384054147e-05,0
7434,0,0.03414899855852127,0
7435,0,0.0003980000037699938,0
7436,1,0.9583500027656555,1
7437,0,0.015235000289976597,0
7438,1,0.9880989789962769,1
7439,1,0.9992640018463135,1
7440,1,0.9820070266723633,1
7441,1,0.9999889731407166,1
7442,0,0.22409400343894958,0
7443,1,0.9788810014724731,1
7444,1,0.9997119903564453,1
7445,1,0.9861000180244446,1
7446,0,0.00430000014603138,0
7447,0,0.02085000090301037,0
7448,0,0.053334999829530716,0
7449,1,0.9971590042114258,1
7450,0,0.015769999474287033,0
7451,0,0.002707999898120761,0
7452,1,0.9999970197677612,1
7453,1,0.8602529764175415,1
7454,1,0.9998490214347839,1
7455,1,0.9965230226516724,1
7456,1,0.9999840259552002,1
7457,0,0.000678999989759177,0
7458,1,0.9439740180969238,1
7459,0,0.016894999891519547,0
7460,1,0.9989070296287537,1
7461,1,0.761011004447937,1
7462,0,0.8029450178146362,1
7463,1,0.9981669783592224,1
7464,1,0.9126579761505127,1
7465,1,0.9983950257301331,1
7466,1,0.9983850121498108,1
7467,0,0.0053079999051988125,0
7468,1,0.9867569804191589,1
7469,1,0.9997119903564453,1
7470,0,0.0001320000010309741,0
7471,0,0.047276001423597336,0
7472,0,2.9000000722589903e-05,0
7473,1,0.9999409914016724,1
7474,1,0.9998369812965393,1
7475,1,0.998540997505188,1
7476,0,0.00788700021803379,0
7477,0,3.999999989900971e-06,0
7478,1,0.23168300092220306,0
7479,0,0.004443000070750713,0
7480,0,0.09892500191926956,0
7481,1,0.9999250173568726,1
7482,1,0.9982060194015503,1
7483,0,0.03214100003242493,0
7484,0,0.018191000446677208,0
7485,1,0.9854949712753296,1
7486,0,0.01903199963271618,0
7487,1,0.9990400075912476,1
7488,1,0.8221570253372192,1
7489,0,4.8000001697801054e-05,0
7490,1,0.9521970152854919,1
7491,0,0.00028300000121816993,0
7492,0,0.008953999727964401,0
7493,0,0.00939599983394146,0
7494,0,0.08746200054883957,0
7495,1,0.9636009931564331,1
7496,0,0.00019200000679120421,0
7497,0,0.34477999806404114,0
7498,1,0.9989290237426758,1
7499,1,0.9986540079116821,1
7500,0,0.0043739997781813145,0
7501,0,9.999999974752427e-07,0
7502,0,0.4945180118083954,0
7503,0,0.0009250000002793968,0
7504,1,0.9987769722938538,1
7505,1,0.9632470011711121,1
7506,0,5.999999848427251e-05,0
7507,1,0.18485300242900848,0
7508,0,0.0011579999700188637,0
7509,1,0.08206299692392349,0
7510,1,0.9997320175170898,1
7511,1,0.9979879856109619,1
7512,1,0.9999420046806335,1
7513,0,0.13328799605369568,0
7514,1,0.9556009769439697,1
7515,0,0.03857399895787239,0
7516,1,0.999550998210907,1
7517,1,0.9914379715919495,1
7518,1,0.9998440146446228,1
7519,1,0.9909740090370178,1
7520,0,0.019341999664902687,0
7521,0,0.7623239755630493,1
7522,0,0.040789999067783356,0
7523,1,0.7767459750175476,1
7524,1,0.9999809861183167,1
7525,1,0.9979739785194397,1
7526,0,0.3135789930820465,0
7527,0,0.004819999914616346,0
7528,0,0.0010460000485181808,0
7529,1,0.9993889927864075,1
7530,1,0.9714630246162415,1
7531,0,0.08065400272607803,0
7532,0,0.06754200160503387,0
7533,1,0.14422599971294403,0
7534,0,0.00040099999750964344,0
7535,0,0.9665200114250183,1
7536,0,0.06665399670600891,0
7537,1,0.9971460103988647,1
7538,0,3.7000001611886546e-05,0
7539,0,0.0015559999737888575,0
7540,0,0.6507260203361511,1
7541,0,0.0022980000358074903,0
7542,0,0.0020540000405162573,0
7543,1,0.9995530247688293,1
7544,0,0.11487100273370743,0
7545,1,0.9811919927597046,1
7546,0,0.005504000000655651,0
7547,0,0.2759990096092224,0
7548,0,0.03336299955844879,0
7549,0,0.0014939999673515558,0
7550,0,0.0,0
7551,0,0.02556600049138069,0
7552,1,0.9796910285949707,1
7553,1,0.9997190237045288,1
7554,0,0.004542999900877476,0
7555,1,0.8883709907531738,1
7556,1,0.9984310269355774,1
7557,0,0.004118000157177448,0
7558,0,3.999999989900971e-06,0
7559,0,0.0027830000035464764,0
7560,1,0.9932960271835327,1
7561,1,0.9999210238456726,1
7562,0,0.008155999705195427,0
7563,0,0.005452000070363283,0
7564,0,0.00623599998652935,0
7565,0,0.1132889986038208,0
7566,1,0.9806730151176453,1
7567,0,0.058688998222351074,0
7568,0,0.00022899999748915434,0
7569,0,3.7000001611886546e-05,0
7570,1,0.997314989566803,1
7571,0,0.790473997592926,1
7572,0,0.16050000488758087,0
7573,0,0.9953780174255371,1
7574,1,0.9177320003509521,1
7575,0,0.07795500010251999,0
7576,1,0.9998729825019836,1
7577,0,0.5590140223503113,1
7578,1,0.372857004404068,0
7579,1,0.9996579885482788,1
7580,1,0.9037449955940247,1
7581,0,0.6447039842605591,1
7582,0,0.0015399999683722854,0
7583,0,0.00033099998836405575,0
7584,1,0.8174139857292175,1
7585,1,0.9999939799308777,1
7586,1,0.9699220061302185,1
7587,0,0.0012229999992996454,0
7588,1,0.9914090037345886,1
7589,0,0.09048999845981598,0
7590,0,0.123369000852108,0
7591,0,0.06364800035953522,0
7592,1,0.960919976234436,1
7593,1,1.0,1
7594,0,0.0009929999941959977,0
7595,0,0.02594899944961071,0
7596,0,0.11959300190210342,0
7597,0,0.015917999669909477,0
7598,1,0.3086940050125122,0
7599,0,0.12522700428962708,0
7600,0,0.008294000290334225,0
7601,0,0.0004020000051241368,0
7602,0,0.0010029999539256096,0
7603,1,0.9998270273208618,1
7604,1,0.9947599768638611,1
7605,1,0.9386079907417297,1
7606,0,0.00030700000934302807,0
7607,0,0.055785998702049255,0
7608,0,0.03594199940562248,0
7609,1,0.9999859929084778,1
7610,1,0.9885010123252869,1
7611,1,0.9996190071105957,1
7612,1,0.9247239828109741,1
7613,1,0.9674720168113708,1
7614,1,1.0,1
7615,1,0.9356499910354614,1
7616,1,0.9998729825019836,1
7617,0,0.12323500216007233,0
7618,0,0.00343000004068017,0
7619,0,0.040070001035928726,0
7620,0,0.7675619721412659,1
7621,1,0.9972879886627197,1
7622,1,0.9998379945755005,1
7623,0,0.020918000489473343,0
7624,1,0.9939209818840027,1
7625,1,0.9929730296134949,1
7626,1,0.9999960064888,1
7627,0,0.011733000166714191,0
7628,0,0.09154599905014038,0
7629,1,0.9996410012245178,1
7630,1,0.9900640249252319,1
7631,1,0.9982249736785889,1
7632,0,0.0006419999990612268,0
7633,1,0.9077140092849731,1
7634,0,7.000000186963007e-05,0
7635,1,0.9946569800376892,1
7636,1,0.8190850019454956,1
7637,0,0.008662000298500061,0
7638,1,0.9999610185623169,1
7639,1,0.9999279975891113,1
7640,1,0.9996950030326843,1
7641,1,0.5242230296134949,1
7642,1,0.9968730211257935,1
7643,0,9.000000318337698e-06,0
7644,1,0.9988369941711426,1
7645,1,0.9979029893875122,1
7646,0,0.6788920164108276,1
7647,0,0.13255800306797028,0
7648,1,0.9996389746665955,1
7649,0,0.04521799832582474,0
7650,0,0.007224000059068203,0
7651,0,0.019074000418186188,0
7652,0,0.0006639999919570982,0
7653,0,0.0023769999388605356,0
7654,1,0.998013973236084,1
7655,0,3.999999989900971e-06,0
7656,1,0.9999160170555115,1
7657,1,0.9994339942932129,1
7658,0,0.0002229999954579398,0
7659,1,0.9955440163612366,1
7660,1,0.9993759989738464,1
7661,0,0.0008060000254772604,0
7662,1,0.9999430179595947,1
7663,1,0.9990500211715698,1
7664,0,0.13460999727249146,0
7665,0,0.015684999525547028,0
7666,0,0.02850699983537197,0
7667,0,0.8546119928359985,1
7668,0,0.03417300060391426,0
7669,0,0.15702800452709198,0
7670,1,0.9992550015449524,1
7671,0,0.0064570000395178795,0
7672,0,0.0012710000155493617,0
7673,0,0.13710400462150574,0
7674,0,0.00016199999663513154,0
7675,0,0.6030669808387756,1
7676,1,0.697068989276886,1
7677,1,0.9739969968795776,1
7678,0,0.1865520030260086,0
7679,0,0.13195300102233887,0
7680,0,0.22126199305057526,0
7681,0,0.005146999843418598,0
7682,1,0.9962450265884399,1
7683,0,0.022221999242901802,0
7684,0,0.0006539999740198255,0
7685,1,0.999701976776123,1
7686,1,0.9998930096626282,1
7687,1,0.9991480112075806,1
7688,1,0.9849179983139038,1
7689,1,0.9999319911003113,1
7690,1,0.9969720244407654,1
7691,0,0.0001250000059371814,0
7692,1,0.6116470098495483,1
7693,0,0.004989000037312508,0
7694,0,0.00039000000106170774,0
7695,0,0.5008580088615417,1
7696,1,0.9970800280570984,1
7697,1,0.9998329877853394,1
7698,1,0.9963570237159729,1
7699,1,0.9376189708709717,1
7700,1,0.999966025352478,1
7701,1,0.9999120235443115,1
7702,0,0.15438899397850037,0
7703,1,0.9999960064888,1
7704,1,0.9510639905929565,1
7705,1,0.2665640115737915,0
7706,1,1.0,1
7707,0,0.891526997089386,1
7708,1,0.9919490218162537,1
7709,1,0.9925299882888794,1
7710,0,0.03636299818754196,0
7711,0,0.027834000065922737,0
7712,0,9.500000305706635e-05,0
7713,0,0.027501000091433525,0
7714,0,0.12170100212097168,0
7715,1,0.20602400600910187,0
7716,1,0.1530279964208603,0
7717,1,0.9286969900131226,1
7718,0,0.7305579781532288,1
7719,1,0.9902960062026978,1
7720,1,0.9876530170440674,1
7721,1,0.9989500045776367,1
7722,0,0.017808999866247177,0
7723,0,0.9585139751434326,1
7724,1,0.6026020050048828,1
7725,0,0.0007130000158213079,0
7726,0,0.0005130000063218176,0
7727,0,0.0038789999671280384,0
7728,1,0.9877129793167114,1
7729,1,0.9901670217514038,1
7730,1,0.9998170137405396,1
7731,1,0.37829598784446716,0
7732,1,0.9998540282249451,1
7733,1,0.9984740018844604,1
7734,0,0.04113699868321419,0
7735,0,0.00014099999680183828,0
7736,0,0.0013539999490603805,0
7737,1,0.9773460030555725,1
7738,0,0.0001449999981559813,0
7739,0,5.6000000768108293e-05,0
7740,0,0.027154000476002693,0
7741,0,0.00228299992159009,0
7742,1,0.9141700267791748,1
7743,0,0.10893099755048752,0
7744,0,0.00022499999613501132,0
7745,1,0.9999849796295166,1
7746,0,3.5000000934815034e-05,0
7747,1,0.9995620250701904,1
7748,1,0.9695870280265808,1
7749,1,0.22500599920749664,0
7750,1,0.9996979832649231,1
7751,1,0.9971680045127869,1
7752,1,0.9973199963569641,1
7753,1,0.985837996006012,1
7754,0,9.699999645818025e-05,0
7755,1,0.9999020099639893,1
7756,1,0.998790979385376,1
7757,0,0.0005019999807700515,0
7758,1,0.9999740123748779,1
7759,0,0.0012130000395700336,0
7760,0,0.01039899978786707,0
7761,1,0.99863600730896,1
7762,1,0.5808749794960022,1
7763,1,0.9986670017242432,1
7764,1,0.9993739724159241,1
7765,0,0.0078959995880723,0
7766,1,0.9945430159568787,1
7767,1,0.5001800060272217,1
7768,1,0.9996179938316345,1
7769,0,0.0027290000580251217,0
7770,0,0.4017620086669922,0
7771,1,0.9744020104408264,1
7772,0,0.03521300107240677,0
7773,0,0.12115900218486786,0
7774,1,0.9503039717674255,1
7775,0,5.999999848427251e-05,0
7776,0,0.0035860000643879175,0
7777,1,0.9724900126457214,1
7778,0,0.7472209930419922,1
7779,1,0.9994770288467407,1
7780,1,0.9439160227775574,1
7781,0,0.08107300102710724,0
7782,0,0.25702399015426636,0
7783,1,0.9990659952163696,1
7784,1,0.9960929751396179,1
7785,1,0.9999979734420776,1
7786,1,0.999754011631012,1
7787,1,0.9929479956626892,1
7788,0,0.5274220108985901,1
7789,0,0.0006040000007487833,0
7790,0,0.0023300000466406345,0
7791,1,0.9989690184593201,1
7792,0,0.9946889877319336,1
7793,1,0.9990079998970032,1
7794,0,0.13378199934959412,0
7795,0,0.6456220149993896,1
7796,0,0.007340999785810709,0
7797,0,0.8466899991035461,1
7798,0,0.6667640209197998,1
7799,0,0.0007680000271648169,0
7800,0,0.023847000673413277,0
7801,1,0.994979977607727,1
7802,1,0.999891996383667,1
7803,0,0.2884089946746826,0
7804,0,0.2653529942035675,0
7805,1,0.9998900294303894,1
7806,1,0.1858150064945221,0
7807,1,0.9997910261154175,1
7808,0,0.022753000259399414,0
7809,1,0.9194049835205078,1
7810,0,0.0007379999733529985,0
7811,0,0.003406000090762973,0
7812,0,7.999999979801942e-06,0
7813,1,0.999987006187439,1
7814,0,0.0002770000137388706,0
7815,1,0.9970539808273315,1
7816,0,0.001512999995611608,0
7817,0,0.001661999966017902,0
7818,1,0.9981520175933838,1
7819,1,0.9872840046882629,1
7820,0,0.0,0
7821,1,0.9912850260734558,1
7822,1,0.9999909996986389,1
7823,0,0.00036700000055134296,0
7824,1,0.8948150277137756,1
7825,1,0.8729349970817566,1
7826,1,0.9950699806213379,1
7827,1,0.22452299296855927,0
7828,0,0.005162000190466642,0
7829,0,0.004219000227749348,0
7830,0,0.005814999807626009,0
7831,0,0.00025499999173916876,0
7832,0,0.0021929999347776175,0
7833,1,0.9999470114707947,1
7834,1,0.9998559951782227,1
7835,1,0.9975910186767578,1
7836,1,0.9999110102653503,1
7837,1,0.9739329814910889,1
7838,0,0.05507100000977516,0
7839,0,0.0040870001539587975,0
7840,1,0.9886630177497864,1
7841,0,0.0051009999588131905,0
7842,0,0.03004699945449829,0
7843,0,0.033302001655101776,0
7844,0,0.10194200277328491,0
7845,0,0.0300539992749691,0
7846,0,0.005938999820500612,0
7847,1,0.8447089791297913,1
7848,1,0.9998170137405396,1
7849,0,0.00032699998700991273,0
7850,1,0.9776229858398438,1
7851,0,0.04838600009679794,0
7852,0,0.0019079999765381217,0
7853,0,0.0009289999725297093,0
7854,0,0.00016799999866634607,0
7855,0,3.999999989900971e-06,0
7856,1,0.932470977306366,1
7857,0,0.18092699348926544,0
7858,0,0.00015199999324977398,0
7859,0,0.002380999969318509,0
7860,1,0.9813230037689209,1
7861,1,0.9961829781532288,1
7862,0,0.0007680000271648169,0
7863,1,0.9707959890365601,1
7864,1,0.9997990131378174,1
7865,1,1.0,1
7866,0,0.0004039999912492931,0
7867,1,0.9999240040779114,1
7868,0,0.09742499887943268,0
7869,1,0.9998689889907837,1
7870,1,0.9999960064888,1
7871,0,7.699999696342275e-05,0
7872,0,0.006622999906539917,0
7873,1,0.9384859800338745,1
7874,1,0.31241700053215027,0
7875,1,0.9999330043792725,1
7876,1,0.9992849826812744,1
7877,1,0.004982999991625547,0
7878,0,0.2397720068693161,0
7879,0,0.0012580000329762697,0
7880,1,0.9991790056228638,1
7881,0,0.0074709998443722725,0
7882,0,0.6990619897842407,1
7883,0,0.00139999995008111,0
7884,1,0.5495949983596802,1
7885,0,0.995756983757019,1
7886,1,0.9973239898681641,1
7887,0,0.33148300647735596,0
7888,0,0.37950199842453003,0
7889,1,0.03087100014090538,0
7890,0,0.01209499966353178,0
7891,0,0.16935600340366364,0
7892,1,0.9994670152664185,1
7893,0,0.007162000052630901,0
7894,1,0.9994789958000183,1
7895,1,0.9994149804115295,1
7896,0,0.013895000331103802,0
7897,1,0.9991030097007751,1
7898,1,0.9984689950942993,1
7899,0,0.006972000002861023,0
7900,0,0.006773000117391348,0
7901,1,0.9996240139007568,1
7902,0,4.999999873689376e-06,0
7903,1,0.9996330142021179,1
7904,1,0.9923850297927856,1
7905,1,0.8450210094451904,1
7906,0,0.0072130002081394196,0
7907,0,0.04298999905586243,0
7908,1,0.9876970052719116,1
7909,0,0.0016129999421536922,0
7910,1,0.9952160120010376,1
7911,1,0.9080730080604553,1
7912,0,0.001285000005736947,0
7913,1,0.9996539950370789,1
7914,0,4.999999873689376e-06,0
7915,1,0.9993559718132019,1
7916,1,0.974481999874115,1
7917,1,0.22318899631500244,0
7918,1,0.9973059892654419,1
7919,1,0.9999899864196777,1
7920,1,0.9998430013656616,1
7921,1,0.999098002910614,1
7922,0,0.19725699722766876,0
7923,1,0.9912649989128113,1
7924,1,0.9999989867210388,1
7925,0,0.0005670000100508332,0
7926,1,0.9933140277862549,1
7927,1,0.9826369881629944,1
7928,0,0.00022899999748915434,0
7929,1,0.9996500015258789,1
7930,1,0.9957619905471802,1
7931,1,0.9974110126495361,1
7932,0,1.2000000424450263e-05,0
7933,1,0.9967700242996216,1
7934,0,0.6127979755401611,1
7935,0,0.0718270018696785,0
7936,1,0.999987006187439,1
7937,1,0.9958270192146301,1
7938,0,0.0010349999647587538,0
7939,0,0.40628498792648315,0
7940,1,0.9998350143432617,1
7941,1,0.9476159811019897,1
7942,1,0.9659029841423035,1
7943,1,0.9923319816589355,1
7944,0,0.5901079773902893,1
7945,1,0.9999269843101501,1
7946,0,0.00572599982842803,0
7947,0,0.0955910012125969,0
7948,1,0.006258999928832054,0
7949,0,0.6468729972839355,1
7950,0,0.013509999960660934,0
7951,1,0.9999570250511169,1
7952,0,0.020308999344706535,0
7953,0,0.09703800082206726,0
7954,1,0.9999930262565613,1
7955,0,0.00036199999158270657,0
7956,0,6.600000051548705e-05,0
7957,0,0.0016749999485909939,0
7958,1,0.9930130243301392,1
7959,0,0.060869000852108,0
7960,1,0.8358160257339478,1
7961,1,0.9979090094566345,1
7962,0,0.012803999707102776,0
7963,0,9.999999747378752e-06,0
7964,1,0.9971609711647034,1
7965,1,0.9998440146446228,1
7966,1,0.9980300068855286,1
7967,1,0.9422270059585571,1
7968,0,0.0006290000164881349,0
7969,1,0.975525975227356,1
7970,0,0.003544999985024333,0
7971,0,0.500091016292572,1
7972,0,2.8000000384054147e-05,0
7973,1,0.9997119903564453,1
7974,1,0.9960010051727295,1
7975,1,0.9936239719390869,1
7976,0,0.001554999966174364,0
7977,1,0.9988049864768982,1
7978,1,0.9717370271682739,1
7979,0,0.7234280109405518,1
7980,0,0.0019069999689236283,0
7981,1,0.9988790154457092,1
7982,0,0.22304899990558624,0
7983,0,0.024382999166846275,0
7984,0,0.028101999312639236,0
7985,1,0.9996870160102844,1
7986,0,0.8345159888267517,1
7987,0,0.0009919999865815043,0
7988,0,0.0013379999436438084,0
7989,0,0.06603799760341644,0
7990,0,9.999999974752427e-07,0
7991,0,0.0002800000074785203,0
7992,0,0.04156399890780449,0
7993,1,0.9066889882087708,1
7994,1,0.9490979909896851,1
7995,0,4.099999932805076e-05,0
7996,1,0.9991620182991028,1
7997,0,0.003599999938160181,0
7998,0,0.010026000440120697,0
7999,0,0.0002610000083222985,0
8000,0,0.5706790089607239,1
8001,1,0.9987509846687317,1
8002,1,0.49685999751091003,0
8003,0,0.043807998299598694,0
8004,1,0.999459981918335,1
8005,1,0.9840360283851624,1
8006,0,0.009097999893128872,0
8007,1,0.9999880194664001,1
8008,0,0.011796999722719193,0
8009,0,0.0013470000121742487,0
8010,0,0.8707630038261414,1
8011,1,0.998865008354187,1
8012,1,0.9814040064811707,1
8013,0,0.006707000080496073,0
8014,1,0.948477029800415,1
8015,0,0.21064500510692596,0
8016,1,0.749534010887146,1
8017,0,0.5642020106315613,1
8018,0,0.1400579959154129,0
8019,0,0.0006370000191964209,0
8020,0,0.24402999877929688,0
8021,0,0.3246470093727112,0
8022,0,0.05558300018310547,0
8023,0,0.07698400318622589,0
8024,1,0.9976570010185242,1
8025,0,0.004819000139832497,0
8026,1,0.9927330017089844,1
8027,0,0.011239999905228615,0
8028,1,0.9998900294303894,1
8029,0,0.056627001613378525,0
8030,0,0.02783600054681301,0
8031,0,0.066041000187397,0
8032,1,0.9530270099639893,1
8033,1,0.9620140194892883,1
8034,0,0.000699999975040555,0
8035,1,0.9996860027313232,1
8036,0,0.004399999976158142,0
8037,0,0.16412200033664703,0
8038,0,7.300000288523734e-05,0
8039,0,0.051412999629974365,0
8040,1,0.9999439716339111,1
8041,1,0.9995999932289124,1
8042,1,0.9999939799308777,1
8043,0,3.9999998989515007e-05,0
8044,0,0.0009710000013001263,0
8045,0,0.00023799999326001853,0
8046,1,0.9936019778251648,1
8047,1,0.849744975566864,1
8048,0,0.0,0
8049,1,0.9943299889564514,1
8050,0,0.004114000126719475,0
8051,0,0.824849009513855,1
8052,1,0.9996960163116455,1
8053,0,0.004536000080406666,0
8054,0,0.0007300000288523734,0
8055,0,0.16362999379634857,0
8056,1,0.9999799728393555,1
8057,1,0.9997659921646118,1
8058,1,0.9729390144348145,1
8059,0,0.0002209999947808683,0
8060,0,5.700000110664405e-05,0
8061,1,0.9614430069923401,1
8062,0,0.0011909999884665012,0
8063,1,0.9980239868164062,1
8064,0,0.000678999989759177,0
8065,1,0.9820970296859741,1
8066,1,0.9705229997634888,1
8067,1,0.9855110049247742,1
8068,0,0.07394000142812729,0
8069,0,0.0028619999065995216,0
8070,0,0.0003459999861661345,0
8071,1,0.9998520016670227,1
8072,0,0.012893999926745892,0
8073,0,0.0939520001411438,0
8074,0,0.00011600000289035961,0
8075,0,0.386011004447937,0
8076,0,0.08773999661207199,0
8077,1,0.9990770220756531,1
8078,0,0.16436000168323517,0
8079,1,0.9535449743270874,1
8080,1,0.5652390122413635,1
8081,1,0.9999319911003113,1
8082,1,0.9662449955940247,1
8083,0,0.6620910167694092,1
8084,1,0.999904990196228,1
8085,1,0.9999470114707947,1
8086,0,0.028991999104619026,0
8087,1,0.9936609864234924,1
8088,1,0.18644699454307556,0
8089,0,7.100000220816582e-05,0
8090,0,0.07107699662446976,0
8091,0,0.006000000052154064,0
8092,1,0.9999629855155945,1
8093,1,0.9938420057296753,1
8094,1,0.985759973526001,1
8095,0,0.4860779941082001,0
8096,0,0.0026569999754428864,0
8097,0,0.01080000028014183,0
8098,1,0.9977520108222961,1
8099,1,0.9994879961013794,1
8100,0,0.009898999705910683,0
8101,1,0.9998409748077393,1
8102,0,0.005716999992728233,0
8103,1,0.9832959771156311,1
8104,0,0.0010219999821856618,0
8105,0,0.027069000527262688,0
8106,1,0.9993640184402466,1
8107,0,0.001411000033840537,0
8108,0,0.10134900361299515,0
8109,1,0.2044530063867569,0
8110,1,0.9971650242805481,1
8111,0,0.005138999782502651,0
8112,0,8.399999933317304e-05,0
8113,0,0.012494999915361404,0
8114,0,0.002650999929755926,0
8115,1,0.9991300106048584,1
8116,1,0.984004020690918,1
8117,1,0.9995629787445068,1
8118,1,0.9988790154457092,1
8119,1,0.9995269775390625,1
8120,1,0.9413899779319763,1
8121,1,0.694616973400116,1
8122,0,0.0005210000090301037,0
8123,1,0.9100490212440491,1
8124,1,0.6968470215797424,1
8125,1,0.4437449872493744,0
8126,0,0.0001340000017080456,0
8127,0,0.09185100346803665,0
8128,0,0.011730999685823917,0
8129,0,0.005067000165581703,0
8130,1,0.9989219903945923,1
8131,1,0.9911490082740784,1
8132,0,0.012868000194430351,0
8133,1,0.995822012424469,1
8134,0,4.5000000682193786e-05,0
8135,0,0.0030769999139010906,0
8136,0,0.00027200000477023423,0
8137,1,0.9990649819374084,1
8138,0,0.00011999999696854502,0
8139,1,0.9958209991455078,1
8140,1,0.9997029900550842,1
8141,1,0.9734600186347961,1
8142,0,0.03508999943733215,0
8143,1,0.9990919828414917,1
8144,1,0.9970300197601318,1
8145,0,8.199999865610152e-05,0
8146,1,0.9775469899177551,1
8147,0,2.8000000384054147e-05,0
8148,1,0.9890009760856628,1
8149,0,0.00060299999313429,0
8150,1,0.9994180202484131,1
8151,0,0.0070940000005066395,0
8152,1,0.995136022567749,1
8153,1,0.9223719835281372,1
8154,0,0.01078999973833561,0
8155,0,0.05719299986958504,0
8156,0,0.014826999977231026,0
8157,0,0.008760999888181686,0
8158,1,0.9999840259552002,1
8159,0,0.028377000242471695,0
8160,1,0.9680929780006409,1
8161,0,0.04559500142931938,0
8162,0,3.099999958067201e-05,0
8163,0,0.1897139996290207,0
8164,0,0.007946999743580818,0
8165,1,0.9993730187416077,1
8166,1,0.9986600279808044,1
8167,0,0.030869999900460243,0
8168,1,0.9997929930686951,1
8169,0,0.0809129998087883,0
8170,0,0.9544190168380737,1
8171,1,0.9999669790267944,1
8172,0,0.14183400571346283,0
8173,0,0.46573999524116516,0
8174,1,0.9993839859962463,1
8175,0,0.008320000022649765,0
8176,0,0.025304000824689865,0
8177,0,0.00021499999274965376,0
8178,0,0.9554160237312317,1
8179,1,0.9920849800109863,1
8180,1,0.998429000377655,1
8181,1,0.9998949766159058,1
8182,0,0.0005249999812804163,0
8183,1,0.9985470175743103,1
8184,1,0.9999330043792725,1
8185,0,0.7454789876937866,1
8186,1,0.8924279808998108,1
8187,1,0.9999899864196777,1
8188,0,0.0470689982175827,0
8189,1,0.9987379908561707,1
8190,1,0.912729024887085,1
8191,1,0.670773983001709,1
8192,1,0.9990599751472473,1
8193,0,0.009318999946117401,0
8194,0,0.06396300345659256,0
8195,0,0.1655769944190979,0
8196,0,0.017000000923871994,0
8197,0,0.32580000162124634,0
8198,0,0.008578999899327755,0
8199,1,0.9663410186767578,1
8200,0,0.0037720000836998224,0
8201,0,0.071834996342659,0
8202,1,0.9971129894256592,1
8203,1,0.9995359778404236,1
8204,0,0.06399700045585632,0
8205,1,0.9999819993972778,1
8206,1,0.9999859929084778,1
8207,0,0.928508996963501,1
8208,0,0.43016499280929565,0
8209,1,0.987218976020813,1
8210,1,0.9969840049743652,1
8211,1,0.792639970779419,1
8212,1,0.9992020130157471,1
8213,0,0.0026519999373704195,0
8214,1,0.9899389743804932,1
8215,0,0.05432799831032753,0
8216,0,0.009173999540507793,0
8217,0,0.0001250000059371814,0
8218,1,0.9810960292816162,1
8219,1,0.9773330092430115,1
8220,1,0.9969609975814819,1
8221,0,0.3963429927825928,0
8222,0,5.400000009103678e-05,0
8223,0,0.0003539999888744205,0
8224,0,0.001142999972216785,0
8225,0,0.439626008272171,0
8226,0,0.02212199941277504,0
8227,1,0.5708510279655457,1
8228,1,0.9966310262680054,1
8229,1,0.7791479825973511,1
8230,0,0.00015700000221841037,0
8231,0,0.0002119999990100041,0
8232,0,6.000000212225132e-06,0
8233,1,0.1751590073108673,0
8234,0,3.9999998989515007e-05,0
8235,0,0.0007489999989047647,0
8236,0,0.018921000882983208,0
8237,1,0.9970769882202148,1
8238,1,0.9999880194664001,1
8239,0,0.00044299999717622995,0
8240,0,0.5701640248298645,1
8241,1,0.6403130292892456,1
8242,0,0.17711299657821655,0
8243,0,0.09586600214242935,0
8244,1,0.9929810166358948,1
8245,1,0.8959389925003052,1
8246,0,0.0012760000536218286,0
8247,1,0.9986850023269653,1
8248,1,0.956650972366333,1
8249,1,0.9999600052833557,1
8250,0,0.002219999907538295,0
8251,1,0.13972599804401398,0
8252,0,9.999999974752427e-07,0
8253,1,0.9933180212974548,1
8254,0,0.9237179756164551,1
8255,1,0.12668800354003906,0
8256,0,0.027998000383377075,0
8257,0,0.07168500125408173,0
8258,0,0.02111000008881092,0
8259,0,0.002785000018775463,0
8260,0,8.199999865610152e-05,0
8261,1,0.8501729965209961,1
8262,0,0.5978890061378479,1
8263,0,0.0045010000467300415,0
8264,1,0.6761549711227417,1
8265,0,0.002991999965161085,0
8266,0,0.0037899999879300594,0
8267,1,0.8581339716911316,1
8268,0,0.0014130000490695238,0
8269,0,0.0005469999741762877,0
8270,1,0.7067679762840271,1
8271,1,0.9999179840087891,1
8272,1,0.9480339884757996,1
8273,0,0.896356999874115,1
8274,0,0.03511099889874458,0
8275,0,0.0043669999577105045,0
8276,0,0.9251880049705505,1
8277,1,0.9998570084571838,1
8278,1,0.8825160264968872,1
8279,0,0.0002479999966453761,0
8280,1,0.9976159930229187,1
8281,0,0.0002640000020619482,0
8282,1,0.9980610013008118,1
8283,0,0.0004939999780617654,0
8284,1,0.999023973941803,1
8285,0,0.3725709915161133,0
8286,0,0.015625,0
8287,1,0.9995779991149902,1
8288,1,0.997642993927002,1
8289,0,0.1234470009803772,0
8290,1,0.9987090229988098,1
8291,0,0.0003129999968223274,0
8292,0,0.10313499718904495,0
8293,0,0.013051999732851982,0
8294,0,0.3213919997215271,0
8295,0,0.05594500154256821,0
8296,0,0.748337984085083,1
8297,1,0.99760502576828,1
8298,1,0.9928650259971619,1
8299,0,0.004488000180572271,0
8300,1,0.9983369708061218,1
8301,1,0.9992079734802246,1
8302,0,0.00911800004541874,0
8303,1,0.8956869840621948,1
8304,1,0.999127984046936,1
8305,1,0.9644880294799805,1
8306,0,0.011865999549627304,0
8307,1,0.99794602394104,1
8308,1,0.9905419945716858,1
8309,1,0.9092919826507568,1
8310,0,0.00700599979609251,0
8311,1,0.9766839742660522,1
8312,0,0.553604006767273,1
8313,0,0.0759740024805069,0
8314,1,0.999845027923584,1
8315,0,0.5134689807891846,1
8316,0,0.006014999933540821,0
8317,0,0.00456500006839633,0
8318,0,0.0015810000477358699,0
8319,1,0.9971489906311035,1
8320,0,0.11236800253391266,0
8321,0,0.025787999853491783,0
8322,0,0.006409000139683485,0
8323,0,0.0173799991607666,0
8324,0,0.0014410000294446945,0
8325,0,1.9999999949504854e-06,0
8326,0,0.00911100022494793,0
8327,1,0.9998250007629395,1
8328,0,0.4280950129032135,0
8329,0,0.021143000572919846,0
8330,1,0.9826340079307556,1
8331,1,0.9825729727745056,1
8332,0,0.02526400052011013,0
8333,1,0.9999909996986389,1
8334,0,0.0648680031299591,0
8335,0,0.01681400090456009,0
8336,0,0.02544499933719635,0
8337,0,0.003734000027179718,0
8338,0,0.00013099999341648072,0
8339,0,0.11506800353527069,0
8340,1,0.9211580157279968,1
8341,0,0.010240999981760979,0
8342,1,0.9926469922065735,1
8343,1,0.9946680068969727,1
8344,0,0.08979199826717377,0
8345,1,0.997035026550293,1
8346,1,0.999796986579895,1
8347,1,0.9760019779205322,1
8348,0,0.05308999866247177,0
8349,0,0.0050650001503527164,0
8350,0,0.14670999348163605,0
8351,1,0.9751160144805908,1
8352,1,0.9999949932098389,1
8353,1,0.9642419815063477,1
8354,1,0.9968799948692322,1
8355,0,0.9327089786529541,1
8356,0,0.0001140000022132881,0
8357,0,0.0016840000171214342,0
8358,0,0.005415999796241522,0
8359,1,0.9994450211524963,1
8360,1,0.9973980188369751,1
8361,0,0.08566100150346756,0
8362,0,1.8999999156221747e-05,0
8363,0,0.0001289999927394092,0
8364,1,0.2757579982280731,0
8365,1,0.9893500208854675,1
8366,1,0.9158589839935303,1
8367,1,0.07539299875497818,0
8368,0,0.22608600556850433,0
8369,0,0.0019549999851733446,0
8370,0,0.00458399998024106,0
8371,1,0.9520099759101868,1
8372,0,0.024244999513030052,0
8373,1,0.5493639707565308,1
8374,1,0.998429000377655,1
8375,0,0.4835970103740692,0
8376,1,0.9989060163497925,1
8377,1,0.9947720170021057,1
8378,1,0.9978780150413513,1
8379,0,0.0021840000990778208,0
8380,0,0.05556600168347359,0
8381,1,0.9887589812278748,1
8382,1,0.999334990978241,1
8383,0,0.06223300099372864,0
8384,0,0.00558000011369586,0
8385,1,0.9913719892501831,1
8386,1,0.999584972858429,1
8387,0,0.5814999938011169,1
8388,1,0.9843819737434387,1
8389,0,0.00024500000290572643,0
8390,0,0.016150999814271927,0
8391,1,0.845881998538971,1
8392,1,0.9989669919013977,1
8393,0,0.0007949999999254942,0
8394,0,0.12092799693346024,0
8395,0,9.300000237999484e-05,0
8396,0,0.4506889879703522,0
8397,1,0.8135570287704468,1
8398,0,6.500000017695129e-05,0
8399,0,0.0076779997907578945,0
8400,1,0.9599930047988892,1
8401,1,0.9999970197677612,1
8402,1,0.9587050080299377,1
8403,1,0.9998199939727783,1
8404,0,0.04211900010704994,0
8405,0,0.051924001425504684,0
8406,1,0.8001959919929504,1
8407,0,0.08113300055265427,0
8408,0,0.0646509975194931,0
8409,0,0.16654199361801147,0
8410,1,0.9998990297317505,1
8411,1,0.9998660087585449,1
8412,0,0.03132399916648865,0
8413,0,0.026744000613689423,0
8414,1,0.8137040138244629,1
8415,0,7.000000096013537e-06,0
8416,0,0.633741021156311,1
8417,1,0.9998720288276672,1
8418,1,0.9980210065841675,1
8419,0,0.00014099999680183828,0
8420,0,0.01826700009405613,0
8421,1,0.04824100062251091,0
8422,0,0.002727000042796135,0
8423,1,0.9800350069999695,1
8424,1,0.010169999673962593,0
8425,1,0.9831159710884094,1
8426,1,0.9985219836235046,1
8427,0,0.0,0
8428,0,7.699999696342275e-05,0
8429,0,0.0035180000122636557,0
8430,1,0.8460900187492371,1
8431,0,0.8453329801559448,1
8432,1,0.9994320273399353,1
8433,1,0.9912440180778503,1
8434,0,0.00011300000187475234,0
8435,0,0.0074640000239014626,0
8436,0,0.0008430000161752105,0
8437,0,0.00021100000594742596,0
8438,0,0.005123999901115894,0
8439,1,0.999517023563385,1
8440,1,0.9645940065383911,1
8441,1,0.9701499938964844,1
8442,1,0.9999740123748779,1
8443,0,0.003389999968931079,0
8444,1,0.9999920129776001,1
8445,0,4.600000102072954e-05,0
8446,1,0.7522000074386597,1
8447,0,0.3514609932899475,0
8448,0,0.000944000028539449,0
8449,0,0.0011050000321120024,0
8450,1,0.979058027267456,1
8451,0,0.7077860236167908,1
8452,1,0.999504029750824,1
8453,1,0.6382259726524353,1
8454,0,0.007335999980568886,0
8455,1,0.9947310090065002,1
8456,0,7.79999973019585e-05,0
8457,0,0.1549679934978485,0
8458,1,0.02452000044286251,0
8459,0,0.00046300000394694507,0
8460,0,0.00033099998836405575,0
8461,1,0.5030840039253235,1
8462,1,0.9999269843101501,1
8463,1,0.915224015712738,1
8464,1,0.9993230104446411,1
8465,0,0.009170999750494957,0
8466,1,0.9997900128364563,1
8467,0,0.0024059999268501997,0
8468,1,0.9981060028076172,1
8469,1,0.38071098923683167,0
8470,1,0.9995200037956238,1
8471,1,0.9722869992256165,1
8472,0,0.5674639940261841,1
8473,0,0.0020359999034553766,0
8474,1,0.9917790293693542,1
8475,0,0.02758999913930893,0
8476,0,0.14389799535274506,0
8477,1,0.9837870001792908,1
8478,1,0.9999020099639893,1
8479,0,0.0037539999466389418,0
8480,1,0.9542880058288574,1
8481,0,2.2000000171829015e-05,0
8482,0,0.6270599961280823,1
8483,0,0.0002280000044265762,0
8484,1,0.43605801463127136,0
8485,1,0.9980800151824951,1
8486,1,0.9981250166893005,1
8487,0,0.009325999766588211,0
8488,0,0.002856000093743205,0
8489,1,0.7296950221061707,1
8490,0,0.24753500521183014,0
8491,0,0.003587000072002411,0
8492,0,0.08061300218105316,0
8493,1,0.8924739956855774,1
8494,0,0.3106839954853058,0
8495,1,0.9050549864768982,1
8496,0,0.46254900097846985,0
8497,1,0.9999989867210388,1
8498,1,0.9992120265960693,1
8499,1,0.9996830224990845,1
8500,1,0.997340977191925,1
8501,1,0.9998350143432617,1
8502,1,0.9977790117263794,1
8503,0,0.00013499999477062374,0
8504,1,0.7548850178718567,1
8505,0,0.0005000000237487257,0
8506,1,0.9983999729156494,1
8507,1,0.9995620250701904,1
8508,0,0.0001990000018849969,0
8509,0,0.9956499934196472,1
8510,1,0.30486100912094116,0
8511,1,0.9999840259552002,1
8512,0,0.0053090001456439495,0
8513,1,0.9984560012817383,1
8514,1,0.9879680275917053,1
8515,1,0.9911379814147949,1
8516,1,0.999737024307251,1
8517,1,0.680042028427124,1
8518,0,0.003335000015795231,0
8519,1,0.9854410290718079,1
8520,1,0.9883480072021484,1
8521,1,0.9948790073394775,1
8522,1,0.99692702293396,1
8523,0,0.0032160000409930944,0
8524,1,0.9943270087242126,1
8525,0,0.9975119829177856,1
8526,1,0.8979179859161377,1
8527,1,0.9999740123748779,1
8528,1,0.3005790114402771,0
8529,0,0.014298000372946262,0
8530,1,0.9999570250511169,1
8531,0,9.999999974752427e-07,0
8532,0,0.0024240000639110804,0
8533,0,0.7073609828948975,1
8534,1,0.9950039982795715,1
8535,0,0.006558000110089779,0
8536,1,0.998179018497467,1
8537,1,0.9993849992752075,1
8538,0,0.06572800129652023,0
8539,1,0.9999030232429504,1
8540,0,0.002139999996870756,0
8541,0,0.0068660001270473,0
8542,0,0.020937999710440636,0
8543,1,0.8723270297050476,1
8544,1,0.9725459814071655,1
8545,0,0.0029039999935775995,0
8546,0,0.7231150269508362,1
8547,0,0.032182998955249786,0
8548,1,0.9996989965438843,1
8549,0,0.0034280000254511833,0
8550,1,1.0,1
8551,1,0.9999679923057556,1
8552,0,0.0006779999821446836,0
8553,1,0.31457000970840454,0
8554,0,0.0018810000037774444,0
8555,0,0.0005970000056549907,0
8556,1,0.9153649806976318,1
8557,0,0.005628999788314104,0
8558,1,0.997314989566803,1
8559,0,0.00043200000072829425,0
8560,1,0.5142940282821655,1
8561,0,0.0004820000031031668,0
8562,1,0.9996370077133179,1
8563,0,0.013596000149846077,0
8564,0,0.005934999790042639,0
8565,1,0.9998049736022949,1
8566,1,0.9937099814414978,1
8567,0,0.037748001515865326,0
8568,0,0.0022720000706613064,0
8569,0,1.4000000192027073e-05,0
8570,1,0.9996809959411621,1
8571,0,0.006928000133484602,0
8572,0,0.015552000142633915,0
8573,1,0.3836109936237335,0
8574,1,0.9976800084114075,1
8575,0,0.004490000195801258,0
8576,1,0.999987006187439,1
8577,0,5.2999999752501026e-05,0
8578,1,0.9989479780197144,1
8579,1,0.9980270266532898,1
8580,1,0.9722959995269775,1
8581,0,0.03132899850606918,0
8582,0,7.79999973019585e-05,0
8583,1,0.687080979347229,1
8584,0,0.00036199999158270657,0
8585,0,9.899999713525176e-05,0
8586,0,0.503669023513794,1
8587,0,0.001196000026538968,0
8588,0,0.04797700047492981,0
8589,1,0.9988560080528259,1
8590,1,0.9995099902153015,1
8591,1,0.7754009962081909,1
8592,0,0.20084799826145172,0
8593,0,0.00040499999886378646,0
8594,0,0.0024480000138282776,0
8595,0,0.4886919856071472,0
8596,0,0.06601999700069427,0
8597,1,0.977383017539978,1
8598,0,0.007996000349521637,0
8599,0,0.030282000079751015,0
8600,1,0.9997760057449341,1
8601,0,0.05341099947690964,0
8602,0,0.015066999942064285,0
8603,1,0.9866499900817871,1
8604,0,0.06471099704504013,0
8605,1,0.9165980219841003,1
8606,1,0.9888110160827637,1
8607,0,0.8250439763069153,1
8608,1,0.9973440170288086,1
8609,0,0.7435320019721985,1
8610,1,0.9487090110778809,1
8611,0,0.013252000324428082,0
8612,1,0.7515450119972229,1
8613,1,0.9999780058860779,1
8614,1,0.9411180019378662,1
8615,0,0.9714850187301636,1
8616,0,0.11138399690389633,0
8617,1,0.9582759737968445,1
8618,0,0.9060459733009338,1
8619,0,0.00037200000951997936,0
8620,1,0.9947519898414612,1
8621,0,0.9549760222434998,1
8622,1,0.8883090019226074,1
8623,1,0.9587550163269043,1
8624,0,0.6134819984436035,1
8625,1,0.9881970286369324,1
8626,1,0.8538230061531067,1
8627,0,0.00010900000052060932,0
8628,0,0.00017800000205170363,0
8629,1,0.9995419979095459,1
8630,0,0.004031000193208456,0
8631,1,0.9967280030250549,1
8632,1,0.7726079821586609,1
8633,1,0.9998270273208618,1
8634,0,0.05695100128650665,0
8635,1,0.9980040192604065,1
8636,0,1.4000000192027073e-05,0
8637,1,0.9998520016670227,1
8638,0,0.03854700177907944,0
8639,0,0.001521000056527555,0
8640,1,0.9957470297813416,1
8641,0,0.005280000157654285,0
8642,1,0.4874100089073181,0
8643,1,0.9889219999313354,1
8644,1,0.9999759793281555,1
8645,0,0.0019570000004023314,0
8646,0,0.016995999962091446,0
8647,0,0.7138000130653381,1
8648,0,0.3531480133533478,0
8649,1,0.9995729923248291,1
8650,0,0.552374005317688,1
8651,0,0.005675999913364649,0
8652,0,0.00012099999730708078,0
8653,1,0.9576780200004578,1
8654,0,0.02283399924635887,0
8655,1,1.0,1
8656,0,0.220101997256279,0
8657,0,0.7347750067710876,1
8658,1,0.9998279809951782,1
8659,0,1.2999999853491317e-05,0
8660,1,0.9997760057449341,1
8661,1,0.999925971031189,1
8662,0,0.8585759997367859,1
8663,0,0.0016700000269338489,0
8664,1,0.8966540098190308,1
8665,0,0.6622880101203918,1
8666,1,0.9998329877853394,1
8667,1,0.9999309778213501,1
8668,0,0.09079000353813171,0
8669,1,0.9999420046806335,1
8670,0,0.24520200490951538,0
8671,1,0.0024999999441206455,0
8672,1,0.9997270107269287,1
8673,1,0.9099029898643494,1
8674,0,0.42137500643730164,0
8675,1,0.9942970275878906,1
8676,1,0.781046986579895,1
8677,1,0.9977779984474182,1
8678,1,0.9998160004615784,1
8679,1,0.9982159733772278,1
8680,0,0.4128060042858124,0
8681,1,0.9999589920043945,1
8682,0,0.19455699622631073,0
8683,1,0.9883490204811096,1
8684,0,0.006794000044465065,0
8685,0,0.3111729919910431,0
8686,0,0.15104199945926666,0
8687,1,0.7336689829826355,1
8688,1,0.9940109848976135,1
8689,1,0.9452019929885864,1
8690,0,1.9999999494757503e-05,0
8691,0,0.1027970016002655,0
8692,1,0.9844670295715332,1
8693,1,0.5328080058097839,1
8694,0,1.1000000085914508e-05,0
8695,1,0.9983879923820496,1
8696,0,0.17279000580310822,0
8697,0,0.007108000107109547,0
8698,1,0.999305009841919,1
8699,0,0.8496649861335754,1
8700,0,0.32582899928092957,0
8701,0,0.8822979927062988,1
8702,1,0.9954419732093811,1
8703,0,0.00013299999409355223,0
8704,0,0.10639899969100952,0
8705,1,0.9995970129966736,1
8706,0,0.16462600231170654,0
8707,0,0.006058000028133392,0
8708,0,9.999999974752427e-07,0
8709,1,0.9997140169143677,1
8710,1,0.999767005443573,1
8711,0,0.009463000111281872,0
8712,0,0.0001230000052601099,0
8713,1,0.9999719858169556,1
8714,0,0.09682200103998184,0
8715,0,0.8991140127182007,1
8716,1,0.9820150136947632,1
8717,1,0.9967659711837769,1
8718,0,0.018737999722361565,0
8719,1,0.376554012298584,0
8720,0,0.0025239998940378428,0
8721,0,0.004561999812722206,0
8722,1,0.9999769926071167,1
8723,1,0.9994919896125793,1
8724,1,0.8473359942436218,1
8725,0,0.004561000037938356,0
8726,0,0.0071680000983178616,0
8727,0,0.06561899930238724,0
8728,0,0.0034459999296814203,0
8729,1,0.9385280013084412,1
8730,1,0.008995999582111835,0
8731,1,0.9979090094566345,1
8732,1,0.9886220097541809,1
8733,1,0.9907320141792297,1
8734,1,0.9989690184593201,1
8735,0,0.2975960075855255,0
8736,1,0.9957979917526245,1
8737,0,5.700000110664405e-05,0
8738,1,0.8033419847488403,1
8739,1,0.9999690055847168,1
8740,1,0.999468982219696,1
8741,1,0.9999369978904724,1
8742,1,0.9998800158500671,1
8743,0,0.75764000415802,1
8744,0,0.9631040096282959,1
8745,1,0.994795024394989,1
8746,0,0.00018099999579135329,0
8747,0,0.0009640000062063336,0
8748,0,0.03106899932026863,0
8749,1,0.9999939799308777,1
8750,0,0.0009079999872483313,0
8751,1,0.9986039996147156,1
8752,1,0.47981399297714233,0
8753,0,8.70000003487803e-05,0
8754,1,0.999891996383667,1
8755,0,0.8474100232124329,1
8756,0,0.0015569999814033508,0
8757,1,0.9666429758071899,1
8758,0,0.002532999962568283,0
8759,1,0.9997739791870117,1
8760,1,0.945497989654541,1
8761,0,0.001075000036507845,0
8762,1,0.9857689738273621,1
8763,0,0.02022399939596653,0
8764,1,0.9995329976081848,1
8765,0,0.001158999977633357,0
8766,0,3.7000001611886546e-05,0
8767,1,0.7932500243186951,1
8768,1,0.6197919845581055,1
8769,0,0.010712999850511551,0
8770,1,0.7717909812927246,1
8771,1,0.9950140118598938,1
8772,0,0.00010299999848939478,0
8773,0,0.0001140000022132881,0
8774,1,0.9277809858322144,1
8775,0,0.4444490075111389,0
8776,0,0.0007580000092275441,0
8777,1,0.9208160042762756,1
8778,0,0.006020000204443932,0
8779,1,0.9946820139884949,1
8780,0,0.04840900003910065,0
8781,0,0.0074970000423491,0
8782,0,0.002749999985098839,0
8783,0,0.0016129999421536922,0
8784,1,0.9998490214347839,1
8785,1,0.9576500058174133,1
8786,1,0.9994019865989685,1
8787,1,0.9987239837646484,1
8788,1,0.9834640026092529,1
8789,1,0.9999809861183167,1
8790,1,0.9996989965438843,1
8791,0,0.025072000920772552,0
8792,1,0.9999809861183167,1
8793,0,0.6004019975662231,1
8794,0,0.003286000108346343,0
8795,1,0.994828999042511,1
8796,1,0.9411870241165161,1
8797,0,0.028922999277710915,0
8798,0,0.0005929999751970172,0
8799,0,0.0006629999843426049,0
8800,0,0.0026000000070780516,0
8801,0,0.20919600129127502,0
8802,1,0.9633780121803284,1
8803,1,0.1421480029821396,0
8804,0,0.018265999853610992,0
8805,0,0.0003009999927598983,0
8806,1,0.9443479776382446,1
8807,1,0.9941859841346741,1
8808,1,0.9952639937400818,1
8809,0,0.31068700551986694,0
8810,1,0.8584049940109253,1
8811,0,0.004679999779909849,0
8812,1,0.9990479946136475,1
8813,1,1.0,1
8814,1,0.9993360042572021,1
8815,1,0.9626160264015198,1
8816,0,0.00810800027102232,0
8817,0,0.0026950000319629908,0
8818,0,0.0002840000088326633,0
8819,1,0.9999880194664001,1
8820,0,0.08146499842405319,0
8821,0,0.042826998978853226,0
8822,0,0.005336000118404627,0
8823,0,0.0038709999062120914,0
8824,0,4.8000001697801054e-05,0
8825,0,0.8350309729576111,1
8826,1,0.8833310008049011,1
8827,0,0.01612200029194355,0
8828,0,0.04616200178861618,0
8829,1,0.9970059990882874,1
8830,1,0.9998289942741394,1
8831,0,0.12435100227594376,0
8832,0,0.008154000155627728,0
8833,0,1.8999999156221747e-05,0
8834,0,0.47545701265335083,0
8835,1,0.9824039936065674,1
8836,0,8.499999967170879e-05,0
8837,0,0.0007639999967068434,0
8838,1,0.8901900053024292,1
8839,1,0.5254960060119629,1
8840,0,0.1468839943408966,0
8841,0,0.02237199991941452,0
8842,0,0.14033600687980652,0
8843,1,0.9995399713516235,1
8844,0,0.058403998613357544,0
8845,0,0.02377299964427948,0
8846,1,0.9036009907722473,1
8847,1,0.9884520173072815,1
8848,1,0.9999330043792725,1
8849,1,0.9946349859237671,1
8850,1,0.9243190288543701,1
8851,0,0.00034500000765547156,0
8852,0,0.000295000005280599,0
8853,0,0.04256400093436241,0
8854,0,0.7516270279884338,1
8855,0,0.03859899938106537,0
8856,0,0.0669260025024414,0
8857,1,0.9999650120735168,1
8858,0,0.003854000009596348,0
8859,1,0.9990770220756531,1
8860,1,0.9998160004615784,1
8861,0,0.14730000495910645,0
8862,1,0.9943979978561401,1
8863,1,0.9022610187530518,1
8864,0,0.01800999976694584,0
8865,0,0.003616000059992075,0
8866,1,0.4116249978542328,0
8867,0,0.010421999730169773,0
8868,0,0.00011500000255182385,0
8869,1,0.990801990032196,1
8870,1,0.9939510226249695,1
8871,0,0.5594750046730042,1
8872,1,0.7857019901275635,1
8873,1,0.990913987159729,1
8874,1,0.9579489827156067,1
8875,0,0.2247759997844696,0
8876,1,0.9999949932098389,1
8877,0,2.9999999242136255e-05,0
8878,1,0.8937690258026123,1
8879,1,0.9856330156326294,1
8880,0,0.9863430261611938,1
8881,1,0.9998660087585449,1
8882,0,0.004335000179708004,0
8883,0,0.0006859999848529696,0
8884,0,0.06133300065994263,0
8885,0,0.007949000224471092,0
8886,0,0.002128999913111329,0
8887,0,0.0025220001116394997,0
8888,1,0.9999909996986389,1
8889,0,0.19855299592018127,0
8890,0,1.8000000636675395e-05,0
8891,1,0.995701014995575,1
8892,1,0.999297022819519,1
8893,0,0.010958000086247921,0
8894,0,0.0006290000164881349,0
8895,1,0.9724159836769104,1
8896,0,0.00039999998989515007,0
8897,0,0.0005159999709576368,0
8898,0,0.0010649999603629112,0
8899,1,0.10403099656105042,0
8900,0,0.03683499991893768,0
8901,1,0.9535449743270874,1
8902,1,0.9961109757423401,1
8903,1,0.9997680187225342,1
8904,1,0.9999979734420776,1
8905,1,0.999580979347229,1
8906,0,0.07665900141000748,0
8907,0,2.700000004551839e-05,0
8908,0,0.00039500001003034413,0
8909,1,0.979449987411499,1
8910,1,0.058580998331308365,0
8911,1,0.9999920129776001,1
8912,0,0.0017359999474138021,0
8913,1,0.9965389966964722,1
8914,1,0.9132599830627441,1
8915,0,0.013187999837100506,0
8916,1,0.8439990282058716,1
8917,0,0.12492500245571136,0
8918,0,0.0031709999311715364,0
8919,1,0.9859849810600281,1
8920,1,0.9980080127716064,1
8921,0,2.099999983329326e-05,0
8922,0,0.0005130000063218176,0
8923,0,0.059843000024557114,0
8924,1,0.9758309721946716,1
8925,0,0.5427650213241577,1
8926,1,0.9998189806938171,1
8927,1,0.2913520038127899,0
8928,1,0.9276859760284424,1
8929,0,0.007546000182628632,0
8930,0,0.356550008058548,0
8931,1,0.8843950033187866,1
8932,0,0.9267709851264954,1
8933,0,0.05260999873280525,0
8934,1,0.9168930053710938,1
8935,0,0.00016700000560376793,0
8936,1,0.998645007610321,1
8937,0,0.00013800000306218863,0
8938,0,0.0065750000067055225,0
8939,1,0.9774630069732666,1
8940,1,0.9987620115280151,1
8941,0,0.023692000657320023,0
8942,0,0.035009000450372696,0
8943,1,0.27807000279426575,0
8944,1,0.9996230006217957,1
8945,0,0.002761000068858266,0
8946,0,0.0009289999725297093,0
8947,1,0.9961150288581848,1
8948,1,0.9991379976272583,1
8949,0,0.0003330000035930425,0
8950,1,0.9981930255889893,1
8951,1,0.9981579780578613,1
8952,1,0.9922980070114136,1
8953,1,0.995872974395752,1
8954,0,0.016892999410629272,0
8955,0,0.10968299955129623,0
8956,0,0.05121999979019165,0
8957,1,0.9943720102310181,1
8958,1,1.0,1
8959,1,0.9818620085716248,1
8960,0,0.21984000504016876,0
8961,1,0.9808250069618225,1
8962,1,0.9987519979476929,1
8963,0,0.0012450000504031777,0
8964,0,0.001395000028423965,0
8965,1,0.9999480247497559,1
8966,0,0.0031240000389516354,0
8967,0,0.0010339999571442604,0
8968,0,0.00046499999007210135,0
8969,0,0.002331000054255128,0
8970,1,0.9920989871025085,1
8971,0,0.15501700341701508,0
8972,1,0.9990090131759644,1
8973,1,0.9997699856758118,1
8974,1,0.9994239807128906,1
8975,1,0.9998739957809448,1
8976,0,0.016023000702261925,0
8977,0,0.17618300020694733,0
8978,0,0.00010800000018207356,0
8979,0,0.06216900050640106,0
8980,0,0.006541999988257885,0
8981,1,0.8144090175628662,1
8982,1,0.9999960064888,1
8983,0,1.8999999156221747e-05,0
8984,1,0.990041971206665,1
8985,1,0.9998949766159058,1
8986,1,0.9975370168685913,1
8987,0,0.11907099932432175,0
8988,1,0.9353950023651123,1
8989,0,0.8052800297737122,1
8990,0,4.999999873689376e-05,0
8991,0,0.004509999882429838,0
8992,0,0.0004990000161342323,0
8993,0,0.9368879795074463,1
8994,1,0.9926990270614624,1
8995,1,0.9838240146636963,1
8996,1,0.221793994307518,0
8997,0,0.03955300152301788,0
8998,0,0.02660300023853779,0
8999,1,0.9988240003585815,1
9000,0,0.9830560088157654,1
9001,1,0.9999750256538391,1
9002,0,0.018216999247670174,0
9003,1,0.9999369978904724,1
9004,0,0.2578440010547638,0
9005,1,0.9954730272293091,1
9006,1,0.9590830206871033,1
9007,1,0.9744529724121094,1
9008,0,0.0018400000408291817,0
9009,1,0.9998589754104614,1
9010,1,0.9999840259552002,1
9011,1,0.9861090183258057,1
9012,1,0.9938679933547974,1
9013,0,0.0005099999834783375,0
9014,1,0.9829130172729492,1
9015,0,0.06816300004720688,0
9016,0,0.5565260052680969,1
9017,0,0.004490000195801258,0
9018,1,0.8913589715957642,1
9019,1,0.9999769926071167,1
9020,0,0.015867000445723534,0
9021,1,0.9914050102233887,1
9022,0,0.04329000040888786,0
9023,0,0.0015709999715909362,0
9024,1,0.9999319911003113,1
9025,0,0.3312549889087677,0
9026,0,0.002546000061556697,0
9027,0,0.00011899999663000926,0
9028,1,0.9999619722366333,1
9029,1,0.9999979734420776,1
9030,1,0.8899829983711243,1
9031,1,0.9998949766159058,1
9032,0,0.00015100000018719584,0
9033,1,0.9996860027313232,1
9034,0,0.0027310000732541084,0
9035,1,0.9999920129776001,1
9036,0,0.9125800132751465,1
9037,1,0.9993820190429688,1
9038,0,0.00015999999595806003,0
9039,0,0.8611680269241333,1
9040,0,9.999999974752427e-07,0
9041,0,0.17179200053215027,0
9042,1,0.9951969981193542,1
9043,0,0.03180199861526489,0
9044,0,4.999999873689376e-06,0
9045,1,0.9213380217552185,1
9046,0,0.025193000212311745,0
9047,1,0.9993129968643188,1
9048,0,0.4612889885902405,0
9049,1,0.9999330043792725,1
9050,0,0.07417300343513489,0
9051,1,0.9451190233230591,1
9052,1,0.45896199345588684,0
9053,0,0.0009379999828524888,0
9054,0,0.8300570249557495,1
9055,1,0.9662100076675415,1
9056,0,0.009890999644994736,0
9057,0,0.0033539999276399612,0
9058,0,0.0003000000142492354,0
9059,0,0.005166000220924616,0
9060,0,0.003034000052139163,0
9061,0,0.0015180000336840749,0
9062,0,0.05230899900197983,0
9063,0,1.9999999949504854e-06,0
9064,1,0.9999330043792725,1
9065,1,0.9999539852142334,1
9066,0,0.02099199965596199,0
9067,1,0.9999589920043945,1
9068,0,0.0003110000106971711,0
9069,1,0.8175010085105896,1
9070,1,0.10324999690055847,0
9071,1,0.8369929790496826,1
9072,1,0.996291995048523,1
9073,0,0.8520780205726624,1
9074,0,0.008856000378727913,0
9075,1,0.9984300136566162,1
9076,1,0.9947230219841003,1
9077,0,3.5000000934815034e-05,0
9078,0,0.2409379929304123,0
9079,1,0.9930440187454224,1
9080,1,0.907368004322052,1
9081,1,0.9834219813346863,1
9082,1,0.9813650250434875,1
9083,0,0.007757999934256077,0
9084,1,0.9991120100021362,1
9085,1,0.9983590245246887,1
9086,0,3.999999989900971e-06,0
9087,0,0.00022400000307243317,0
9088,1,0.9897069931030273,1
9089,0,0.4599649906158447,0
9090,0,0.0015670000575482845,0
9091,1,0.9999979734420776,1
9092,1,0.9983329772949219,1
9093,1,0.9991260170936584,1
9094,1,0.9758840203285217,1
9095,0,0.012814000248908997,0
9096,0,0.0006750000175088644,0
9097,0,0.0012519999872893095,0
9098,1,0.9982830286026001,1
9099,1,0.996999979019165,1
9100,1,0.9391419887542725,1
9101,1,0.7865949869155884,1
9102,0,0.07345899939537048,0
9103,0,0.1515509933233261,0
9104,0,0.004013999830931425,0
9105,0,8.600000001024455e-05,0
9106,1,0.17941999435424805,0
9107,1,0.9892799854278564,1
9108,1,0.7422389984130859,1
9109,1,0.9998369812965393,1
9110,0,0.0010809999657794833,0
9111,1,0.9720069766044617,1
9112,1,0.9784190058708191,1
9113,1,0.9992849826812744,1
9114,0,0.9980360269546509,1
9115,0,0.17516900599002838,0
9116,1,0.9999989867210388,1
9117,1,0.9351099729537964,1
9118,1,0.837348997592926,1
9119,1,0.9981799721717834,1
9120,1,0.08953200280666351,0
9121,1,0.9710040092468262,1
9122,1,0.9965059757232666,1
9123,0,0.013055000454187393,0
9124,1,0.9997820258140564,1
9125,1,0.9996129870414734,1
9126,1,0.9999970197677612,1
9127,0,0.010827000252902508,0
9128,0,0.00030300000798888505,0
9129,1,0.9999420046806335,1
9130,0,0.0073990002274513245,0
9131,1,0.9963579773902893,1
9132,0,0.11682400107383728,0
9133,1,0.9974849820137024,1
9134,0,0.0007120000082068145,0
9135,1,0.9999039769172668,1
9136,0,0.9981970191001892,1
9137,0,0.03991299867630005,0
9138,0,0.3408699929714203,0
9139,1,0.9963889718055725,1
9140,0,0.0002099999983329326,0
9141,0,0.045942001044750214,0
9142,1,1.0,1
9143,1,0.9932649731636047,1
9144,0,0.03232400119304657,0
9145,1,0.9981129765510559,1
9146,0,0.016613999381661415,0
9147,1,0.9966539740562439,1
9148,1,0.9965479969978333,1
9149,0,0.007786999922245741,0
9150,0,0.031224999576807022,0
9151,1,0.9998850226402283,1
9152,1,0.9997910261154175,1
9153,0,0.9821739792823792,1
9154,1,0.4454230070114136,0
9155,1,0.9998760223388672,1
9156,1,0.9916849732398987,1
9157,0,0.00025499999173916876,0
9158,1,0.9705680012702942,1
9159,1,0.9907270073890686,1
9160,0,0.8921059966087341,1
9161,0,0.06447400152683258,0
9162,0,0.0006639999919570982,0
9163,0,0.059689000248909,0
9164,0,0.0004020000051241368,0
9165,0,0.0009299999801442027,0
9166,0,0.10876300185918808,0
9167,1,0.9607110023498535,1
9168,1,0.9943140149116516,1
9169,1,0.9642000198364258,1
9170,1,0.8679180145263672,1
9171,1,0.9989050030708313,1
9172,0,0.028668999671936035,0
9173,1,0.9994850158691406,1
9174,1,0.9999740123748779,1
9175,0,0.03547599911689758,0
9176,1,0.9865170121192932,1
9177,1,0.9988399744033813,1
9178,1,0.933646023273468,1
9179,1,0.7484530210494995,1
9180,0,0.9051870107650757,1
9181,1,0.9998260140419006,1
9182,1,0.4371449947357178,0
9183,1,0.9888529777526855,1
9184,1,0.9961130023002625,1
9185,0,0.15240100026130676,0
9186,1,0.9942950010299683,1
9187,0,0.016672000288963318,0
9188,1,0.999858021736145,1
9189,1,0.9997760057449341,1
9190,0,0.020820999518036842,0
9191,1,0.9995980262756348,1
9192,0,0.342617005109787,0
9193,0,0.00014699999883305281,0
9194,0,0.00860000029206276,0
9195,1,0.9999930262565613,1
9196,0,0.0005859999801032245,0
9197,0,0.00018000000272877514,0
9198,1,0.9978190064430237,1
9199,0,0.009251000359654427,0
9200,1,0.9996299743652344,1
9201,0,0.08854000270366669,0
9202,1,0.9992280006408691,1
9203,0,0.010625000111758709,0
9204,1,0.9999369978904724,1
9205,0,0.8281679749488831,1
9206,0,0.0004130000015720725,0
9207,0,0.0012919999426230788,0
9208,0,0.018505999818444252,0
9209,0,0.16317400336265564,0
9210,1,0.999987006187439,1
9211,0,0.010997000150382519,0
9212,1,0.46604499220848083,0
9213,0,0.02838899940252304,0
9214,0,0.24487799406051636,0
9215,1,0.9998840093612671,1
9216,0,9.999999974752427e-07,0
9217,1,0.9994699954986572,1
9218,0,0.20308299362659454,0
9219,1,0.2307399958372116,0
9220,1,0.2871919870376587,0
9221,1,0.9994099736213684,1
9222,0,0.00019099999917671084,0
9223,1,0.9045130014419556,1
9224,1,1.0,1
9225,1,0.9997270107269287,1
9226,0,0.08591599762439728,0
9227,0,0.29971399903297424,0
9228,1,0.9994059801101685,1
9229,0,0.015212000347673893,0
9230,0,0.002309999894350767,0
9231,0,0.005059000104665756,0
9232,0,0.04851299896836281,0
9233,1,0.97182297706604,1
9234,0,0.03029399923980236,0
9235,0,0.07672800123691559,0
9236,0,0.0035389999393373728,0
9237,0,0.49501198530197144,0
9238,1,0.9991999864578247,1
9239,0,0.05408700183033943,0
9240,0,0.0011950000189244747,0
9241,1,0.9975849986076355,1
9242,1,0.11283499747514725,0
9243,0,0.11316300183534622,0
9244,0,0.05019399896264076,0
9245,0,0.0029100000392645597,0
9246,1,0.9999570250511169,1
9247,1,0.9999989867210388,1
9248,1,0.21421299874782562,0
9249,1,0.9110569953918457,1
9250,0,0.022440999746322632,0
9251,1,0.9992979764938354,1
9252,0,0.39868301153182983,0
9253,1,0.9827039837837219,1
9254,0,3.400000059627928e-05,0
9255,0,0.0056059998460114,0
9256,1,0.06641200184822083,0
9257,0,0.0005990000208839774,0
9258,0,0.32805898785591125,0
9259,0,0.12784500420093536,0
9260,1,0.9938539862632751,1
9261,0,0.9551799893379211,1
9262,0,0.0005970000056549907,0
9263,1,0.9529280066490173,1
9264,0,0.021044999361038208,0
9265,0,0.00032900000223889947,0
9266,1,0.9997450113296509,1
9267,1,0.9898579716682434,1
9268,1,0.9996610283851624,1
9269,1,1.0,1
9270,0,0.004017999861389399,0
9271,1,0.8688049912452698,1
9272,0,0.0008929999894462526,0
9273,0,0.30194801092147827,0
9274,1,0.9998220205307007,1
9275,1,0.9925709962844849,1
9276,1,0.9890429973602295,1
9277,1,0.9999449849128723,1
9278,1,0.9861019849777222,1
9279,0,0.002612000098451972,0
9280,0,0.04774099960923195,0
9281,0,0.00783700030297041,0
9282,1,0.9990580081939697,1
9283,1,0.9998649954795837,1
9284,0,0.0007229999755509198,0
9285,1,0.9981390237808228,1
9286,1,0.9992139935493469,1
9287,1,0.9822679758071899,1
9288,0,0.03531099855899811,0
9289,1,0.9693869948387146,1
9290,1,0.9806830286979675,1
9291,0,0.0013729999773204327,0
9292,0,0.003481999970972538,0
9293,0,0.0007280000136233866,0
9294,1,0.6315860152244568,1
9295,1,0.9477300047874451,1
9296,1,0.995989978313446,1
9297,0,0.5889660120010376,1
9298,0,0.2573460042476654,0
9299,1,0.9999229907989502,1
9300,0,0.1910810023546219,0
9301,0,7.999999979801942e-06,0
9302,1,0.995136022567749,1
9303,1,0.9991670250892639,1
9304,0,0.09673500061035156,0
9305,1,0.9993289709091187,1
9306,0,0.42735999822616577,0
9307,0,0.00033999999868683517,0
9308,1,0.9953439831733704,1
9309,1,0.999891996383667,1
9310,0,0.018957000225782394,0
9311,0,6.000000212225132e-06,0
9312,0,0.003561000106856227,0
9313,0,0.025148000568151474,0
9314,1,0.9999639987945557,1
9315,0,0.05372200161218643,0
9316,0,0.32526999711990356,0
9317,0,0.15212100744247437,0
9318,1,0.9998980164527893,1
9319,0,0.00785600021481514,0
9320,0,0.05924199894070625,0
9321,1,0.9965199828147888,1
9322,0,0.5091819763183594,1
9323,1,0.9999939799308777,1
9324,1,0.9999489784240723,1
9325,0,0.0001990000018849969,0
9326,0,0.0005039999959990382,0
9327,1,0.9973559975624084,1
9328,0,3.600000127335079e-05,0
9329,0,3.899999865097925e-05,0
9330,1,0.9989529848098755,1
9331,1,0.996694028377533,1
9332,0,0.190079003572464,0
9333,1,0.9804620146751404,1
9334,1,0.9994940161705017,1
9335,1,0.999970018863678,1
9336,0,0.0005440000095404685,0
9337,0,0.11848899722099304,0
9338,1,0.8766250014305115,1
9339,0,0.18516699969768524,0
9340,1,0.9395229816436768,1
9341,0,0.001588999992236495,0
9342,0,0.8546969890594482,1
9343,0,0.001905999961309135,0
9344,0,0.001091000041924417,0
9345,1,0.9180170297622681,1
9346,0,0.6642709970474243,1
9347,0,0.030014999210834503,0
9348,1,0.9987450242042542,1
9349,1,0.9999939799308777,1
9350,0,0.6888189911842346,1
9351,1,0.9617390036582947,1
9352,0,0.4116950035095215,0
9353,0,0.03488900139927864,0
9354,0,0.17329199612140656,0
9355,1,0.998753011226654,1
9356,0,0.11064500361680984,0
9357,1,0.9561660289764404,1
9358,1,0.8288270235061646,1
9359,1,0.5710260272026062,1
9360,0,4.600000102072954e-05,0
9361,1,0.9986460208892822,1
9362,1,0.9671339988708496,1
9363,0,0.0005750000127591193,0
9364,1,0.9834949970245361,1
9365,0,0.00023200000578071922,0
9366,1,0.9826400279998779,1
9367,0,1.5999999959603883e-05,0
9368,1,0.9744129776954651,1
9369,0,0.00018699999782256782,0
9370,1,0.9999610185623169,1
9371,1,0.9999729990959167,1
9372,0,0.0007619999814778566,0
9373,1,0.9976119995117188,1
9374,1,0.8812239766120911,1
9375,1,0.9993069767951965,1
9376,0,0.001512999995611608,0
9377,0,0.24935300648212433,0
9378,1,0.9999989867210388,1
9379,1,0.9908450245857239,1
9380,1,0.9965000152587891,1
9381,1,0.9999589920043945,1
9382,0,0.08615999668836594,0
9383,1,0.9988750219345093,1
9384,1,0.9912899732589722,1
9385,0,9.999999974752427e-07,0
9386,0,0.3705289959907532,0
9387,1,0.9985169768333435,1
9388,1,0.999970018863678,1
9389,0,0.034210000187158585,0
9390,0,0.004120999947190285,0
9391,1,0.9999949932098389,1
9392,0,0.0018449999624863267,0
9393,0,0.00021600000036414713,0
9394,0,0.006074000149965286,0
9395,0,0.05251700058579445,0
9396,0,0.012729000300168991,0
9397,1,0.9996979832649231,1
9398,1,0.8746190071105957,1
9399,1,0.9910979866981506,1
9400,0,0.3516570031642914,0
9401,0,3.099999958067201e-05,0
9402,1,0.9998990297317505,1
9403,1,0.3224189877510071,0
9404,1,0.9999039769172668,1
9405,0,1.2999999853491317e-05,0
9406,0,0.05785199999809265,0
9407,1,0.9999849796295166,1
9408,0,0.009866000153124332,0
9409,0,0.0016959999920800328,0
9410,0,0.0003589999978430569,0
9411,0,3.899999865097925e-05,0
9412,0,0.0036609999369829893,0
9413,1,0.9999930262565613,1
9414,0,0.00012099999730708078,0
9415,1,0.9011279940605164,1
9416,1,0.9973199963569641,1
9417,1,0.9183689951896667,1
9418,0,0.04655500128865242,0
9419,0,7.000000096013537e-06,0
9420,1,0.9997829794883728,1
9421,0,0.0012760000536218286,0
9422,0,0.00013099999341648072,0
9423,0,0.9807149767875671,1
9424,1,0.9950600266456604,1
9425,0,0.2770090103149414,0
9426,0,2.9999999242136255e-05,0
9427,1,0.9933279752731323,1
9428,1,0.999891996383667,1
9429,1,0.9938889741897583,1
9430,0,0.0006649999995715916,0
9431,1,0.9999899864196777,1
9432,0,0.5597350001335144,1
9433,1,0.8664129972457886,1
9434,0,0.24144500494003296,0
9435,1,0.9287599921226501,1
9436,1,0.8861749768257141,1
9437,1,0.9987490177154541,1
9438,0,0.6147559881210327,1
9439,0,0.02683199942111969,0
9440,0,0.009328000247478485,0
9441,1,0.9998499751091003,1
9442,0,0.007501999847590923,0
9443,0,0.12594200670719147,0
9444,0,0.09050700068473816,0
9445,1,0.9861969947814941,1
9446,1,0.9903889894485474,1
9447,0,0.003046999918296933,0
9448,0,0.15320999920368195,0
9449,0,0.9016730189323425,1
9450,1,0.9575960040092468,1
9451,0,0.0003209999995306134,0
9452,0,0.0005280000041238964,0
9453,1,0.9560239911079407,1
9454,1,0.9408320188522339,1
9455,1,0.9999240040779114,1
9456,0,0.009440000168979168,0
9457,0,0.12144999951124191,0
9458,1,0.8798589706420898,1
9459,1,0.99515300989151,1
9460,1,0.9978020191192627,1
9461,0,0.13383999466896057,0
9462,0,0.0010489999549463391,0
9463,0,0.000881000014487654,0
9464,1,0.14872699975967407,0
9465,1,0.996167004108429,1
9466,0,0.9990630149841309,1
9467,0,0.006792999804019928,0
9468,0,0.8765659928321838,1
9469,0,0.07008299976587296,0
9470,1,0.9999759793281555,1
9471,0,0.006378999911248684,0
9472,0,0.009987999685108662,0
9473,1,0.9993789792060852,1
9474,1,0.1323239952325821,0
9475,1,0.4365690052509308,0
9476,1,0.999576985836029,1
9477,1,0.9995909929275513,1
9478,0,0.8726360201835632,1
9479,0,0.8957189917564392,1
9480,0,0.33258798718452454,0
9481,0,0.0,0
9482,0,0.0002859999949578196,0
9483,1,0.9998800158500671,1
9484,1,0.9880189895629883,1
9485,1,0.18485699594020844,0
9486,1,0.9998840093612671,1
9487,1,0.9107099771499634,1
9488,0,0.009506000205874443,0
9489,0,0.8364430069923401,1
9490,1,0.928138017654419,1
9491,0,0.005363000091165304,0
9492,1,0.9928470253944397,1
9493,1,0.2583889961242676,0
9494,1,0.8524169921875,1
9495,1,0.642084002494812,1
9496,1,0.9982320070266724,1
9497,0,0.1587509959936142,0
9498,1,0.99965900182724,1
9499,1,0.9957749843597412,1
9500,1,0.9999799728393555,1
9501,1,0.995343029499054,1
9502,1,0.9999120235443115,1
9503,0,0.07709699869155884,0
9504,0,4.999999873689376e-05,0
9505,1,0.8233039975166321,1
9506,0,2.4000000848900527e-05,0
9507,0,0.0024160000029951334,0
9508,0,0.009318999946117401,0
9509,1,0.9996989965438843,1
9510,0,0.06063099950551987,0
9511,1,0.9935439825057983,1
9512,0,0.004017999861389399,0
9513,0,0.045896001160144806,0
9514,0,4.199999966658652e-05,0
9515,1,0.9967550039291382,1
9516,0,0.011680999770760536,0
9517,0,3.899999865097925e-05,0
9518,0,0.0032939999364316463,0
9519,0,0.5643630027770996,1
9520,0,0.5831369757652283,1
9521,1,0.9994720220565796,1
9522,1,0.9998379945755005,1
9523,1,0.9841200113296509,1
9524,1,0.99822998046875,1
9525,1,0.9534299969673157,1
9526,0,0.003734000027179718,0
9527,0,0.001167000038549304,0
9528,1,0.9604939818382263,1
9529,0,0.0034890000242739916,0
9530,0,0.0005080000264570117,0
9531,1,0.9917110204696655,1
9532,1,0.998170018196106,1
9533,0,0.026426000520586967,0
9534,1,0.9999669790267944,1
9535,1,0.47211799025535583,0
9536,0,0.05214700102806091,0
9537,0,0.0073910001665353775,0
9538,1,0.9766020178794861,1
9539,0,0.10789699852466583,0
9540,1,0.99760502576828,1
9541,1,0.9990950226783752,1
9542,0,0.04300700128078461,0
9543,1,0.9995890259742737,1
9544,1,0.998769998550415,1
9545,1,0.9998739957809448,1
9546,0,0.00027600000612437725,0
9547,1,0.9990800023078918,1
9548,1,0.9999369978904724,1
9549,1,0.99651700258255,1
9550,1,0.991890013217926,1
9551,1,0.9473050236701965,1
9552,0,0.0929730013012886,0
9553,1,0.9164429903030396,1
9554,0,0.0009580000187270343,0
9555,1,0.9999939799308777,1
9556,0,0.9516350030899048,1
9557,1,0.9999160170555115,1
9558,1,0.7008069753646851,1
9559,0,0.1508679986000061,0
9560,0,0.0016540000215172768,0
9561,1,0.9940810203552246,1
9562,0,2.499999936844688e-05,0
9563,1,0.993619978427887,1
9564,0,0.9646850228309631,1
9565,0,0.04181699827313423,0
9566,1,0.9999909996986389,1
9567,1,0.9927260279655457,1
9568,1,0.9999759793281555,1
9569,1,0.9964510202407837,1
9570,1,0.9972109794616699,1
9571,0,4.999999873689376e-06,0
9572,0,0.5279510021209717,1
9573,1,0.9999970197677612,1
9574,0,0.05753700062632561,0
9575,0,7.500000356230885e-05,0
9576,0,0.03198400139808655,0
9577,1,0.9999750256538391,1
9578,0,0.654761016368866,1
9579,0,0.00013499999477062374,0
9580,1,0.9997209906578064,1
9581,0,0.001560000004246831,0
9582,0,0.3455750048160553,0
9583,1,0.999455988407135,1
9584,1,0.9999859929084778,1
9585,1,0.9998999834060669,1
9586,0,0.0010000000474974513,0
9587,1,0.9965010285377502,1
9588,0,0.2012529969215393,0
9589,1,0.7133020162582397,1
9590,1,0.2534109950065613,0
9591,0,0.01992099918425083,0
9592,1,0.9979569911956787,1
9593,1,0.9999859929084778,1
9594,1,0.9629909992218018,1
9595,1,0.9967589974403381,1
9596,1,0.9775969982147217,1
9597,0,0.007278999779373407,0
9598,1,0.8395789861679077,1
9599,0,0.007439000066369772,0
9600,0,3.000000106112566e-06,0
9601,0,0.11657200008630753,0
9602,1,0.8379520177841187,1
9603,0,0.13394300639629364,0
9604,0,0.03654100000858307,0
9605,0,0.06933099776506424,0
9606,0,0.004556000232696533,0
9607,0,0.002584999892860651,0
9608,1,0.9998440146446228,1
9609,0,0.6452059745788574,1
9610,1,0.9999060034751892,1
9611,0,0.002346999943256378,0
9612,1,0.9721099734306335,1
9613,0,0.021699000149965286,0
9614,1,0.9987059831619263,1
9615,0,0.012911999598145485,0
9616,0,7.000000096013537e-06,0
9617,0,0.5499799847602844,1
9618,0,0.0011030000168830156,0
9619,1,0.931922972202301,1
9620,0,0.0005680000176653266,0
9621,1,0.9706699848175049,1
9622,1,0.8844540119171143,1
9623,1,0.9999729990959167,1
9624,1,0.9999750256538391,1
9625,1,0.08856900036334991,0
9626,0,0.4097389876842499,0
9627,1,0.9998959898948669,1
9628,0,0.0009040000149980187,0
9629,1,0.9999970197677612,1
9630,1,0.9904599785804749,1
9631,0,0.0018479999853298068,0
9632,1,0.9988790154457092,1
9633,0,0.000615999975707382,0
9634,1,0.9990490078926086,1
9635,1,0.9985970258712769,1
9636,0,0.00558600015938282,0
9637,1,0.9926360249519348,1
9638,1,0.8443790078163147,1
9639,0,0.04355299845337868,0
9640,0,0.004569999873638153,0
9641,1,0.9999459981918335,1
9642,1,0.9999399781227112,1
9643,0,0.07146099954843521,0
9644,0,0.39452800154685974,0
9645,0,0.04160299897193909,0
9646,1,0.8569120168685913,1
9647,1,0.06362999975681305,0
9648,1,0.9999949932098389,1
9649,1,0.9999740123748779,1
9650,1,0.5930489897727966,1
9651,0,0.0010209999745711684,0
9652,1,0.9998469948768616,1
9653,0,0.004687999840825796,0
9654,0,0.9636499881744385,1
9655,1,0.9992280006408691,1
9656,1,0.16658399999141693,0
9657,0,0.4525870084762573,0
9658,0,0.0010420000180602074,0
9659,0,0.13859400153160095,0
9660,0,0.08162099868059158,0
9661,0,0.0029200001154094934,0
9662,1,0.9914180040359497,1
9663,1,0.9999939799308777,1
9664,0,1.8000000636675395e-05,0
9665,0,0.227960005402565,0
9666,1,0.9840120077133179,1
9667,0,0.03002599999308586,0
9668,1,0.9998890161514282,1
9669,1,0.9964830279350281,1
9670,0,0.3709540069103241,0
9671,1,0.753013014793396,1
9672,1,0.9011279940605164,1
9673,1,0.9836390018463135,1
9674,1,0.9870100021362305,1
9675,1,0.6591119766235352,1
9676,0,0.20038500428199768,0
9677,1,0.9469130039215088,1
9678,0,0.0010349999647587538,0
9679,0,0.00019099999917671084,0
9680,1,0.9999340176582336,1
9681,0,0.0009340000106021762,0
9682,1,0.9878389835357666,1
9683,0,0.025056999176740646,0
9684,1,0.97776198387146,1
9685,1,0.9996430277824402,1
9686,0,0.7927590012550354,1
9687,1,0.9937419891357422,1
9688,0,0.1961359977722168,0
9689,0,0.0021909999195486307,0
9690,1,0.9025179743766785,1
9691,0,0.021859999746084213,0
9692,1,0.9974250197410583,1
9693,0,0.01305800024420023,0
9694,1,0.9371579885482788,1
9695,0,0.6926119923591614,1
9696,0,0.021810999140143394,0
9697,0,0.006134999915957451,0
9698,1,0.9989659786224365,1
9699,0,0.010111999697983265,0
9700,0,0.03854899853467941,0
9701,1,0.9909250140190125,1
9702,1,0.9994969964027405,1
9703,0,0.016707999631762505,0
9704,1,0.9968140125274658,1
9705,0,0.005055000074207783,0
9706,0,9.999999974752427e-07,0
9707,0,0.005121000111103058,0
9708,1,0.2359199970960617,0
9709,0,0.08728600293397903,0
9710,1,0.9999799728393555,1
9711,1,1.0,1
9712,0,0.003244000021368265,0
9713,1,0.9951239824295044,1
9714,1,0.8817639946937561,1
9715,1,0.9999560117721558,1
9716,1,0.99959397315979,1
9717,0,0.000859999970998615,0
9718,1,0.9982600212097168,1
9719,0,0.30710700154304504,0
9720,0,0.23275400698184967,0
9721,1,0.9974790215492249,1
9722,1,0.9994029998779297,1
9723,0,9.500000305706635e-05,0
9724,1,0.9987630248069763,1
9725,1,0.6399440169334412,1
9726,0,0.008383999578654766,0
9727,0,0.009503999724984169,0
9728,0,0.0069160000421106815,0
9729,1,0.9312310218811035,1
9730,1,0.9974920153617859,1
9731,0,0.0346359983086586,0
9732,0,4.600000102072954e-05,0
9733,0,0.013969000428915024,0
9734,0,0.14902600646018982,0
9735,0,0.022919999435544014,0
9736,0,0.9841349720954895,1
9737,0,0.00022899999748915434,0
9738,1,0.9998800158500671,1
9739,1,0.9916269779205322,1
9740,1,0.9998990297317505,1
9741,0,0.029729999601840973,0
9742,0,9.999999747378752e-05,0
9743,0,1.4000000192027073e-05,0
9744,0,0.05423799902200699,0
9745,1,0.9819930195808411,1
9746,1,0.9981110095977783,1
9747,0,0.6348919868469238,1
9748,0,0.006802999880164862,0
9749,1,0.9987859725952148,1
9750,1,0.92290198802948,1
9751,1,0.9993000030517578,1
9752,0,0.6918309926986694,1
9753,1,0.9998059868812561,1
9754,0,0.001066999975591898,0
9755,1,0.8716660141944885,1
9756,0,0.00010800000018207356,0
9757,0,0.00048099999548867345,0
9758,0,0.0023070001043379307,0
9759,0,0.0001320000010309741,0
9760,1,0.2722800076007843,0
9761,1,0.9998270273208618,1
9762,1,0.0013920000055804849,0
9763,0,0.0008350000134669244,0
9764,0,0.009442999958992004,0
9765,1,0.9914349913597107,1
9766,0,0.03388199955224991,0
9767,0,0.009254000149667263,0
9768,1,0.9854530096054077,1
9769,1,0.2879459857940674,0
9770,0,0.00011899999663000926,0
9771,0,0.010340999811887741,0
9772,1,0.9116079807281494,1
9773,1,0.9999520182609558,1
9774,0,0.030119000002741814,0
9775,1,0.9988660216331482,1
9776,1,0.9999769926071167,1
9777,1,0.9998160004615784,1
9778,0,0.0002770000137388706,0
9779,0,0.007116000168025494,0
9780,1,0.9769390225410461,1
9781,1,0.9995579719543457,1
9782,0,0.0016710000345483422,0
9783,0,0.0004149999876972288,0
9784,0,0.507718026638031,1
9785,0,0.11691199988126755,0
9786,0,0.0603020004928112,0
9787,0,0.010389000177383423,0
9788,1,0.9999939799308777,1
9789,1,0.8101739883422852,1
9790,0,0.02871299907565117,0
9791,1,0.9610329866409302,1
9792,0,0.0005610000225715339,0
9793,0,0.0005489999894052744,0
9794,0,0.10163500159978867,0
9795,1,0.9992280006408691,1
9796,1,0.9994840025901794,1
9797,0,0.006876999977976084,0
9798,1,0.9998109936714172,1
9799,1,0.9658190011978149,1
9800,0,0.45377999544143677,0
9801,0,0.11729300022125244,0
9802,0,0.012605000287294388,0
9803,1,0.994625985622406,1
9804,0,0.9657480120658875,1
9805,1,0.9639099836349487,1
9806,0,0.0003330000035930425,0
9807,1,0.9972169995307922,1
9808,0,0.8470309972763062,1
9809,1,0.9998689889907837,1
9810,1,0.9994630217552185,1
9811,0,8.900000102585182e-05,0
9812,1,0.7791200280189514,1
9813,0,0.00598399993032217,0
9814,0,0.002176000038161874,0
9815,1,0.18922899663448334,0
9816,1,0.9939829707145691,1
9817,0,0.00045900000259280205,0
9818,0,5.2999999752501026e-05,0
9819,1,0.9950609803199768,1
9820,0,0.0008849999867379665,0
9821,1,0.9999799728393555,1
9822,1,0.9972739815711975,1
9823,0,0.5157830119132996,1
9824,1,0.9999989867210388,1
9825,0,0.019864000380039215,0
9826,0,0.00177800003439188,0
9827,1,0.2809639871120453,0
9828,1,0.999580979347229,1
9829,0,0.14452999830245972,0
9830,1,0.9999989867210388,1
9831,0,0.0009710000013001263,0
9832,0,0.6944940090179443,1
9833,1,0.9681839942932129,1
9834,1,0.9807320237159729,1
9835,0,0.0025859999004751444,0
9836,0,0.926177978515625,1
9837,0,0.7453759908676147,1
9838,0,0.0005440000095404685,0
9839,0,0.04182400181889534,0
9840,0,0.8907290101051331,1
9841,0,0.023099999874830246,0
9842,1,0.9322559833526611,1
9843,1,0.9803060293197632,1
9844,1,0.9982920289039612,1
9845,0,0.0027260000351816416,0
9846,0,0.06930500268936157,0
9847,1,0.9964110255241394,1
9848,1,0.9973490238189697,1
9849,0,0.01687600091099739,0
9850,0,3.7000001611886546e-05,0
9851,0,0.00029600001289509237,0
9852,0,3.5000000934815034e-05,0
9853,1,0.9998520016670227,1
9854,0,0.0025949999690055847,0
9855,1,0.9999409914016724,1
9856,1,0.999983012676239,1
9857,1,0.9997429847717285,1
9858,0,0.00457100011408329,0
9859,1,0.9059299826622009,1
9860,1,0.9557030200958252,1
9861,1,0.9995819926261902,1
9862,1,0.9751920104026794,1
9863,1,0.9999920129776001,1
9864,1,0.9999989867210388,1
9865,1,0.9999809861183167,1
9866,1,0.9996280074119568,1
9867,1,0.008213999681174755,0
9868,0,0.015901999548077583,0
9869,1,0.9999979734420776,1
9870,0,0.004497000016272068,0
9871,0,0.7646070122718811,1
9872,1,0.4917230010032654,0
9873,0,0.030866000801324844,0
9874,1,0.9833279848098755,1
9875,1,0.9985499978065491,1
9876,0,0.0745680034160614,0
9877,0,5.700000110664405e-05,0
9878,0,0.08973199874162674,0
9879,1,0.9928969740867615,1
9880,1,0.8528130054473877,1
9881,0,0.00018200000340584666,0
9882,0,0.16445299983024597,0
9883,1,0.23157399892807007,0
9884,1,0.999921977519989,1
9885,1,0.9851999878883362,1
9886,0,0.0189410001039505,0
9887,1,0.9998289942741394,1
9888,1,0.993116021156311,1
9889,1,0.18316300213336945,0
9890,1,0.9975150227546692,1
9891,1,0.9635499715805054,1
9892,1,0.9914109706878662,1
9893,1,0.9924830198287964,1
9894,1,0.9999799728393555,1
9895,0,0.054120998829603195,0
9896,0,0.0014189999783411622,0
9897,0,0.0011210000375285745,0
9898,1,0.977853000164032,1
9899,1,0.8943099975585938,1
9900,0,0.9124680161476135,1
9901,0,0.00026000000070780516,0
9902,0,0.00010699999984353781,0
9903,1,0.9960240125656128,1
9904,1,1.0,1
9905,1,0.998013973236084,1
9906,0,0.001069999998435378,0
9907,1,0.7707729935646057,1
9908,1,0.9996169805526733,1
9909,0,0.1881989985704422,0
9910,0,1.9999999949504854e-06,0
9911,1,0.9961979985237122,1
9912,1,0.10241200029850006,0
9913,1,0.9927470088005066,1
9914,0,0.9878429770469666,1
9915,0,0.0003600000054575503,0
9916,0,0.005566000007092953,0
9917,1,0.9999669790267944,1
9918,0,0.04188700020313263,0
9919,1,0.9944120049476624,1
9920,1,0.9997879862785339,1
9921,0,0.000818000000435859,0
9922,0,0.005135999992489815,0
9923,1,0.9474599957466125,1
9924,0,0.02515999972820282,0
9925,1,0.9751989841461182,1
9926,1,0.9999840259552002,1
9927,0,0.0006779999821446836,0
9928,0,0.00698099983856082,0
9929,0,0.30202001333236694,0
9930,0,0.00013499999477062374,0
9931,0,0.0022239999379962683,0
9932,1,0.9980329871177673,1
9933,0,0.004013999830931425,0
9934,1,0.9989460110664368,1
9935,0,0.03989600017666817,0
9936,1,0.9972429871559143,1
9937,1,0.999629020690918,1
9938,1,0.994251012802124,1
9939,1,0.9668440222740173,1
9940,0,0.0017930000321939588,0
9941,0,0.8987500071525574,1
9942,1,0.9862449765205383,1
9943,0,0.00019999999494757503,0
9944,1,0.9999939799308777,1
9945,0,0.0004569999873638153,0
9946,0,5.500000042957254e-05,0
9947,0,0.0019199999514967203,0
9948,0,0.13846400380134583,0
9949,1,0.03212700039148331,0
9950,0,0.0003129999968223274,0
9951,1,0.9998599886894226,1
9952,0,0.001636000000871718,0
9953,0,0.0034179999493062496,0
9954,0,0.2044450044631958,0
9955,1,0.9993299841880798,1
9956,0,0.029784999787807465,0
9957,0,0.5910509824752808,1
9958,0,0.0040799998678267,0
9959,1,0.9987279772758484,1
9960,1,0.9996050000190735,1
9961,1,0.9878039956092834,1
9962,0,0.14369699358940125,0
9963,0,4.3000000005122274e-05,0
9964,1,0.9990410208702087,1
9965,0,0.002185000106692314,0
9966,1,0.9955959916114807,1
9967,0,0.00022000000171829015,0
9968,0,1.2000000424450263e-05,0
9969,1,0.9989299774169922,1
9970,0,0.7374200224876404,1
9971,0,0.11335600167512894,0
9972,1,0.9984340071678162,1
9973,1,0.9999989867210388,1
9974,1,0.9999970197677612,1
9975,1,0.999763011932373,1
9976,1,0.9953500032424927,1
9977,1,0.9967210292816162,1
9978,1,0.9934269785881042,1
9979,1,0.9995980262756348,1
9980,1,0.9897310137748718,1
9981,0,0.012284999713301659,0
9982,1,0.996740996837616,1
9983,0,0.001303000026382506,0
9984,1,0.9977700114250183,1
9985,0,0.0017590000061318278,0
9986,1,0.9898669719696045,1
9987,1,0.999750018119812,1
9988,0,0.0058200000785291195,0
9989,0,0.0024160000029951334,0
9990,0,0.017116999253630638,0
9991,0,0.0020550000481307507,0
9992,0,0.000526999996509403,0
9993,0,0.015852000564336777,0
9994,1,0.9534900188446045,1
9995,0,0.03516500070691109,0
9996,0,0.008510000072419643,0
9997,1,0.9984880089759827,1
9998,1,0.999688982963562,1
9999,1,0.9997389912605286,1
