test_index,label,probability_positive,prediction
0,1,0.9789000153541565,1
1,0,0.017812000587582588,0
2,0,0.02117300033569336,0
3,1,0.9970579743385315,1
4,0,0.004964999854564667,0
5,0,0.014751000329852104,0
6,1,0.8804479837417603,1
7,0,0.052949000149965286,0
8,1,0.9999799728393555,1
9,0,0.02721099928021431,0
10,1,0.992031991481781,1
11,0,0.011256000027060509,0
12,0,0.050996001809835434,0
13,0,0.04075799882411957,0
14,0,0.017748000100255013,0
15,0,0.02552199922502041,0
16,1,0.974852979183197,1
17,1,0.9884510040283203,1
18,0,0.0013460000045597553,0
19,1,0.46665799617767334,0
20,0,0.06453599780797958,0
21,0,0.11805299669504166,0
22,1,0.984145998954773,1
23,0,0.3323819935321808,0
24,0,0.003703000023961067,0
25,0,0.08059699833393097,0
26,1,0.9988870024681091,1
27,0,0.08447200059890747,0
28,1,0.9877669811248779,1
29,1,0.9626320004463196,1
30,1,0.9999979734420776,1
31,1,0.8991310000419617,1
32,0,0.09171699732542038,0
33,1,0.9983749985694885,1
34,0,0.25781500339508057,0
35,1,0.9428709745407104,1
36,0,0.01167100016027689,0
37,0,0.0943320021033287,0
38,0,0.004389999900013208,0
39,0,0.06449899822473526,0
40,0,0.004681000020354986,0
41,1,0.9975829720497131,1
42,1,0.9948109984397888,1
43,1,0.964434027671814,1
44,1,0.9031580090522766,1
45,1,0.9994779825210571,1
46,1,0.6695359945297241,1
47,0,0.04684099927544594,0
48,0,0.2815819978713989,0
49,0,0.0944179967045784,0
50,0,0.7400169968605042,1
51,0,0.20352600514888763,0
52,0,0.12644100189208984,0
53,0,0.6867219805717468,1
54,1,0.2011670023202896,0
55,1,0.945061981678009,1
56,1,0.8889719843864441,1
57,1,0.9978119730949402,1
58,0,0.015305000357329845,0
59,1,0.9639310240745544,1
60,0,9.999999974752427e-07,0
61,1,0.9657099843025208,1
62,1,0.9709680080413818,1
63,1,0.9698330163955688,1
64,0,0.013005999848246574,0
65,0,0.09480199962854385,0
66,0,0.03596299886703491,0
67,0,0.1965000033378601,0
68,0,0.0017460000235587358,0
69,1,0.9410549998283386,1
70,1,0.7950909733772278,1
71,0,0.5645310282707214,1
72,1,0.8009200096130371,1
73,1,0.9667419791221619,1
74,1,0.8811360001564026,1
75,1,0.9906420111656189,1
76,0,0.021926000714302063,0
77,0,0.00853700004518032,0
78,0,0.05619300156831741,0
79,1,0.6095929741859436,1
80,0,0.00016700000560376793,0
81,1,0.8452320098876953,1
82,0,0.00955899991095066,0
83,0,0.2865299880504608,0
84,1,0.893123984336853,1
85,0,0.007224999833852053,0
86,0,0.012362999841570854,0
87,0,0.400970995426178,0
88,0,0.2528510093688965,0
89,1,0.9278029799461365,1
90,0,0.22391599416732788,0
91,1,0.9912520051002502,1
92,1,0.9962570071220398,1
93,0,0.0879250019788742,0
94,1,0.9928029775619507,1
95,1,0.9832770228385925,1
96,0,0.00035799999022856355,0
97,0,0.126800999045372,0
98,0,0.014705000445246696,0
99,0,0.6405050158500671,1
100,1,0.9985380172729492,1
101,0,0.003914999775588512,0
102,1,0.9888330101966858,1
103,0,0.020888999104499817,0
104,1,0.9989299774169922,1
105,1,0.9993240237236023,1
106,1,0.40553200244903564,0
107,0,1.9999999949504854e-06,0
108,1,0.9999719858169556,1
109,0,0.007501999847590923,0
110,1,0.8283500075340271,1
111,0,0.4423780143260956,0
112,0,0.015413000248372555,0
113,1,0.4191179871559143,0
114,0,0.0057680001482367516,0
115,1,0.8193489909172058,1
116,1,0.9582080245018005,1
117,0,0.015395999886095524,0
118,1,0.3994860053062439,0
119,0,0.8852229714393616,1
120,0,0.010262000374495983,0
121,0,0.0025339999701827765,0
122,0,0.0036100000143051147,0
123,0,0.0010160000529140234,0
124,0,0.001196000026538968,0
125,0,0.35501500964164734,0
126,1,0.9443749785423279,1
127,1,0.9530959725379944,1
128,0,0.058472998440265656,0
129,0,0.029041999951004982,0
130,1,0.9996960163116455,1
131,1,0.9982900023460388,1
132,0,0.024010000750422478,0
133,0,0.015615000389516354,0
134,0,3.000000106112566e-06,0
135,1,0.9256299734115601,1
136,0,0.0,0
137,1,0.658050000667572,1
138,0,0.03994499891996384,0
139,0,0.030712999403476715,0
140,0,0.35885900259017944,0
141,0,0.18674300611019135,0
142,0,0.007938000373542309,0
143,1,0.9327059984207153,1
144,0,0.0442500002682209,0
145,0,0.02802800014615059,0
146,0,0.10564199835062027,0
147,0,0.003625999903306365,0
148,0,0.010932999663054943,0
149,1,0.990867018699646,1
150,0,0.001979999942705035,0
151,1,0.9485020041465759,1
152,1,0.9998490214347839,1
153,1,0.9676250219345093,1
154,0,0.03477400168776512,0
155,1,0.999422013759613,1
156,1,0.9942700266838074,1
157,0,0.0036810000892728567,0
158,0,0.00672100018709898,0
159,1,0.9986249804496765,1
160,0,0.17853300273418427,0
161,1,0.9999520182609558,1
162,0,0.10523000359535217,0
163,0,0.029179999604821205,0
164,0,0.7916030287742615,1
165,1,0.9984670281410217,1
166,0,0.07356400042772293,0
167,1,0.9954419732093811,1
168,0,0.0023900000378489494,0
169,0,0.08118800073862076,0
170,1,0.9969310164451599,1
171,0,0.003531999886035919,0
172,0,0.029100999236106873,0
173,0,0.5438290238380432,1
174,1,0.9992669820785522,1
175,1,0.0010470000561326742,0
176,0,0.009267999790608883,0
177,1,0.9936119914054871,1
178,0,0.2727360129356384,0
179,1,0.9835519790649414,1
180,1,0.9862610101699829,1
181,0,0.0011620000004768372,0
182,1,0.9930940270423889,1
183,1,0.9997789859771729,1
184,0,0.007918000221252441,0
185,1,0.5819380283355713,1
186,0,0.015135999768972397,0
187,1,0.8958100080490112,1
188,0,0.01001300010830164,0
189,1,0.9623240232467651,1
190,0,0.014375000260770321,0
191,1,0.929502010345459,1
192,0,0.026652000844478607,0
193,0,0.0021649999544024467,0
194,1,0.49803099036216736,0
195,0,0.24917100369930267,0
196,0,0.044714998453855515,0
197,1,0.9871209859848022,1
198,0,0.08354800194501877,0
199,0,0.07337900251150131,0
200,1,0.973035991191864,1
201,1,0.7052130103111267,1
202,1,0.9982920289039612,1
203,1,0.28941598534584045,0
204,1,0.9957110285758972,1
205,0,0.003717999905347824,0
206,1,0.9758660197257996,1
207,0,0.007416999898850918,0
208,1,0.9987429976463318,1
209,1,0.9943100214004517,1
210,1,0.964559018611908,1
211,0,0.026203999295830727,0
212,0,0.0006830000202171504,0
213,0,0.0062049999833106995,0
214,0,0.20168200135231018,0
215,1,0.9289219975471497,1
216,1,0.9512509703636169,1
217,1,0.9990370273590088,1
218,0,0.00546000013127923,0
219,0,0.0505249984562397,0
220,0,0.17461000382900238,0
221,0,0.11405999958515167,0
222,1,0.9846320152282715,1
223,1,0.9768949747085571,1
224,0,0.008479000069200993,0
225,0,0.012748000212013721,0
226,0,0.8242859840393066,1
227,0,0.01607299968600273,0
228,0,0.8387069702148438,1
229,0,0.014166000299155712,0
230,1,0.9999899864196777,1
231,1,0.9957659840583801,1
232,0,0.06164700165390968,0
233,0,0.03194800019264221,0
234,0,0.010389000177383423,0
235,1,0.9939829707145691,1
236,1,0.8854579925537109,1
237,1,0.9565680027008057,1
238,1,0.6645510196685791,1
239,1,0.9605169892311096,1
240,0,0.04682600125670433,0
241,1,0.9821270108222961,1
242,0,0.001690999954007566,0
243,1,0.9119510054588318,1
244,0,0.00795000046491623,0
245,1,0.9886170029640198,1
246,1,0.9558619856834412,1
247,1,0.9328609704971313,1
248,1,0.9572330117225647,1
249,1,0.9064440131187439,1
250,1,0.9987409710884094,1
251,1,0.999763011932373,1
252,1,0.9996629953384399,1
253,0,0.00042299999040551484,0
254,0,0.008417000062763691,0
255,0,0.002767000114545226,0
256,1,0.849947988986969,1
257,0,0.012416999787092209,0
258,1,0.9402400255203247,1
259,0,0.17215099930763245,0
260,1,0.36975398659706116,0
261,0,0.011649999767541885,0
262,0,0.034175001084804535,0
263,1,0.942296028137207,1
264,1,0.9997190237045288,1
265,0,0.020023999735713005,0
266,0,0.22516800463199615,0
267,0,0.02905300073325634,0
268,0,0.08804699778556824,0
269,0,0.08124200254678726,0
270,1,0.41737300157546997,0
271,1,0.9985600113868713,1
272,1,0.995540976524353,1
273,0,0.08597800135612488,0
274,0,0.06446000188589096,0
275,1,0.6135129928588867,1
276,1,0.9518200159072876,1
277,0,0.004892999771982431,0
278,1,0.997344970703125,1
279,1,0.7102130055427551,1
280,1,0.9808229804039001,1
281,1,0.9669820070266724,1
282,1,0.9979919791221619,1
283,0,0.13601699471473694,0
284,1,0.9949560165405273,1
285,0,0.2554740011692047,0
286,0,0.1137859970331192,0
287,1,0.9974200129508972,1
288,1,0.8599259853363037,1
289,1,0.9273099899291992,1
290,0,0.004887999966740608,0
291,1,0.9987390041351318,1
292,1,0.9595770239830017,1
293,0,0.019192000851035118,0
294,0,0.030030999332666397,0
295,0,0.7881649732589722,1
296,1,0.9619010090827942,1
297,0,0.003263999940827489,0
298,0,0.0004459999909158796,0
299,1,0.9132180213928223,1
300,0,0.08943899720907211,0
301,0,0.24476900696754456,0
302,0,0.01596600003540516,0
303,1,0.97496098279953,1
304,0,0.027110999450087547,0
305,1,0.9207829833030701,1
306,0,0.0005200000014156103,0
307,0,0.0820000022649765,0
308,1,0.9707750082015991,1
309,0,0.1456719934940338,0
310,0,0.0077599999494850636,0
311,0,0.047394998371601105,0
312,1,0.85310298204422,1
313,1,0.9945780038833618,1
314,0,0.009220999665558338,0
315,0,0.2337139993906021,0
316,0,0.1340399980545044,0
317,0,0.0020469999872148037,0
318,0,0.008290999568998814,0
319,1,0.09903000295162201,0
320,0,4.70000013592653e-05,0
321,0,0.0003539999888744205,0
322,1,0.9329609870910645,1
323,1,0.5487849712371826,1
324,1,0.9964749813079834,1
325,0,0.0037120000924915075,0
326,1,0.9942950010299683,1
327,1,0.9961680173873901,1
328,0,0.0027290000580251217,0
329,0,0.046918001025915146,0
330,1,0.9992660284042358,1
331,0,0.5500739812850952,1
332,0,0.04880699887871742,0
333,0,0.4236280024051666,0
334,0,0.3137210011482239,0
335,0,0.05655699968338013,0
336,0,0.002652999944984913,0
337,1,0.9935029745101929,1
338,1,0.012423000298440456,0
339,0,0.9158790111541748,1
340,1,0.7953749895095825,1
341,1,0.9613749980926514,1
342,1,0.9999420046806335,1
343,1,0.9997140169143677,1
344,1,0.9829829931259155,1
345,1,0.9976760149002075,1
346,0,0.006508000195026398,0
347,0,0.0038449999410659075,0
348,0,0.04772600159049034,0
349,0,0.1152610033750534,0
350,1,0.5848429799079895,1
351,1,0.9795759916305542,1
352,1,0.7763360142707825,1
353,1,0.9824960231781006,1
354,0,0.003992000129073858,0
355,0,0.015469999983906746,0
356,1,0.8853710293769836,1
357,1,0.9769660234451294,1
358,0,0.755262017250061,1
359,1,0.01005799975246191,0
360,0,0.058299001306295395,0
361,1,0.12369900196790695,0
362,0,0.03221200034022331,0
363,0,0.00029600001289509237,0
364,1,0.5883499979972839,1
365,0,0.015568000264465809,0
366,0,0.12722299993038177,0
367,1,0.9972180128097534,1
368,0,0.40683799982070923,0
369,0,0.4701730012893677,0
370,1,0.38720598816871643,0
371,0,0.09887000173330307,0
372,1,0.9790840148925781,1
373,1,0.999068021774292,1
374,0,0.004426999948918819,0
375,1,0.8269100189208984,1
376,0,0.17176300287246704,0
377,1,0.9066029787063599,1
378,0,0.001446999958716333,0
379,0,0.22804099321365356,0
380,1,1.0,1
381,0,0.7643539905548096,1
382,0,0.0011690000537782907,0
383,0,0.004184999968856573,0
384,0,0.007829999551177025,0
385,1,0.9660059809684753,1
386,1,0.974498987197876,1
387,0,0.003978000022470951,0
388,1,0.9972720146179199,1
389,1,0.5865820050239563,1
390,1,0.9698119759559631,1
391,1,0.9584180116653442,1
392,0,0.04778899997472763,0
393,1,0.9999690055847168,1
394,0,0.044826000928878784,0
395,0,0.03478899970650673,0
396,1,0.9999129772186279,1
397,0,0.18494300544261932,0
398,1,0.9346190094947815,1
399,1,0.33222201466560364,0
400,1,0.3791700005531311,0
401,1,0.32985299825668335,0
402,0,0.005582999903708696,0
403,0,0.058139000087976456,0
404,1,0.9828199744224548,1
405,0,0.0247150007635355,0
406,0,0.00035799999022856355,0
407,0,0.02304599992930889,0
408,1,0.844743013381958,1
409,1,0.9947819709777832,1
410,1,0.9962220191955566,1
411,1,0.9705229997634888,1
412,0,0.0036959999706596136,0
413,0,0.0003659999929368496,0
414,1,0.9957849979400635,1
415,1,0.9923509955406189,1
416,0,0.0055959997698664665,0
417,0,0.0069610001519322395,0
418,1,0.8744720220565796,1
419,1,0.9001479744911194,1
420,1,0.2505060136318207,0
421,0,0.021170999854803085,0
422,1,0.6069149971008301,1
423,1,0.8654000163078308,1
424,1,0.9959509968757629,1
425,0,0.00810300000011921,0
426,1,0.9983749985694885,1
427,0,0.01678900048136711,0
428,1,0.996616005897522,1
429,1,0.9730929732322693,1
430,1,0.040251001715660095,0
431,1,0.9967749714851379,1
432,1,0.7111999988555908,1
433,0,0.34022098779678345,0
434,0,0.06974700093269348,0
435,0,0.10027000308036804,0
436,1,0.9579629898071289,1
437,0,0.03543800115585327,0
438,0,0.150735005736351,0
439,0,0.018924999982118607,0
440,0,0.24047799408435822,0
441,0,0.6449900269508362,1
442,0,0.04726700112223625,0
443,0,0.004261999856680632,0
444,0,0.00584599981084466,0
445,0,0.14961199462413788,0
446,0,0.004877000115811825,0
447,0,0.2728390097618103,0
448,1,0.8397529721260071,1
449,1,0.9550880193710327,1
450,0,0.015829000622034073,0
451,1,0.6985610127449036,1
452,0,0.031147999688982964,0
453,0,0.050574999302625656,0
454,0,0.006705999840050936,0
455,0,0.0010550000006332994,0
456,0,0.003897000104188919,0
457,1,0.9916290044784546,1
458,1,0.9773650169372559,1
459,0,0.0025029999669641256,0
460,1,0.9964470267295837,1
461,0,0.14096599817276,0
462,1,0.9711560010910034,1
463,0,0.32579201459884644,0
464,0,0.027479000389575958,0
465,1,0.03406300023198128,0
466,1,0.9782840013504028,1
467,1,0.9744679927825928,1
468,0,0.11271999776363373,0
469,1,0.9752010107040405,1
470,0,0.017218999564647675,0
471,1,0.5968520045280457,1
472,1,0.9645010232925415,1
473,0,0.0066200001165270805,0
474,1,0.9863860011100769,1
475,0,0.014380999840795994,0
476,1,0.9976490139961243,1
477,1,0.916795015335083,1
478,1,0.9997519850730896,1
479,0,0.03291400149464607,0
480,1,0.9488940238952637,1
481,0,0.043758001178503036,0
482,1,0.9822199940681458,1
483,0,0.37591299414634705,0
484,1,0.9977319836616516,1
485,0,0.1458439975976944,0
486,1,0.9949769973754883,1
487,0,0.027527999132871628,0
488,1,0.9500409960746765,1
489,0,0.11948800086975098,0
490,0,0.058150000870227814,0
491,1,0.6466599702835083,1
492,0,0.08714299649000168,0
493,1,0.9881600141525269,1
494,1,0.9584360122680664,1
495,0,0.05518199875950813,0
496,1,0.9920259714126587,1
497,1,0.8155239820480347,1
498,1,0.9991949796676636,1
499,1,0.9998869895935059,1
500,0,0.29525700211524963,0
501,1,0.9947680234909058,1
502,0,0.8425819873809814,1
503,1,0.9999139904975891,1
504,0,0.009716999717056751,0
505,1,0.9664160013198853,1
506,0,0.010107999667525291,0
507,0,0.0249790009111166,0
508,1,0.9903690218925476,1
509,1,0.9999269843101501,1
510,1,0.9702839851379395,1
511,1,0.6870070099830627,1
512,0,0.15541799366474152,0
513,1,0.9084479808807373,1
514,0,0.015267999842762947,0
515,0,0.011133000254631042,0
516,1,0.5623769760131836,1
517,1,0.9866669774055481,1
518,0,0.41625601053237915,0
519,0,0.049414001405239105,0
520,0,0.00810100045055151,0
521,0,0.008654999546706676,0
522,0,0.14860600233078003,0
523,1,0.9999619722366333,1
524,1,0.22669300436973572,0
525,1,0.9997289776802063,1
526,1,0.9922320246696472,1
527,1,0.26594001054763794,0
528,1,0.8742160201072693,1
529,0,0.09788999706506729,0
530,0,0.05469200015068054,0
531,0,0.030084999278187752,0
532,1,0.9871580004692078,1
533,0,0.03478400036692619,0
534,1,0.8499850034713745,1
535,1,0.999925971031189,1
536,0,0.0007220000261440873,0
537,1,0.9989280104637146,1
538,0,0.11407999694347382,0
539,1,0.9802600145339966,1
540,1,0.9890140295028687,1
541,1,0.7772859930992126,1
542,1,0.9923160076141357,1
543,1,0.997484028339386,1
544,1,0.9969580173492432,1
545,1,0.9921190142631531,1
546,0,0.4482170045375824,0
547,1,0.24454300105571747,0
548,0,0.0030070000793784857,0
549,1,0.7752280235290527,1
550,0,0.07029999792575836,0
551,0,0.020304000005126,0
552,1,0.9560739994049072,1
553,0,0.015807000920176506,0
554,1,0.20928800106048584,0
555,0,0.00034500000765547156,0
556,1,0.9976930022239685,1
557,1,0.9993860125541687,1
558,0,0.019706999883055687,0
559,0,0.011247999966144562,0
560,0,0.004275999963283539,0
561,0,0.11012300103902817,0
562,1,0.9926120042800903,1
563,1,0.7714070081710815,1
564,1,0.4735099971294403,0
565,1,0.9918879866600037,1
566,0,0.056981999427080154,0
567,0,0.05075199902057648,0
568,0,0.5864710211753845,1
569,1,0.9997900128364563,1
570,1,0.9889360070228577,1
571,1,0.9421089887619019,1
572,1,0.8565179705619812,1
573,0,0.951570987701416,1
574,0,4.999999873689376e-06,0
575,1,0.9978269934654236,1
576,0,0.40165600180625916,0
577,1,0.8235870003700256,1
578,1,0.9451299905776978,1
579,1,0.9985979795455933,1
580,0,0.009170999750494957,0
581,1,0.9976810216903687,1
582,0,0.5993859767913818,1
583,0,0.0036120000295341015,0
584,1,0.9188179969787598,1
585,0,0.09633500128984451,0
586,1,0.9418290257453918,1
587,0,0.005809000227600336,0
588,1,0.7450029850006104,1
589,1,0.6953309774398804,1
590,0,0.015348000451922417,0
591,1,0.6340389847755432,1
592,1,0.9950990080833435,1
593,1,0.7231900095939636,1
594,1,0.8790959715843201,1
595,0,0.007797999773174524,0
596,1,0.9326670169830322,1
597,1,0.9970800280570984,1
598,1,0.8409649729728699,1
599,1,0.019720999523997307,0
600,0,0.12771299481391907,0
601,0,0.0044929999858140945,0
602,1,0.9765290021896362,1
603,0,0.026489999145269394,0
604,0,0.30950498580932617,0
605,1,0.019773999229073524,0
606,0,0.04735799878835678,0
607,0,0.0286640003323555,0
608,1,0.8406550288200378,1
609,0,0.02063699997961521,0
610,1,0.9988800287246704,1
611,1,0.9997339844703674,1
612,1,0.986952006816864,1
613,0,0.009178999811410904,0
614,0,0.000686999992467463,0
615,1,0.9447630047798157,1
616,1,0.9682310223579407,1
617,1,0.9879279732704163,1
618,1,0.9999610185623169,1
619,1,0.9974610209465027,1
620,1,0.06701599806547165,0
621,1,0.9966310262680054,1
622,0,0.5538150072097778,1
623,0,0.003350999904796481,0
624,0,0.20277999341487885,0
625,1,0.9997599720954895,1
626,0,0.8791329860687256,1
627,0,0.07251299917697906,0
628,0,0.0379600003361702,0
629,0,0.10288599878549576,0
630,1,0.8276399970054626,1
631,0,0.01095299981534481,0
632,0,0.608485996723175,1
633,0,0.004261000081896782,0
634,0,0.0037440001033246517,0
635,1,0.9984729886054993,1
636,1,0.9611340165138245,1
637,1,0.9936280250549316,1
638,1,0.9998679757118225,1
639,0,0.0008580000139772892,0
640,0,0.0011780000058934093,0
641,0,0.02014799974858761,0
642,0,0.004610999953001738,0
643,0,0.004871000070124865,0
644,1,0.9974809885025024,1
645,1,0.8612310290336609,1
646,1,0.9999989867210388,1
647,1,0.9956679940223694,1
648,1,0.6369609832763672,1
649,1,0.9998900294303894,1
650,0,0.02418000064790249,0
651,1,0.9630759954452515,1
652,1,0.991491973400116,1
653,1,0.9993199706077576,1
654,0,0.008647999726235867,0
655,1,0.9916200041770935,1
656,1,0.8659330010414124,1
657,1,0.9983360171318054,1
658,0,0.014344999566674232,0
659,1,0.7881489992141724,1
660,0,0.014194999821484089,0
661,1,0.9986730217933655,1
662,1,0.8422139883041382,1
663,1,0.9773880243301392,1
664,0,0.021385999396443367,0
665,0,0.19410400092601776,0
666,0,0.08085499703884125,0
667,0,0.0015490000369027257,0
668,1,0.9997820258140564,1
669,0,0.030324000865221024,0
670,0,0.02133299969136715,0
671,0,0.0010639999527484179,0
672,1,0.9592559933662415,1
673,0,7.899999764049426e-05,0
674,1,0.9925540089607239,1
675,1,0.12549500167369843,0
676,1,0.9255599975585938,1
677,1,0.9810069799423218,1
678,0,0.0067090000957250595,0
679,0,0.21815499663352966,0
680,1,0.9990310072898865,1
681,0,0.2860409915447235,0
682,1,0.41576600074768066,0
683,0,1.700000029813964e-05,0
684,1,0.9991610050201416,1
685,0,0.001475999946705997,0
686,0,0.3074190020561218,0
687,0,0.06264399737119675,0
688,0,0.01940999925136566,0
689,0,0.015131999738514423,0
690,1,0.9868649840354919,1
691,0,0.7490519881248474,1
692,0,0.0006500000017695129,0
693,1,0.9607440233230591,1
694,1,0.875432014465332,1
695,1,0.9835299849510193,1
696,0,0.04837099835276604,0
697,1,0.9904099702835083,1
698,1,0.9982460141181946,1
699,0,0.008601999841630459,0
700,1,0.992214024066925,1
701,1,0.9998810291290283,1
702,1,0.9887480139732361,1
703,1,0.9703869819641113,1
704,0,0.0022529999259859324,0
705,0,0.19909599423408508,0
706,1,0.17266100645065308,0
707,1,0.9999780058860779,1
708,1,0.9966179728507996,1
709,0,0.08954499661922455,0
710,1,0.47231900691986084,0
711,0,0.09513600170612335,0
712,0,0.2812359929084778,0
713,1,0.8244320154190063,1
714,1,0.9919589757919312,1
715,1,0.8859720230102539,1
716,1,0.972012996673584,1
717,1,0.8154190182685852,1
718,0,0.7148020267486572,1
719,0,0.3327769935131073,0
720,1,0.9986559748649597,1
721,0,0.01221499964594841,0
722,1,0.7152519822120667,1
723,1,0.9860529899597168,1
724,1,0.575954020023346,1
725,1,0.9664899706840515,1
726,0,0.002331000054255128,0
727,1,0.9171140193939209,1
728,1,0.9660580158233643,1
729,1,0.9238880276679993,1
730,0,0.0032649999484419823,0
731,0,0.08036299794912338,0
732,0,0.04061200097203255,0
733,0,0.005915000103414059,0
734,0,0.19428400695323944,0
735,0,0.0035119999665766954,0
736,1,0.578315019607544,1
737,0,0.035107001662254333,0
738,0,0.03745799884200096,0
739,0,0.007023999933153391,0
740,0,0.3580479919910431,0
741,1,0.4338409900665283,0
742,0,0.0185759998857975,0
743,0,0.02709300071001053,0
744,0,0.7232210040092468,1
745,1,0.7601169943809509,1
746,0,0.051134999841451645,0
747,1,0.9157540202140808,1
748,1,0.9913640022277832,1
749,1,0.9606840014457703,1
750,0,0.00011200000153621659,0
751,1,0.9468179941177368,1
752,0,0.13516800105571747,0
753,0,0.005100000184029341,0
754,1,0.9884650111198425,1
755,1,0.999006986618042,1
756,0,0.023350000381469727,0
757,0,0.2759590148925781,0
758,1,0.9682649970054626,1
759,0,0.005824000108987093,0
760,0,0.1266160011291504,0
761,1,0.9997950196266174,1
762,1,0.47979098558425903,0
763,0,0.18993699550628662,0
764,0,0.18957799673080444,0
765,1,0.9999989867210388,1
766,0,0.013303999789059162,0
767,0,0.638264000415802,1
768,1,0.9809690117835999,1
769,1,0.984483003616333,1
770,1,0.7100149989128113,1
771,1,0.9628900289535522,1
772,1,0.9943680167198181,1
773,0,0.011932999826967716,0
774,1,0.9848440289497375,1
775,1,0.9051139950752258,1
776,0,3.7000001611886546e-05,0
777,0,0.023787999525666237,0
778,1,0.970209002494812,1
779,1,0.9426190257072449,1
780,1,0.9910309910774231,1
781,0,0.7994779944419861,1
782,1,0.9976360201835632,1
783,0,0.020013000816106796,0
784,1,0.9966620206832886,1
785,0,0.12340500205755234,0
786,1,0.9990590214729309,1
787,0,0.010521999560296535,0
788,1,0.6617799997329712,1
789,0,0.3988800048828125,0
790,0,0.008426999673247337,0
791,0,0.04776399955153465,0
792,1,0.9987940192222595,1
793,1,0.7299799919128418,1
794,0,0.01988299936056137,0
795,0,0.0365849994122982,0
796,0,0.03150299936532974,0
797,1,0.9978690147399902,1
798,0,0.0031580000650137663,0
799,1,0.9921900033950806,1
800,1,0.956030011177063,1
801,0,0.007104000076651573,0
802,0,0.0006719999946653843,0
803,1,0.9962019920349121,1
804,1,0.9995660185813904,1
805,1,0.9960870146751404,1
806,1,0.9998120069503784,1
807,0,0.0016329999780282378,0
808,1,0.9965900182723999,1
809,1,0.9986159801483154,1
810,1,0.9301999807357788,1
811,1,0.9966470003128052,1
812,1,0.9056919813156128,1
813,1,0.9769780039787292,1
814,1,0.9064729809761047,1
815,1,0.02267099916934967,0
816,1,0.7209020256996155,1
817,1,0.9974820017814636,1
818,1,0.9875710010528564,1
819,1,0.9472429752349854,1
820,1,0.8975620269775391,1
821,0,0.017935000360012054,0
822,1,0.9908900260925293,1
823,0,0.16206899285316467,0
824,0,0.3265019953250885,0
825,1,0.5380420088768005,1
826,1,0.3219839930534363,0
827,0,0.02287999913096428,0
828,0,0.023280000314116478,0
829,0,0.0014900000533089042,0
830,0,0.01583999954164028,0
831,1,0.8249719738960266,1
832,1,0.30430299043655396,0
833,0,0.2625479996204376,0
834,1,0.8222770094871521,1
835,1,0.9534270167350769,1
836,0,0.0019420000026002526,0
837,1,0.9794170260429382,1
838,0,0.019771000370383263,0
839,1,0.985148012638092,1
840,0,0.030848000198602676,0
841,0,0.02129100076854229,0
842,0,0.020222999155521393,0
843,0,0.0852700024843216,0
844,0,0.016519000753760338,0
845,0,0.003208999987691641,0
846,0,0.03897500038146973,0
847,1,0.9299700260162354,1
848,0,0.25941500067710876,0
849,1,0.7706159949302673,1
850,1,0.9942290186882019,1
851,1,0.9905620217323303,1
852,0,0.01726599968969822,0
853,0,0.007757999934256077,0
854,0,0.025025000795722008,0
855,1,0.999750018119812,1
856,0,0.0018289999570697546,0
857,1,0.9514930248260498,1
858,1,0.9818090200424194,1
859,1,0.9943879842758179,1
860,0,0.3875580132007599,0
861,1,0.6431840062141418,1
862,0,0.2007399946451187,0
863,0,0.0224629994481802,0
864,1,0.9644250273704529,1
865,1,0.8651859760284424,1
866,0,0.020607000216841698,0
867,0,0.01908399909734726,0
868,0,0.04349999874830246,0
869,0,0.0006709999870508909,0
870,1,0.9778349995613098,1
871,0,0.05477999895811081,0
872,0,0.08759000152349472,0
873,0,0.1673630028963089,0
874,0,0.21331800520420074,0
875,0,0.010427000001072884,0
876,0,0.015027999877929688,0
877,1,0.9984740018844604,1
878,1,0.9533569812774658,1
879,1,0.9666110277175903,1
880,0,0.012380000203847885,0
881,0,0.007646999787539244,0
882,0,0.011978999711573124,0
883,1,0.9957150220870972,1
884,1,0.9816399812698364,1
885,1,0.9387189745903015,1
886,0,0.005849999841302633,0
887,1,0.980426013469696,1
888,0,0.016700999811291695,0
889,0,0.12218300253152847,0
890,1,0.6052410006523132,1
891,0,0.003708000062033534,0
892,1,0.9848080277442932,1
893,0,0.006647000089287758,0
894,1,0.9335119724273682,1
895,0,0.02336600050330162,0
896,1,0.9503470063209534,1
897,0,0.150750994682312,0
898,0,0.4944339990615845,0
899,0,0.008573000319302082,0
900,0,0.013911999762058258,0
901,1,0.9341599941253662,1
902,0,0.00455200020223856,0
903,1,0.9809659719467163,1
904,0,0.0032279998995363712,0
905,0,0.09315600246191025,0
906,1,0.9894610047340393,1
907,0,0.9527699947357178,1
908,1,0.9793859720230103,1
909,0,0.0710970014333725,0
910,0,0.011795000173151493,0
911,0,0.006535000167787075,0
912,0,0.882079005241394,1
913,1,0.11704199761152267,0
914,0,0.017255999147892,0
915,0,0.006326000206172466,0
916,1,0.987995982170105,1
917,1,0.920399010181427,1
918,0,0.11438000202178955,0
919,1,0.9969949722290039,1
920,0,0.14629200100898743,0
921,0,0.001108999946154654,0
922,1,0.9951040148735046,1
923,1,0.9026920199394226,1
924,0,0.01182899996638298,0
925,1,0.9732570052146912,1
926,1,0.9996680021286011,1
927,1,0.8958809971809387,1
928,1,0.4714600145816803,0
929,1,0.9927819967269897,1
930,1,0.9992070198059082,1
931,1,0.6029070019721985,1
932,1,0.9985650181770325,1
933,0,0.0691009983420372,0
934,0,0.011890999972820282,0
935,0,0.03805699944496155,0
936,1,0.9860849976539612,1
937,1,0.8781049847602844,1
938,0,0.22821499407291412,0
939,1,0.9950389862060547,1
940,1,0.91879802942276,1
941,0,0.0012110000243410468,0
942,0,0.025629999116063118,0
943,1,0.5220029950141907,1
944,0,0.021121999248862267,0
945,0,0.0007849999819882214,0
946,0,0.12928800284862518,0
947,0,0.016200000420212746,0
948,0,0.47524601221084595,0
949,0,0.11532100290060043,0
950,1,0.999646008014679,1
951,0,0.4522019922733307,0
952,0,0.0026130001060664654,0
953,1,0.9943600296974182,1
954,1,0.9999719858169556,1
955,0,0.04350600019097328,0
956,0,0.015514000318944454,0
957,1,0.9257339835166931,1
958,0,0.8799459934234619,1
959,0,0.014000999741256237,0
960,1,0.9974679946899414,1
961,1,0.9949730038642883,1
962,1,0.5692219734191895,1
963,0,0.6034730076789856,1
964,0,0.1312209963798523,0
965,0,0.031881000846624374,0
966,1,0.9844719767570496,1
967,1,0.9993249773979187,1
968,0,0.01448800042271614,0
969,1,0.8358129858970642,1
970,1,0.9999750256538391,1
971,1,0.9957829713821411,1
972,0,0.015790000557899475,0
973,1,0.9774270057678223,1
974,1,0.9931970238685608,1
975,0,0.07798600196838379,0
976,1,0.8779640197753906,1
977,0,0.000450999999884516,0
978,0,0.021371999755501747,0
979,1,0.9722809791564941,1
980,0,0.2898229956626892,0
981,0,0.17410600185394287,0
982,1,0.9372360110282898,1
983,0,0.4979250133037567,0
984,1,0.9683259725570679,1
985,1,0.9999510049819946,1
986,1,0.9997389912605286,1
987,0,0.015409000217914581,0
988,1,0.9862930178642273,1
989,1,0.9989339709281921,1
990,0,0.0016479999758303165,0
991,1,0.9813609719276428,1
992,1,0.6055870056152344,1
993,1,0.9808549880981445,1
994,1,0.9868940114974976,1
995,0,0.0011099999537691474,0
996,1,0.7691959738731384,1
997,0,0.07042200118303299,0
998,1,0.9577059745788574,1
999,0,0.6275759935379028,1
1000,1,0.9806150197982788,1
1001,0,0.10434900224208832,0
1002,1,0.9091249704360962,1
1003,0,0.0019359999569132924,0
1004,1,0.9996830224990845,1
1005,0,0.02619200013577938,0
1006,1,0.9876999855041504,1
1007,1,0.953253984451294,1
1008,0,3.5000000934815034e-05,0
1009,0,0.0189410001039505,0
1010,1,0.988211989402771,1
1011,1,0.9249590039253235,1
1012,1,0.9979810118675232,1
1013,1,0.9992420077323914,1
1014,1,0.7468090057373047,1
1015,1,0.9866939783096313,1
1016,1,0.9973909854888916,1
1017,0,5.400000009103678e-05,0
1018,0,0.37338799238204956,0
1019,1,0.9475439786911011,1
1020,1,0.9997599720954895,1
1021,1,0.9928730130195618,1
1022,0,0.001962000038474798,0
1023,0,0.9769229888916016,1
1024,0,0.00267999991774559,0
1025,1,0.9890490174293518,1
1026,0,0.004550999961793423,0
1027,1,0.3718329966068268,0
1028,1,0.9637629985809326,1
1029,0,0.006965000182390213,0
1030,1,0.937716007232666,1
1031,0,0.8369140028953552,1
1032,0,0.0038189999759197235,0
1033,1,0.3615480065345764,0
1034,0,0.0033130000811070204,0
1035,1,0.991221010684967,1
1036,1,0.9994530081748962,1
1037,1,0.43794700503349304,0
1038,1,0.9589679837226868,1
1039,1,0.9905660152435303,1
1040,0,0.022917000576853752,0
1041,0,0.06304199993610382,0
1042,1,0.9924650192260742,1
1043,0,0.01585499942302704,0
1044,1,0.9304630160331726,1
1045,1,0.7653740048408508,1
1046,0,0.02056100033223629,0
1047,0,0.0009850000496953726,0
1048,0,0.042688999325037,0
1049,0,0.004749999847263098,0
1050,1,0.9959099888801575,1
1051,0,0.013124000281095505,0
1052,0,0.08461400121450424,0
1053,1,0.4051240086555481,0
1054,1,0.8810330033302307,1
1055,1,0.7783880233764648,1
1056,1,0.9998990297317505,1
1057,0,0.999288022518158,1
1058,1,0.45801201462745667,0
1059,1,0.5778710246086121,1
1060,1,0.9771119952201843,1
1061,0,0.016304999589920044,0
1062,0,0.062251001596450806,0
1063,1,0.9974009990692139,1
1064,1,0.9442780017852783,1
1065,1,0.996222972869873,1
1066,0,0.08661899715662003,0
1067,1,0.9856529831886292,1
1068,0,0.012481999583542347,0
1069,0,0.0207349993288517,0
1070,0,0.09987299889326096,0
1071,1,0.8427180051803589,1
1072,0,0.02541700005531311,0
1073,0,0.1290149986743927,0
1074,1,0.9534339904785156,1
1075,1,0.9922739863395691,1
1076,1,0.6647449731826782,1
1077,1,0.8638589978218079,1
1078,0,0.02908799983561039,0
1079,0,0.9673470258712769,1
1080,1,0.8124799728393555,1
1081,1,0.722357988357544,1
1082,0,0.010305999778211117,0
1083,1,0.28275400400161743,0
1084,0,0.002618999918922782,0
1085,0,0.8859800100326538,1
1086,0,0.012533999979496002,0
1087,1,0.9719930291175842,1
1088,0,0.002713999943807721,0
1089,0,0.011482000350952148,0
1090,0,0.07605499774217606,0
1091,1,0.9862130284309387,1
1092,1,0.9647610187530518,1
1093,1,0.9981909990310669,1
1094,0,0.4028339982032776,0
1095,0,0.7840210199356079,1
1096,1,0.9733290076255798,1
1097,1,0.9989519715309143,1
1098,0,0.763713002204895,1
1099,1,0.25014999508857727,0
1100,1,0.9933040142059326,1
1101,1,0.6896529793739319,1
1102,0,0.03337100148200989,0
1103,1,0.9802190065383911,1
1104,0,0.7088540196418762,1
1105,0,0.04912500083446503,0
1106,0,0.006895999889820814,0
1107,0,0.006579999811947346,0
1108,1,0.27696099877357483,0
1109,1,0.944504976272583,1
1110,0,0.015061000362038612,0
1111,1,0.9798129796981812,1
1112,0,0.28417399525642395,0
1113,1,0.6820440292358398,1
1114,1,0.9637470245361328,1
1115,0,0.053405001759529114,0
1116,1,0.751350998878479,1
1117,1,0.9676529765129089,1
1118,0,0.022213999181985855,0
1119,0,0.009456999599933624,0
1120,1,0.9996629953384399,1
1121,0,0.027594000101089478,0
1122,1,0.9910159707069397,1
1123,0,0.00012700000661425292,0
1124,0,0.01385200023651123,0
1125,0,0.003541999962180853,0
1126,1,0.9966689944267273,1
1127,0,0.004379000049084425,0
1128,0,0.025195999071002007,0
1129,1,0.9985079765319824,1
1130,0,0.026114000007510185,0
1131,1,0.9852190017700195,1
1132,0,0.005721000023186207,0
1133,0,0.016891999170184135,0
1134,1,0.9997609853744507,1
1135,0,0.0008709999965503812,0
1136,0,0.003845999948680401,0
1137,1,0.9999989867210388,1
1138,0,0.6302120089530945,1
1139,1,0.8202540278434753,1
1140,1,0.9429590106010437,1
1141,0,0.02483999915421009,0
1142,1,0.9970260262489319,1
1143,1,0.2484540045261383,0
1144,0,0.4439620077610016,0
1145,0,0.0074720000848174095,0
1146,1,0.9975450038909912,1
1147,0,0.020230000838637352,0
1148,1,0.9465519785881042,1
1149,1,0.8014320135116577,1
1150,0,0.031170999631285667,0
1151,0,0.025707000866532326,0
1152,0,0.15569299459457397,0
1153,0,0.0008200000156648457,0
1154,1,0.9803119897842407,1
1155,0,0.08433499932289124,0
1156,1,0.9830930233001709,1
1157,0,0.7753729820251465,1
1158,0,0.6667159795761108,1
1159,1,0.8940899968147278,1
1160,1,0.9887779951095581,1
1161,1,0.9825649857521057,1
1162,1,0.4813840091228485,0
1163,1,0.9920099973678589,1
1164,1,0.9891539812088013,1
1165,1,0.9978389739990234,1
1166,0,0.004801999777555466,0
1167,1,0.9971389770507812,1
1168,0,0.012295999564230442,0
1169,1,0.9708769917488098,1
1170,0,0.5420089960098267,1
1171,1,0.9781140089035034,1
1172,0,0.010447000153362751,0
1173,0,0.0007810000097379088,0
1174,1,0.999779999256134,1
1175,1,0.9799609780311584,1
1176,0,0.03885899856686592,0
1177,1,0.9999799728393555,1
1178,1,0.9914770126342773,1
1179,0,0.017720000818371773,0
1180,1,0.9998440146446228,1
1181,1,0.9928759932518005,1
1182,1,0.8580710291862488,1
1183,1,0.9615679979324341,1
1184,0,0.013193000108003616,0
1185,1,0.5267840027809143,1
1186,1,0.990106999874115,1
1187,0,0.0049760001711547375,0
1188,1,0.999921977519989,1
1189,1,0.9997289776802063,1
1190,0,0.48955100774765015,0
1191,0,0.023523999378085136,0
1192,1,0.9644150137901306,1
1193,0,0.009463000111281872,0
1194,1,0.8949300050735474,1
1195,1,0.9995489716529846,1
1196,0,0.8452659845352173,1
1197,1,0.9688439965248108,1
1198,1,0.9999449849128723,1
1199,0,0.6478700041770935,1
1200,0,0.06092400103807449,0
1201,0,0.13714100420475006,0
1202,1,0.9734990000724792,1
1203,0,0.017614999786019325,0
1204,1,0.9990190267562866,1
1205,0,0.009317999705672264,0
1206,0,0.0005179999861866236,0
1207,0,0.6096000075340271,1
1208,0,0.03738899901509285,0
1209,0,0.11760299652814865,0
1210,1,0.9981290102005005,1
1211,0,0.14233599603176117,0
1212,0,0.025358999148011208,0
1213,1,0.993698000907898,1
1214,1,0.7223560214042664,1
1215,1,0.9935349822044373,1
1216,0,0.045788999646902084,0
1217,0,0.0023360000923275948,0
1218,1,0.9658030271530151,1
1219,1,0.9986640214920044,1
1220,1,0.9816880226135254,1
1221,1,0.9932850003242493,1
1222,1,0.9971989989280701,1
1223,1,0.9860259890556335,1
1224,0,0.1730629950761795,0
1225,0,0.9667590260505676,1
1226,1,0.8104230165481567,1
1227,0,0.009037000127136707,0
1228,1,0.9969490170478821,1
1229,1,0.965453028678894,1
1230,1,0.9999629855155945,1
1231,1,0.7450060248374939,1
1232,0,0.00687299994751811,0
1233,1,0.9968699812889099,1
1234,1,0.9386900067329407,1
1235,1,0.6714159846305847,1
1236,1,0.9791290163993835,1
1237,0,0.008414000272750854,0
1238,0,0.08855699747800827,0
1239,1,0.9991639852523804,1
1240,0,0.06360500305891037,0
1241,1,0.90345698595047,1
1242,1,0.9723640084266663,1
1243,0,0.009488999843597412,0
1244,1,0.9971989989280701,1
1245,1,0.96595299243927,1
1246,0,0.023238999769091606,0
1247,0,0.006258999928832054,0
1248,1,0.9997439980506897,1
1249,1,0.9999250173568726,1
1250,1,0.9960790276527405,1
1251,1,0.9853209853172302,1
1252,1,0.9848759770393372,1
1253,1,0.9633340239524841,1
1254,0,3.5000000934815034e-05,0
1255,1,0.9971920251846313,1
1256,0,0.17473599314689636,0
1257,0,0.728564977645874,1
1258,0,0.017078999429941177,0
1259,0,0.01233499962836504,0
1260,0,0.10244700312614441,0
1261,0,0.008070999756455421,0
1262,0,0.02980699948966503,0
1263,0,0.2334280014038086,0
1264,0,0.0025450000539422035,0
1265,1,0.9996179938316345,1
1266,1,0.9698950052261353,1
1267,0,0.000514000013936311,0
1268,0,0.00015100000018719584,0
1269,0,0.34889400005340576,0
1270,0,0.007555000018328428,0
1271,1,0.98300701379776,1
1272,0,0.02551399916410446,0
1273,1,0.1277880072593689,0
1274,0,0.0005779999773949385,0
1275,1,0.7875459790229797,1
1276,1,0.9990609884262085,1
1277,1,0.9998520016670227,1
1278,1,0.9573929905891418,1
1279,0,0.0012959999730810523,0
1280,0,0.009836999699473381,0
1281,0,0.010191000066697598,0
1282,1,0.9336060285568237,1
1283,0,0.11610700190067291,0
1284,1,0.723688006401062,1
1285,0,0.7244319915771484,1
1286,0,0.03492499887943268,0
1287,0,0.22953300178050995,0
1288,1,0.997979998588562,1
1289,0,0.00507500022649765,0
1290,1,0.836778998374939,1
1291,0,0.004681999795138836,0
1292,0,0.003992000129073858,0
1293,0,0.07282499969005585,0
1294,1,0.9856380224227905,1
1295,1,0.9789720177650452,1
1296,0,0.0039969999343156815,0
1297,0,0.10798799991607666,0
1298,1,0.997730016708374,1
1299,1,0.8257880210876465,1
1300,1,0.7460179924964905,1
1301,1,0.7389810085296631,1
1302,1,0.5130460262298584,1
1303,1,0.9841780066490173,1
1304,1,0.9998570084571838,1
1305,0,0.001693999976851046,0
1306,0,0.6931250095367432,1
1307,1,0.9985799789428711,1
1308,1,0.030643999576568604,0
1309,1,0.9826850295066833,1
1310,1,0.9848629832267761,1
1311,0,0.018339000642299652,0
1312,1,0.9456449747085571,1
1313,1,0.03509699925780296,0
1314,0,0.13338099420070648,0
1315,0,0.0957380011677742,0
1316,0,0.7954779863357544,1
1317,0,0.06579899787902832,0
1318,1,0.5509769916534424,1
1319,1,0.999858021736145,1
1320,0,0.013387000188231468,0
1321,1,0.525288999080658,1
1322,0,0.35112300515174866,0
1323,1,0.9597510099411011,1
1324,0,0.6286829710006714,1
1325,0,0.05238699913024902,0
1326,0,0.013055000454187393,0
1327,1,0.8903070092201233,1
1328,1,0.8246880173683167,1
1329,1,0.9938079714775085,1
1330,0,0.3289330005645752,0
1331,0,0.09984000027179718,0
1332,0,0.010602000169456005,0
1333,0,0.08762399852275848,0
1334,0,0.09126199781894684,0
1335,1,0.9980120062828064,1
1336,0,0.5872799754142761,1
1337,0,0.299809992313385,0
1338,1,0.8651949763298035,1
1339,1,0.06844499707221985,0
1340,0,0.0028379999566823244,0
1341,0,0.08422400057315826,0
1342,1,0.9986870288848877,1
1343,0,0.01235399954020977,0
1344,1,0.6913099884986877,1
1345,0,0.006064999848604202,0
1346,1,0.9999909996986389,1
1347,1,0.9947779774665833,1
1348,1,0.9990749955177307,1
1349,0,0.02930700033903122,0
1350,1,0.057507000863552094,0
1351,0,0.03316999971866608,0
1352,0,0.22842800617218018,0
1353,0,0.0011609999928623438,0
1354,1,0.8321679830551147,1
1355,1,0.9997959733009338,1
1356,1,0.9941549897193909,1
1357,1,0.9993680119514465,1
1358,1,0.97291499376297,1
1359,1,0.8406789898872375,1
1360,0,0.29754799604415894,0
1361,0,0.91839599609375,1
1362,0,0.014777000062167645,0
1363,0,0.003705000039190054,0
1364,0,0.024833999574184418,0
1365,1,0.9988049864768982,1
1366,1,0.27400699257850647,0
1367,1,0.9944289922714233,1
1368,0,0.0010550000006332994,0
1369,0,0.06573999673128128,0
1370,1,0.9973379969596863,1
1371,1,0.9997760057449341,1
1372,1,0.998088002204895,1
1373,1,0.9073500037193298,1
1374,0,0.9086599946022034,1
1375,1,0.5834980010986328,1
1376,1,0.9992619752883911,1
1377,0,0.000881000014487654,0
1378,0,0.0023169999476522207,0
1379,0,0.14254899322986603,0
1380,1,0.9847170114517212,1
1381,1,0.9974269866943359,1
1382,0,0.019602999091148376,0
1383,1,0.8343380093574524,1
1384,0,0.40256398916244507,0
1385,1,0.7956010103225708,1
1386,1,0.9999619722366333,1
1387,1,0.9849969744682312,1
1388,0,3.199999991920777e-05,0
1389,0,0.010514999739825726,0
1390,1,0.8786640167236328,1
1391,0,0.0016449999529868364,0
1392,1,0.9796670079231262,1
1393,0,0.00011800000356743112,0
1394,1,0.9815859794616699,1
1395,0,0.016581999137997627,0
1396,1,0.9869279861450195,1
1397,0,0.004947000183165073,0
1398,1,0.8991230130195618,1
1399,1,0.7762579917907715,1
1400,0,0.2773509919643402,0
1401,0,0.03240299969911575,0
1402,1,0.9771749973297119,1
1403,1,0.7401949763298035,1
1404,1,0.7841730117797852,1
1405,1,0.9986109733581543,1
1406,0,0.02306699939072132,0
1407,0,0.1474049985408783,0
1408,0,0.015147999860346317,0
1409,1,0.9815199971199036,1
1410,0,0.05134199932217598,0
1411,0,0.006777999922633171,0
1412,1,0.9311270117759705,1
1413,1,0.9969000220298767,1
1414,0,0.016042999923229218,0
1415,0,0.0022090000566095114,0
1416,1,0.9989129900932312,1
1417,0,0.000155999994603917,0
1418,1,0.9983609914779663,1
1419,0,0.17399699985980988,0
1420,0,0.213918998837471,0
1421,1,0.19715599715709686,0
1422,1,0.8992859721183777,1
1423,1,0.9957860112190247,1
1424,1,0.9979649782180786,1
1425,1,0.9918270111083984,1
1426,0,0.889270007610321,1
1427,1,0.9995750188827515,1
1428,0,0.054517000913619995,0
1429,1,0.9998019933700562,1
1430,1,0.9994940161705017,1
1431,1,0.6923750042915344,1
1432,1,0.9269170165061951,1
1433,1,0.7611259818077087,1
1434,0,0.03426999971270561,0
1435,1,0.999888002872467,1
1436,0,2.099999983329326e-05,0
1437,0,0.05824499949812889,0
1438,1,0.998989999294281,1
1439,1,0.9981690049171448,1
1440,0,0.0392719991505146,0
1441,0,0.006839999929070473,0
1442,0,0.006417000200599432,0
1443,0,0.15335799753665924,0
1444,0,0.0027099999133497477,0
1445,1,0.9986609816551208,1
1446,0,0.02180200070142746,0
1447,0,0.0015910000074654818,0
1448,1,0.9986109733581543,1
1449,0,0.0020520000252872705,0
1450,0,0.1342560052871704,0
1451,0,0.8373219966888428,1
1452,0,0.012124000117182732,0
1453,1,0.9921000003814697,1
1454,0,0.2254440039396286,0
1455,1,0.3319700062274933,0
1456,0,0.009566999971866608,0
1457,0,0.6680349707603455,1
1458,0,0.07554399967193604,0
1459,1,0.8648880124092102,1
1460,0,0.0025869999080896378,0
1461,0,0.38156598806381226,0
1462,0,0.08715999871492386,0
1463,1,0.9844430088996887,1
1464,0,0.28738999366760254,0
1465,1,0.7196069955825806,1
1466,1,1.0,1
1467,1,0.9383270144462585,1
1468,1,0.5635510087013245,1
1469,0,0.09801799803972244,0
1470,1,0.9715800285339355,1
1471,0,0.00838799960911274,0
1472,1,0.9938549995422363,1
1473,0,0.005229999776929617,0
1474,1,0.8684899806976318,1
1475,0,0.023510999977588654,0
1476,0,0.010316000320017338,0
1477,0,0.0037239999510347843,0
1478,0,0.01133199967443943,0
1479,1,0.9925879836082458,1
1480,1,0.13757500052452087,0
1481,0,0.10184399783611298,0
1482,0,0.06391800194978714,0
1483,0,0.015186999924480915,0
1484,0,0.09393899887800217,0
1485,0,0.006374000106006861,0
1486,1,0.9319239854812622,1
1487,1,0.683597981929779,1
1488,1,0.9992139935493469,1
1489,0,0.003000000026077032,0
1490,0,0.4595400094985962,0
1491,0,0.0007890000124461949,0
1492,0,0.08977500349283218,0
1493,1,0.99897301197052,1
1494,1,0.980663001537323,1
1495,0,0.006440000142902136,0
1496,0,0.29369598627090454,0
1497,1,0.8805950284004211,1
1498,1,0.9803239703178406,1
1499,1,0.9880650043487549,1
1500,0,0.4747120141983032,0
1501,1,0.9742640256881714,1
1502,0,0.005104999989271164,0
1503,0,0.013987000100314617,0
1504,1,0.9805939793586731,1
1505,1,0.2544659972190857,0
1506,0,0.07225500047206879,0
1507,1,0.31887000799179077,0
1508,0,0.0017209999496117234,0
1509,1,0.9992560148239136,1
1510,1,0.9744570255279541,1
1511,0,0.2258639931678772,0
1512,0,0.005468999966979027,0
1513,1,0.9372619986534119,1
1514,1,0.9998049736022949,1
1515,1,0.9869909882545471,1
1516,0,0.0002969999914057553,0
1517,0,0.29598501324653625,0
1518,0,0.3583970069885254,0
1519,1,0.44056499004364014,0
1520,1,0.9214270114898682,1
1521,0,0.2878530025482178,0
1522,1,0.9924860000610352,1
1523,0,0.08755200356245041,0
1524,0,0.008070999756455421,0
1525,0,0.011888000182807446,0
1526,1,0.9960489869117737,1
1527,0,0.24805599451065063,0
1528,0,0.0,0
1529,0,0.23839899897575378,0
1530,1,0.9951969981193542,1
1531,0,0.03505399823188782,0
1532,0,0.007996000349521637,0
1533,1,0.9999799728393555,1
1534,1,0.002481000032275915,0
1535,0,0.09013699740171432,0
1536,1,1.0,1
1537,0,0.03728900104761124,0
1538,1,0.3805370032787323,0
1539,0,0.010048000141978264,0
1540,1,0.9998440146446228,1
1541,1,0.5225800275802612,1
1542,0,0.0027280000504106283,0
1543,1,0.989300012588501,1
1544,1,0.9775940179824829,1
1545,0,0.003074999898672104,0
1546,0,0.0002209999947808683,0
1547,0,0.10447400063276291,0
1548,1,0.8080980181694031,1
1549,1,0.9903299808502197,1
1550,1,0.9879670143127441,1
1551,0,0.00018600000475998968,0
1552,0,0.015891000628471375,0
1553,0,0.0008040000102482736,0
1554,1,0.996953010559082,1
1555,0,0.07293300330638885,0
1556,0,0.1657859981060028,0
1557,0,0.01952200010418892,0
1558,0,0.004600999876856804,0
1559,0,0.011087000370025635,0
1560,0,0.1736699938774109,0
1561,1,0.9981889724731445,1
1562,1,0.9991430044174194,1
1563,0,0.002073999959975481,0
1564,0,0.4679720103740692,0
1565,1,0.9559119939804077,1
1566,0,0.23043599724769592,0
1567,1,0.9995719790458679,1
1568,1,0.5450639724731445,1
1569,1,0.9984390139579773,1
1570,0,0.6806219816207886,1
1571,1,0.9988470077514648,1
1572,0,0.7417579889297485,1
1573,1,0.9602159857749939,1
1574,1,0.9979779720306396,1
1575,1,0.9988099932670593,1
1576,1,0.994953989982605,1
1577,0,0.485725998878479,0
1578,0,0.006543000228703022,0
1579,1,0.9901160001754761,1
1580,0,0.019006000831723213,0
1581,0,0.8240439891815186,1
1582,1,0.9798880219459534,1
1583,1,0.32346799969673157,0
1584,1,0.8785660266876221,1
1585,0,0.012725000269711018,0
1586,1,0.9999529719352722,1
1587,1,0.9373999834060669,1
1588,0,0.22019900381565094,0
1589,1,0.9447510242462158,1
1590,1,0.9952880144119263,1
1591,0,0.0689769983291626,0
1592,1,0.15741699934005737,0
1593,0,0.9009609818458557,1
1594,0,0.6773309707641602,1
1595,1,0.7966880202293396,1
1596,1,0.9798089861869812,1
1597,0,0.1116660013794899,0
1598,0,0.19019199907779694,0
1599,0,0.1613669991493225,0
1600,0,0.0015930000226944685,0
1601,0,0.004521999973803759,0
1602,1,0.9224810004234314,1
1603,1,0.9168140292167664,1
1604,1,0.9911839962005615,1
1605,0,0.005317999981343746,0
1606,0,0.011897999793291092,0
1607,0,0.0035830000415444374,0
1608,1,0.8256480097770691,1
1609,1,0.9874730110168457,1
1610,1,0.9976109862327576,1
1611,0,0.009065999649465084,0
1612,1,0.9370629787445068,1
1613,0,0.0012750000460073352,0
1614,0,0.022638000547885895,0
1615,1,0.9575279951095581,1
1616,1,0.9924370050430298,1
1617,0,0.0018230000277981162,0
1618,0,0.12196099758148193,0
1619,1,0.9288619756698608,1
1620,1,0.9892320036888123,1
1621,1,0.9998430013656616,1
1622,0,0.031456999480724335,0
1623,0,0.004825999960303307,0
1624,1,0.993690013885498,1
1625,0,0.030918000265955925,0
1626,0,0.02112700045108795,0
1627,1,0.8932160139083862,1
1628,1,0.9987670183181763,1
1629,0,0.949999988079071,1
1630,1,0.9984109997749329,1
1631,0,0.13594099879264832,0
1632,1,0.9869949817657471,1
1633,1,0.4434419870376587,0
1634,1,0.7168130278587341,1
1635,0,0.02465900033712387,0
1636,0,0.11511000245809555,0
1637,1,0.9934459924697876,1
1638,1,0.9573540091514587,1
1639,0,0.01622699946165085,0
1640,1,0.9857349991798401,1
1641,1,0.9895899891853333,1
1642,1,0.9480339884757996,1
1643,0,0.009669000282883644,0
1644,0,0.0250489991158247,0
1645,1,0.9998459815979004,1
1646,0,0.09940200299024582,0
1647,0,0.037567999213933945,0
1648,1,0.9990159869194031,1
1649,1,0.9768940210342407,1
1650,0,0.01702599972486496,0
1651,0,0.37131500244140625,0
1652,1,0.9971089959144592,1
1653,1,0.9191660284996033,1
1654,0,0.001699000014923513,0
1655,0,0.06731999665498734,0
1656,1,0.6222540140151978,1
1657,0,0.532804012298584,1
1658,1,0.33516401052474976,0
1659,0,0.3175019919872284,0
1660,1,0.9744920134544373,1
1661,0,0.026962999254465103,0
1662,0,0.033243998885154724,0
1663,0,0.0033480001147836447,0
1664,0,0.014220000244677067,0
1665,0,0.015110000036656857,0
1666,1,0.9736229777336121,1
1667,1,0.9967389702796936,1
1668,1,0.9783939719200134,1
1669,1,0.9998810291290283,1
1670,1,0.9987080097198486,1
1671,1,0.999987006187439,1
1672,0,0.01609399914741516,0
1673,0,0.030911000445485115,0
1674,1,0.4829869866371155,0
1675,1,0.9965130090713501,1
1676,1,0.9476169943809509,1
1677,0,0.06881900131702423,0
1678,0,0.03226400166749954,0
1679,0,0.005702999886125326,0
1680,0,0.0026839999482035637,0
1681,0,0.2644740045070648,0
1682,0,0.03221999853849411,0
1683,1,0.8681870102882385,1
1684,1,0.798874020576477,1
1685,1,0.965050995349884,1
1686,1,0.9945600032806396,1
1687,1,0.9999690055847168,1
1688,0,0.11945799738168716,0
1689,1,0.9994310140609741,1
1690,0,0.04455700144171715,0
1691,0,0.08172699809074402,0
1692,1,0.9932330250740051,1
1693,1,0.9967659711837769,1
1694,1,0.980459988117218,1
1695,1,0.21633900701999664,0
1696,0,0.004292000085115433,0
1697,1,0.8857929706573486,1
1698,1,0.05355300009250641,0
1699,0,0.11944600194692612,0
1700,0,0.06483300030231476,0
1701,1,0.5471900105476379,1
1702,1,1.0,1
1703,0,0.0012199999764561653,0
1704,1,0.005967999808490276,0
1705,1,0.9968500137329102,1
1706,1,0.9999600052833557,1
1707,1,1.0,1
1708,1,0.9842399954795837,1
1709,0,0.18637700378894806,0
1710,1,0.956591010093689,1
1711,1,0.9793450236320496,1
1712,1,0.9998379945755005,1
1713,1,0.970812976360321,1
1714,1,0.9745339751243591,1
1715,0,0.044162001460790634,0
1716,0,0.002426000079140067,0
1717,0,0.0024210000410676003,0
1718,0,0.02218800038099289,0
1719,0,0.0022780001163482666,0
1720,1,0.9850590229034424,1
1721,1,0.9804880023002625,1
1722,1,0.9789860248565674,1
1723,0,0.005324000027030706,0
1724,1,0.9867389798164368,1
1725,1,0.9983649849891663,1
1726,1,0.03361999988555908,0
1727,0,0.11203499883413315,0
1728,1,0.9977419972419739,1
1729,0,0.005133000202476978,0
1730,1,0.9996190071105957,1
1731,1,0.5935630202293396,1
1732,1,0.9831110239028931,1
1733,0,0.004387999884784222,0
1734,0,0.034272000193595886,0
1735,0,0.003700000001117587,0
1736,0,0.011766999959945679,0
1737,0,0.038332998752593994,0
1738,1,0.985925018787384,1
1739,1,0.9903900027275085,1
1740,1,0.9998250007629395,1
1741,0,0.016961999237537384,0
1742,1,0.986814022064209,1
1743,0,0.011020000092685223,0
1744,1,0.9501749873161316,1
1745,1,0.9999970197677612,1
1746,0,0.024498000741004944,0
1747,0,0.016544999554753304,0
1748,1,0.99965900182724,1
1749,0,0.14906199276447296,0
1750,1,0.9923629760742188,1
1751,0,0.009132999926805496,0
1752,0,0.025898000225424767,0
1753,0,0.07375100255012512,0
1754,1,0.9298030138015747,1
1755,1,0.4527829885482788,0
1756,0,0.07374200224876404,0
1757,1,0.972087025642395,1
1758,0,0.08953700214624405,0
1759,1,0.9913020133972168,1
1760,1,0.9978839755058289,1
1761,0,0.21712400019168854,0
1762,0,4.5000000682193786e-05,0
1763,0,0.3276450037956238,0
1764,1,0.9995740056037903,1
1765,0,0.10611599683761597,0
1766,1,0.9850410223007202,1
1767,1,0.9970409870147705,1
1768,1,0.7377830147743225,1
1769,1,0.9601089954376221,1
1770,0,0.03845300152897835,0
1771,1,0.5033069849014282,1
1772,1,0.7128480076789856,1
1773,0,0.2938559949398041,0
1774,1,0.966418981552124,1
1775,0,0.0764629989862442,0
1776,1,0.9965130090713501,1
1777,1,0.9948480129241943,1
1778,0,0.07158300280570984,0
1779,1,0.7243840098381042,1
1780,0,0.03067599982023239,0
1781,1,0.9937620162963867,1
1782,0,0.017767999321222305,0
1783,1,0.9878050088882446,1
1784,0,0.18081100285053253,0
1785,1,0.9807549715042114,1
1786,0,0.003206999972462654,0
1787,0,0.06699799746274948,0
1788,1,0.07150600105524063,0
1789,0,0.0007159999804571271,0
1790,1,0.5693740248680115,1
1791,1,0.9777169823646545,1
1792,0,0.017880000174045563,0
1793,1,0.997996985912323,1
1794,1,0.6907950043678284,1
1795,0,0.056770000606775284,0
1796,1,0.9954739809036255,1
1797,1,0.998520016670227,1
1798,0,0.670665979385376,1
1799,1,0.9987300038337708,1
1800,0,0.2592639923095703,0
1801,1,0.8624029755592346,1
1802,1,0.98614501953125,1
1803,1,0.9431380033493042,1
1804,1,0.94302898645401,1
1805,1,0.9036679863929749,1
1806,1,0.9991080164909363,1
1807,1,0.9840589761734009,1
1808,1,0.6325290203094482,1
1809,1,0.5876359939575195,1
1810,0,0.09756399691104889,0
1811,1,0.8529589772224426,1
1812,0,0.03939500078558922,0
1813,0,0.0001740000006975606,0
1814,0,0.001462999964132905,0
1815,1,0.9998030066490173,1
1816,0,0.12011899799108505,0
1817,0,0.9898499846458435,1
1818,0,0.005305999889969826,0
1819,1,0.9998049736022949,1
1820,0,0.22539100050926208,0
1821,1,0.9972220063209534,1
1822,0,0.0965849980711937,0
1823,1,0.6551690101623535,1
1824,0,0.004112999886274338,0
1825,0,0.02474999986588955,0
1826,1,0.9900140166282654,1
1827,1,0.9999840259552002,1
1828,0,0.9586499929428101,1
1829,1,0.7281699776649475,1
1830,1,0.8802850246429443,1
1831,1,0.08255399763584137,0
1832,1,0.996288001537323,1
1833,0,0.0,0
1834,0,0.011587999761104584,0
1835,1,0.8632720112800598,1
1836,1,0.9331579804420471,1
1837,0,0.0011050000321120024,0
1838,1,0.44987401366233826,0
1839,1,0.9809510111808777,1
1840,0,0.002715999959036708,0
1841,1,0.14715799689292908,0
1842,1,0.9221630096435547,1
1843,0,0.1389250010251999,0
1844,1,0.996936023235321,1
1845,0,0.44839999079704285,0
1846,1,0.9879599809646606,1
1847,0,0.006399000063538551,0
1848,0,0.23531100153923035,0
1849,1,0.9976549744606018,1
1850,0,0.013415000401437283,0
1851,1,0.3806770145893097,0
1852,1,0.924901008605957,1
1853,1,0.9896559715270996,1
1854,1,0.9970669746398926,1
1855,0,0.11166799813508987,0
1856,0,0.11201000213623047,0
1857,0,0.15967999398708344,0
1858,1,0.9924089908599854,1
1859,0,0.003237999975681305,0
1860,1,0.9927679896354675,1
1861,0,0.09891899675130844,0
1862,1,0.9971320033073425,1
1863,0,0.06117900088429451,0
1864,1,0.9802340269088745,1
1865,0,0.023955000564455986,0
1866,1,0.9980180263519287,1
1867,0,0.062029000371694565,0
1868,0,0.01152000017464161,0
1869,0,0.11124599725008011,0
1870,0,0.0041149999015033245,0
1871,1,0.9084200263023376,1
1872,1,0.9997730255126953,1
1873,1,0.9790419936180115,1
1874,0,0.005342000164091587,0
1875,0,0.018709000200033188,0
1876,0,0.044241998344659805,0
1877,0,0.058423999696969986,0
1878,1,0.8650640249252319,1
1879,0,0.0026569999754428864,0
1880,1,0.9996150135993958,1
1881,0,0.004476000089198351,0
1882,0,0.002041999949142337,0
1883,0,0.00013800000306218863,0
1884,1,0.9999960064888,1
1885,0,0.009038999676704407,0
1886,0,0.011901999823749065,0
1887,1,0.9978730082511902,1
1888,0,0.3649829924106598,0
1889,1,0.994268000125885,1
1890,1,0.9999480247497559,1
1891,1,0.9843490123748779,1
1892,1,0.8890119791030884,1
1893,0,0.009162000380456448,0
1894,1,0.9941580295562744,1
1895,0,0.020109999924898148,0
1896,1,0.9585649967193604,1
1897,1,0.9960860013961792,1
1898,1,0.9950100183486938,1
1899,1,0.15907900035381317,0
1900,1,0.6741690039634705,1
1901,1,0.668694019317627,1
1902,0,0.006060000043362379,0
1903,1,0.9976059794425964,1
1904,1,0.9989979863166809,1
1905,1,0.9728249907493591,1
1906,1,0.9994819760322571,1
1907,1,0.8558710217475891,1
1908,1,0.9978709816932678,1
1909,1,0.8291630148887634,1
1910,1,0.9534469842910767,1
1911,0,0.01052400004118681,0
1912,0,0.018339000642299652,0
1913,1,0.9667109847068787,1
1914,0,0.007557999808341265,0
1915,1,0.14244599640369415,0
1916,1,0.9994540214538574,1
1917,0,0.005319999996572733,0
1918,1,0.16568900644779205,0
1919,1,0.9746360182762146,1
1920,0,0.048156000673770905,0
1921,1,0.4635179936885834,0
1922,0,0.4077019989490509,0
1923,1,0.9756180047988892,1
1924,1,0.9987639784812927,1
1925,1,0.9973040223121643,1
1926,0,0.039395999163389206,0
1927,1,0.6773599982261658,1
1928,0,0.7044249773025513,1
1929,0,0.060106001794338226,0
1930,0,0.2433910071849823,0
1931,0,0.023378999903798103,0
1932,1,0.45548000931739807,0
1933,1,0.9999979734420776,1
1934,0,0.020340999588370323,0
1935,1,0.515093982219696,1
1936,0,0.004071999806910753,0
1937,1,0.3719150125980377,0
1938,1,0.9998379945755005,1
1939,0,0.0030239999759942293,0
1940,1,0.7379339933395386,1
1941,0,0.01016900036484003,0
1942,1,0.9158620238304138,1
1943,1,0.9977880120277405,1
1944,0,0.14175599813461304,0
1945,1,0.996317982673645,1
1946,1,0.9411849975585938,1
1947,0,0.009587000124156475,0
1948,1,0.4832040071487427,0
1949,0,0.06129999831318855,0
1950,1,0.9048789739608765,1
1951,1,0.9974989891052246,1
1952,1,0.9540420174598694,1
1953,0,0.0010639999527484179,0
1954,1,0.9555519819259644,1
1955,1,0.19602400064468384,0
1956,0,0.2155359983444214,0
1957,0,0.22823800146579742,0
1958,0,0.01273099984973669,0
1959,0,0.003898999886587262,0
1960,0,0.009730000048875809,0
1961,1,0.9979389905929565,1
1962,0,0.11158599704504013,0
1963,0,0.3593190014362335,0
1964,0,0.1527090072631836,0
1965,1,0.9874659776687622,1
1966,1,0.9986540079116821,1
1967,1,0.9993929862976074,1
1968,0,0.13825899362564087,0
1969,0,0.02870899997651577,0
1970,0,0.02078299969434738,0
1971,1,0.9986889958381653,1
1972,0,0.009583000093698502,0
1973,1,0.9076520204544067,1
1974,0,0.023226000368595123,0
1975,0,0.10513000190258026,0
1976,1,0.99993497133255,1
1977,0,0.004825000185519457,0
1978,0,0.0005740000051446259,0
1979,1,0.9468370079994202,1
1980,1,0.8092380166053772,1
1981,1,0.9845640063285828,1
1982,0,0.018355999141931534,0
1983,0,0.09799300134181976,0
1984,1,0.9633049964904785,1
1985,1,0.9978110194206238,1
1986,0,0.06813500076532364,0
1987,1,0.7960919737815857,1
1988,1,0.9985460042953491,1
1989,0,0.5642780065536499,1
1990,0,0.02239999920129776,0
1991,0,0.012536999769508839,0
1992,1,0.9998109936714172,1
1993,0,0.12887200713157654,0
1994,0,0.058100998401641846,0
1995,0,0.0004830000107176602,0
1996,0,0.23502999544143677,0
1997,1,0.9917050004005432,1
1998,1,0.9998679757118225,1
1999,1,0.9832019805908203,1
2000,1,0.08892200142145157,0
2001,1,0.9974139928817749,1
2002,1,0.9988420009613037,1
2003,1,0.998075008392334,1
2004,1,0.9882839918136597,1
2005,1,0.9550930261611938,1
2006,0,0.03370799869298935,0
2007,0,0.461899995803833,0
2008,1,0.818494975566864,1
2009,1,0.6167659759521484,1
2010,1,0.8277900218963623,1
2011,1,0.9772980213165283,1
2012,1,0.38343799114227295,0
2013,1,0.8589670062065125,1
2014,0,0.15727700293064117,0
2015,0,0.006366000045090914,0
2016,1,0.17135900259017944,0
2017,0,0.021872999146580696,0
2018,1,0.9995560050010681,1
2019,1,0.2294660061597824,0
2020,0,0.004815999884158373,0
2021,0,0.6810529828071594,1
2022,0,0.029069000855088234,0
2023,0,0.014147000387310982,0
2024,1,0.9549760222434998,1
2025,1,0.9999619722366333,1
2026,0,0.0015899999998509884,0
2027,0,0.0023419999051839113,0
2028,0,0.8067439794540405,1
2029,0,0.4268760085105896,0
2030,1,0.7593079805374146,1
2031,1,0.976514995098114,1
2032,0,0.014279999770224094,0
2033,1,0.9852349758148193,1
2034,1,0.9997299909591675,1
2035,1,0.8360999822616577,1
2036,1,0.9896699786186218,1
2037,0,0.055472999811172485,0
2038,0,0.011777999810874462,0
2039,0,0.006630000192672014,0
2040,1,0.8801379799842834,1
2041,1,0.7406309843063354,1
2042,0,0.008480999618768692,0
2043,1,0.9995290040969849,1
2044,0,0.3771350085735321,0
2045,0,0.06555300205945969,0
2046,1,0.9488300085067749,1
2047,1,0.7742390036582947,1
2048,0,0.08402000367641449,0
2049,1,0.9716460108757019,1
2050,0,0.14216800034046173,0
2051,0,0.028310000896453857,0
2052,0,0.16135400533676147,0
2053,1,0.9727780222892761,1
2054,0,0.11473099887371063,0
2055,0,0.021966999396681786,0
2056,1,0.9409639835357666,1
2057,0,0.014438999816775322,0
2058,1,0.9979479908943176,1
2059,1,0.9287229776382446,1
2060,0,0.015263999812304974,0
2061,1,0.9424880146980286,1
2062,1,0.960004985332489,1
2063,1,0.9999949932098389,1
2064,0,0.07371900230646133,0
2065,0,0.964061975479126,1
2066,1,0.9983959794044495,1
2067,1,0.5367709994316101,1
2068,0,0.013176999986171722,0
2069,1,0.11534199863672256,0
2070,1,0.9675319790840149,1
2071,1,0.3923589885234833,0
2072,1,0.6469429731369019,1
2073,0,0.011258999817073345,0
2074,1,0.9771199822425842,1
2075,0,0.35994601249694824,0
2076,1,0.13493099808692932,0
2077,0,0.08695700019598007,0
2078,0,0.010551000013947487,0
2079,0,0.007449000142514706,0
2080,1,0.9273650050163269,1
2081,1,0.9945939779281616,1
2082,0,0.07499299943447113,0
2083,1,0.43416398763656616,0
2084,0,0.007468999829143286,0
2085,0,0.000737000023946166,0
2086,0,0.007304000202566385,0
2087,0,0.001066999975591898,0
2088,0,0.10430700331926346,0
2089,0,0.010141000151634216,0
2090,0,0.008768999949097633,0
2091,1,0.9951279759407043,1
2092,0,0.017728999257087708,0
2093,1,0.9992560148239136,1
2094,1,0.8802649974822998,1
2095,1,0.3659609854221344,0
2096,1,0.9950399994850159,1
2097,0,0.16528600454330444,0
2098,0,0.9660050272941589,1
2099,1,0.7028700113296509,1
2100,1,0.9998490214347839,1
2101,1,0.7254739999771118,1
2102,1,0.9985399842262268,1
2103,1,0.9810109734535217,1
2104,0,0.14951999485492706,0
2105,0,0.09301800280809402,0
2106,0,0.5674960017204285,1
2107,1,0.9373409748077393,1
2108,0,0.06657399982213974,0
2109,0,0.00621700007468462,0
2110,1,0.9729719758033752,1
2111,0,0.02683199942111969,0
2112,1,0.9155229926109314,1
2113,1,0.7699189782142639,1
2114,0,0.1187950000166893,0
2115,1,0.9998430013656616,1
2116,0,0.0024629998952150345,0
2117,0,0.006568000186234713,0
2118,0,0.12389999628067017,0
2119,0,0.10814499855041504,0
2120,1,0.386586993932724,0
2121,1,0.8709570169448853,1
2122,1,0.9808380007743835,1
2123,1,0.9986900091171265,1
2124,0,0.005371000152081251,0
2125,1,0.9420409798622131,1
2126,1,0.9944310188293457,1
2127,0,0.023137999698519707,0
2128,1,0.4640220105648041,0
2129,1,0.9998800158500671,1
2130,1,0.9741719961166382,1
2131,0,0.002718999981880188,0
2132,0,0.016795000061392784,0
2133,0,0.008832000195980072,0
2134,1,0.9934960007667542,1
2135,0,0.8523280024528503,1
2136,1,0.9844099879264832,1
2137,0,0.9294930100440979,1
2138,0,0.0028029999230057,0
2139,1,0.9957969784736633,1
2140,0,0.04396599903702736,0
2141,1,0.9997760057449341,1
2142,0,0.004189999774098396,0
2143,0,0.05575700104236603,0
2144,1,0.9985979795455933,1
2145,0,0.008433000184595585,0
2146,0,0.11864499747753143,0
2147,0,0.006312999874353409,0
2148,1,0.2277030050754547,0
2149,1,0.9001929759979248,1
2150,0,0.005597999785095453,0
2151,0,0.0009399999980814755,0
2152,0,0.08220499753952026,0
2153,0,0.09479600191116333,0
2154,1,0.9404150247573853,1
2155,1,0.05609399825334549,0
2156,1,0.9501069784164429,1
2157,0,0.004275000188499689,0
2158,0,0.02960200048983097,0
2159,0,0.014394000172615051,0
2160,1,0.9945520162582397,1
2161,1,0.987483024597168,1
2162,0,0.036768000572919846,0
2163,1,0.984171986579895,1
2164,1,0.8240119814872742,1
2165,1,0.9628570079803467,1
2166,0,0.008845999836921692,0
2167,0,0.0003969999961555004,0
2168,0,0.3584800064563751,0
2169,0,0.004526000004261732,0
2170,1,0.9690589904785156,1
2171,1,0.9874380230903625,1
2172,0,0.008961999788880348,0
2173,0,0.1047779992222786,0
2174,1,0.9664300084114075,1
2175,1,0.9313849806785583,1
2176,1,0.9092350006103516,1
2177,1,0.40404799580574036,0
2178,1,0.9802640080451965,1
2179,1,0.054641999304294586,0
2180,0,0.0016250000335276127,0
2181,1,0.9624919891357422,1
2182,1,0.8844820261001587,1
2183,1,0.9989889860153198,1
2184,1,0.9549329876899719,1
2185,1,0.873852014541626,1
2186,0,0.22100800275802612,0
2187,0,0.10418500006198883,0
2188,0,0.06687299907207489,0
2189,1,0.9819120168685913,1
2190,0,0.10777699947357178,0
2191,1,0.18762199580669403,0
2192,0,0.00042600001324899495,0
2193,0,0.019053999334573746,0
2194,1,0.99406898021698,1
2195,0,0.3266890048980713,0
2196,0,0.002171000000089407,0
2197,0,0.02245599962770939,0
2198,1,0.8353099822998047,1
2199,0,0.002727000042796135,0
2200,1,0.9994000196456909,1
2201,0,0.28296199440956116,0
2202,0,0.9826750159263611,1
2203,0,0.019509999081492424,0
2204,1,0.9956719875335693,1
2205,0,0.0013640000252053142,0
2206,0,0.16395600140094757,0
2207,1,0.9900379776954651,1
2208,1,0.7315719723701477,1
2209,1,0.5462430119514465,1
2210,1,0.9977740049362183,1
2211,0,0.008918999694287777,0
2212,0,0.022779999300837517,0
2213,0,0.0038419999182224274,0
2214,0,0.2689549922943115,0
2215,0,0.007706000003963709,0
2216,1,0.10936100035905838,0
2217,0,0.015980999916791916,0
2218,1,0.8336840271949768,1
2219,0,0.014801999554038048,0
2220,0,0.005534000229090452,0
2221,0,0.057378001511096954,0
2222,0,0.024669000878930092,0
2223,0,0.0011889999732375145,0
2224,0,0.0014750000555068254,0
2225,0,0.6079040169715881,1
2226,1,0.9999589920043945,1
2227,0,0.04951699823141098,0
2228,0,0.9896140098571777,1
2229,1,0.9853450059890747,1
2230,0,0.11221300065517426,0
2231,1,0.3358129858970642,0
2232,0,0.059668999165296555,0
2233,1,1.0,1
2234,1,0.8101199865341187,1
2235,1,0.8131309747695923,1
2236,0,0.14208300411701202,0
2237,0,0.06814300268888474,0
2238,1,0.9998149871826172,1
2239,1,0.7658590078353882,1
2240,0,0.06422799825668335,0
2241,1,0.9889479875564575,1
2242,1,0.9999139904975891,1
2243,1,0.9994419813156128,1
2244,1,0.9759399890899658,1
2245,0,0.11506900191307068,0
2246,0,0.05748699977993965,0
2247,1,0.8127790093421936,1
2248,0,0.1835789978504181,0
2249,1,0.9861699938774109,1
2250,1,0.9638370275497437,1
2251,0,0.003599999938160181,0
2252,0,0.4570859968662262,0
2253,1,0.9438999891281128,1
2254,1,0.9737709760665894,1
2255,0,0.6747990250587463,1
2256,0,0.018950000405311584,0
2257,1,0.9938610196113586,1
2258,0,0.039994001388549805,0
2259,0,0.02608500048518181,0
2260,1,0.5914130210876465,1
2261,1,0.9932500123977661,1
2262,1,0.991998016834259,1
2263,0,0.0068259998224675655,0
2264,0,0.010208000428974628,0
2265,1,0.9611629843711853,1
2266,0,0.0240860003978014,0
2267,1,0.9998840093612671,1
2268,0,0.024243999272584915,0
2269,0,0.17783500254154205,0
2270,1,0.9731190204620361,1
2271,0,0.0067090000957250595,0
2272,0,0.0055669997818768024,0
2273,0,0.01094099972397089,0
2274,1,0.9991390109062195,1
2275,1,0.999226987361908,1
2276,1,0.9944440126419067,1
2277,1,0.8955129981040955,1
2278,1,0.5208699703216553,1
2279,1,0.9879220128059387,1
2280,0,0.023699000477790833,0
2281,0,0.07561100274324417,0
2282,0,0.3539929986000061,0
2283,0,0.00139999995008111,0
2284,0,0.006785999983549118,0
2285,1,0.7754020094871521,1
2286,0,0.0016380000161007047,0
2287,0,0.010001000016927719,0
2288,0,0.4162159860134125,0
2289,0,0.10920300334692001,0
2290,0,0.16427099704742432,0
2291,0,0.39660999178886414,0
2292,1,0.9967210292816162,1
2293,0,0.07514899969100952,0
2294,0,0.4279859960079193,0
2295,0,0.6334609985351562,1
2296,0,0.008275999687612057,0
2297,0,0.040261998772621155,0
2298,0,0.004317999817430973,0
2299,1,0.9860780239105225,1
2300,1,0.3954859972000122,0
2301,0,0.19098000228405,0
2302,0,0.13773000240325928,0
2303,0,0.021882999688386917,0
2304,1,0.4206640124320984,0
2305,1,0.9999849796295166,1
2306,1,0.9933239817619324,1
2307,1,0.9856699705123901,1
2308,1,0.9007109999656677,1
2309,1,0.99338299036026,1
2310,1,0.9082289934158325,1
2311,0,0.005061000119894743,0
2312,1,0.988955020904541,1
2313,1,0.9118170142173767,1
2314,1,0.9991210103034973,1
2315,1,0.9999229907989502,1
2316,1,0.9684479832649231,1
2317,0,0.00710600009188056,0
2318,1,0.9914569854736328,1
2319,0,0.07931099832057953,0
2320,1,0.9981300234794617,1
2321,1,0.8676419854164124,1
2322,1,0.6484569907188416,1
2323,0,0.04220300167798996,0
2324,0,0.00496299983933568,0
2325,0,0.00229199999012053,0
2326,1,0.997310996055603,1
2327,0,0.10368400067090988,0
2328,0,0.06482300162315369,0
2329,0,0.016933999955654144,0
2330,1,0.9993090033531189,1
2331,0,0.2330940067768097,0
2332,1,0.8784800171852112,1
2333,1,0.9922829866409302,1
2334,1,0.9995920062065125,1
2335,0,0.00944599974900484,0
2336,0,0.021067999303340912,0
2337,1,0.6970670223236084,1
2338,1,0.8814219832420349,1
2339,1,0.9606320261955261,1
2340,1,0.9690390229225159,1
2341,0,0.015328999608755112,0
2342,0,0.3034310042858124,0
2343,0,0.052069999277591705,0
2344,1,0.9644359946250916,1
2345,0,0.06579600274562836,0
2346,0,0.02603200078010559,0
2347,1,0.9996979832649231,1
2348,1,0.9716600179672241,1
2349,1,0.964605987071991,1
2350,1,0.8612130284309387,1
2351,1,0.8657019734382629,1
2352,1,0.9999560117721558,1
2353,0,8.099999831756577e-05,0
2354,0,0.0416329987347126,0
2355,1,0.9894319772720337,1
2356,1,0.9686689972877502,1
2357,1,0.6313139796257019,1
2358,0,0.004989999812096357,0
2359,1,0.998649001121521,1
2360,0,0.018371999263763428,0
2361,1,0.9998990297317505,1
2362,0,0.00036800000816583633,0
2363,0,0.09712500125169754,0
2364,1,0.9906830191612244,1
2365,1,0.999671995639801,1
2366,0,0.565887987613678,1
2367,0,0.48608800768852234,0
2368,1,0.9390850067138672,1
2369,0,0.01160299964249134,0
2370,1,0.9998199939727783,1
2371,1,0.9996770024299622,1
2372,1,0.9928249716758728,1
2373,0,0.03748700022697449,0
2374,1,0.6179789900779724,1
2375,0,0.0071310000494122505,0
2376,1,0.9940739870071411,1
2377,0,0.11608300358057022,0
2378,0,0.007544000167399645,0
2379,1,0.994691014289856,1
2380,0,0.06461700052022934,0
2381,1,1.0,1
2382,1,0.35901299118995667,0
2383,0,0.03822299838066101,0
2384,0,0.472817987203598,0
2385,0,0.46768999099731445,0
2386,0,0.44257399439811707,0
2387,1,0.9946410059928894,1
2388,0,0.014494000002741814,0
2389,0,0.0025679999962449074,0
2390,1,0.9423419833183289,1
2391,0,0.03322799876332283,0
2392,0,0.007501000072807074,0
2393,0,0.03260499984025955,0
2394,0,0.015778999775648117,0
2395,1,0.9991509914398193,1
2396,1,0.9736660122871399,1
2397,1,0.9992160201072693,1
2398,0,0.07140500098466873,0
2399,0,0.0033990000374615192,0
2400,1,0.6403610110282898,1
2401,1,0.9876620173454285,1
2402,1,0.9680079817771912,1
2403,0,0.392657995223999,0
2404,0,0.0008490000036545098,0
2405,1,0.9115970134735107,1
2406,1,0.9999849796295166,1
2407,0,0.8588989973068237,1
2408,1,0.9998729825019836,1
2409,1,0.9194120168685913,1
2410,0,0.013340000063180923,0
2411,1,0.8607310056686401,1
2412,1,0.20850999653339386,0
2413,0,0.03962299972772598,0
2414,0,0.28773900866508484,0
2415,0,0.6001489758491516,1
2416,0,0.0035800000187009573,0
2417,0,0.005107000004500151,0
2418,0,0.9602569937705994,1
2419,0,0.00685499981045723,0
2420,1,0.9999160170555115,1
2421,0,0.010529999621212482,0
2422,1,0.9786009788513184,1
2423,0,0.009569999761879444,0
2424,1,0.5871279835700989,1
2425,1,0.999904990196228,1
2426,0,0.003739000065252185,0
2427,0,4.999999873689376e-06,0
2428,1,0.9983649849891663,1
2429,0,0.0059369998052716255,0
2430,1,0.9973300099372864,1
2431,1,0.9997010231018066,1
2432,0,0.8196179866790771,1
2433,1,0.8810080289840698,1
2434,1,0.984673023223877,1
2435,1,0.2287220060825348,0
2436,1,0.10280399769544601,0
2437,0,0.000195999993593432,0
2438,1,0.9997259974479675,1
2439,0,0.006331999786198139,0
2440,1,0.8372520208358765,1
2441,0,0.0014309999532997608,0
2442,1,0.9844290018081665,1
2443,1,0.954662024974823,1
2444,0,0.009217999875545502,0
2445,1,0.984017014503479,1
2446,0,0.18678100407123566,0
2447,0,0.9300940036773682,1
2448,1,0.9367550015449524,1
2449,0,0.09883099794387817,0
2450,0,0.01234500017017126,0
2451,0,0.012621000409126282,0
2452,1,0.9720169901847839,1
2453,0,0.0006079999729990959,0
2454,1,0.9861500263214111,1
2455,1,0.8798549771308899,1
2456,1,0.9970710277557373,1
2457,1,0.7539870142936707,1
2458,0,0.6008340120315552,1
2459,1,0.9957410097122192,1
2460,0,0.06591899693012238,0
2461,0,0.013911999762058258,0
2462,1,0.9974669814109802,1
2463,0,0.9997619986534119,1
2464,0,0.1555519998073578,0
2465,0,0.016145000234246254,0
2466,0,0.024212999269366264,0
2467,0,0.7357860207557678,1
2468,1,0.9944819808006287,1
2469,1,0.887906014919281,1
2470,1,0.20902800559997559,0
2471,0,0.01582299917936325,0
2472,0,0.37863099575042725,0
2473,1,0.8362169861793518,1
2474,1,0.9995779991149902,1
2475,1,0.9977350234985352,1
2476,0,0.00913500040769577,0
2477,0,0.01386099960654974,0
2478,0,0.3925729990005493,0
2479,1,0.9677299857139587,1
2480,1,0.9972699880599976,1
2481,0,0.31407299637794495,0
2482,0,0.06568799912929535,0
2483,1,0.9562960267066956,1
2484,1,0.9741870164871216,1
2485,0,0.5590980052947998,1
2486,0,0.0011360000353306532,0
2487,1,0.9984220266342163,1
2488,1,0.9908249974250793,1
2489,0,0.004021999891847372,0
2490,0,0.030339999124407768,0
2491,1,0.9956039786338806,1
2492,1,0.9862949848175049,1
2493,0,0.0026990000624209642,0
2494,1,0.6110039949417114,1
2495,0,0.29898399114608765,0
2496,0,0.001639000023715198,0
2497,0,0.008864999748766422,0
2498,0,0.28248700499534607,0
2499,1,0.9883970022201538,1
2500,0,0.055112000554800034,0
2501,1,0.9531750082969666,1
2502,1,0.9328820109367371,1
2503,1,0.9999939799308777,1
2504,1,0.9498350024223328,1
2505,1,0.4339599907398224,0
2506,1,0.41873401403427124,0
2507,1,0.7957839965820312,1
2508,0,0.10119900107383728,0
2509,0,0.017607999965548515,0
2510,1,0.9999380111694336,1
2511,1,0.9999930262565613,1
2512,0,0.03150700032711029,0
2513,1,0.8849220275878906,1
2514,0,0.012206999585032463,0
2515,1,0.5554440021514893,1
2516,0,0.19907599687576294,0
2517,1,0.998924970626831,1
2518,0,0.004135000053793192,0
2519,1,0.9998160004615784,1
2520,0,0.2773300111293793,0
2521,0,9.999999974752427e-07,0
2522,0,0.0038330000825226307,0
2523,1,0.9883049726486206,1
2524,1,0.45860999822616577,0
2525,0,0.2699899971485138,0
2526,0,0.11216899752616882,0
2527,1,0.9783840179443359,1
2528,1,0.7274739742279053,1
2529,1,0.9994500279426575,1
2530,0,0.11570899933576584,0
2531,1,0.9785850048065186,1
2532,1,0.992605984210968,1
2533,1,0.4366540014743805,0
2534,1,0.9770190119743347,1
2535,0,0.0036849998869001865,0
2536,1,0.9652169942855835,1
2537,0,0.2834230065345764,0
2538,0,0.009494000114500523,0
2539,1,0.986657977104187,1
2540,0,0.02393300086259842,0
2541,0,0.0002880000101868063,0
2542,0,0.019404999911785126,0
2543,0,0.006008000113070011,0
2544,0,0.005274000111967325,0
2545,1,0.9002270102500916,1
2546,0,0.010828999802470207,0
2547,0,0.007947999984025955,0
2548,1,0.94063401222229,1
2549,1,0.6894680261611938,1
2550,0,0.25500598549842834,0
2551,0,0.06298600137233734,0
2552,1,0.97536700963974,1
2553,0,0.11395099759101868,0
2554,1,0.9998940229415894,1
2555,0,0.7543619871139526,1
2556,0,0.017578000202775,0
2557,1,0.8443130254745483,1
2558,0,0.008225000463426113,0
2559,0,0.17318899929523468,0
2560,1,0.9803130030632019,1
2561,1,0.08339200168848038,0
2562,0,0.03981500118970871,0
2563,0,0.8738639950752258,1
2564,1,0.998878002166748,1
2565,1,0.08944199979305267,0
2566,1,0.9989640116691589,1
2567,1,0.9965050220489502,1
2568,1,0.8603039979934692,1
2569,1,0.6032509803771973,1
2570,0,0.0020389999262988567,0
2571,0,0.4518679976463318,0
2572,1,0.7454190254211426,1
2573,1,0.1590529978275299,0
2574,1,0.9713919758796692,1
2575,1,0.9995309710502625,1
2576,0,0.004951999988406897,0
2577,0,0.00020900000527035445,0
2578,0,0.534138023853302,1
2579,1,0.9945129752159119,1
2580,1,0.9970669746398926,1
2581,0,0.005770999938249588,0
2582,0,0.09408099949359894,0
2583,0,0.003696999978274107,0
2584,0,0.76254802942276,1
2585,1,0.9996269941329956,1
2586,0,0.005733999889343977,0
2587,1,0.9917910099029541,1
2588,1,0.9999790191650391,1
2589,0,0.024739999324083328,0
2590,0,0.42242199182510376,0
2591,1,0.8989260196685791,1
2592,0,0.013256999664008617,0
2593,0,0.20090100169181824,0
2594,1,0.9993919730186462,1
2595,0,0.01568000018596649,0
2596,0,0.30662399530410767,0
2597,1,0.9979900121688843,1
2598,1,0.9999409914016724,1
2599,0,0.09243100136518478,0
2600,0,0.3774760067462921,0
2601,0,0.0,0
2602,0,0.04258900135755539,0
2603,0,0.675134003162384,1
2604,1,0.7144399881362915,1
2605,0,0.31751999258995056,0
2606,0,0.04432399943470955,0
2607,1,0.9691519737243652,1
2608,1,0.9998970031738281,1
2609,1,0.6981099843978882,1
2610,1,0.9993259906768799,1
2611,0,0.0030360000673681498,0
2612,1,0.36881300806999207,0
2613,0,0.022275999188423157,0
2614,1,0.9474689960479736,1
2615,1,0.5549690127372742,1
2616,1,0.9749739766120911,1
2617,0,0.005659000016748905,0
2618,1,0.9994980096817017,1
2619,1,0.7806119918823242,1
2620,0,0.2122350037097931,0
2621,0,0.0875290036201477,0
2622,0,0.003967999946326017,0
2623,1,0.9819589853286743,1
2624,0,0.13866199553012848,0
2625,0,0.0124080004170537,0
2626,0,0.11854399740695953,0
2627,0,0.09808000177145004,0
2628,0,0.0031640001107007265,0
2629,1,0.9986280202865601,1
2630,0,0.010816999711096287,0
2631,0,0.007784999907016754,0
2632,1,0.5643010139465332,1
2633,1,0.9994630217552185,1
2634,0,0.14296799898147583,0
2635,0,0.007947999984025955,0
2636,0,0.101842001080513,0
2637,1,0.9968249797821045,1
2638,1,0.8496609926223755,1
2639,1,0.9215139746665955,1
2640,0,0.011127999983727932,0
2641,0,0.0026320000179111958,0
2642,1,0.9660339951515198,1
2643,0,0.012361999601125717,0
2644,0,0.0018370000179857016,0
2645,1,0.9646080136299133,1
2646,0,0.01023900043219328,0
2647,0,0.004482999909669161,0
2648,0,0.0012250000145286322,0
2649,1,0.9763200283050537,1
2650,0,0.1366029977798462,0
2651,0,0.08784600347280502,0
2652,0,0.09795700013637543,0
2653,1,0.9987800121307373,1
2654,0,0.002082000020891428,0
2655,0,0.04894300177693367,0
2656,1,0.9809640049934387,1
2657,0,0.30842500925064087,0
2658,1,0.9950590133666992,1
2659,1,0.9911749958992004,1
2660,1,0.8211550116539001,1
2661,1,0.7212949991226196,1
2662,1,0.9934689998626709,1
2663,0,0.03103500045835972,0
2664,1,0.9901329874992371,1
2665,1,0.9607489705085754,1
2666,1,0.9308859705924988,1
2667,0,0.00036199999158270657,0
2668,0,0.0166190005838871,0
2669,1,0.3222300112247467,0
2670,1,0.15565800666809082,0
2671,1,0.5927850008010864,1
2672,0,0.09741900116205215,0
2673,1,0.9388239979743958,1
2674,1,0.9985470175743103,1
2675,1,0.9799889922142029,1
2676,0,0.07739999890327454,0
2677,0,0.05273300036787987,0
2678,1,0.09202200174331665,0
2679,1,0.8365709781646729,1
2680,1,0.9998250007629395,1
2681,0,0.027027999982237816,0
2682,1,0.9654889702796936,1
2683,1,0.9996619820594788,1
2684,0,0.30645498633384705,0
2685,0,0.0005929999751970172,0
2686,1,0.8357080221176147,1
2687,0,0.050721000880002975,0
2688,1,0.9751060009002686,1
2689,0,0.004511999897658825,0
2690,1,0.9462190270423889,1
2691,0,0.00814600009471178,0
2692,0,0.0031109999399632215,0
2693,0,0.18383300304412842,0
2694,1,0.9991099834442139,1
2695,1,0.953091025352478,1
2696,1,0.9996179938316345,1
2697,0,0.006668000016361475,0
2698,0,0.016659999266266823,0
2699,0,0.00967399962246418,0
2700,1,0.9527850151062012,1
2701,0,6.199999916134402e-05,0
2702,1,0.9940950274467468,1
2703,0,0.016824999824166298,0
2704,0,0.0010649999603629112,0
2705,0,0.39320600032806396,0
2706,1,0.9949719905853271,1
2707,0,0.00015799999528098851,0
2708,0,0.452800989151001,0
2709,0,0.0021879998967051506,0
2710,1,0.00787699967622757,0
2711,1,0.9991359710693359,1
2712,0,0.00633700005710125,0
2713,0,2.8000000384054147e-05,0
2714,1,0.9976710081100464,1
2715,1,0.9972929954528809,1
2716,1,0.7384459972381592,1
2717,0,0.008364999666810036,0
2718,1,0.9978060126304626,1
2719,0,0.0282990001142025,0
2720,0,0.0038560000248253345,0
2721,0,0.34395700693130493,0
2722,1,0.9679329991340637,1
2723,1,0.9777269959449768,1
2724,1,0.9999369978904724,1
2725,1,0.7403519749641418,1
2726,1,0.4678550064563751,0
2727,0,0.3349280059337616,0
2728,0,0.11509200185537338,0
2729,1,0.9949179887771606,1
2730,0,0.012369000352919102,0
2731,0,0.006376999896019697,0
2732,0,0.11035499721765518,0
2733,0,0.13620799779891968,0
2734,0,0.03288000077009201,0
2735,1,0.6991999745368958,1
2736,1,0.9333140254020691,1
2737,0,0.922652006149292,1
2738,1,0.21542100608348846,0
2739,0,0.0038389998953789473,0
2740,0,0.31804800033569336,0
2741,1,0.9958450198173523,1
2742,0,0.005747999995946884,0
2743,0,0.008797000162303448,0
2744,1,0.9820979833602905,1
2745,1,0.9956430196762085,1
2746,1,0.9276300072669983,1
2747,1,0.6708980202674866,1
2748,0,0.012063000351190567,0
2749,0,0.005005999933928251,0
2750,1,0.9879029989242554,1
2751,1,0.9421250224113464,1
2752,1,0.8951249718666077,1
2753,0,0.006428999826312065,0
2754,0,0.0030640000477433205,0
2755,1,0.9870799779891968,1
2756,0,7.000000096013537e-06,0
2757,0,0.23839999735355377,0
2758,1,0.8845409750938416,1
2759,0,0.002383999992161989,0
2760,1,0.9951599836349487,1
2761,0,0.011808999814093113,0
2762,1,0.9718109965324402,1
2763,0,0.45664599537849426,0
2764,1,0.9886119961738586,1
2765,0,0.01612900011241436,0
2766,1,0.9760550260543823,1
2767,1,0.9998829960823059,1
2768,1,0.9927639961242676,1
2769,0,0.007034000009298325,0
2770,1,0.9389860033988953,1
2771,1,0.9989339709281921,1
2772,1,0.999534010887146,1
2773,1,0.9883909821510315,1
2774,0,0.031171999871730804,0
2775,0,0.1448269933462143,0
2776,0,0.1232990026473999,0
2777,1,0.9821580052375793,1
2778,0,0.027842000126838684,0
2779,0,0.010646999813616276,0
2780,0,0.02333799935877323,0
2781,1,0.999987006187439,1
2782,1,0.9999979734420776,1
2783,1,0.9862300157546997,1
2784,0,0.00872000027447939,0
2785,1,0.5868260264396667,1
2786,0,0.06368400156497955,0
2787,0,0.0879179984331131,0
2788,0,0.04303999990224838,0
2789,0,6.0999998822808266e-05,0
2790,0,0.005818000063300133,0
2791,0,0.021354999393224716,0
2792,0,0.06960199773311615,0
2793,0,0.9212200045585632,1
2794,0,0.002363000065088272,0
2795,0,0.0011820000363513827,0
2796,0,0.05514400079846382,0
2797,0,0.36208298802375793,0
2798,0,0.011532999575138092,0
2799,1,0.9984750151634216,1
2800,0,0.007449000142514706,0
2801,0,0.0016430000541731715,0
2802,0,0.0026920000091195107,0
2803,1,0.9347419738769531,1
2804,1,0.8778799772262573,1
2805,0,0.03931200131773949,0
2806,1,0.2627519965171814,0
2807,0,0.09715499728918076,0
2808,0,0.005582000128924847,0
2809,0,0.04087100178003311,0
2810,1,0.9884470105171204,1
2811,0,0.10542800277471542,0
2812,0,0.36122098565101624,0
2813,0,0.0009360000258311629,0
2814,1,0.5546590089797974,1
2815,0,0.05072899907827377,0
2816,1,0.9816619753837585,1
2817,0,0.34112998843193054,0
2818,1,0.9768409729003906,1
2819,1,0.7189130187034607,1
2820,0,0.0018489999929443002,0
2821,0,0.042525000870227814,0
2822,0,0.9743630290031433,1
2823,0,0.21595099568367004,0
2824,0,0.5955979824066162,1
2825,1,0.8728160262107849,1
2826,1,0.7860640287399292,1
2827,0,0.027305999770760536,0
2828,0,0.7580879926681519,1
2829,1,0.956820011138916,1
2830,0,0.019204000011086464,0
2831,1,0.08179900050163269,0
2832,0,0.02122800052165985,0
2833,1,0.8030179738998413,1
2834,1,0.8007919788360596,1
2835,0,0.020979000255465508,0
2836,0,8.499999967170879e-05,0
2837,0,0.02054700069129467,0
2838,1,0.47075098752975464,0
2839,1,0.9390199780464172,1
2840,0,0.008938999846577644,0
2841,1,0.9869570136070251,1
2842,1,0.9893860220909119,1
2843,0,0.021637000143527985,0
2844,1,0.9574559926986694,1
2845,0,0.0005990000208839774,0
2846,0,0.014298999682068825,0
2847,0,0.0017790000420063734,0
2848,0,0.014500999823212624,0
2849,1,0.9871770143508911,1
2850,0,0.0010209999745711684,0
2851,0,0.008980000391602516,0
2852,0,0.01177200023084879,0
2853,1,0.9996330142021179,1
2854,0,0.2207069993019104,0
2855,0,0.17219999432563782,0
2856,0,0.03647100180387497,0
2857,1,0.4239270091056824,0
2858,1,0.9961420297622681,1
2859,1,0.8708360195159912,1
2860,0,0.06731300055980682,0
2861,0,0.6574959754943848,1
2862,0,0.0030429998878389597,0
2863,1,0.48912298679351807,0
2864,0,0.006409999914467335,0
2865,1,0.9418799877166748,1
2866,0,0.21134500205516815,0
2867,1,0.1426980048418045,0
2868,1,0.996612012386322,1
2869,0,0.022626999765634537,0
2870,0,0.5855050086975098,1
2871,0,2.8000000384054147e-05,0
2872,0,0.03854899853467941,0
2873,1,0.998075008392334,1
2874,1,0.8236430287361145,1
2875,0,0.7220749855041504,1
2876,0,0.009116999804973602,0
2877,1,0.5702739953994751,1
2878,0,0.026348000392317772,0
2879,0,0.02942200005054474,0
2880,1,0.9802560210227966,1
2881,0,0.016225000843405724,0
2882,0,0.018734000623226166,0
2883,1,0.9935070276260376,1
2884,0,0.06373599916696548,0
2885,1,0.8211569786071777,1
2886,1,0.9904209971427917,1
2887,1,0.997534990310669,1
2888,0,0.9999539852142334,1
2889,0,0.6279439926147461,1
2890,1,0.8539249897003174,1
2891,1,0.9987940192222595,1
2892,0,0.13749100267887115,0
2893,1,0.4779599905014038,0
2894,1,0.3063940107822418,0
2895,1,0.9989029765129089,1
2896,0,0.0,0
2897,0,0.16626299917697906,0
2898,0,0.003415999934077263,0
2899,0,0.06987299770116806,0
2900,1,0.9668999910354614,1
2901,1,0.9832159876823425,1
2902,1,0.9955130219459534,1
2903,1,0.9874619841575623,1
2904,1,0.9915810227394104,1
2905,1,0.9865649938583374,1
2906,1,0.843421995639801,1
2907,0,1.8999999156221747e-05,0
2908,0,0.7366300225257874,1
2909,0,0.0009399999980814755,0
2910,0,0.04013799875974655,0
2911,1,0.8158069849014282,1
2912,0,0.9523040056228638,1
2913,0,0.005235000047832727,0
2914,1,0.9999399781227112,1
2915,0,0.021226000040769577,0
2916,0,0.06782999634742737,0
2917,1,0.9725520014762878,1
2918,1,0.8273710012435913,1
2919,0,0.04596300050616264,0
2920,1,0.9998130202293396,1
2921,1,0.9911379814147949,1
2922,0,0.00021899999410379678,0
2923,0,0.039659999310970306,0
2924,1,0.6667460203170776,1
2925,1,0.6383259892463684,1
2926,0,0.00015500000154133886,0
2927,1,0.961359977722168,1
2928,1,0.9920989871025085,1
2929,1,0.9992849826812744,1
2930,1,0.8924329876899719,1
2931,0,0.015796000137925148,0
2932,0,0.033743999898433685,0
2933,0,0.04152100160717964,0
2934,1,0.9796339869499207,1
2935,0,0.005410999990999699,0
2936,0,0.0047900001518428326,0
2937,1,0.9893410205841064,1
2938,0,0.0020039998926222324,0
2939,1,0.9630780220031738,1
2940,1,0.8940119743347168,1
2941,0,0.07260999828577042,0
2942,1,0.9831809997558594,1
2943,0,0.16322599351406097,0
2944,1,0.6659830212593079,1
2945,0,0.0048329997807741165,0
2946,0,0.0033809999004006386,0
2947,0,0.010282999835908413,0
2948,1,0.9894689917564392,1
2949,0,0.027782000601291656,0
2950,0,0.0004769999941345304,0
2951,1,0.8977029919624329,1
2952,1,0.9954829812049866,1
2953,0,0.020836999639868736,0
2954,0,0.004286999814212322,0
2955,1,0.974711000919342,1
2956,0,0.10954699665307999,0
2957,0,0.04805999994277954,0
2958,0,0.24656400084495544,0
2959,1,0.9627439975738525,1
2960,0,0.012911999598145485,0
2961,1,0.37870699167251587,0
2962,0,0.03474399819970131,0
2963,1,0.9620100259780884,1
2964,0,0.0007350000087171793,0
2965,1,0.9993420243263245,1
2966,1,0.9872320294380188,1
2967,1,0.9905440211296082,1
2968,1,0.9980999827384949,1
2969,1,0.9945210218429565,1
2970,1,0.9872030019760132,1
2971,1,0.5747630000114441,1
2972,0,0.06588499993085861,0
2973,1,0.9201480150222778,1
2974,1,0.9276350140571594,1
2975,1,0.9332050085067749,1
2976,1,0.9977999925613403,1
2977,1,0.2544179856777191,0
2978,0,0.0302559994161129,0
2979,1,0.995464026927948,1
2980,0,0.015002000145614147,0
2981,0,0.020695000886917114,0
2982,0,0.009211000055074692,0
2983,0,0.0007869999972172081,0
2984,0,0.11728999763727188,0
2985,0,0.06293399631977081,0
2986,0,0.00660100020468235,0
2987,1,0.9932399988174438,1
2988,1,0.9473530054092407,1
2989,1,0.9985389709472656,1
2990,1,0.9887070059776306,1
2991,0,0.0005910000181756914,0
2992,1,0.9875419735908508,1
2993,1,0.999987006187439,1
2994,0,0.016888000071048737,0
2995,0,0.0016690000193193555,0
2996,0,0.019106000661849976,0
2997,0,0.029301999136805534,0
2998,1,0.9994890093803406,1
2999,0,0.9976779818534851,1
3000,0,0.3594079911708832,0
3001,0,0.14211100339889526,0
3002,1,0.5732970237731934,1
3003,1,0.9931219816207886,1
3004,1,0.9998840093612671,1
3005,0,0.15671099722385406,0
3006,0,0.4188329875469208,0
3007,1,0.9995579719543457,1
3008,0,0.0022350000217556953,0
3009,1,0.9108120203018188,1
3010,1,0.989454984664917,1
3011,1,0.9887009859085083,1
3012,1,0.9995189905166626,1
3013,1,0.8174690008163452,1
3014,0,0.01140500046312809,0
3015,1,0.9537780284881592,1
3016,0,0.9306889772415161,1
3017,1,0.9998769760131836,1
3018,1,0.9978619813919067,1
3019,1,0.9748259782791138,1
3020,0,0.26151299476623535,0
3021,1,0.599295973777771,1
3022,0,0.11197199672460556,0
3023,1,0.9999439716339111,1
3024,1,0.8020359873771667,1
3025,1,0.4095369875431061,0
3026,0,0.6113290190696716,1
3027,0,0.11608800292015076,0
3028,0,0.9793369770050049,1
3029,1,0.838250994682312,1
3030,1,0.726951003074646,1
3031,0,0.004985000006854534,0
3032,1,0.9688609838485718,1
3033,0,0.020709000527858734,0
3034,1,0.9998949766159058,1
3035,1,0.9999279975891113,1
3036,0,7.599999662488699e-05,0
3037,0,0.00508299982175231,0
3038,0,0.0031510000117123127,0
3039,1,0.9933069944381714,1
3040,0,0.009039999917149544,0
3041,1,0.9552099704742432,1
3042,0,0.3842040002346039,0
3043,1,0.8370779752731323,1
3044,0,0.004019000101834536,0
3045,1,0.9941750168800354,1
3046,0,0.021751999855041504,0
3047,0,3.000000106112566e-06,0
3048,0,0.0003060000017285347,0
3049,0,0.24894499778747559,0
3050,0,0.24877199530601501,0
3051,1,0.6276689767837524,1
3052,1,0.9969090223312378,1
3053,1,0.9999409914016724,1
3054,0,0.0006859999848529696,0
3055,1,0.7033190131187439,1
3056,1,0.9985489845275879,1
3057,0,0.029114000499248505,0
3058,0,0.38914498686790466,0
3059,1,0.6655619740486145,1
3060,0,0.5648630261421204,1
3061,1,0.9971920251846313,1
3062,0,0.07734999805688858,0
3063,0,0.003613000037148595,0
3064,1,0.9985420107841492,1
3065,0,0.06302600353956223,0
3066,1,0.9564319849014282,1
3067,0,0.23055799305438995,0
3068,1,0.9526479840278625,1
3069,1,0.9858459830284119,1
3070,1,0.998242974281311,1
3071,1,0.9997900128364563,1
3072,0,0.025157000869512558,0
3073,0,0.7737579941749573,1
3074,1,0.9974809885025024,1
3075,0,0.6807969808578491,1
3076,0,0.032047998160123825,0
3077,0,0.003942000214010477,0
3078,0,0.0004189999890513718,0
3079,0,0.09754899889230728,0
3080,1,0.9792659878730774,1
3081,0,0.00036100001307204366,0
3082,1,0.9348899722099304,1
3083,0,0.011680000461637974,0
3084,1,0.9028750061988831,1
3085,0,0.0029539999086409807,0
3086,1,0.9722030162811279,1
3087,1,0.9944720268249512,1
3088,1,0.24042800068855286,0
3089,1,0.9260069727897644,1
3090,0,0.00023600000713486224,0
3091,1,0.9953590035438538,1
3092,1,0.9942219853401184,1
3093,0,0.010796000249683857,0
3094,0,0.003060000017285347,0
3095,1,0.9365919828414917,1
3096,0,0.7566649913787842,1
3097,0,0.06391400098800659,0
3098,0,0.04202299937605858,0
3099,1,0.9940130114555359,1
3100,0,0.0038139999378472567,0
3101,0,0.05365699902176857,0
3102,1,0.9962030053138733,1
3103,0,0.010599999688565731,0
3104,1,0.9999949932098389,1
3105,1,0.9759079813957214,1
3106,0,0.16509699821472168,0
3107,0,0.09723799675703049,0
3108,0,0.0010079999919980764,0
3109,0,0.22745899856090546,0
3110,0,0.034258998930454254,0
3111,0,0.8122950196266174,1
3112,1,0.9788900017738342,1
3113,0,0.10092300176620483,0
3114,1,0.8746140003204346,1
3115,1,0.9731339812278748,1
3116,1,0.9923049807548523,1
3117,0,0.413659006357193,0
3118,0,0.006583999842405319,0
3119,0,0.003292999928817153,0
3120,1,0.7188199758529663,1
3121,0,0.2243950068950653,0
3122,0,0.018953999504446983,0
3123,1,0.9989460110664368,1
3124,1,0.3726919889450073,0
3125,1,0.9999690055847168,1
3126,0,0.00254100002348423,0
3127,1,0.9539110064506531,1
3128,1,0.9595460295677185,1
3129,0,0.07970000058412552,0
3130,0,0.02258400060236454,0
3131,0,0.01065099984407425,0
3132,1,0.9033740162849426,1
3133,1,0.03354499861598015,0
3134,0,0.003108999924734235,0
3135,1,0.9864479899406433,1
3136,0,0.01946300081908703,0
3137,0,0.008847000077366829,0
3138,0,0.1690170019865036,0
3139,0,0.22571399807929993,0
3140,1,0.9926599860191345,1
3141,1,0.9995859861373901,1
3142,1,0.9491879940032959,1
3143,1,0.9998160004615784,1
3144,0,0.32080399990081787,0
3145,1,0.5871779918670654,1
3146,1,0.9999960064888,1
3147,0,0.0023870000150054693,0
3148,1,0.9454100131988525,1
3149,0,0.11270400136709213,0
3150,0,0.004019999876618385,0
3151,1,0.9006119966506958,1
3152,1,0.9789659976959229,1
3153,0,0.005909999832510948,0
3154,0,0.024692000821232796,0
3155,0,0.008294999599456787,0
3156,1,0.9301549792289734,1
3157,1,0.9995459914207458,1
3158,0,0.029516000300645828,0
3159,1,0.9923980236053467,1
3160,1,0.9649369716644287,1
3161,1,0.5053849816322327,1
3162,1,0.7671639919281006,1
3163,1,0.693930983543396,1
3164,0,0.42708298563957214,0
3165,0,0.000195999993593432,0
3166,0,0.05614599958062172,0
3167,0,0.47269299626350403,0
3168,1,1.0,1
3169,0,0.10542699694633484,0
3170,0,0.939428985118866,1
3171,0,0.12695200741291046,0
3172,0,0.08565200120210648,0
3173,1,0.9999709725379944,1
3174,1,0.974261999130249,1
3175,1,0.9959549903869629,1
3176,1,0.9992160201072693,1
3177,0,0.16192300617694855,0
3178,1,0.9948390126228333,1
3179,0,0.0035039999056607485,0
3180,1,0.9960020184516907,1
3181,0,0.0015579999890178442,0
3182,1,0.9500290155410767,1
3183,0,0.0898979976773262,0
3184,0,0.32135099172592163,0
3185,0,0.015185999684035778,0
3186,1,0.9771010279655457,1
3187,0,0.0861779972910881,0
3188,0,0.0035689999349415302,0
3189,0,0.2546220123767853,0
3190,0,0.0023690001107752323,0
3191,1,0.9470739960670471,1
3192,1,0.5432530045509338,1
3193,0,0.009968999773263931,0
3194,1,0.056141000241041183,0
3195,0,0.08084599673748016,0
3196,0,0.031213000416755676,0
3197,0,0.01030999980866909,0
3198,0,0.10944300144910812,0
3199,0,0.017635000869631767,0
3200,0,0.04593700170516968,0
3201,1,0.9995530247688293,1
3202,0,0.005766000133007765,0
3203,1,0.9996020197868347,1
3204,0,0.7865639925003052,1
3205,0,0.02217400074005127,0
3206,0,0.016327999532222748,0
3207,1,0.9372469782829285,1
3208,0,0.039767999202013016,0
3209,1,0.9970759749412537,1
3210,0,0.03102000057697296,0
3211,1,0.5288940072059631,1
3212,1,0.9984679818153381,1
3213,0,0.09314999729394913,0
3214,0,0.003298999974504113,0
3215,1,0.13640600442886353,0
3216,0,0.013628999702632427,0
3217,1,0.90938401222229,1
3218,0,0.7742319703102112,1
3219,0,0.3695859909057617,0
3220,1,0.9916620254516602,1
3221,1,0.9958500266075134,1
3222,0,0.006905999965965748,0
3223,0,0.3077850043773651,0
3224,0,0.02827100083231926,0
3225,0,0.020718999207019806,0
3226,0,0.010936999693512917,0
3227,1,0.9910609722137451,1
3228,0,0.010592999868094921,0
3229,0,0.0001720000000204891,0
3230,1,0.9905210137367249,1
3231,1,0.19570200145244598,0
3232,0,0.004604000132530928,0
3233,0,0.017474999651312828,0
3234,0,0.019190000370144844,0
3235,1,0.03376400098204613,0
3236,1,0.9989479780197144,1
3237,0,7.500000356230885e-05,0
3238,0,0.02389100007712841,0
3239,0,0.01338099967688322,0
3240,1,0.9377530217170715,1
3241,1,0.9992539882659912,1
3242,1,0.8995599746704102,1
3243,0,0.020822999998927116,0
3244,0,0.004954000003635883,0
3245,1,0.9254800081253052,1
3246,1,0.8827829957008362,1
3247,1,0.7741230130195618,1
3248,0,0.014636999927461147,0
3249,0,0.006810999941080809,0
3250,0,0.009184000082314014,0
3251,1,0.9913480281829834,1
3252,0,0.3518179953098297,0
3253,0,0.10545899718999863,0
3254,1,0.8079550266265869,1
3255,1,0.23558400571346283,0
3256,0,0.003903999924659729,0
3257,1,0.9999989867210388,1
3258,1,0.960008978843689,1
3259,1,0.9841489791870117,1
3260,1,0.8003330230712891,1
3261,0,0.0020389999262988567,0
3262,0,0.07143700122833252,0
3263,1,0.9232620000839233,1
3264,1,0.18915599584579468,0
3265,0,0.10241200029850006,0
3266,1,0.9794139862060547,1
3267,0,0.0033579999580979347,0
3268,0,0.006159000098705292,0
3269,0,0.11450999975204468,0
3270,1,0.999343991279602,1
3271,1,0.9948840141296387,1
3272,1,0.9950339794158936,1
3273,1,0.6627439856529236,1
3274,1,0.26075100898742676,0
3275,1,0.8053560256958008,1
3276,0,0.03971099853515625,0
3277,0,0.29755899310112,0
3278,0,0.033500999212265015,0
3279,0,0.14365699887275696,0
3280,0,0.0014430000446736813,0
3281,0,0.0,0
3282,0,0.3039129972457886,0
3283,1,0.998727023601532,1
3284,1,0.1708499938249588,0
3285,0,0.0004180000105407089,0
3286,1,0.98649001121521,1
3287,0,0.4161269962787628,0
3288,0,0.001964000053703785,0
3289,1,0.9952600002288818,1
3290,1,0.998881995677948,1
3291,1,0.9941790103912354,1
3292,1,0.9995229840278625,1
3293,1,0.9408249855041504,1
3294,1,0.8667849898338318,1
3295,0,0.03000500053167343,0
3296,1,0.6273540258407593,1
3297,1,0.9961050152778625,1
3298,0,0.010037999600172043,0
3299,0,0.013910000212490559,0
3300,0,7.999999979801942e-06,0
3301,1,0.9986900091171265,1
3302,1,0.9233739972114563,1
3303,0,0.01860800012946129,0
3304,1,0.9963570237159729,1
3305,0,0.14250800013542175,0
3306,0,0.22113999724388123,0
3307,0,0.027261000126600266,0
3308,1,0.9926379919052124,1
3309,0,0.0006830000202171504,0
3310,1,0.9999210238456726,1
3311,0,0.013024999760091305,0
3312,0,0.0032649999484419823,0
3313,0,0.20793700218200684,0
3314,0,0.30561399459838867,0
3315,0,0.04033700004220009,0
3316,1,0.9965019822120667,1
3317,1,0.8765249848365784,1
3318,1,0.9302859902381897,1
3319,1,0.9993910193443298,1
3320,1,0.562686026096344,1
3321,0,0.05150999873876572,0
3322,1,0.9957690238952637,1
3323,0,0.009375999681651592,0
3324,0,0.0056050000712275505,0
3325,1,0.3641760051250458,0
3326,1,0.9506809711456299,1
3327,0,0.005969999823719263,0
3328,1,0.6932629942893982,1
3329,1,0.9940750002861023,1
3330,1,0.9933639764785767,1
3331,1,0.9961569905281067,1
3332,1,0.999530017375946,1
3333,1,0.9842900037765503,1
3334,0,4.999999873689376e-06,0
3335,0,0.01728999987244606,0
3336,1,0.7301859855651855,1
3337,0,0.05312899872660637,0
3338,0,0.0009089999948628247,0
3339,1,0.9502829909324646,1
3340,1,0.986378014087677,1
3341,0,0.5284619927406311,1
3342,0,0.03148600086569786,0
3343,0,0.7451710104942322,1
3344,1,0.10753999650478363,0
3345,0,0.43232598900794983,0
3346,0,0.1723960041999817,0
3347,1,0.7655850052833557,1
3348,1,0.7429239749908447,1
3349,1,0.9990829825401306,1
3350,0,0.6035910248756409,1
3351,1,0.9789180159568787,1
3352,0,0.2650989890098572,0
3353,1,0.9265649914741516,1
3354,0,0.00455900002270937,0
3355,0,0.004600000102072954,0
3356,0,0.24713900685310364,0
3357,1,0.9878029823303223,1
3358,1,0.43956801295280457,0
3359,0,0.1826609969139099,0
3360,1,0.9983559846878052,1
3361,0,0.016006000339984894,0
3362,0,0.2751069962978363,0
3363,1,0.9920210242271423,1
3364,1,0.9970369935035706,1
3365,0,0.08867199718952179,0
3366,1,0.8276299834251404,1
3367,1,0.9875119924545288,1
3368,1,0.12492100149393082,0
3369,0,0.05775099992752075,0
3370,1,0.8939440250396729,1
3371,0,0.7402390241622925,1
3372,1,0.9430189728736877,1
3373,0,0.4511300027370453,0
3374,1,0.36013901233673096,0
3375,1,0.3106679916381836,0
3376,1,0.9915630221366882,1
3377,0,0.010106000117957592,0
3378,0,0.669501006603241,1
3379,1,0.9851660132408142,1
3380,1,0.6662700176239014,1
3381,1,0.8924599885940552,1
3382,1,0.9998689889907837,1
3383,1,0.947422981262207,1
3384,1,0.9873430132865906,1
3385,0,0.006839999929070473,0
3386,1,0.999364972114563,1
3387,1,0.9583230018615723,1
3388,1,0.9948520064353943,1
3389,1,0.7990409731864929,1
3390,0,0.036187998950481415,0
3391,1,0.6194570064544678,1
3392,1,0.2911889851093292,0
3393,1,0.996990978717804,1
3394,1,0.9264979958534241,1
3395,1,0.9907230138778687,1
3396,1,0.9950760006904602,1
3397,0,0.6207020282745361,1
3398,0,0.06672599911689758,0
3399,0,0.5792649984359741,1
3400,1,0.9997559785842896,1
3401,0,0.05578399822115898,0
3402,0,0.4540190100669861,0
3403,1,0.9999960064888,1
3404,1,0.9242240190505981,1
3405,0,0.07655499875545502,0
3406,0,0.015821000561118126,0
3407,0,0.015014000236988068,0
3408,1,0.9187020063400269,1
3409,1,0.9995440244674683,1
3410,1,0.9327729940414429,1
3411,0,0.9009019732475281,1
3412,1,0.9895970225334167,1
3413,0,0.03154199942946434,0
3414,0,0.2095479965209961,0
3415,1,0.9935619831085205,1
3416,1,0.33999401330947876,0
3417,1,0.362652987241745,0
3418,1,0.8706340193748474,1
3419,1,0.9822350144386292,1
3420,0,0.0010089999996125698,0
3421,0,0.0011439999798312783,0
3422,1,0.9886059761047363,1
3423,0,0.006347999908030033,0
3424,0,0.044961001724004745,0
3425,0,0.012145999819040298,0
3426,1,0.3191879987716675,0
3427,1,0.9956439733505249,1
3428,0,0.0,0
3429,0,0.009921000339090824,0
3430,1,0.9053850173950195,1
3431,0,0.01386099960654974,0
3432,1,0.9945889711380005,1
3433,0,0.03915699943900108,0
3434,1,0.9992449879646301,1
3435,0,0.1745939999818802,0
3436,0,4.600000102072954e-05,0
3437,0,0.00022600000374950469,0
3438,1,0.9273560047149658,1
3439,0,0.21265999972820282,0
3440,1,0.7055839896202087,1
3441,1,0.7530450224876404,1
3442,0,0.014287999831140041,0
3443,0,0.10577700287103653,0
3444,0,0.0045289997942745686,0
3445,1,0.9818739891052246,1
3446,1,0.9872419834136963,1
3447,0,0.022981999441981316,0
3448,1,0.984961986541748,1
3449,0,0.014306999742984772,0
3450,0,0.026767000555992126,0
3451,0,0.04054500162601471,0
3452,1,0.9584959745407104,1
3453,1,0.8634570240974426,1
3454,0,0.005923999939113855,0
3455,1,0.7544350028038025,1
3456,1,0.9920470118522644,1
3457,1,0.9935359954833984,1
3458,1,0.913087010383606,1
3459,1,0.25630900263786316,0
3460,1,0.8746169805526733,1
3461,1,0.8384490013122559,1
3462,1,0.9273859858512878,1
3463,0,0.37751299142837524,0
3464,0,1.9999999949504854e-06,0
3465,0,0.012218000367283821,0
3466,1,0.9976149797439575,1
3467,0,0.015457999892532825,0
3468,1,0.9971929788589478,1
3469,1,0.9997379779815674,1
3470,1,0.9999819993972778,1
3471,1,0.9341480135917664,1
3472,1,0.9999989867210388,1
3473,0,0.08621600270271301,0
3474,1,0.9774159789085388,1
3475,0,0.8031179904937744,1
3476,1,0.9992889761924744,1
3477,1,0.9626110196113586,1
3478,0,0.47004199028015137,0
3479,0,2.9999999242136255e-05,0
3480,1,0.40514498949050903,0
3481,1,0.9825369715690613,1
3482,1,0.9633470177650452,1
3483,0,0.0023240000009536743,0
3484,0,0.06370700150728226,0
3485,1,0.9848679900169373,1
3486,1,0.8145840167999268,1
3487,0,0.0165219996124506,0
3488,1,0.8065969944000244,1
3489,1,0.7715780138969421,1
3490,0,0.30280399322509766,0
3491,1,0.8894649744033813,1
3492,1,0.9056850075721741,1
3493,1,0.9996560215950012,1
3494,1,0.9991949796676636,1
3495,1,0.6703519821166992,1
3496,1,0.9851549863815308,1
3497,0,0.663424015045166,1
3498,1,0.5002869963645935,1
3499,0,0.0076350001618266106,0
3500,0,0.005032999906688929,0
3501,0,0.2571049928665161,0
3502,1,0.9992420077323914,1
3503,0,0.04139399901032448,0
3504,0,0.0027310000732541084,0
3505,1,0.9934890270233154,1
3506,0,0.008879000321030617,0
3507,1,0.9779260158538818,1
3508,1,0.641090989112854,1
3509,0,0.04239000007510185,0
3510,1,0.9997789859771729,1
3511,1,0.9836220145225525,1
3512,1,0.9995710253715515,1
3513,0,0.10552400350570679,0
3514,1,0.983959972858429,1
3515,0,0.4431770145893097,0
3516,0,0.8327649831771851,1
3517,1,0.8679379820823669,1
3518,1,0.992169976234436,1
3519,0,0.12840700149536133,0
3520,1,0.9973369836807251,1
3521,1,0.9990119934082031,1
3522,0,0.0019839999731630087,0
3523,0,0.0017430000007152557,0
3524,1,0.9495959877967834,1
3525,0,0.004786999896168709,0
3526,0,0.021400000900030136,0
3527,1,0.9350969791412354,1
3528,1,0.9866210222244263,1
3529,1,0.9189800024032593,1
3530,1,0.9952849745750427,1
3531,1,0.9984599947929382,1
3532,0,0.0004560000088531524,0
3533,1,0.9170989990234375,1
3534,0,0.009583000093698502,0
3535,1,0.9999769926071167,1
3536,1,0.9942319989204407,1
3537,1,0.9998220205307007,1
3538,1,0.8485010266304016,1
3539,0,0.9664210081100464,1
3540,1,0.9377920031547546,1
3541,1,0.9784979820251465,1
3542,1,0.7733079791069031,1
3543,1,0.9874039888381958,1
3544,1,0.9374439716339111,1
3545,1,0.9977930188179016,1
3546,0,0.01811699941754341,0
3547,1,0.02565300092101097,0
3548,1,0.9887149930000305,1
3549,0,0.10604900121688843,0
3550,0,0.06840900331735611,0
3551,0,0.004852999933063984,0
3552,0,0.0017719999887049198,0
3553,0,0.14756600558757782,0
3554,0,0.707942008972168,1
3555,0,0.001509999972768128,0
3556,0,0.000859999970998615,0
3557,1,0.8924340009689331,1
3558,0,0.656827986240387,1
3559,1,0.9881290197372437,1
3560,0,0.0024770000018179417,0
3561,1,0.6437979936599731,1
3562,0,0.0022479998879134655,0
3563,1,0.5092099905014038,1
3564,1,0.7938650250434875,1
3565,1,0.9619809985160828,1
3566,1,0.8588560223579407,1
3567,0,0.009456000290811062,0
3568,0,0.006351000163704157,0
3569,1,0.9619200229644775,1
3570,0,0.14567899703979492,0
3571,0,0.0032420000061392784,0
3572,1,0.9875460267066956,1
3573,0,0.015242000110447407,0
3574,1,0.9869480133056641,1
3575,0,0.03378700092434883,0
3576,0,0.08211500197649002,0
3577,0,1.9999999949504854e-06,0
3578,1,0.9832199811935425,1
3579,0,0.03147700056433678,0
3580,0,0.007784999907016754,0
3581,0,0.009119999594986439,0
3582,0,0.004923999775201082,0
3583,0,0.13824999332427979,0
3584,0,0.15112200379371643,0
3585,0,0.1176849976181984,0
3586,1,0.9891359806060791,1
3587,0,0.23187799751758575,0
3588,0,0.008054999634623528,0
3589,1,0.9984909892082214,1
3590,0,0.00954500027000904,0
3591,1,0.998557984828949,1
3592,0,0.018881000578403473,0
3593,0,0.0010560000082477927,0
3594,1,0.9999560117721558,1
3595,1,0.8092280030250549,1
3596,1,0.9948570132255554,1
3597,0,0.002403999911621213,0
3598,1,0.9976940155029297,1
3599,0,0.00010399999882793054,0
3600,0,0.01334100030362606,0
3601,0,0.5911229848861694,1
3602,0,0.0013360000448301435,0
3603,1,0.30814701318740845,0
3604,0,0.0028260000981390476,0
3605,1,0.9996500015258789,1
3606,0,0.005477000027894974,0
3607,1,0.9862099885940552,1
3608,0,0.017134999856352806,0
3609,0,0.008190999738872051,0
3610,0,0.018139999359846115,0
3611,0,0.9768829941749573,1
3612,1,0.996753990650177,1
3613,1,0.9081689715385437,1
3614,0,0.011540000326931477,0
3615,1,0.8805620074272156,1
3616,1,0.9765130281448364,1
3617,0,0.07572299987077713,0
3618,0,0.025547999888658524,0
3619,0,0.05069600045681,0
3620,1,0.9818649888038635,1
3621,1,0.9706190228462219,1
3622,1,0.9976850152015686,1
3623,0,0.5488259792327881,1
3624,1,0.29307401180267334,0
3625,0,9.999999974752427e-07,0
3626,1,0.06775099784135818,0
3627,1,0.9958779811859131,1
3628,1,0.9975320100784302,1
3629,0,0.08806099742650986,0
3630,0,0.24556399881839752,0
3631,0,0.556132972240448,1
3632,1,0.9985529780387878,1
3633,0,0.011555000208318233,0
3634,1,0.3828589916229248,0
3635,1,0.9139950275421143,1
3636,1,0.9969199895858765,1
3637,1,0.9909819960594177,1
3638,0,0.060979001224040985,0
3639,1,0.9332500100135803,1
3640,1,0.7622609734535217,1
3641,1,0.9888359904289246,1
3642,0,1.8999999156221747e-05,0
3643,0,0.07992599904537201,0
3644,1,0.9830319881439209,1
3645,0,0.1555909961462021,0
3646,0,0.0023539999965578318,0
3647,0,0.008245999924838543,0
3648,0,0.08854199945926666,0
3649,1,0.9352459907531738,1
3650,0,0.007954999804496765,0
3651,0,0.002460000105202198,0
3652,0,0.0006990000256337225,0
3653,0,0.12169499695301056,0
3654,1,0.9990119934082031,1
3655,0,0.0009009999921545386,0
3656,1,0.9998700022697449,1
3657,1,0.9643610119819641,1
3658,1,0.9781979918479919,1
3659,1,0.9626529812812805,1
3660,0,0.01624700054526329,0
3661,0,0.0029899999499320984,0
3662,0,0.011838000267744064,0
3663,0,0.0035719999577850103,0
3664,1,0.9977710247039795,1
3665,0,0.08946199715137482,0
3666,1,0.9951509833335876,1
3667,0,0.6081759929656982,1
3668,1,0.6756889820098877,1
3669,1,0.9798089861869812,1
3670,1,0.9952729940414429,1
3671,0,0.10960300266742706,0
3672,1,0.8475769758224487,1
3673,0,0.034338001161813736,0
3674,0,0.03776700049638748,0
3675,1,0.14521600306034088,0
3676,0,0.0022380000445991755,0
3677,1,0.9852910041809082,1
3678,1,0.6415380239486694,1
3679,1,0.5555170178413391,1
3680,0,0.01684500090777874,0
3681,0,0.024531999602913857,0
3682,1,0.9583539962768555,1
3683,0,0.00863299984484911,0
3684,0,0.02185799926519394,0
3685,1,0.9299100041389465,1
3686,1,0.8482670187950134,1
3687,1,0.9999240040779114,1
3688,0,0.0016410000389441848,0
3689,1,0.6673600077629089,1
3690,1,0.7856360077857971,1
3691,1,0.9959459900856018,1
3692,1,0.8587729930877686,1
3693,0,0.1407019942998886,0
3694,1,0.8718270063400269,1
3695,1,0.8102229833602905,1
3696,1,0.9915580153465271,1
3697,1,0.9679840207099915,1
3698,1,0.9999449849128723,1
3699,0,0.04607599973678589,0
3700,0,0.8766499757766724,1
3701,1,0.478751003742218,0
3702,0,0.0041809999383986,0
3703,1,0.9430260062217712,1
3704,0,0.04283199831843376,0
3705,0,0.05686299875378609,0
3706,1,0.7703719735145569,1
3707,0,0.003894000081345439,0
3708,0,0.0704289972782135,0
3709,0,0.007096999790519476,0
3710,1,0.34995800256729126,0
3711,1,0.4585750102996826,0
3712,0,0.008918999694287777,0
3713,0,0.00145800004247576,0
3714,0,0.0008060000254772604,0
3715,1,0.9930179715156555,1
3716,0,0.008585999719798565,0
3717,1,0.9587640166282654,1
3718,1,0.9998930096626282,1
3719,1,0.39130300283432007,0
3720,0,0.06777100265026093,0
3721,0,0.002019000006839633,0
3722,0,0.010735999792814255,0
3723,0,0.06209700182080269,0
3724,0,0.003415999934077263,0
3725,1,0.9859619736671448,1
3726,1,0.934715986251831,1
3727,1,0.9942299723625183,1
3728,0,0.005106000229716301,0
3729,0,0.0015180000336840749,0
3730,0,0.6303489804267883,1
3731,0,0.005801000166684389,0
3732,0,0.022710999473929405,0
3733,1,0.9807450175285339,1
3734,1,0.9996500015258789,1
3735,0,0.007899000309407711,0
3736,1,0.8416759967803955,1
3737,0,0.03835900127887726,0
3738,1,0.9940699934959412,1
3739,0,0.021945999935269356,0
3740,0,0.09405899792909622,0
3741,0,0.6784600019454956,1
3742,1,0.7653939723968506,1
3743,0,3.999999989900971e-06,0
3744,1,0.9975559711456299,1
3745,1,0.6590319871902466,1
3746,1,0.9246010184288025,1
3747,1,0.962611973285675,1
3748,0,0.12325199693441391,0
3749,1,0.9797409772872925,1
3750,1,0.8826199769973755,1
3751,0,0.019886000081896782,0
3752,0,0.08281400054693222,0
3753,0,0.0008590000215917826,0
3754,1,0.9082880020141602,1
3755,0,0.24272499978542328,0
3756,0,0.08927900344133377,0
3757,0,0.001214000047184527,0
3758,0,0.3803409934043884,0
3759,1,0.25828900933265686,0
3760,0,0.08626600354909897,0
3761,1,0.9599840044975281,1
3762,1,0.9877830147743225,1
3763,0,0.003938999958336353,0
3764,0,0.008263999596238136,0
3765,0,0.0006629999843426049,0
3766,1,0.9914889931678772,1
3767,1,0.9998900294303894,1
3768,0,0.06853099912405014,0
3769,0,0.047384001314640045,0
3770,0,0.03948400169610977,0
3771,1,0.9530479907989502,1
3772,0,0.016279000788927078,0
3773,0,0.9756209850311279,1
3774,1,0.9982050061225891,1
3775,0,0.12494499981403351,0
3776,0,0.0035149999894201756,0
3777,1,0.9999279975891113,1
3778,0,0.3919200003147125,0
3779,0,0.06890600174665451,0
3780,1,0.9991139769554138,1
3781,0,0.13672199845314026,0
3782,1,0.986195981502533,1
3783,1,0.9469559788703918,1
3784,1,0.9845489859580994,1
3785,1,0.9808899760246277,1
3786,0,0.0147299999371171,0
3787,1,0.8649510145187378,1
3788,1,0.9990770220756531,1
3789,0,0.24414800107479095,0
3790,0,0.00952600035816431,0
3791,0,0.034547001123428345,0
3792,0,0.0016220000106841326,0
3793,1,0.9999529719352722,1
3794,1,0.9815469980239868,1
3795,0,0.019670000299811363,0
3796,1,0.9209520220756531,1
3797,1,0.9997180104255676,1
3798,1,0.9539989829063416,1
3799,0,0.33083200454711914,0
3800,1,0.9629129767417908,1
3801,1,0.9982900023460388,1
3802,1,0.9780359864234924,1
3803,0,0.022086000069975853,0
3804,1,0.9997990131378174,1
3805,1,0.9998279809951782,1
3806,0,0.5131009817123413,1
3807,0,0.02628999948501587,0
3808,1,0.990319013595581,1
3809,0,0.5868350267410278,1
3810,0,0.0018530000234022737,0
3811,1,0.9848099946975708,1
3812,1,0.43636998534202576,0
3813,1,0.08772999793291092,0
3814,0,0.883870005607605,1
3815,0,0.8659890294075012,1
3816,0,0.009925000369548798,0
3817,1,0.9958710074424744,1
3818,0,0.029141999781131744,0
3819,0,0.01410400029271841,0
3820,1,0.8118029832839966,1
3821,0,0.03519900143146515,0
3822,1,0.9965119957923889,1
3823,0,0.06520900130271912,0
3824,1,0.7663350105285645,1
3825,0,0.0016060000052675605,0
3826,0,0.31146499514579773,0
3827,0,0.12503500282764435,0
3828,1,0.9932940006256104,1
3829,0,0.011800000444054604,0
3830,1,0.9973199963569641,1
3831,1,0.49544501304626465,0
3832,1,0.992775022983551,1
3833,0,1.9999999949504854e-06,0
3834,0,0.5415260195732117,1
3835,0,0.002563999965786934,0
3836,0,0.0018309999722987413,0
3837,1,0.9951459765434265,1
3838,0,0.06488099694252014,0
3839,1,0.9994360208511353,1
3840,1,0.9852359890937805,1
3841,0,0.004000000189989805,0
3842,1,0.9887530207633972,1
3843,0,0.004550999961793423,0
3844,0,0.0024129999801516533,0
3845,0,0.045076001435518265,0
3846,0,0.5920150279998779,1
3847,0,0.9874470233917236,1
3848,1,0.007153999991714954,0
3849,1,0.9955859780311584,1
3850,0,0.004358000122010708,0
3851,0,0.11241000145673752,0
3852,0,0.1724569946527481,0
3853,1,0.5379909873008728,1
3854,1,0.9663199782371521,1
3855,1,0.9938589930534363,1
3856,0,0.7953699827194214,1
3857,1,0.9449530243873596,1
3858,0,0.13189199566841125,0
3859,1,0.9937580227851868,1
3860,0,0.28651100397109985,0
3861,0,0.026788000017404556,0
3862,0,0.6511260271072388,1
3863,0,7.400000322377309e-05,0
3864,1,0.9967150092124939,1
3865,0,0.01656400039792061,0
3866,0,0.010408000089228153,0
3867,1,0.9440150260925293,1
3868,1,0.9265940189361572,1
3869,0,0.0013139999937266111,0
3870,0,0.3885369896888733,0
3871,0,0.0015079999575391412,0
3872,1,0.7942649722099304,1
3873,1,0.9970530271530151,1
3874,0,0.006819999776780605,0
3875,1,0.9870499968528748,1
3876,0,0.02031099982559681,0
3877,1,0.9999769926071167,1
3878,1,1.0,1
3879,1,0.9143800139427185,1
3880,0,0.03625199943780899,0
3881,0,0.09911400079727173,0
3882,1,0.8026080131530762,1
3883,1,0.8806620240211487,1
3884,0,0.019466999918222427,0
3885,1,0.9953789710998535,1
3886,1,0.6504799723625183,1
3887,1,0.999925971031189,1
3888,0,0.0011769999982789159,0
3889,0,0.007710000034421682,0
3890,1,0.7719539999961853,1
3891,1,0.969111979007721,1
3892,0,0.08523999899625778,0
3893,0,0.03473300114274025,0
3894,0,0.00045200000749900937,0
3895,0,0.0003319999959785491,0
3896,0,0.001471000025048852,0
3897,1,0.9973729848861694,1
3898,0,0.035735998302698135,0
3899,1,0.7994260191917419,1
3900,1,0.999222993850708,1
3901,0,0.04479699954390526,0
3902,0,0.004523999989032745,0
3903,0,1.8999999156221747e-05,0
3904,1,0.6640009880065918,1
3905,0,0.019171999767422676,0
3906,1,0.9960160255432129,1
3907,1,0.983959972858429,1
3908,1,0.9996510148048401,1
3909,0,0.0019069999689236283,0
3910,0,0.5331779718399048,1
3911,0,0.3718709945678711,0
3912,1,0.9945089817047119,1
3913,0,0.24133700132369995,0
3914,0,0.017656000331044197,0
3915,0,0.010978000238537788,0
3916,0,0.001108999946154654,0
3917,1,0.977645993232727,1
3918,1,0.9121779799461365,1
3919,0,0.006016999948769808,0
3920,1,0.5931500196456909,1
3921,0,0.0010770000517368317,0
3922,0,0.02473299950361252,0
3923,1,0.8835989832878113,1
3924,1,0.9998250007629395,1
3925,0,0.004449000116437674,0
3926,0,0.5442730188369751,1
3927,0,0.003197999903932214,0
3928,1,0.9505230188369751,1
3929,1,0.9958800077438354,1
3930,1,0.6923959851264954,1
3931,1,0.9856989979743958,1
3932,1,0.9796890020370483,1
3933,1,0.9999439716339111,1
3934,1,0.9986979961395264,1
3935,1,0.9998970031738281,1
3936,0,0.0065460000187158585,0
3937,1,0.9987729787826538,1
3938,0,0.0026910000015050173,0
3939,0,0.4405460059642792,0
3940,0,0.020858999341726303,0
3941,0,0.03664499893784523,0
3942,0,0.06716799736022949,0
3943,0,0.269571989774704,0
3944,0,0.5643600225448608,1
3945,1,0.7258399724960327,1
3946,0,0.034014999866485596,0
3947,0,0.01461500022560358,0
3948,1,0.8678380250930786,1
3949,1,0.9948650002479553,1
3950,0,0.013094999827444553,0
3951,1,0.9902240037918091,1
3952,0,0.007096999790519476,0
3953,1,0.9884129762649536,1
3954,1,0.8425930142402649,1
3955,0,0.00445199990645051,0
3956,0,0.032005999237298965,0
3957,0,0.040045998990535736,0
3958,1,0.984067976474762,1
3959,0,0.02287900075316429,0
3960,0,0.01499900035560131,0
3961,0,0.6968719959259033,1
3962,0,0.9240210056304932,1
3963,0,0.047561001032590866,0
3964,1,0.9919630289077759,1
3965,0,0.9032610058784485,1
3966,1,0.9899889826774597,1
3967,0,0.40940800309181213,0
3968,1,0.9946600198745728,1
3969,0,0.016008999198675156,0
3970,1,0.6003310084342957,1
3971,1,0.9994590282440186,1
3972,1,0.9877579808235168,1
3973,0,0.04571700096130371,0
3974,1,0.9989920258522034,1
3975,0,0.44003400206565857,0
3976,1,0.9910179972648621,1
3977,0,0.0031469999812543392,0
3978,0,0.000522000016644597,0
3979,0,0.00419399980455637,0
3980,0,0.024452000856399536,0
3981,1,0.9954270124435425,1
3982,1,0.9987090229988098,1
3983,1,0.976764976978302,1
3984,0,0.006823000032454729,0
3985,0,0.10256999731063843,0
3986,0,0.03273800015449524,0
3987,0,0.00595800019800663,0
3988,1,0.9998509883880615,1
3989,1,0.9998329877853394,1
3990,0,0.2194799929857254,0
3991,1,0.999517023563385,1
3992,0,0.009499999694526196,0
3993,0,0.05474099889397621,0
3994,0,0.10181599855422974,0
3995,1,0.9994770288467407,1
3996,0,0.018695000559091568,0
3997,1,0.9952080249786377,1
3998,0,0.051270999014377594,0
3999,1,0.9987540245056152,1
4000,0,0.09015800058841705,0
4001,1,0.9999179840087891,1
4002,1,0.0676489993929863,0
4003,0,0.12945200502872467,0
4004,1,0.6961129903793335,1
4005,1,0.9858409762382507,1
4006,0,0.037808001041412354,0
4007,0,0.03289699926972389,0
4008,0,0.13805599510669708,0
4009,1,0.997298002243042,1
4010,0,6.600000051548705e-05,0
4011,0,0.01448499970138073,0
4012,0,0.027553999796509743,0
4013,1,0.9696360230445862,1
4014,1,0.9995139837265015,1
4015,1,0.9473779797554016,1
4016,0,0.01619900017976761,0
4017,1,0.9406930208206177,1
4018,0,0.015576000325381756,0
4019,0,0.0022120000794529915,0
4020,1,0.9058840274810791,1
4021,1,0.9992889761924744,1
4022,1,0.8738409876823425,1
4023,0,0.023057999089360237,0
4024,1,0.9943119883537292,1
4025,0,0.0018919999711215496,0
4026,1,0.8429229855537415,1
4027,0,0.11257799714803696,0
4028,1,0.9990710020065308,1
4029,1,0.6095060110092163,1
4030,0,0.2664709985256195,0
4031,1,0.9999989867210388,1
4032,1,0.3459610044956207,0
4033,1,0.9595130085945129,1
4034,1,0.16599300503730774,0
4035,0,0.0018080000299960375,0
4036,1,0.9954349994659424,1
4037,1,0.8213300108909607,1
4038,1,0.9728540182113647,1
4039,0,0.034710001200437546,0
4040,0,0.011611999943852425,0
4041,0,0.012171000242233276,0
4042,0,0.00015700000221841037,0
4043,1,0.9805899858474731,1
4044,0,0.605663001537323,1
4045,1,0.9662889838218689,1
4046,1,0.9995350241661072,1
4047,1,0.9673569798469543,1
4048,0,0.0597429983317852,0
4049,1,0.8741729855537415,1
4050,1,0.97188800573349,1
4051,0,0.19146500527858734,0
4052,0,0.00585799990221858,0
4053,0,0.05614599958062172,0
4054,1,0.9858599901199341,1
4055,0,0.0020409999415278435,0
4056,0,0.08765500038862228,0
4057,0,0.003969000186771154,0
4058,0,0.004098999779671431,0
4059,1,0.8665860295295715,1
4060,1,0.9968540072441101,1
4061,0,0.3834820091724396,0
4062,1,0.9965299963951111,1
4063,0,0.0004309999931138009,0
4064,0,0.00877000018954277,0
4065,0,0.05336499959230423,0
4066,0,0.05700400099158287,0
4067,0,0.031713999807834625,0
4068,1,0.998760998249054,1
4069,0,0.015375000424683094,0
4070,1,0.9977089762687683,1
4071,1,0.9914230108261108,1
4072,0,0.03246700018644333,0
4073,0,0.005993000231683254,0
4074,1,0.9440690279006958,1
4075,0,0.0006000000284984708,0
4076,0,0.08430200070142746,0
4077,1,0.9981279969215393,1
4078,1,0.9975630044937134,1
4079,0,0.018628999590873718,0
4080,1,0.6284970045089722,1
4081,0,0.0009730000165291131,0
4082,0,0.0045079998672008514,0
4083,1,0.999081015586853,1
4084,1,0.8082420229911804,1
4085,1,0.8695200085639954,1
4086,0,0.05232499912381172,0
4087,1,0.9335809946060181,1
4088,1,0.9949510097503662,1
4089,1,0.9076030254364014,1
4090,0,0.01757200062274933,0
4091,0,0.005475000012665987,0
4092,0,0.18669100105762482,0
4093,1,0.9965819716453552,1
4094,0,0.0027910000644624233,0
4095,1,0.9965810179710388,1
4096,0,0.0683320015668869,0
4097,1,0.9834110140800476,1
4098,1,0.3608579933643341,0
4099,1,0.9982179999351501,1
4100,1,0.6137800216674805,1
4101,1,0.9707170128822327,1
4102,1,0.9732120037078857,1
4103,1,0.9446719884872437,1
4104,1,0.9975559711456299,1
4105,0,0.00020700000459328294,0
4106,1,0.9091259837150574,1
4107,0,0.19279800355434418,0
4108,0,0.016096999868750572,0
4109,1,0.8753610253334045,1
4110,1,0.8435909748077393,1
4111,0,0.0019570000004023314,0
4112,0,0.9363920092582703,1
4113,1,0.939079999923706,1
4114,0,0.15331299602985382,0
4115,1,0.9895899891853333,1
4116,0,0.004035999998450279,0
4117,1,0.999875009059906,1
4118,0,0.0002460000105202198,0
4119,1,0.9958069920539856,1
4120,0,0.01584400050342083,0
4121,0,0.009932000190019608,0
4122,0,6.000000212225132e-06,0
4123,1,0.9995999932289124,1
4124,0,0.2467619925737381,0
4125,1,0.9908260107040405,1
4126,1,0.7013890147209167,1
4127,0,0.01820800080895424,0
4128,1,0.9998210072517395,1
4129,1,0.9932100176811218,1
4130,1,0.9838969707489014,1
4131,0,0.20197899639606476,0
4132,0,0.034077998250722885,0
4133,1,0.9603880047798157,1
4134,1,0.7126629948616028,1
4135,0,0.8041290044784546,1
4136,1,0.9502869844436646,1
4137,0,0.0036230001132935286,0
4138,1,0.9127619862556458,1
4139,1,0.9932460188865662,1
4140,0,0.037838999181985855,0
4141,1,0.9941740036010742,1
4142,0,0.014479000121355057,0
4143,1,0.9859219789505005,1
4144,1,0.6029660105705261,1
4145,0,0.020609000697731972,0
4146,0,0.005628000013530254,0
4147,1,0.9996700286865234,1
4148,1,0.9471420049667358,1
4149,0,0.02145799994468689,0
4150,1,0.9955000281333923,1
4151,0,0.9688299894332886,1
4152,0,0.004724999889731407,0
4153,0,0.03152799978852272,0
4154,0,0.018928000703454018,0
4155,1,0.804078996181488,1
4156,1,0.9786720275878906,1
4157,0,9.000000318337698e-06,0
4158,1,0.9950180053710938,1
4159,0,0.042295001447200775,0
4160,1,0.9976379871368408,1
4161,0,0.024435000494122505,0
4162,1,0.9752259850502014,1
4163,0,0.3413679897785187,0
4164,0,0.0010760000441223383,0
4165,1,0.9958580136299133,1
4166,0,0.19572100043296814,0
4167,1,0.7726340293884277,1
4168,1,0.5909540057182312,1
4169,1,0.49092400074005127,0
4170,1,0.9977260231971741,1
4171,1,0.20821699500083923,0
4172,0,0.12526899576187134,0
4173,1,0.9714140295982361,1
4174,1,0.9889839887619019,1
4175,1,0.9845290184020996,1
4176,0,0.007439000066369772,0
4177,1,0.9953020215034485,1
4178,1,0.928521990776062,1
4179,1,0.990638017654419,1
4180,1,0.9916179776191711,1
4181,0,0.09358300268650055,0
4182,0,0.06800100207328796,0
4183,1,0.9573739767074585,1
4184,0,0.0008200000156648457,0
4185,0,0.11201000213623047,0
4186,0,0.009510000236332417,0
4187,0,0.002911000046879053,0
4188,0,0.005485000088810921,0
4189,0,0.0007050000131130219,0
4190,1,0.9848600029945374,1
4191,0,0.001576000009663403,0
4192,1,0.047276001423597336,0
4193,0,0.21257799863815308,0
4194,1,0.9994329810142517,1
4195,1,0.965345025062561,1
4196,1,0.9964349865913391,1
4197,1,0.9999979734420776,1
4198,1,0.9943869709968567,1
4199,0,0.0008459999808110297,0
4200,0,0.07389900088310242,0
4201,0,0.9256190061569214,1
4202,1,0.061103999614715576,0
4203,1,0.9940530061721802,1
4204,0,0.0011340000201016665,0
4205,1,0.9999740123748779,1
4206,0,0.8254749774932861,1
4207,0,0.001961000030860305,0
4208,0,0.06057500094175339,0
4209,1,0.9776399731636047,1
4210,1,0.9834979772567749,1
4211,1,0.8741940259933472,1
4212,1,0.9888330101966858,1
4213,1,0.9405699968338013,1
4214,0,0.4704509973526001,0
4215,0,1.1000000085914508e-05,0
4216,0,0.08599799871444702,0
4217,1,0.1616310030221939,0
4218,1,0.9930329918861389,1
4219,0,0.4971489906311035,0
4220,1,0.5144100189208984,1
4221,0,0.0011869999580085278,0
4222,1,0.9999979734420776,1
4223,1,0.8071780204772949,1
4224,0,0.028829999268054962,0
4225,1,0.9827579855918884,1
4226,0,0.09343399852514267,0
4227,0,0.35664400458335876,0
4228,0,0.6911720037460327,1
4229,1,0.7846029996871948,1
4230,0,0.11337099969387054,0
4231,0,0.9756360054016113,1
4232,0,0.14445899426937103,0
4233,0,0.001803999999538064,0
4234,1,0.6631709933280945,1
4235,0,0.007681000046432018,0
4236,1,0.9997299909591675,1
4237,1,0.9806950092315674,1
4238,0,0.028362000361084938,0
4239,1,0.8096950054168701,1
4240,1,0.9680209755897522,1
4241,1,0.998350977897644,1
4242,1,0.9988210201263428,1
4243,0,0.01182200014591217,0
4244,0,0.005778999999165535,0
4245,0,0.08542700111865997,0
4246,0,0.0011569999624043703,0
4247,0,0.851481020450592,1
4248,0,0.11656499654054642,0
4249,0,0.04434200003743172,0
4250,0,0.0005099999834783375,0
4251,0,0.027866000309586525,0
4252,0,0.37113600969314575,0
4253,1,0.7667509913444519,1
4254,1,0.999800980091095,1
4255,1,0.9955199956893921,1
4256,1,0.7861970067024231,1
4257,0,0.2786099910736084,0
4258,1,0.9563779830932617,1
4259,0,0.14194199442863464,0
4260,0,0.010610000230371952,0
4261,1,0.9984019994735718,1
4262,1,0.8080729842185974,1
4263,0,0.0038169999606907368,0
4264,0,0.032673999667167664,0
4265,1,0.9998329877853394,1
4266,0,0.0010649999603629112,0
4267,1,0.21303099393844604,0
4268,0,0.015918999910354614,0
4269,0,0.002587999915704131,0
4270,1,0.4551759958267212,0
4271,0,0.8569679856300354,1
4272,1,0.9999409914016724,1
4273,1,0.8494529724121094,1
4274,0,0.013248000293970108,0
4275,1,0.9851269721984863,1
4276,1,0.99754399061203,1
4277,1,0.9672840237617493,1
4278,0,0.6270530223846436,1
4279,0,0.0133670000359416,0
4280,1,0.9981889724731445,1
4281,0,0.006054999772459269,0
4282,0,0.007067999802529812,0
4283,1,0.5521150231361389,1
4284,1,0.9998319745063782,1
4285,0,0.11889699846506119,0
4286,0,0.00802799966186285,0
4287,1,0.9792439937591553,1
4288,1,0.8647109866142273,1
4289,0,0.12319699674844742,0
4290,1,0.43553799390792847,0
4291,0,0.019047999754548073,0
4292,1,0.9668260216712952,1
4293,0,0.007801000028848648,0
4294,1,0.9999840259552002,1
4295,1,0.8610600233078003,1
4296,0,0.001471000025048852,0
4297,0,0.000391999987186864,0
4298,1,0.9999769926071167,1
4299,1,0.9748700261116028,1
4300,1,0.06645700335502625,0
4301,1,0.12425900250673294,0
4302,1,0.9840589761734009,1
4303,0,0.014822999946773052,0
4304,1,0.9997770190238953,1
4305,0,0.14143800735473633,0
4306,1,0.9970219731330872,1
4307,1,0.9488189816474915,1
4308,1,0.8922309875488281,1
4309,1,0.7776889801025391,1
4310,0,0.003975000232458115,0
4311,0,0.6170899868011475,1
4312,1,0.9639809727668762,1
4313,1,0.9967460036277771,1
4314,1,0.9977269768714905,1
4315,0,0.003350999904796481,0
4316,0,0.0008030000026337802,0
4317,1,0.9874560236930847,1
4318,0,0.00253800000064075,0
4319,1,0.9902330040931702,1
4320,0,0.2948020100593567,0
4321,0,0.0151589997112751,0
4322,0,0.1781339943408966,0
4323,1,0.923550009727478,1
4324,1,0.9838849902153015,1
4325,0,0.03572700172662735,0
4326,1,0.8079950213432312,1
4327,0,0.007094999775290489,0
4328,0,0.019798999652266502,0
4329,0,0.06047999858856201,0
4330,0,0.011938000097870827,0
4331,0,0.01706000044941902,0
4332,0,0.04167500138282776,0
4333,1,0.08865299820899963,0
4334,0,0.0002699999895412475,0
4335,0,0.1991640031337738,0
4336,1,0.4529770016670227,0
4337,1,0.9872580170631409,1
4338,0,9.999999974752427e-07,0
4339,0,0.1456570029258728,0
4340,0,0.03551499918103218,0
4341,0,0.04927799850702286,0
4342,1,0.9999489784240723,1
4343,0,0.672698974609375,1
4344,0,0.6482800245285034,1
4345,0,0.2118300050497055,0
4346,0,0.2724139988422394,0
4347,1,0.8583160042762756,1
4348,1,0.9964950084686279,1
4349,0,0.00785799976438284,0
4350,0,0.046215999871492386,0
4351,1,0.9997320175170898,1
4352,1,0.9571449756622314,1
4353,1,0.9929959774017334,1
4354,1,0.9903720021247864,1
4355,1,0.9082850217819214,1
4356,1,0.9374799728393555,1
4357,1,0.9999679923057556,1
4358,1,0.9982619881629944,1
4359,0,0.057999998331069946,0
4360,1,0.9846680164337158,1
4361,1,0.15399999916553497,0
4362,0,0.03531299903988838,0
4363,0,0.2541320025920868,0
4364,0,0.001896000001579523,0
4365,1,0.909466028213501,1
4366,1,0.8735949993133545,1
4367,0,0.04677100107073784,0
4368,0,0.0659480020403862,0
4369,0,0.0296580009162426,0
4370,0,0.0014430000446736813,0
4371,1,0.987430989742279,1
4372,0,0.004031999967992306,0
4373,0,0.22184300422668457,0
4374,0,0.3752560019493103,0
4375,1,0.6192820072174072,1
4376,0,0.33307400345802307,0
4377,1,0.9962239861488342,1
4378,0,0.00021699999342672527,0
4379,1,0.9442890286445618,1
4380,1,0.6876369714736938,1
4381,0,0.4248510003089905,0
4382,0,0.011388000100851059,0
4383,0,0.08256000280380249,0
4384,1,0.9702309966087341,1
4385,1,0.9692010283470154,1
4386,1,0.9966830015182495,1
4387,0,0.030789999291300774,0
4388,1,0.9997559785842896,1
4389,1,0.9375860095024109,1
4390,1,0.9896829724311829,1
4391,1,0.9223750233650208,1
4392,0,0.32742100954055786,0
4393,1,0.9162300229072571,1
4394,1,0.9999499917030334,1
4395,0,0.014913000166416168,0
4396,1,0.9968770146369934,1
4397,0,0.011958000250160694,0
4398,1,0.9404420256614685,1
4399,0,0.003073000116273761,0
4400,0,0.004046000074595213,0
4401,0,0.05333400145173073,0
4402,0,0.12154500186443329,0
4403,0,0.09827899932861328,0
4404,0,0.07989200204610825,0
4405,1,0.9966040253639221,1
4406,1,0.5654510259628296,1
4407,1,0.9351779818534851,1
4408,0,0.028384000062942505,0
4409,0,0.0003229999856557697,0
4410,1,0.9487079977989197,1
4411,0,1.8000000636675395e-05,0
4412,0,0.0031969998963177204,0
4413,0,0.665988028049469,1
4414,1,0.7366120219230652,1
4415,1,0.9253399968147278,1
4416,0,0.21451599895954132,0
4417,1,0.5459349751472473,1
4418,1,0.9982159733772278,1
4419,1,0.8218749761581421,1
4420,1,0.999858021736145,1
4421,1,0.9994549751281738,1
4422,0,0.005338000133633614,0
4423,0,0.31833699345588684,0
4424,0,0.00037200000951997936,0
4425,1,0.9892730116844177,1
4426,0,0.02081800065934658,0
4427,1,0.9660459756851196,1
4428,0,0.016720000654459,0
4429,0,0.01593800075352192,0
4430,1,0.7236379981040955,1
4431,0,0.006415999960154295,0
4432,0,0.024015000090003014,0
4433,1,0.9993529915809631,1
4434,0,0.22696800529956818,0
4435,1,0.8708630204200745,1
4436,1,0.9978070259094238,1
4437,1,0.9321370124816895,1
4438,1,0.9837390184402466,1
4439,0,0.3676309883594513,0
4440,0,0.000522000016644597,0
4441,1,0.9965760111808777,1
4442,1,0.9819509983062744,1
4443,1,0.9994320273399353,1
4444,1,0.9629700183868408,1
4445,1,0.9990950226783752,1
4446,0,0.1712220013141632,0
4447,1,0.8977559804916382,1
4448,1,0.9786270260810852,1
4449,0,0.11218199878931046,0
4450,0,0.014023000374436378,0
4451,0,0.02500399947166443,0
4452,1,0.994625985622406,1
4453,1,0.9949700236320496,1
4454,1,0.9979190230369568,1
4455,1,0.9942790269851685,1
4456,0,0.002360000042244792,0
4457,0,0.04441099986433983,0
4458,0,0.22787199914455414,0
4459,1,0.9910010099411011,1
4460,0,0.0017460000235587358,0
4461,1,0.9999859929084778,1
4462,1,0.9993910193443298,1
4463,0,0.020802000537514687,0
4464,1,0.9716290235519409,1
4465,1,0.602541983127594,1
4466,0,0.0173179991543293,0
4467,0,0.03344300016760826,0
4468,0,0.04420100152492523,0
4469,1,0.7394959926605225,1
4470,1,0.9904739856719971,1
4471,1,0.9992319941520691,1
4472,0,0.0038479999639093876,0
4473,1,0.9665740132331848,1
4474,1,0.9979709982872009,1
4475,0,0.06254799664020538,0
4476,1,0.9997559785842896,1
4477,1,0.9945260286331177,1
4478,1,0.8262379765510559,1
4479,0,0.000686999992467463,0
4480,0,0.551459014415741,1
4481,1,0.9998160004615784,1
4482,0,0.23101599514484406,0
4483,1,0.982587993144989,1
4484,0,0.017885999754071236,0
4485,0,0.000686999992467463,0
4486,0,0.10867200046777725,0
4487,1,0.9988260269165039,1
4488,1,0.9986690282821655,1
4489,1,0.9997720122337341,1
4490,1,0.06594999879598618,0
4491,0,0.8947359919548035,1
4492,0,0.004011000040918589,0
4493,0,0.759423017501831,1
4494,1,0.968625009059906,1
4495,0,0.024102000519633293,0
4496,1,0.9995350241661072,1
4497,0,0.0008040000102482736,0
4498,0,0.9557340145111084,1
4499,0,0.10269699990749359,0
4500,1,0.9617130160331726,1
4501,0,0.255418986082077,0
4502,1,0.8528180122375488,1
4503,0,0.0006399999838322401,0
4504,1,0.9087579846382141,1
4505,1,0.8954929709434509,1
4506,0,0.011752000078558922,0
4507,0,0.018718000501394272,0
4508,1,0.9981110095977783,1
4509,0,0.0,0
4510,1,0.8231689929962158,1
4511,0,0.02573399990797043,0
4512,0,0.04649899899959564,0
4513,0,0.10559000074863434,0
4514,0,0.042357999831438065,0
4515,0,0.00622399989515543,0
4516,0,0.007021999917924404,0
4517,1,0.965004026889801,1
4518,1,0.831840991973877,1
4519,0,0.9298239946365356,1
4520,0,0.018052000552415848,0
4521,1,0.9998120069503784,1
4522,0,0.00506999995559454,0
4523,1,0.9900069832801819,1
4524,0,0.03075299970805645,0
4525,0,0.0014260000316426158,0
4526,1,0.6804959774017334,1
4527,0,0.021934999153017998,0
4528,0,0.22109000384807587,0
4529,0,0.0006130000110715628,0
4530,0,0.00508800009265542,0
4531,0,0.16764099895954132,0
4532,1,0.6767370104789734,1
4533,1,0.13901899755001068,0
4534,0,0.057558998465538025,0
4535,0,0.07557199895381927,0
4536,1,0.9622529745101929,1
4537,1,0.9844819903373718,1
4538,0,0.875436007976532,1
4539,0,0.544950008392334,1
4540,1,0.9992390275001526,1
4541,0,0.017594000324606895,0
4542,0,0.0019340000580996275,0
4543,0,0.0055680000223219395,0
4544,0,0.002085000043734908,0
4545,0,0.03689200058579445,0
4546,0,0.015963999554514885,0
4547,1,0.9900040030479431,1
4548,1,0.9785400032997131,1
4549,0,0.002254999941214919,0
4550,1,0.9807199835777283,1
4551,1,0.9861159920692444,1
4552,0,0.013435999862849712,0
4553,1,0.7661439776420593,1
4554,0,0.09379599988460541,0
4555,1,0.9909319877624512,1
4556,1,0.3539069890975952,0
4557,1,0.003343000076711178,0
4558,0,0.10205800086259842,0
4559,1,0.9738219976425171,1
4560,0,0.1624860018491745,0
4561,0,0.0016580000519752502,0
4562,0,0.0017940000398084521,0
4563,1,0.9579219818115234,1
4564,0,0.7249839901924133,1
4565,0,0.21206900477409363,0
4566,0,0.2919299900531769,0
4567,0,0.16372300684452057,0
4568,0,0.18536800146102905,0
4569,1,0.18314099311828613,0
4570,0,0.10472100228071213,0
4571,1,0.9929869771003723,1
4572,1,0.9362769722938538,1
4573,0,0.005549000110477209,0
4574,1,0.8448889851570129,1
4575,1,0.9967129826545715,1
4576,0,0.021877000108361244,0
4577,1,0.985086977481842,1
4578,1,0.2775599956512451,0
4579,0,0.06268300116062164,0
4580,1,0.9968670010566711,1
4581,1,0.9993919730186462,1
4582,0,0.08912000060081482,0
4583,1,0.5480250120162964,1
4584,0,0.04220199957489967,0
4585,1,0.4951840043067932,0
4586,1,0.9974390268325806,1
4587,0,0.0011739999754354358,0
4588,1,0.7353770136833191,1
4589,0,0.031127000227570534,0
4590,1,0.3839240074157715,0
4591,0,0.20575399696826935,0
4592,1,0.7992339730262756,1
4593,0,0.09573999792337418,0
4594,0,0.0013790000230073929,0
4595,1,0.9989339709281921,1
4596,0,0.001914000022225082,0
4597,1,0.9038519859313965,1
4598,0,0.014504999853670597,0
4599,0,0.9480940103530884,1
4600,0,0.16986599564552307,0
4601,1,0.7833859920501709,1
4602,1,0.9920039772987366,1
4603,1,0.9873520135879517,1
4604,1,0.8210830092430115,1
4605,1,0.9937859773635864,1
4606,1,0.017246000468730927,0
4607,0,0.05070799961686134,0
4608,0,0.09028399735689163,0
4609,1,0.9527559876441956,1
4610,1,0.9363200068473816,1
4611,1,0.9999979734420776,1
4612,0,0.08418799936771393,0
4613,1,0.5083169937133789,1
4614,0,0.050223998725414276,0
4615,0,0.7501310110092163,1
4616,0,0.003797000041231513,0
4617,0,0.0005259999888949096,0
4618,1,0.3671340048313141,0
4619,0,0.8970540165901184,1
4620,0,0.002982999896630645,0
4621,1,0.8233190178871155,1
4622,1,0.8324699997901917,1
4623,1,0.9501439929008484,1
4624,1,0.9942349791526794,1
4625,1,0.6479179859161377,1
4626,0,0.09112299978733063,0
4627,0,0.010400000028312206,0
4628,0,0.5776559710502625,1
4629,1,0.5993419885635376,1
4630,0,0.008655999787151814,0
4631,1,0.8563159704208374,1
4632,0,0.09664499759674072,0
4633,0,0.04784400016069412,0
4634,1,0.9967629909515381,1
4635,1,0.938696026802063,1
4636,0,0.0004689999914262444,0
4637,1,0.9914379715919495,1
4638,1,0.41734498739242554,0
4639,0,0.0005319999763742089,0
4640,0,9.999999974752427e-07,0
4641,1,0.9809640049934387,1
4642,0,0.004554999992251396,0
4643,0,0.17409400641918182,0
4644,1,0.8888130187988281,1
4645,0,0.02594899944961071,0
4646,0,0.038913000375032425,0
4647,1,0.9998670220375061,1
4648,0,0.004984000232070684,0
4649,1,1.0,1
4650,1,0.8326150178909302,1
4651,0,0.017945000901818275,0
4652,0,0.01279900036752224,0
4653,0,0.008333000354468822,0
4654,0,0.39838001132011414,0
4655,1,0.9808989763259888,1
4656,1,0.39883801341056824,0
4657,1,0.9999480247497559,1
4658,1,0.993511974811554,1
4659,0,0.0033080000430345535,0
4660,1,0.9998660087585449,1
4661,0,0.006105999927967787,0
4662,1,0.23577100038528442,0
4663,1,0.9953259825706482,1
4664,0,0.896327018737793,1
4665,0,0.7596489787101746,1
4666,0,0.37446001172065735,0
4667,0,4.999999873689376e-06,0
4668,1,0.4890570044517517,0
4669,0,0.20238399505615234,0
4670,1,0.9860799908638,1
4671,1,0.9790700078010559,1
4672,1,0.8182119727134705,1
4673,0,0.00873900018632412,0
4674,1,0.9892550110816956,1
4675,1,0.9988269805908203,1
4676,0,0.49410301446914673,0
4677,1,0.9984679818153381,1
4678,1,0.8013489842414856,1
4679,0,0.00648800004273653,0
4680,1,0.8504970073699951,1
4681,0,0.07938899844884872,0
4682,0,0.020284999161958694,0
4683,1,0.6527600288391113,1
4684,1,0.8836010098457336,1
4685,1,0.32508501410484314,0
4686,1,0.9425849914550781,1
4687,0,0.026523999869823456,0
4688,1,0.9976950287818909,1
4689,0,0.011842000298202038,0
4690,1,0.9896559715270996,1
4691,0,0.4465329945087433,0
4692,0,0.03715699911117554,0
4693,0,0.047621000558137894,0
4694,0,0.01143299974501133,0
4695,0,0.001715000020340085,0
4696,0,0.006484000012278557,0
4697,1,0.7479779720306396,1
4698,0,0.44986099004745483,0
4699,1,0.9978500008583069,1
4700,1,0.9997770190238953,1
4701,1,0.6334959864616394,1
4702,1,0.995585024356842,1
4703,0,9.600000339560211e-05,0
4704,0,0.694254994392395,1
4705,0,0.43328800797462463,0
4706,1,0.8579360246658325,1
4707,1,0.8014169931411743,1
4708,1,0.9973899722099304,1
4709,0,0.0344650000333786,0
4710,1,0.9999989867210388,1
4711,1,0.9827330112457275,1
4712,1,0.3900820016860962,0
4713,1,0.939428985118866,1
4714,1,0.9940009713172913,1
4715,0,0.030919000506401062,0
4716,1,0.9196100234985352,1
4717,1,0.9786159992218018,1
4718,0,0.022319000214338303,0
4719,1,0.937267005443573,1
4720,0,0.009081999771296978,0
4721,0,0.5249379873275757,1
4722,1,0.9728350043296814,1
4723,0,0.022918999195098877,0
4724,1,0.991981029510498,1
4725,1,0.8613680005073547,1
4726,0,0.007224000059068203,0
4727,1,0.9728509783744812,1
4728,1,0.7170389890670776,1
4729,0,0.003418999956920743,0
4730,1,0.943356990814209,1
4731,1,0.9946140050888062,1
4732,1,0.9936540126800537,1
4733,0,0.00519500020891428,0
4734,1,0.7694259881973267,1
4735,0,0.06551700085401535,0
4736,1,0.9991329908370972,1
4737,0,0.0021470000501722097,0
4738,1,0.9942430257797241,1
4739,1,0.9849990010261536,1
4740,0,0.020076999440789223,0
4741,1,0.9981740117073059,1
4742,0,0.025583000853657722,0
4743,0,0.0430230014026165,0
4744,0,0.007790999952703714,0
4745,0,0.09551499783992767,0
4746,0,0.019146999344229698,0
4747,1,0.9964789748191833,1
4748,0,0.02759600058197975,0
4749,1,0.29512399435043335,0
4750,0,0.06682199984788895,0
4751,0,0.05231799930334091,0
4752,1,0.8790820240974426,1
4753,0,0.07760000228881836,0
4754,0,0.010529999621212482,0
4755,0,0.006519999820739031,0
4756,0,0.053739000111818314,0
4757,1,0.9980810284614563,1
4758,1,0.933571994304657,1
4759,0,0.05486200004816055,0
4760,0,0.05627800151705742,0
4761,0,0.0002899999963119626,0
4762,1,0.9433540105819702,1
4763,1,0.9969480037689209,1
4764,1,0.9990730285644531,1
4765,1,0.96219402551651,1
4766,1,0.899412989616394,1
4767,1,0.9748309850692749,1
4768,1,0.9877269864082336,1
4769,0,0.01097899954766035,0
4770,1,0.40095698833465576,0
4771,0,0.5619620084762573,1
4772,1,0.9984040260314941,1
4773,0,0.0689840018749237,0
4774,1,0.995311975479126,1
4775,0,0.014580000191926956,0
4776,1,0.9892110228538513,1
4777,1,0.9933750033378601,1
4778,1,0.8896620273590088,1
4779,1,0.9955829977989197,1
4780,0,0.25576600432395935,0
4781,1,0.7937359809875488,1
4782,0,0.00046800001291558146,0
4783,0,0.03639400005340576,0
4784,1,0.938202977180481,1
4785,0,0.18674199283123016,0
4786,1,0.7370740175247192,1
4787,1,0.9971989989280701,1
4788,1,0.9580190181732178,1
4789,1,0.9221289753913879,1
4790,1,0.9998760223388672,1
4791,1,0.9998909831047058,1
4792,1,0.9948260188102722,1
4793,0,0.001554999966174364,0
4794,1,0.9776340126991272,1
4795,0,0.015158000402152538,0
4796,0,0.16481399536132812,0
4797,1,0.9495099782943726,1
4798,0,1.700000029813964e-05,0
4799,1,0.9946190118789673,1
4800,0,0.031922999769449234,0
4801,1,0.9975669980049133,1
4802,0,0.02230600081384182,0
4803,1,0.9975289702415466,1
4804,1,0.9940170049667358,1
4805,0,0.20124199986457825,0
4806,0,0.03346800059080124,0
4807,0,0.017764000222086906,0
4808,0,0.3087089955806732,0
4809,0,0.02055400051176548,0
4810,1,0.8263869881629944,1
4811,0,0.010053000412881374,0
4812,0,0.049508001655340195,0
4813,1,0.9903180003166199,1
4814,0,0.046929001808166504,0
4815,0,0.4130130112171173,0
4816,1,0.7549329996109009,1
4817,0,0.002122000092640519,0
4818,0,0.00344299990683794,0
4819,0,0.9250980019569397,1
4820,1,0.9332330226898193,1
4821,1,0.5305960178375244,1
4822,0,0.01858000084757805,0
4823,1,0.0022770001087337732,0
4824,1,0.9830020070075989,1
4825,0,0.0010730000212788582,0
4826,0,0.04951699823141098,0
4827,0,0.1398089975118637,0
4828,0,0.0008670000243000686,0
4829,0,0.006142999976873398,0
4830,0,0.08681800216436386,0
4831,1,0.9401209950447083,1
4832,0,0.11468400061130524,0
4833,0,0.0004039999912492931,0
4834,1,0.9469929933547974,1
4835,1,0.12004300206899643,0
4836,1,0.9988290071487427,1
4837,1,0.9984350204467773,1
4838,0,0.4818919897079468,0
4839,1,1.0,1
4840,1,0.4185419976711273,0
4841,0,0.0010389999952167273,0
4842,0,0.06998399645090103,0
4843,1,0.9466500282287598,1
4844,0,0.0029319999739527702,0
4845,0,0.06836999952793121,0
4846,0,0.0495540015399456,0
4847,1,0.9974240064620972,1
4848,1,0.9471279978752136,1
4849,1,0.9993659853935242,1
4850,1,0.9900199770927429,1
4851,1,0.9772539734840393,1
4852,0,0.024082999676465988,0
4853,0,0.15876400470733643,0
4854,1,0.3288010060787201,0
4855,1,0.9760559797286987,1
4856,1,0.2666800022125244,0
4857,0,0.81147301197052,1
4858,0,0.004356999881565571,0
4859,0,0.011129000224173069,0
4860,0,0.010223999619483948,0
4861,0,0.43332600593566895,0
4862,1,0.9969419836997986,1
4863,0,0.023293999955058098,0
4864,0,0.005628000013530254,0
4865,0,0.4118820130825043,0
4866,0,0.04212300106883049,0
4867,1,0.7935709953308105,1
4868,0,0.015278000384569168,0
4869,0,0.004126999992877245,0
4870,0,0.04924999922513962,0
4871,1,0.01359499990940094,0
4872,0,0.003077999921515584,0
4873,0,0.0686660036444664,0
4874,1,0.9702190160751343,1
4875,1,0.9730389714241028,1
4876,0,0.003200999926775694,0
4877,0,0.02602900005877018,0
4878,0,0.057388000190258026,0
4879,0,0.09328900277614594,0
4880,0,0.06494200229644775,0
4881,1,0.9870210289955139,1
4882,1,0.861873984336853,1
4883,1,0.9972379803657532,1
4884,1,0.9994239807128906,1
4885,0,0.1786780059337616,0
4886,1,0.964497983455658,1
4887,0,0.007732999976724386,0
4888,1,0.9774320125579834,1
4889,0,0.07844699919223785,0
4890,0,3.400000059627928e-05,0
4891,0,0.06382399797439575,0
4892,1,0.9579430222511292,1
4893,0,0.1041330024600029,0
4894,0,0.08954799920320511,0
4895,1,0.9939000010490417,1
4896,1,0.9999989867210388,1
4897,0,0.28878599405288696,0
4898,1,0.9939870238304138,1
4899,0,0.0041589997708797455,0
4900,1,0.9970679879188538,1
4901,0,0.25954899191856384,0
4902,1,0.9839270114898682,1
4903,1,0.9327099919319153,1
4904,1,0.9948130249977112,1
4905,1,0.9860590100288391,1
4906,0,0.023266000673174858,0
4907,1,0.41169899702072144,0
4908,1,0.034001998603343964,0
4909,0,0.037216998636722565,0
4910,1,0.8613250255584717,1
4911,0,0.08654399961233139,0
4912,0,0.014174000360071659,0
4913,1,0.9930019974708557,1
4914,1,0.9866539835929871,1
4915,0,0.005735999904572964,0
4916,1,0.971763014793396,1
4917,0,0.008251000195741653,0
4918,1,0.9989280104637146,1
4919,1,0.9602349996566772,1
4920,1,0.9999709725379944,1
4921,1,0.999675989151001,1
4922,1,0.8907070159912109,1
4923,0,0.06538800150156021,0
4924,0,0.6261950135231018,1
4925,0,0.055332001298666,0
4926,1,0.6276270151138306,1
4927,0,0.05149799957871437,0
4928,0,0.2721939980983734,0
4929,0,0.40940698981285095,0
4930,1,0.9763389825820923,1
4931,0,0.5111700296401978,1
4932,0,0.2637679874897003,0
4933,1,0.8956210017204285,1
4934,0,0.05013100057840347,0
4935,1,0.8951249718666077,1
4936,0,0.16938500106334686,0
4937,0,0.022401999682188034,0
4938,1,0.9999690055847168,1
4939,1,0.9899100065231323,1
4940,0,0.49417901039123535,0
4941,1,0.978767991065979,1
4942,0,0.09301099926233292,0
4943,1,0.9145569801330566,1
4944,1,0.8840879797935486,1
4945,1,0.12361499667167664,0
4946,0,0.6270809769630432,1
4947,0,0.005437000188976526,0
4948,1,0.9785609841346741,1
4949,0,0.0006200000061653554,0
4950,1,0.9989569783210754,1
4951,0,0.02057800069451332,0
4952,0,0.04192600026726723,0
4953,1,0.9871870279312134,1
4954,0,0.0006140000186860561,0
4955,0,2.2000000171829015e-05,0
4956,1,0.9848679900169373,1
4957,0,0.05966800078749657,0
4958,1,0.8693720102310181,1
4959,1,0.9619160294532776,1
4960,1,0.8823890089988708,1
4961,0,0.0117419995367527,0
4962,1,0.9989460110664368,1
4963,0,0.8457210063934326,1
4964,1,0.9782029986381531,1
4965,0,0.022068999707698822,0
4966,0,0.1455339938402176,0
4967,0,0.1043580025434494,0
4968,1,0.959417998790741,1
4969,1,0.35892799496650696,0
4970,0,0.003128000069409609,0
4971,0,0.08490099757909775,0
4972,1,0.9999909996986389,1
4973,0,0.0035379999317228794,0
4974,1,0.9998080134391785,1
4975,1,0.9894689917564392,1
4976,0,0.003642000025138259,0
4977,0,0.6034489870071411,1
4978,0,0.00014699999883305281,0
4979,0,0.10208500176668167,0
4980,0,0.0011869999580085278,0
4981,0,0.008495000191032887,0
4982,0,0.001756999990902841,0
4983,1,0.9991570115089417,1
4984,1,0.6710919737815857,1
4985,0,5.2999999752501026e-05,0
4986,1,0.746291995048523,1
4987,1,0.986810028553009,1
4988,0,0.001151000033132732,0
4989,0,0.3942809998989105,0
4990,1,0.9803000092506409,1
4991,1,0.9631699919700623,1
4992,0,0.03180500119924545,0
4993,0,0.10710600018501282,0
4994,1,0.9810559749603271,1
4995,1,0.9101300239562988,1
4996,1,0.5559849739074707,1
4997,1,0.9610379934310913,1
4998,0,0.004317000042647123,0
4999,0,0.503915011882782,1
5000,1,0.961670994758606,1
5001,0,0.7050250172615051,1
5002,0,0.7959210276603699,1
5003,1,0.9999369978904724,1
5004,1,0.9999790191650391,1
5005,1,0.9867799878120422,1
5006,0,0.0013269999762997031,0
5007,1,0.8834059834480286,1
5008,1,0.8804910182952881,1
5009,1,0.7687249779701233,1
5010,0,0.02798900008201599,0
5011,0,0.0041809999383986,0
5012,1,0.9998670220375061,1
5013,0,0.23204100131988525,0
5014,1,0.9999409914016724,1
5015,1,0.55759197473526,1
5016,1,0.9724630117416382,1
5017,0,0.0007800000021234155,0
5018,1,0.9947100281715393,1
5019,1,0.9843050241470337,1
5020,0,0.028063999488949776,0
5021,0,0.0016250000335276127,0
5022,1,0.46838000416755676,0
5023,0,0.1264680027961731,0
5024,0,0.015985000878572464,0
5025,0,0.001382000045850873,0
5026,1,0.7832589745521545,1
5027,1,0.955295979976654,1
5028,0,0.019812999293208122,0
5029,1,0.6797289848327637,1
5030,1,0.1835480034351349,0
5031,1,0.4288640022277832,0
5032,1,0.9405390024185181,1
5033,1,0.9998419880867004,1
5034,1,0.946711003780365,1
5035,0,0.015629999339580536,0
5036,1,0.8992670178413391,1
5037,0,0.00531500019133091,0
5038,0,0.036042001098394394,0
5039,1,0.9933620095252991,1
5040,0,0.02592400088906288,0
5041,1,0.9535989761352539,1
5042,0,0.047161001712083817,0
5043,1,0.948809027671814,1
5044,0,0.18511399626731873,0
5045,0,0.02278600074350834,0
5046,0,0.001243000035174191,0
5047,1,0.9898380041122437,1
5048,0,0.08535200357437134,0
5049,1,0.8888220191001892,1
5050,0,0.2508910000324249,0
5051,0,0.0017330000409856439,0
5052,0,0.10011599957942963,0
5053,0,0.0248780008405447,0
5054,1,0.6741120219230652,1
5055,0,0.018146000802516937,0
5056,1,0.9863970279693604,1
5057,1,0.9983819723129272,1
5058,1,0.9975510239601135,1
5059,0,0.0005840000230818987,0
5060,0,0.0337660014629364,0
5061,1,0.9879950284957886,1
5062,0,0.03311200067400932,0
5063,1,0.988083004951477,1
5064,1,0.9942240118980408,1
5065,1,0.9047889709472656,1
5066,1,0.9989709854125977,1
5067,1,0.783312976360321,1
5068,0,0.011297999881207943,0
5069,1,0.9993979930877686,1
5070,0,0.03460799902677536,0
5071,0,0.018557999283075333,0
5072,0,0.17357900738716125,0
5073,1,0.9992460012435913,1
5074,1,0.3193509876728058,0
5075,0,0.003914000000804663,0
5076,0,0.013271999545395374,0
5077,1,0.9923800230026245,1
5078,0,0.07931900024414062,0
5079,1,0.999210000038147,1
5080,1,0.9885159730911255,1
5081,1,0.9898859858512878,1
5082,0,0.011904999613761902,0
5083,1,0.9695929884910583,1
5084,0,0.534745991230011,1
5085,0,0.009814999997615814,0
5086,0,0.004767000209540129,0
5087,1,0.9888560175895691,1
5088,0,0.00043399998685345054,0
5089,1,0.9999989867210388,1
5090,0,0.4805150032043457,0
5091,0,0.006821000017225742,0
5092,0,0.0054709999822080135,0
5093,0,0.009941999800503254,0
5094,1,0.9572460055351257,1
5095,1,0.918857991695404,1
5096,0,0.01126800011843443,0
5097,1,0.959306001663208,1
5098,1,0.9967020153999329,1
5099,1,0.4352479875087738,0
5100,0,0.0012730000307783484,0
5101,0,0.030482999980449677,0
5102,1,0.8562430143356323,1
5103,1,0.9587389826774597,1
5104,1,0.9773380160331726,1
5105,0,0.03318199887871742,0
5106,1,0.9186750054359436,1
5107,1,0.9914810061454773,1
5108,1,0.37539398670196533,0
5109,1,0.9977999925613403,1
5110,0,0.1972689926624298,0
5111,0,0.018681999295949936,0
5112,1,0.8581550121307373,1
5113,1,0.9124150276184082,1
5114,1,0.9789779782295227,1
5115,1,0.9986400008201599,1
5116,1,0.986329972743988,1
5117,1,0.9693040251731873,1
5118,1,0.9996579885482788,1
5119,0,0.7311670184135437,1
5120,0,0.7235640287399292,1
5121,1,0.9992669820785522,1
5122,1,0.9975799918174744,1
5123,1,0.9840019941329956,1
5124,1,0.9965590238571167,1
5125,0,9.999999747378752e-06,0
5126,0,0.8922079801559448,1
5127,1,0.996878981590271,1
5128,1,0.934909999370575,1
5129,0,0.035847000777721405,0
5130,1,0.009824000298976898,0
5131,1,0.9919139742851257,1
5132,1,0.9486690163612366,1
5133,0,0.28954699635505676,0
5134,1,0.14080600440502167,0
5135,0,0.00496899988502264,0
5136,0,0.0005039999959990382,0
5137,0,0.2803809940814972,0
5138,1,0.9987660050392151,1
5139,0,0.6479300260543823,1
5140,0,0.01775999926030636,0
5141,0,0.825465977191925,1
5142,0,0.9232329726219177,1
5143,0,0.24834400415420532,0
5144,0,0.014635000377893448,0
5145,1,0.8858429789543152,1
5146,1,0.9713810086250305,1
5147,0,0.006756000220775604,0
5148,0,0.5757719874382019,1
5149,1,0.9013770222663879,1
5150,1,0.9489960074424744,1
5151,1,0.999235987663269,1
5152,0,0.012807000428438187,0
5153,0,0.05553700029850006,0
5154,1,0.8936020135879517,1
5155,1,0.9610000252723694,1
5156,0,0.14377400279045105,0
5157,1,0.39718300104141235,0
5158,1,0.9992629885673523,1
5159,1,0.026072999462485313,0
5160,0,0.10030999779701233,0
5161,1,0.34165599942207336,0
5162,0,0.016170000657439232,0
5163,1,0.9991779923439026,1
5164,0,0.005508000031113625,0
5165,1,0.9978010058403015,1
5166,1,0.8082680106163025,1
5167,1,0.963467001914978,1
5168,1,0.9979220032691956,1
5169,1,0.17300599813461304,0
5170,1,0.9982389807701111,1
5171,0,0.003208999987691641,0
5172,0,0.20855000615119934,0
5173,0,0.07334499806165695,0
5174,0,0.03825199976563454,0
5175,1,0.9942089915275574,1
5176,1,0.9867209792137146,1
5177,1,0.8703629970550537,1
5178,0,9.999999974752427e-07,0
5179,0,0.0027209999971091747,0
5180,0,0.5508049726486206,1
5181,0,0.0012529999949038029,0
5182,1,0.9864029884338379,1
5183,0,0.002283999929204583,0
5184,0,0.004091999959200621,0
5185,0,0.040355000644922256,0
5186,1,0.4951069951057434,0
5187,1,0.9832410216331482,1
5188,1,0.7309079766273499,1
5189,1,0.822655975818634,1
5190,0,0.023838000372052193,0
5191,1,0.5654450058937073,1
5192,1,0.9858199954032898,1
5193,1,0.9649209976196289,1
5194,0,0.04207500070333481,0
5195,1,0.9095249772071838,1
5196,1,0.9378849864006042,1
5197,0,0.019246000796556473,0
5198,0,0.09832800179719925,0
5199,1,0.9785720109939575,1
5200,1,0.8317170143127441,1
5201,1,0.985958993434906,1
5202,1,0.9797139763832092,1
5203,0,0.514428973197937,1
5204,0,0.013833999633789062,0
5205,0,0.2507680058479309,0
5206,0,0.027479000389575958,0
5207,0,0.019068999215960503,0
5208,1,0.9956279993057251,1
5209,1,0.9999709725379944,1
5210,0,0.04862799867987633,0
5211,0,0.5888929963111877,1
5212,0,0.011470000259578228,0
5213,1,0.9838290214538574,1
5214,0,0.014039999805390835,0
5215,1,0.9351069927215576,1
5216,1,0.9789720177650452,1
5217,0,0.001601999974809587,0
5218,0,0.025484999641776085,0
5219,0,0.10516999661922455,0
5220,1,0.956807017326355,1
5221,0,0.04739899933338165,0
5222,0,0.011289999820291996,0
5223,0,0.3788209855556488,0
5224,1,0.5060449838638306,1
5225,1,0.6681550145149231,1
5226,0,0.02149200066924095,0
5227,0,0.0051299999468028545,0
5228,1,0.9597259759902954,1
5229,1,0.1814430058002472,0
5230,1,0.9968720078468323,1
5231,0,0.34497401118278503,0
5232,1,0.999064028263092,1
5233,0,0.772159993648529,1
5234,0,0.009746000170707703,0
5235,0,0.0013050000416114926,0
5236,0,1.9999999949504854e-06,0
5237,1,0.999019980430603,1
5238,1,0.9709230065345764,1
5239,1,0.9866139888763428,1
5240,0,0.012097000144422054,0
5241,1,0.9977830052375793,1
5242,1,0.9971410036087036,1
5243,1,0.9652330279350281,1
5244,1,0.9899500012397766,1
5245,1,0.9904879927635193,1
5246,1,0.9960280060768127,1
5247,1,0.7796779870986938,1
5248,0,0.001979999942705035,0
5249,1,0.9995700120925903,1
5250,1,0.9710109829902649,1
5251,1,0.46906399726867676,0
5252,1,0.9814429879188538,1
5253,0,0.05191799998283386,0
5254,1,0.9771270155906677,1
5255,0,0.011339000426232815,0
5256,0,0.0009399999980814755,0
5257,0,0.049529001116752625,0
5258,0,0.0072559998370707035,0
5259,0,0.15474000573158264,0
5260,0,0.005276000127196312,0
5261,0,0.37160301208496094,0
5262,0,0.03480499982833862,0
5263,0,0.01613900065422058,0
5264,1,0.9754859805107117,1
5265,1,0.9997959733009338,1
5266,1,0.9863150119781494,1
5267,0,0.018648000434041023,0
5268,1,0.916109025478363,1
5269,0,0.4633350074291229,0
5270,1,0.9974279999732971,1
5271,0,0.011044999584555626,0
5272,0,0.9134100079536438,1
5273,1,0.9988179802894592,1
5274,0,0.014108999632298946,0
5275,0,0.519798994064331,1
5276,0,0.003745000110939145,0
5277,0,0.011180000379681587,0
5278,0,0.017021000385284424,0
5279,1,0.9801669716835022,1
5280,1,0.9989060163497925,1
5281,0,0.062125999480485916,0
5282,0,0.10660699754953384,0
5283,0,0.005148000083863735,0
5284,0,0.024334000423550606,0
5285,1,0.9986090064048767,1
5286,1,0.9755169749259949,1
5287,0,0.006395000033080578,0
5288,0,0.011858999729156494,0
5289,0,0.36199700832366943,0
5290,1,0.9781849980354309,1
5291,1,0.9993849992752075,1
5292,0,0.004621000029146671,0
5293,1,0.997842013835907,1
5294,0,0.00910400040447712,0
5295,0,0.5474749803543091,1
5296,1,0.8859900236129761,1
5297,1,0.7407860159873962,1
5298,0,0.2791289985179901,0
5299,0,0.46266400814056396,0
5300,1,0.9955009818077087,1
5301,1,0.9809820055961609,1
5302,1,0.9995359778404236,1
5303,0,0.09777600318193436,0
5304,1,0.9680439829826355,1
5305,1,0.9492899775505066,1
5306,1,0.9995129704475403,1
5307,0,0.044084999710321426,0
5308,1,0.97530198097229,1
5309,1,0.9784420132637024,1
5310,0,0.05967700108885765,0
5311,0,0.013081000186502934,0
5312,0,0.012536999769508839,0
5313,0,0.02696000039577484,0
5314,0,0.013753999955952168,0
5315,0,0.011721000075340271,0
5316,1,0.9878860116004944,1
5317,0,0.018376000225543976,0
5318,0,0.840287983417511,1
5319,0,0.0165570005774498,0
5320,1,0.9808689951896667,1
5321,1,0.9895190000534058,1
5322,1,0.7469350099563599,1
5323,0,0.014937999658286572,0
5324,0,0.2749280035495758,0
5325,0,0.00865199975669384,0
5326,0,0.0964059978723526,0
5327,0,0.5437780022621155,1
5328,0,0.13714699447155,0
5329,0,0.018799999728798866,0
5330,0,0.0019490000559017062,0
5331,0,0.08011800050735474,0
5332,1,0.8408929705619812,1
5333,1,0.2277809977531433,0
5334,1,0.9783840179443359,1
5335,1,0.997622013092041,1
5336,0,0.00011000000085914508,0
5337,1,0.8130040168762207,1
5338,0,0.0033100000582635403,0
5339,0,0.060433998703956604,0
5340,1,0.9910759925842285,1
5341,0,0.004652999807149172,0
5342,0,0.03444699943065643,0
5343,1,0.9983969926834106,1
5344,1,0.7333040237426758,1
5345,0,0.13046899437904358,0
5346,1,0.9993090033531189,1
5347,1,0.9416149854660034,1
5348,1,0.9907439947128296,1
5349,0,0.09386300295591354,0
5350,0,0.010846000164747238,0
5351,0,0.0281009990721941,0
5352,0,0.07175900042057037,0
5353,1,0.6817939877510071,1
5354,0,0.08251100033521652,0
5355,1,0.5462009906768799,1
5356,1,0.9873049855232239,1
5357,1,0.9835969805717468,1
5358,1,0.9992250204086304,1
5359,0,0.09825199842453003,0
5360,1,0.9094079732894897,1
5361,1,0.9449329972267151,1
5362,0,0.06646399945020676,0
5363,1,0.9998350143432617,1
5364,1,0.9941239953041077,1
5365,0,0.5702199935913086,1
5366,1,0.0807029977440834,0
5367,1,0.9465479850769043,1
5368,1,0.9937880039215088,1
5369,0,0.0018889999482780695,0
5370,0,0.0195700004696846,0
5371,0,0.14032499492168427,0
5372,0,0.011614000424742699,0
5373,1,0.9988579750061035,1
5374,1,0.9829009771347046,1
5375,0,0.28703901171684265,0
5376,1,0.9744589924812317,1
5377,0,0.37867099046707153,0
5378,1,0.8871700167655945,1
5379,0,0.03465000167489052,0
5380,1,0.7032120227813721,1
5381,1,0.2812960147857666,0
5382,1,0.922298014163971,1
5383,0,0.01371300034224987,0
5384,1,0.9935600161552429,1
5385,0,0.11054699867963791,0
5386,0,0.0939129963517189,0
5387,1,0.993698000907898,1
5388,0,0.01933000050485134,0
5389,1,0.9529100060462952,1
5390,0,0.006984999869018793,0
5391,1,0.9996200203895569,1
5392,1,0.9851130247116089,1
5393,0,0.7149119973182678,1
5394,1,0.06062699854373932,0
5395,1,0.8490399718284607,1
5396,0,0.010080000385642052,0
5397,0,3.400000059627928e-05,0
5398,0,0.5607990026473999,1
5399,1,0.9259160161018372,1
5400,0,0.03286200016736984,0
5401,1,0.9997950196266174,1
5402,0,0.13064800202846527,0
5403,1,0.12176399677991867,0
5404,0,0.20660600066184998,0
5405,1,0.9930409789085388,1
5406,1,0.870693027973175,1
5407,0,5.500000042957254e-05,0
5408,0,0.0025939999613910913,0
5409,1,0.35496899485588074,0
5410,1,0.08282099664211273,0
5411,1,0.9663259983062744,1
5412,1,0.914650022983551,1
5413,0,0.0023219999857246876,0
5414,0,0.0006910000229254365,0
5415,1,0.18192100524902344,0
5416,1,0.9983479976654053,1
5417,1,0.9475330114364624,1
5418,1,0.6670479774475098,1
5419,1,0.9958919882774353,1
5420,0,0.028992999345064163,0
5421,0,0.0727899968624115,0
5422,0,0.016795000061392784,0
5423,1,0.431894987821579,0
5424,0,0.02487099915742874,0
5425,0,0.8935660123825073,1
5426,1,0.9516940116882324,1
5427,1,0.9965919852256775,1
5428,0,0.06076100096106529,0
5429,1,0.05046699941158295,0
5430,0,0.001155999954789877,0
5431,1,0.49023300409317017,0
5432,0,0.04713499918580055,0
5433,1,0.5829910039901733,1
5434,1,0.9980229735374451,1
5435,1,0.9839879870414734,1
5436,1,0.9889339804649353,1
5437,1,0.9952890276908875,1
5438,0,0.0048500001430511475,0
5439,1,0.9949380159378052,1
5440,0,0.09853599965572357,0
5441,0,0.016357000917196274,0
5442,0,0.056387998163700104,0
5443,0,0.26905500888824463,0
5444,1,0.9984700083732605,1
5445,0,0.10331600159406662,0
5446,0,0.0017529999604448676,0
5447,1,0.9983829855918884,1
5448,1,0.9999899864196777,1
5449,1,0.3552759885787964,0
5450,0,0.025025000795722008,0
5451,1,0.7679910063743591,1
5452,1,0.9309629797935486,1
5453,1,0.9421330094337463,1
5454,1,0.959617018699646,1
5455,1,0.8915429711341858,1
5456,0,0.34027400612831116,0
5457,1,0.9861379861831665,1
5458,0,0.8915339708328247,1
5459,1,0.9998459815979004,1
5460,0,0.0187819991260767,0
5461,1,0.988851010799408,1
5462,1,0.3647800087928772,0
5463,1,0.833603024482727,1
5464,0,0.025205999612808228,0
5465,1,0.9913769960403442,1
5466,1,0.9999920129776001,1
5467,0,0.01259199995547533,0
5468,0,0.015698999166488647,0
5469,1,0.7836790084838867,1
5470,1,0.9487469792366028,1
5471,0,0.03235200047492981,0
5472,1,0.5297340154647827,1
5473,1,0.8999930024147034,1
5474,0,0.11678200215101242,0
5475,0,0.012242999859154224,0
5476,0,0.08920499682426453,0
5477,0,0.0203660000115633,0
5478,1,0.9991689920425415,1
5479,1,0.7660800218582153,1
5480,0,0.030678000301122665,0
5481,1,0.9941369891166687,1
5482,1,0.9747070074081421,1
5483,1,0.9989429712295532,1
5484,1,0.9991700053215027,1
5485,0,7.000000096013537e-06,0
5486,1,0.8670759797096252,1
5487,1,0.037776000797748566,0
5488,0,0.03693699836730957,0
5489,1,0.9856709837913513,1
5490,1,0.933650016784668,1
5491,1,0.8434739708900452,1
5492,1,0.9999529719352722,1
5493,0,0.0016580000519752502,0
5494,0,0.0465410016477108,0
5495,1,0.3436110019683838,0
5496,1,0.9213259816169739,1
5497,0,0.05892400071024895,0
5498,1,0.9990149736404419,1
5499,0,0.001554999966174364,0
5500,0,0.03892900049686432,0
5501,0,0.023576000705361366,0
5502,0,0.005859000142663717,0
5503,0,0.12025400251150131,0
5504,0,0.3041509985923767,0
5505,1,0.9719089865684509,1
5506,1,0.9447720050811768,1
5507,1,0.33657199144363403,0
5508,0,0.0033740000799298286,0
5509,1,0.9826099872589111,1
5510,0,0.2957479953765869,0
5511,0,0.02424599975347519,0
5512,1,0.01882999949157238,0
5513,0,0.0016710000345483422,0
5514,1,0.053015001118183136,0
5515,1,0.3393290042877197,0
5516,0,0.044638000428676605,0
5517,1,0.9926369786262512,1
5518,1,0.9905949831008911,1
5519,1,0.7599430084228516,1
5520,1,0.9711620211601257,1
5521,0,0.05227600038051605,0
5522,0,0.0,0
5523,1,1.0,1
5524,0,0.9934189915657043,1
5525,0,0.8833379745483398,1
5526,0,0.22160199284553528,0
5527,0,0.03474799916148186,0
5528,1,0.9987670183181763,1
5529,1,0.9438760280609131,1
5530,1,0.9961810111999512,1
5531,1,0.9770979881286621,1
5532,0,0.5994549989700317,1
5533,0,0.007534000091254711,0
5534,1,0.7291489839553833,1
5535,0,0.12884800136089325,0
5536,0,0.31361499428749084,0
5537,1,0.9938790202140808,1
5538,0,0.002366000087931752,0
5539,0,0.03607799857854843,0
5540,1,0.8488829731941223,1
5541,0,0.015043999999761581,0
5542,0,0.6167119741439819,1
5543,1,0.9999690055847168,1
5544,0,0.279013991355896,0
5545,0,0.021733999252319336,0
5546,1,0.9944459795951843,1
5547,0,0.2795119881629944,0
5548,1,0.04787899926304817,0
5549,0,0.45735400915145874,0
5550,0,0.6363189816474915,1
5551,0,0.007027000188827515,0
5552,1,0.965378999710083,1
5553,1,0.7117379903793335,1
5554,0,0.010700000450015068,0
5555,0,0.0009410000056959689,0
5556,0,0.022787999361753464,0
5557,0,0.022029999643564224,0
5558,1,0.9825230240821838,1
5559,0,0.037092000246047974,0
5560,1,0.9848229885101318,1
5561,1,0.9988639950752258,1
5562,1,0.999813973903656,1
5563,1,0.9968529939651489,1
5564,1,0.7874869704246521,1
5565,0,0.04942600056529045,0
5566,1,0.9999579787254333,1
5567,0,0.07305499911308289,0
5568,0,0.13572999835014343,0
5569,1,0.9990509748458862,1
5570,0,0.1799290031194687,0
5571,0,0.05547399818897247,0
5572,1,0.32975900173187256,0
5573,0,0.0025229998864233494,0
5574,1,0.8575019836425781,1
5575,0,0.16154299676418304,0
5576,1,0.9444530010223389,1
5577,1,0.9973710179328918,1
5578,0,0.008236000314354897,0
5579,0,0.002744999947026372,0
5580,1,0.9973099827766418,1
5581,1,0.984824001789093,1
5582,0,0.688834011554718,1
5583,1,0.39468899369239807,0
5584,0,0.01129900012165308,0
5585,1,0.9999759793281555,1
5586,0,0.009219000115990639,0
5587,0,0.0019310000352561474,0
5588,0,0.0016789999790489674,0
5589,0,0.7248730063438416,1
5590,0,0.001104000024497509,0
5591,1,0.9969260096549988,1
5592,1,0.9962300062179565,1
5593,1,0.75627201795578,1
5594,1,0.9990190267562866,1
5595,1,0.9651749730110168,1
5596,1,0.9910489916801453,1
5597,0,0.023775000125169754,0
5598,1,0.9653540253639221,1
5599,0,0.06100999936461449,0
5600,0,0.2250719964504242,0
5601,0,0.00900499988347292,0
5602,1,0.9913740158081055,1
5603,1,0.9042249917984009,1
5604,1,0.9936559796333313,1
5605,1,0.987716019153595,1
5606,1,0.9869869947433472,1
5607,0,0.3437170088291168,0
5608,1,0.9728639721870422,1
5609,0,0.16452600061893463,0
5610,1,0.9991639852523804,1
5611,1,0.9800959825515747,1
5612,0,0.7483189702033997,1
5613,1,0.9908199906349182,1
5614,1,0.5091130137443542,1
5615,1,0.938444972038269,1
5616,0,0.01617399975657463,0
5617,1,0.9995840191841125,1
5618,1,0.29959699511528015,0
5619,1,0.985496997833252,1
5620,0,0.2200690060853958,0
5621,1,0.22769099473953247,0
5622,1,0.4390049874782562,0
5623,0,0.07647799700498581,0
5624,0,0.028894999995827675,0
5625,1,0.9944999814033508,1
5626,1,0.9748589992523193,1
5627,1,0.990356981754303,1
5628,0,0.021909000352025032,0
5629,1,0.9998049736022949,1
5630,0,0.008391999639570713,0
5631,0,0.10692699998617172,0
5632,1,0.9961910247802734,1
5633,0,0.014968999661505222,0
5634,0,0.0006910000229254365,0
5635,0,0.002167999977245927,0
5636,1,0.9751999974250793,1
5637,0,0.013047000393271446,0
5638,0,0.00033099998836405575,0
5639,0,0.0006949999951757491,0
5640,0,0.17514799535274506,0
5641,1,0.9852709770202637,1
5642,1,0.9501019716262817,1
5643,0,0.08315800130367279,0
5644,1,0.996783971786499,1
5645,1,0.6660810112953186,1
5646,1,0.6528890132904053,1
5647,1,0.9990479946136475,1
5648,0,0.3153870105743408,0
5649,0,0.025363000109791756,0
5650,0,0.2978380024433136,0
5651,1,0.9993600249290466,1
5652,1,0.7523319721221924,1
5653,1,0.945717990398407,1
5654,1,0.7277160286903381,1
5655,0,0.023225000128149986,0
5656,1,0.9999520182609558,1
5657,1,0.9796000123023987,1
5658,0,0.0052269999869167805,0
5659,1,0.5452479720115662,1
5660,0,0.0008459999808110297,0
5661,1,0.5273709893226624,1
5662,1,0.6417030096054077,1
5663,1,0.9949889779090881,1
5664,0,0.0014189999783411622,0
5665,0,0.7374370098114014,1
5666,1,0.9676939845085144,1
5667,1,0.9199420213699341,1
5668,0,0.032903000712394714,0
5669,1,0.984486997127533,1
5670,1,0.9883800148963928,1
5671,1,0.9739570021629333,1
5672,0,9.999999974752427e-07,0
5673,1,0.6248170137405396,1
5674,0,0.08818099647760391,0
5675,1,0.9726120233535767,1
5676,0,0.0010349999647587538,0
5677,1,0.997635006904602,1
5678,1,0.9978640079498291,1
5679,0,0.08449900150299072,0
5680,1,0.9998819828033447,1
5681,1,0.12424500286579132,0
5682,0,0.021393999457359314,0
5683,0,0.009748999960720539,0
5684,0,0.17443400621414185,0
5685,0,0.1399870067834854,0
5686,1,0.9065409898757935,1
5687,1,0.9082120060920715,1
5688,1,0.995980978012085,1
5689,1,0.9999679923057556,1
5690,0,0.011649999767541885,0
5691,0,0.005636999849230051,0
5692,1,0.9996370077133179,1
5693,1,0.9935749769210815,1
5694,0,0.0012519999872893095,0
5695,1,0.21807800233364105,0
5696,1,0.07242999970912933,0
5697,1,0.9976840019226074,1
5698,1,0.9694929718971252,1
5699,1,0.9918040037155151,1
5700,1,0.9792640209197998,1
5701,0,0.3567599952220917,0
5702,1,0.9957749843597412,1
5703,1,0.9801430106163025,1
5704,0,0.12517300248146057,0
5705,0,0.0019330000504851341,0
5706,1,1.0,1
5707,1,0.9989380240440369,1
5708,1,0.9060890078544617,1
5709,0,0.027479000389575958,0
5710,0,0.2577359974384308,0
5711,0,0.01641399972140789,0
5712,0,0.0018629999831318855,0
5713,0,0.27519699931144714,0
5714,1,0.9771180152893066,1
5715,0,0.020276999101042747,0
5716,0,0.7375289797782898,1
5717,0,9.999999747378752e-05,0
5718,0,0.6438180208206177,1
5719,1,0.9463269710540771,1
5720,1,0.9818570017814636,1
5721,0,0.0011159999994561076,0
5722,0,0.25686201453208923,0
5723,1,0.9962660074234009,1
5724,0,0.04361800104379654,0
5725,0,0.10056199878454208,0
5726,1,0.43608999252319336,0
5727,0,0.0017859999788925052,0
5728,0,0.0017610000213608146,0
5729,0,0.007830999791622162,0
5730,0,0.17773699760437012,0
5731,0,0.0171509999781847,0
5732,1,0.999845027923584,1
5733,0,0.003155000042170286,0
5734,1,0.7693740129470825,1
5735,0,0.057631999254226685,0
5736,0,0.005698999855667353,0
5737,0,0.43435099720954895,0
5738,1,0.9892659783363342,1
5739,0,0.5612030029296875,1
5740,0,0.517117977142334,1
5741,0,0.04527200013399124,0
5742,0,0.004052000120282173,0
5743,0,0.7214419841766357,1
5744,1,0.3248029947280884,0
5745,1,0.9990469813346863,1
5746,1,0.9957919716835022,1
5747,0,0.03130999952554703,0
5748,1,0.9849640130996704,1
5749,0,0.003961999900639057,0
5750,0,0.14228999614715576,0
5751,1,0.9938160181045532,1
5752,1,0.9438750147819519,1
5753,0,0.27343299984931946,0
5754,1,0.08890900015830994,0
5755,1,0.9684370160102844,1
5756,0,0.0022460001055151224,0
5757,1,0.9690020084381104,1
5758,1,0.9994800090789795,1
5759,1,0.9920499920845032,1
5760,0,0.01217699982225895,0
5761,0,0.060805000364780426,0
5762,0,0.23791399598121643,0
5763,1,0.9935420155525208,1
5764,1,0.9241909980773926,1
5765,0,0.006903999950736761,0
5766,1,0.9817389845848083,1
5767,0,0.010107999667525291,0
5768,1,0.9985949993133545,1
5769,0,0.0265749990940094,0
5770,0,0.18050900101661682,0
5771,0,0.28924500942230225,0
5772,1,0.12094800174236298,0
5773,1,0.9935659766197205,1
5774,1,0.9021499752998352,1
5775,0,0.012612000107765198,0
5776,0,0.2506679892539978,0
5777,1,0.9899230003356934,1
5778,1,0.9877369999885559,1
5779,0,0.21653099358081818,0
5780,1,0.9960449934005737,1
5781,1,0.999763011932373,1
5782,1,0.9984779953956604,1
5783,0,0.06568899750709534,0
5784,0,0.05921800062060356,0
5785,0,0.023621000349521637,0
5786,1,0.9964020252227783,1
5787,1,0.9931809902191162,1
5788,0,0.28697100281715393,0
5789,0,0.021452000364661217,0
5790,0,0.05828800052404404,0
5791,1,0.9814140200614929,1
5792,0,0.026138000190258026,0
5793,1,0.9541140198707581,1
5794,0,0.13740700483322144,0
5795,0,0.03079400025308132,0
5796,1,0.6966729760169983,1
5797,1,0.9979360103607178,1
5798,1,0.8236870169639587,1
5799,0,0.009593999944627285,0
5800,1,0.995576024055481,1
5801,1,0.9997869729995728,1
5802,0,0.01128000020980835,0
5803,1,0.9915459752082825,1
5804,1,0.9984490275382996,1
5805,0,0.0024190000258386135,0
5806,1,0.9322239756584167,1
5807,0,0.09905199706554413,0
5808,1,0.9996299743652344,1
5809,1,0.9740560054779053,1
5810,1,0.9889919757843018,1
5811,1,0.9988170266151428,1
5812,1,0.9813879728317261,1
5813,1,0.9838780164718628,1
5814,1,0.9872779846191406,1
5815,1,0.9992460012435913,1
5816,0,0.005187999922782183,0
5817,0,0.030551999807357788,0
5818,0,0.8948450088500977,1
5819,0,0.2697390019893646,0
5820,1,0.9304699897766113,1
5821,0,0.008634000085294247,0
5822,1,0.9999560117721558,1
5823,1,0.6599109768867493,1
5824,1,0.9816809892654419,1
5825,1,0.4588949978351593,0
5826,0,0.005890999920666218,0
5827,0,0.0002010000025620684,0
5828,0,0.004118000157177448,0
5829,1,0.9566190242767334,1
5830,1,0.9506769776344299,1
5831,1,0.9639449715614319,1
5832,1,1.0,1
5833,0,0.07390999794006348,0
5834,0,0.13175299763679504,0
5835,1,0.9984509944915771,1
5836,1,0.9233800172805786,1
5837,0,0.09341999888420105,0
5838,0,0.0022499999031424522,0
5839,1,0.8893899917602539,1
5840,0,0.9655539989471436,1
5841,0,0.002193999942392111,0
5842,0,0.0017040000529959798,0
5843,1,0.8761090040206909,1
5844,1,0.9938420057296753,1
5845,1,0.9953410029411316,1
5846,1,0.9447259902954102,1
5847,0,0.2381179928779602,0
5848,0,0.154449000954628,0
5849,1,0.9963099956512451,1
5850,0,0.004089999943971634,0
5851,0,0.4125399887561798,0
5852,1,0.9999639987945557,1
5853,0,0.0005970000056549907,0
5854,1,0.9829480051994324,1
5855,1,0.9080939888954163,1
5856,0,0.993474006652832,1
5857,0,0.08767600357532501,0
5858,0,0.36347201466560364,0
5859,0,0.00975400023162365,0
5860,1,0.9486089944839478,1
5861,0,0.00010699999984353781,0
5862,1,0.06426200270652771,0
5863,1,0.9921749830245972,1
5864,0,0.015488999895751476,0
5865,1,0.9983839988708496,1
5866,0,0.024632999673485756,0
5867,1,0.893638014793396,1
5868,1,0.997111976146698,1
5869,0,0.0712750032544136,0
5870,1,0.9689549803733826,1
5871,0,0.1081250011920929,0
5872,1,0.9993780255317688,1
5873,0,0.19154199957847595,0
5874,1,0.9386129975318909,1
5875,1,0.28698399662971497,0
5876,1,0.9990000128746033,1
5877,1,0.9565330147743225,1
5878,1,0.9997609853744507,1
5879,1,0.9965909719467163,1
5880,0,0.001259000040590763,0
5881,1,0.052997998893260956,0
5882,1,0.09242600202560425,0
5883,0,0.05601600185036659,0
5884,0,0.0832199975848198,0
5885,1,0.8408910036087036,1
5886,0,0.40113699436187744,0
5887,0,0.0019180000526830554,0
5888,1,0.9866960048675537,1
5889,1,0.9999380111694336,1
5890,1,0.9053369760513306,1
5891,0,0.013416999951004982,0
5892,1,0.9794759750366211,1
5893,0,0.04851999878883362,0
5894,1,0.99127197265625,1
5895,0,0.08899100124835968,0
5896,0,0.011861000210046768,0
5897,1,0.9989150166511536,1
5898,0,0.053560998290777206,0
5899,0,0.013756000436842442,0
5900,0,0.017193999141454697,0
5901,0,0.04379099979996681,0
5902,1,0.9581310153007507,1
5903,1,0.22891099750995636,0
5904,1,0.9625030159950256,1
5905,1,0.9973329901695251,1
5906,0,0.025874000042676926,0
5907,0,0.9825779795646667,1
5908,1,0.9474989771842957,1
5909,1,0.9974480271339417,1
5910,1,0.9946460127830505,1
5911,1,0.9987300038337708,1
5912,1,0.99965500831604,1
5913,1,0.9987429976463318,1
5914,1,0.9792259931564331,1
5915,1,0.9712100028991699,1
5916,1,0.2626050114631653,0
5917,1,0.9366250038146973,1
5918,1,0.9427000284194946,1
5919,1,0.977262020111084,1
5920,1,0.9882180094718933,1
5921,0,0.015376999974250793,0
5922,0,0.004910999909043312,0
5923,1,0.9904199838638306,1
5924,1,0.9962689876556396,1
5925,1,0.871986985206604,1
5926,1,0.9997749924659729,1
5927,0,0.003361999988555908,0
5928,1,0.8536419868469238,1
5929,0,0.012954999692738056,0
5930,1,0.9669809937477112,1
5931,0,0.20430399477481842,0
5932,0,0.0011050000321120024,0
5933,0,0.003160000080242753,0
5934,0,0.023288000375032425,0
5935,1,0.16667500138282776,0
5936,1,0.3713969886302948,0
5937,1,0.9211699962615967,1
5938,1,0.9869890213012695,1
5939,1,0.9285150170326233,1
5940,1,0.9982330203056335,1
5941,0,0.004668000154197216,0
5942,1,0.9646170139312744,1
5943,0,0.12995900213718414,0
5944,0,0.2095949947834015,0
5945,1,0.5614870190620422,1
5946,1,0.9910299777984619,1
5947,0,0.06497500091791153,0
5948,0,0.011429999954998493,0
5949,0,0.002355000004172325,0
5950,1,0.9845579862594604,1
5951,0,0.023284999653697014,0
5952,0,0.021313000470399857,0
5953,0,0.0002640000020619482,0
5954,1,0.029827000573277473,0
5955,1,0.967805027961731,1
5956,1,0.48840001225471497,0
5957,0,0.0206339992582798,0
5958,1,0.9863409996032715,1
5959,1,0.9998260140419006,1
5960,0,0.025700999423861504,0
5961,0,0.022569000720977783,0
5962,0,0.05754600092768669,0
5963,0,0.019461000338196754,0
5964,1,0.5559700131416321,1
5965,0,0.009630000218749046,0
5966,0,0.3409239947795868,0
5967,1,0.9026150107383728,1
5968,0,0.0035600000992417336,0
5969,0,0.5165380239486694,1
5970,0,0.006403000093996525,0
5971,1,0.9993669986724854,1
5972,0,0.02121499925851822,0
5973,0,0.04785599932074547,0
5974,0,0.01633800007402897,0
5975,1,0.09894400089979172,0
5976,0,0.002827000105753541,0
5977,1,0.9823899865150452,1
5978,1,0.9879310131072998,1
5979,0,0.00036299999919719994,0
5980,1,0.967805027961731,1
5981,1,0.8948919773101807,1
5982,1,0.9235720038414001,1
5983,0,0.05291200056672096,0
5984,0,0.16520099341869354,0
5985,0,0.06748399883508682,0
5986,0,0.00014099999680183828,0
5987,1,0.5858479738235474,1
5988,1,0.26713600754737854,0
5989,1,0.5904039740562439,1
5990,1,0.9999489784240723,1
5991,0,0.004360999912023544,0
5992,1,0.8580160140991211,1
5993,1,0.42864200472831726,0
5994,1,0.8111010193824768,1
5995,1,0.9286199808120728,1
5996,1,0.9618020057678223,1
5997,1,0.8017899990081787,1
5998,0,0.010840999893844128,0
5999,1,0.9984480142593384,1
6000,0,0.000661000027321279,0
6001,1,0.9882519841194153,1
6002,0,0.08858499675989151,0
6003,1,0.9835789799690247,1
6004,1,0.8068900108337402,1
6005,0,0.11529500037431717,0
6006,0,0.001744000008329749,0
6007,0,0.24439799785614014,0
6008,0,0.09549099951982498,0
6009,1,0.9838830232620239,1
6010,1,0.9086700081825256,1
6011,0,0.0022929999977350235,0
6012,1,0.9785730242729187,1
6013,0,0.08978600054979324,0
6014,1,0.32677599787712097,0
6015,1,0.9997410178184509,1
6016,0,0.7723720073699951,1
6017,0,0.0808660015463829,0
6018,0,0.1744229942560196,0
6019,0,0.044140998274087906,0
6020,1,0.8883209824562073,1
6021,1,0.9672060012817383,1
6022,0,0.030489999800920486,0
6023,0,0.08604100346565247,0
6024,1,0.9969900250434875,1
6025,1,0.975121021270752,1
6026,0,0.015960000455379486,0
6027,1,0.9703180193901062,1
6028,1,0.9426119923591614,1
6029,1,0.05420500040054321,0
6030,1,0.9989709854125977,1
6031,0,0.25568100810050964,0
6032,0,0.010104999877512455,0
6033,1,0.8677549958229065,1
6034,1,0.993228018283844,1
6035,0,0.08666999638080597,0
6036,0,0.06890200078487396,0
6037,1,0.10807400196790695,0
6038,1,0.9958860278129578,1
6039,0,0.0001289999927394092,0
6040,0,0.3338319957256317,0
6041,0,0.034814998507499695,0
6042,1,0.9977239966392517,1
6043,0,0.00367600005120039,0
6044,0,0.06445399671792984,0
6045,1,0.9543190002441406,1
6046,1,0.9300050139427185,1
6047,1,0.9983699917793274,1
6048,0,0.031408000737428665,0
6049,0,0.0016840000171214342,0
6050,1,0.9868940114974976,1
6051,1,0.7563480138778687,1
6052,0,0.004650999791920185,0
6053,0,0.002742999931797385,0
6054,0,0.0005089999758638442,0
6055,1,0.12317600101232529,0
6056,1,0.9961749911308289,1
6057,1,0.6174769997596741,1
6058,1,0.9884179830551147,1
6059,1,0.8712810277938843,1
6060,0,0.27729400992393494,0
6061,0,0.000526999996509403,0
6062,0,0.013123000040650368,0
6063,0,0.14705300331115723,0
6064,0,0.020746000111103058,0
6065,0,0.007439000066369772,0
6066,0,0.04768599942326546,0
6067,0,0.2670130133628845,0
6068,0,0.07941699773073196,0
6069,0,0.0006430000066757202,0
6070,0,0.5999090075492859,1
6071,1,0.9012799859046936,1
6072,0,0.005888999905437231,0
6073,1,0.5383840203285217,1
6074,0,0.02860400080680847,0
6075,0,0.004298000130802393,0
6076,0,0.058726001530885696,0
6077,1,0.9886850118637085,1
6078,0,0.0073739998042583466,0
6079,1,0.925678014755249,1
6080,0,0.0029690000228583813,0
6081,1,0.9648619890213013,1
6082,1,0.6986150145530701,1
6083,1,0.993054986000061,1
6084,0,0.11264800280332565,0
6085,0,0.026277000084519386,0
6086,1,0.7781450152397156,1
6087,0,0.0010229999898001552,0
6088,0,0.00608400022611022,0
6089,1,0.9362509846687317,1
6090,1,0.9922500252723694,1
6091,1,0.9456779956817627,1
6092,1,0.9980610013008118,1
6093,0,0.7022650241851807,1
6094,1,0.9934390187263489,1
6095,0,0.1708730012178421,0
6096,0,0.11298400163650513,0
6097,1,0.9995359778404236,1
6098,1,0.9999780058860779,1
6099,0,0.004443999845534563,0
6100,1,0.9917790293693542,1
6101,1,0.8527389764785767,1
6102,1,0.9996110200881958,1
6103,1,0.6187099814414978,1
6104,1,0.9889299869537354,1
6105,1,0.9871990084648132,1
6106,1,0.9990280270576477,1
6107,1,0.9887400269508362,1
6108,1,0.9976249933242798,1
6109,1,0.9068220257759094,1
6110,0,0.0034990001004189253,0
6111,0,0.020155999809503555,0
6112,0,0.0026140001136809587,0
6113,1,1.0,1
6114,1,0.986657977104187,1
6115,1,0.9942839741706848,1
6116,1,0.8819540143013,1
6117,1,0.9997919797897339,1
6118,0,0.4881170094013214,0
6119,1,0.5607439875602722,1
6120,0,0.016947999596595764,0
6121,1,0.499550998210907,0
6122,0,0.03564799949526787,0
6123,0,0.001740999985486269,0
6124,1,0.9602710008621216,1
6125,1,0.9529500007629395,1
6126,0,0.9737200140953064,1
6127,1,0.9815059900283813,1
6128,0,0.07427500188350677,0
6129,0,0.01652500033378601,0
6130,0,0.15982100367546082,0
6131,0,0.18103699386119843,0
6132,1,0.9967600107192993,1
6133,0,0.0005319999763742089,0
6134,0,0.01283199992030859,0
6135,0,0.04772699996829033,0
6136,1,0.9769489765167236,1
6137,0,0.006527999881654978,0
6138,0,0.00786499958485365,0
6139,0,0.17973999679088593,0
6140,1,0.9887400269508362,1
6141,1,0.9734640121459961,1
6142,1,0.9179459810256958,1
6143,0,0.03147700056433678,0
6144,1,0.9540519714355469,1
6145,1,0.9453840255737305,1
6146,1,0.9970359802246094,1
6147,1,0.9802219867706299,1
6148,0,0.0037670000456273556,0
6149,1,0.9010559916496277,1
6150,0,0.04902699962258339,0
6151,0,0.12534700334072113,0
6152,0,0.04400499910116196,0
6153,0,3.9999998989515007e-05,0
6154,0,0.00016399999731220305,0
6155,0,0.10346700251102448,0
6156,0,0.0027129999361932278,0
6157,1,0.878699004650116,1
6158,0,0.011392000131309032,0
6159,1,0.9920570254325867,1
6160,0,0.022474000230431557,0
6161,0,0.013092000037431717,0
6162,1,0.9828140139579773,1
6163,1,1.0,1
6164,0,0.010692000389099121,0
6165,0,0.008117999881505966,0
6166,1,0.7172899842262268,1
6167,0,0.21292899549007416,0
6168,0,0.003911000210791826,0
6169,0,0.02300499938428402,0
6170,1,0.9999510049819946,1
6171,0,0.015331000089645386,0
6172,0,0.03514799848198891,0
6173,0,0.03391600027680397,0
6174,1,0.9993849992752075,1
6175,1,0.5303429961204529,1
6176,0,0.1077990010380745,0
6177,1,0.9641209840774536,1
6178,0,0.11070399731397629,0
6179,0,0.007389000151306391,0
6180,0,0.04100700095295906,0
6181,0,0.3959279954433441,0
6182,0,0.5313630104064941,1
6183,0,0.0017399999778717756,0
6184,0,0.044158000499010086,0
6185,1,0.9536769986152649,1
6186,0,0.042945001274347305,0
6187,0,0.006192000117152929,0
6188,0,0.024385999888181686,0
6189,1,0.9941920042037964,1
6190,1,0.9713990092277527,1
6191,1,0.9014840126037598,1
6192,0,0.08734100311994553,0
6193,1,0.9961910247802734,1
6194,1,0.9867900013923645,1
6195,1,0.9994519948959351,1
6196,0,0.013744000345468521,0
6197,1,0.9903630018234253,1
6198,1,0.3174870014190674,0
6199,0,0.1082409992814064,0
6200,1,0.9849590063095093,1
6201,1,0.9744459986686707,1
6202,0,0.09884200245141983,0
6203,1,0.008675999939441681,0
6204,0,0.04550100117921829,0
6205,0,0.0009869999485090375,0
6206,0,0.02526799961924553,0
6207,1,0.40522500872612,0
6208,0,0.0017979999538511038,0
6209,1,0.9808989763259888,1
6210,0,0.013906000182032585,0
6211,1,0.9749460220336914,1
6212,1,0.9899479746818542,1
6213,0,0.41596201062202454,0
6214,0,0.5564600229263306,1
6215,1,0.9927690029144287,1
6216,0,0.017959000542759895,0
6217,0,0.7396429777145386,1
6218,1,0.9999979734420776,1
6219,0,0.005361999850720167,0
6220,1,0.9560920000076294,1
6221,1,0.8545389771461487,1
6222,1,0.9993559718132019,1
6223,1,0.9998390078544617,1
6224,1,0.511476993560791,1
6225,0,0.5128129720687866,1
6226,0,0.015065999701619148,0
6227,0,0.013249999843537807,0
6228,1,0.09107799828052521,0
6229,0,0.011427000164985657,0
6230,0,0.011919000186026096,0
6231,0,0.009235999546945095,0
6232,1,0.9978579878807068,1
6233,0,0.21117399632930756,0
6234,1,0.6808410286903381,1
6235,1,0.9998700022697449,1
6236,0,0.0011390000581741333,0
6237,0,0.03181999921798706,0
6238,0,0.22854599356651306,0
6239,0,0.18128900229930878,0
6240,1,0.9113730192184448,1
6241,1,0.9910740256309509,1
6242,1,0.9999790191650391,1
6243,0,0.20106899738311768,0
6244,0,3.9999998989515007e-05,0
6245,0,0.005384000018239021,0
6246,0,0.032597001641988754,0
6247,1,0.990818977355957,1
6248,0,0.0020089999306946993,0
6249,0,0.009479999542236328,0
6250,0,0.09534700214862823,0
6251,1,0.9753419756889343,1
6252,1,0.5675489902496338,1
6253,1,0.9737439751625061,1
6254,1,0.3356809914112091,0
6255,1,0.23362800478935242,0
6256,0,0.44743698835372925,0
6257,1,0.9977179765701294,1
6258,1,0.9756889939308167,1
6259,1,0.7206900119781494,1
6260,1,0.9927099943161011,1
6261,0,0.06459899991750717,0
6262,1,0.999904990196228,1
6263,0,0.962664008140564,1
6264,0,0.0028880001045763493,0
6265,1,0.9999949932098389,1
6266,1,0.8840939998626709,1
6267,0,0.04293999820947647,0
6268,1,0.6301130056381226,1
6269,0,0.9353870153427124,1
6270,1,0.9036120176315308,1
6271,1,0.547648012638092,1
6272,1,0.9941830039024353,1
6273,1,0.9983199834823608,1
6274,1,0.6942690014839172,1
6275,1,0.9931139945983887,1
6276,1,0.9972419738769531,1
6277,1,0.9998189806938171,1
6278,1,0.991795003414154,1
6279,0,0.025022000074386597,0
6280,0,0.17081299424171448,0
6281,1,0.997310996055603,1
6282,1,0.6662539839744568,1
6283,1,0.999422013759613,1
6284,0,0.06937800347805023,0
6285,1,0.9812359809875488,1
6286,1,0.9987130165100098,1
6287,0,0.046592000871896744,0
6288,0,0.1273459941148758,0
6289,0,0.05751600116491318,0
6290,0,0.0011530000483617187,0
6291,0,0.0470380000770092,0
6292,0,0.0541669987142086,0
6293,1,0.36049801111221313,0
6294,0,0.2872680127620697,0
6295,0,0.0003319999959785491,0
6296,0,0.0037879999727010727,0
6297,1,0.06330300122499466,0
6298,0,0.0021510000806301832,0
6299,0,0.9439120292663574,1
6300,0,0.19850699603557587,0
6301,1,0.9966790080070496,1
6302,1,0.6603580117225647,1
6303,1,0.9966899752616882,1
6304,1,0.33884701132774353,0
6305,0,0.015017000027000904,0
6306,1,0.851373016834259,1
6307,1,0.5973929762840271,1
6308,1,1.0,1
6309,1,0.41624200344085693,0
6310,1,0.9609900116920471,1
6311,1,0.9906389713287354,1
6312,0,0.824662983417511,1
6313,1,0.3036240041255951,0
6314,1,0.9923149943351746,1
6315,1,0.9983940124511719,1
6316,0,0.05081300064921379,0
6317,1,0.8481829762458801,1
6318,0,0.5923219919204712,1
6319,1,0.9792749881744385,1
6320,0,0.750220000743866,1
6321,0,0.019646000117063522,0
6322,0,0.0030040000565350056,0
6323,1,0.8029209971427917,1
6324,0,0.028171999379992485,0
6325,1,0.7833399772644043,1
6326,1,0.9991599917411804,1
6327,1,0.9999939799308777,1
6328,0,0.016102999448776245,0
6329,0,0.18283000588417053,0
6330,0,0.0501209981739521,0
6331,0,0.1301479935646057,0
6332,1,0.9999970197677612,1
6333,1,0.9770020246505737,1
6334,0,0.03356499969959259,0
6335,1,0.9861519932746887,1
6336,0,0.002148000057786703,0
6337,0,0.025932999327778816,0
6338,0,0.013868999667465687,0
6339,0,0.025887999683618546,0
6340,0,0.017582999542355537,0
6341,1,0.9982540011405945,1
6342,1,0.8696650266647339,1
6343,0,0.12954400479793549,0
6344,0,0.013500000350177288,0
6345,0,0.5941839814186096,1
6346,0,0.0028329999186098576,0
6347,1,0.9995610117912292,1
6348,1,0.9235309958457947,1
6349,1,0.9042959809303284,1
6350,0,0.03707300126552582,0
6351,1,0.9394469857215881,1
6352,1,0.7790459990501404,1
6353,1,0.9999939799308777,1
6354,1,0.9648489952087402,1
6355,0,0.0028379999566823244,0
6356,0,0.010972999967634678,0
6357,1,0.4917300045490265,0
6358,0,0.004288999829441309,0
6359,1,0.02789900079369545,0
6360,0,0.026861999183893204,0
6361,0,0.023879000917077065,0
6362,1,0.2970069944858551,0
6363,0,0.005747999995946884,0
6364,0,0.039167001843452454,0
6365,0,0.0031369999051094055,0
6366,0,0.49174201488494873,0
6367,0,0.007089999970048666,0
6368,0,0.05858299881219864,0
6369,0,0.03474700078368187,0
6370,1,0.9379270076751709,1
6371,1,0.9769530296325684,1
6372,1,0.970304012298584,1
6373,1,0.9531689882278442,1
6374,1,0.9993789792060852,1
6375,1,0.8299999833106995,1
6376,0,0.018350999802350998,0
6377,0,0.014407999813556671,0
6378,0,0.03641499951481819,0
6379,0,0.0016850000247359276,0
6380,1,0.4476419985294342,0
6381,0,0.07304300367832184,0
6382,0,0.045166000723838806,0
6383,0,0.046904999762773514,0
6384,1,0.9367039799690247,1
6385,1,0.9856730103492737,1
6386,1,0.9717109799385071,1
6387,0,0.06623099744319916,0
6388,1,0.9849539995193481,1
6389,1,0.3022899925708771,0
6390,0,0.1846649944782257,0
6391,1,0.9850199818611145,1
6392,0,0.026698000729084015,0
6393,0,0.06259900331497192,0
6394,0,0.002885000081732869,0
6395,0,0.0022509999107569456,0
6396,1,0.9039009809494019,1
6397,0,0.592087984085083,1
6398,0,0.001155999954789877,0
6399,1,0.9575759768486023,1
6400,0,0.0006820000126026571,0
6401,1,0.9990410208702087,1
6402,1,0.2395389974117279,0
6403,0,0.00031800000579096377,0
6404,1,0.9980829954147339,1
6405,1,0.9973459839820862,1
6406,1,0.17987099289894104,0
6407,1,0.9232320189476013,1
6408,1,0.7109220027923584,1
6409,0,0.00013299999409355223,0
6410,1,0.903768002986908,1
6411,1,0.9848750233650208,1
6412,0,0.015925999730825424,0
6413,0,0.007420999929308891,0
6414,0,0.020176000893115997,0
6415,1,0.9769889712333679,1
6416,0,0.637910008430481,1
6417,0,0.5320810079574585,1
6418,0,0.0022730000782757998,0
6419,0,0.004639000166207552,0
6420,0,0.0077390000224113464,0
6421,0,0.0011680000461637974,0
6422,0,0.027326999232172966,0
6423,0,0.02934800088405609,0
6424,0,0.0500200018286705,0
6425,0,0.004728999920189381,0
6426,1,0.5691379904747009,1
6427,1,0.8360040187835693,1
6428,0,0.09875400364398956,0
6429,1,0.9994940161705017,1
6430,1,0.9999899864196777,1
6431,0,0.0005050000036135316,0
6432,0,0.7363970279693604,1
6433,1,0.9999979734420776,1
6434,1,0.7931309938430786,1
6435,0,0.22125700116157532,0
6436,1,0.8824309706687927,1
6437,0,0.01779799908399582,0
6438,1,0.9912269711494446,1
6439,0,0.0029140000697225332,0
6440,0,0.0314130000770092,0
6441,1,0.895829975605011,1
6442,1,0.9831290245056152,1
6443,0,0.013976000249385834,0
6444,0,0.14634299278259277,0
6445,0,0.04632499814033508,0
6446,1,0.9990000128746033,1
6447,0,0.11270599812269211,0
6448,1,0.9994990229606628,1
6449,0,0.014197000302374363,0
6450,1,0.9071980118751526,1
6451,0,0.008554000407457352,0
6452,0,0.0670280009508133,0
6453,0,0.012086000293493271,0
6454,0,0.08465699851512909,0
6455,0,0.0032659999560564756,0
6456,0,0.0031129999551922083,0
6457,0,0.20377300679683685,0
6458,0,0.008527000434696674,0
6459,1,0.9060559868812561,1
6460,1,0.5877580046653748,1
6461,0,0.5089840292930603,1
6462,0,0.014581000432372093,0
6463,0,0.018949000164866447,0
6464,1,0.9987959861755371,1
6465,1,0.7166839838027954,1
6466,0,0.00880999956279993,0
6467,0,0.011381000280380249,0
6468,0,0.000990999978967011,0
6469,1,0.9978320002555847,1
6470,0,0.24726100265979767,0
6471,0,0.0039610001258552074,0
6472,1,0.9985569715499878,1
6473,1,0.9867579936981201,1
6474,0,0.03129100054502487,0
6475,0,0.14431999623775482,0
6476,1,0.6502919793128967,1
6477,0,0.0005230000242590904,0
6478,1,0.9247199892997742,1
6479,0,0.5601170063018799,1
6480,1,0.9989590048789978,1
6481,0,0.015925999730825424,0
6482,1,0.5028740167617798,1
6483,0,0.02144099958240986,0
6484,0,0.2772130072116852,0
6485,0,0.0018159999744966626,0
6486,0,0.023700999096035957,0
6487,0,0.0013689999468624592,0
6488,1,0.9943519830703735,1
6489,0,0.004666000138968229,0
6490,1,0.8630239963531494,1
6491,1,0.9813060164451599,1
6492,0,0.047947000712156296,0
6493,0,0.0002749999985098839,0
6494,0,0.08173199743032455,0
6495,0,0.006142000202089548,0
6496,0,0.02398199960589409,0
6497,0,0.0035459999926388264,0
6498,1,0.9960759878158569,1
6499,0,0.0439939983189106,0
6500,0,0.012775000184774399,0
6501,1,0.8229460120201111,1
6502,1,0.9621180295944214,1
6503,1,0.954433023929596,1
6504,0,0.0430929996073246,0
6505,0,0.004370999988168478,0
6506,1,0.997452974319458,1
6507,0,0.017386000603437424,0
6508,0,0.01464799977838993,0
6509,1,0.9942430257797241,1
6510,0,0.3261840045452118,0
6511,1,0.995576024055481,1
6512,1,0.9787660241127014,1
6513,1,0.9035519957542419,1
6514,0,0.9316279888153076,1
6515,1,0.9513109922409058,1
6516,0,0.22985099256038666,0
6517,1,0.9998679757118225,1
6518,0,0.07270099967718124,0
6519,1,0.9991970062255859,1
6520,1,0.9572479724884033,1
6521,1,0.6111369729042053,1
6522,1,0.999085009098053,1
6523,0,0.1940550059080124,0
6524,0,0.0051380000077188015,0
6525,0,0.03096099942922592,0
6526,1,0.994521975517273,1
6527,1,0.9525139927864075,1
6528,1,0.999584972858429,1
6529,1,0.9725919961929321,1
6530,0,0.02651900053024292,0
6531,0,0.017295999452471733,0
6532,1,0.9997050166130066,1
6533,0,0.06512299925088882,0
6534,0,0.1436450034379959,0
6535,1,0.9608500003814697,1
6536,1,0.9999939799308777,1
6537,0,0.338793009519577,0
6538,1,0.944445013999939,1
6539,1,0.9803169965744019,1
6540,0,0.0051750000566244125,0
6541,1,0.9933450222015381,1
6542,1,0.773622989654541,1
6543,1,0.9983260035514832,1
6544,1,0.9548270106315613,1
6545,1,0.9858869910240173,1
6546,0,0.007548999972641468,0
6547,1,0.9999650120735168,1
6548,0,0.0026499999221414328,0
6549,0,0.04824100062251091,0
6550,0,0.03231000155210495,0
6551,1,0.9994059801101685,1
6552,0,0.15306200087070465,0
6553,0,0.03302599862217903,0
6554,0,0.00031800000579096377,0
6555,1,0.8675169944763184,1
6556,1,0.969543993473053,1
6557,0,0.20351800322532654,0
6558,1,0.9791719913482666,1
6559,0,0.004021000117063522,0
6560,0,0.18762999773025513,0
6561,0,0.005745999980717897,0
6562,0,3.9999998989515007e-05,0
6563,0,0.14235499501228333,0
6564,1,0.9275299906730652,1
6565,1,0.16539600491523743,0
6566,0,0.03539000079035759,0
6567,0,0.007565999869257212,0
6568,1,0.997963011264801,1
6569,1,0.8245390057563782,1
6570,0,0.0024560000747442245,0
6571,1,0.994940996170044,1
6572,0,0.014791999943554401,0
6573,1,0.9996910095214844,1
6574,0,0.45626699924468994,0
6575,0,0.21568100154399872,0
6576,1,0.9993119835853577,1
6577,1,0.3244430124759674,0
6578,0,0.35053199529647827,0
6579,1,0.971265971660614,1
6580,0,0.0033130000811070204,0
6581,1,0.9885349869728088,1
6582,1,0.9717540144920349,1
6583,0,0.00019799999427050352,0
6584,0,0.864175021648407,1
6585,1,0.743565022945404,1
6586,1,0.8949559926986694,1
6587,0,0.011540999636054039,0
6588,0,0.007120000198483467,0
6589,1,0.8592699766159058,1
6590,0,0.0028860000893473625,0
6591,1,0.9025139808654785,1
6592,0,0.0007379999733529985,0
6593,0,0.016062000766396523,0
6594,0,0.04137900099158287,0
6595,0,0.03884999826550484,0
6596,1,0.9750949740409851,1
6597,0,0.15582600235939026,0
6598,0,0.0721530020236969,0
6599,0,0.04886699840426445,0
6600,0,0.19962699711322784,0
6601,0,0.03608199954032898,0
6602,1,0.5629109740257263,1
6603,1,0.7132920026779175,1
6604,0,0.0015269999857991934,0
6605,1,0.4109340012073517,0
6606,1,0.9983180165290833,1
6607,1,0.9623519778251648,1
6608,0,0.0010430000256747007,0
6609,0,0.17816199362277985,0
6610,0,0.007329000160098076,0
6611,1,0.8377959728240967,1
6612,0,0.003510999958962202,0
6613,0,0.03743800148367882,0
6614,0,0.004459000192582607,0
6615,1,0.9869170188903809,1
6616,1,0.9724040031433105,1
6617,1,0.937608003616333,1
6618,0,0.00407300004735589,0
6619,0,0.04781100153923035,0
6620,0,0.2807280123233795,0
6621,0,0.06964699923992157,0
6622,0,0.014522000215947628,0
6623,0,0.001256000017747283,0
6624,0,0.055748000741004944,0
6625,1,0.9992830157279968,1
6626,1,0.7468600273132324,1
6627,0,6.500000017695129e-05,0
6628,0,0.9281250238418579,1
6629,1,0.4842120110988617,0
6630,1,0.9327009916305542,1
6631,0,0.017347000539302826,0
6632,0,0.4649679958820343,0
6633,1,0.9894639849662781,1
6634,0,0.10782600194215775,0
6635,1,0.9846060276031494,1
6636,0,0.0002229999954579398,0
6637,0,0.05321799963712692,0
6638,1,0.9443609714508057,1
6639,0,0.012628000229597092,0
6640,0,0.006411000154912472,0
6641,1,0.043032001703977585,0
6642,0,0.007075000088661909,0
6643,1,0.062431998550891876,0
6644,1,0.9795389771461487,1
6645,0,0.41516199707984924,0
6646,0,0.12164200097322464,0
6647,0,0.0003110000106971711,0
6648,0,0.026913000270724297,0
6649,1,0.9883700013160706,1
6650,0,0.023144999518990517,0
6651,1,0.7563769817352295,1
6652,1,0.997277021408081,1
6653,0,0.004399999976158142,0
6654,0,0.3125399947166443,0
6655,0,0.015798000618815422,0
6656,0,0.0020119999535381794,0
6657,1,0.9323869943618774,1
6658,1,0.732778012752533,1
6659,1,0.8203619718551636,1
6660,1,0.8505799770355225,1
6661,1,0.9998869895935059,1
6662,1,0.9986540079116821,1
6663,1,0.9997239708900452,1
6664,1,0.9794420003890991,1
6665,1,0.9862890243530273,1
6666,0,0.014937000349164009,0
6667,0,0.3574340045452118,0
6668,0,0.13127200305461884,0
6669,1,0.7992870211601257,1
6670,0,0.010168000124394894,0
6671,0,0.002693000016734004,0
6672,1,0.9999840259552002,1
6673,0,0.0837400034070015,0
6674,0,0.002859999891370535,0
6675,1,0.8493679761886597,1
6676,0,0.000610999995842576,0
6677,0,0.09322900325059891,0
6678,1,0.9947080016136169,1
6679,0,0.0035910001024603844,0
6680,1,0.9911230206489563,1
6681,0,0.003576999995857477,0
6682,0,0.0018060000147670507,0
6683,1,0.9518370032310486,1
6684,0,0.01828400045633316,0
6685,0,0.0755700021982193,0
6686,0,3.7999998312443495e-05,0
6687,0,0.0005559999844990671,0
6688,0,0.0023640000727027655,0
6689,1,0.9179180264472961,1
6690,0,0.004567000083625317,0
6691,0,0.4283599853515625,0
6692,0,0.3305799961090088,0
6693,0,0.030276000499725342,0
6694,0,0.0037269999738782644,0
6695,1,0.9848020076751709,1
6696,0,0.004102000035345554,0
6697,0,0.01868700049817562,0
6698,1,0.9703230261802673,1
6699,1,0.9869549870491028,1
6700,1,0.6231200098991394,1
6701,0,0.06714800000190735,0
6702,0,0.11914999783039093,0
6703,1,0.9369339942932129,1
6704,1,0.28205999732017517,0
6705,1,0.7799090147018433,1
6706,0,0.7920339703559875,1
6707,1,0.9995920062065125,1
6708,0,0.02562600001692772,0
6709,1,0.993569016456604,1
6710,1,0.9999619722366333,1
6711,1,0.9978410005569458,1
6712,1,0.9406539797782898,1
6713,1,0.993340015411377,1
6714,0,0.0001230000052601099,0
6715,0,0.8850039839744568,1
6716,0,0.012237000279128551,0
6717,1,0.9799749851226807,1
6718,1,0.9968349933624268,1
6719,0,0.02433199994266033,0
6720,0,0.0006309999735094607,0
6721,1,0.9915180206298828,1
6722,0,0.0008679999737069011,0
6723,1,0.9926120042800903,1
6724,0,0.0958079993724823,0
6725,1,0.9996569752693176,1
6726,1,0.49663299322128296,0
6727,0,0.100662000477314,0
6728,0,0.01580899953842163,0
6729,1,0.9977449774742126,1
6730,1,0.9999600052833557,1
6731,1,0.9950159788131714,1
6732,1,0.9999139904975891,1
6733,1,0.9992899894714355,1
6734,1,0.8516259789466858,1
6735,1,0.009802999906241894,0
6736,0,0.6393269896507263,1
6737,1,0.9336090087890625,1
6738,0,1.5999999959603883e-05,0
6739,0,0.02731199935078621,0
6740,1,0.09336599707603455,0
6741,1,0.9678919911384583,1
6742,1,0.6999319791793823,1
6743,1,0.9992250204086304,1
6744,0,0.02413100004196167,0
6745,0,0.00047599998652003706,0
6746,0,0.0104179996997118,0
6747,0,0.04602700099349022,0
6748,1,0.8216170072555542,1
6749,1,0.04886399954557419,0
6750,0,0.00949500035494566,0
6751,1,0.9999330043792725,1
6752,1,0.9822109937667847,1
6753,0,0.00018200000340584666,0
6754,1,0.9592580199241638,1
6755,0,0.013542000204324722,0
6756,0,0.13508599996566772,0
6757,1,0.9880809783935547,1
6758,0,0.0014659999869763851,0
6759,0,0.13509100675582886,0
6760,1,0.8668810129165649,1
6761,1,0.9935610294342041,1
6762,0,0.31692901253700256,0
6763,1,0.8762869834899902,1
6764,0,0.2728919982910156,0
6765,0,0.028195999562740326,0
6766,0,0.4580540060997009,0
6767,0,0.2680410146713257,0
6768,1,0.9883229732513428,1
6769,1,0.9723309874534607,1
6770,0,0.020277999341487885,0
6771,0,0.025544999167323112,0
6772,1,0.9998149871826172,1
6773,1,0.964821994304657,1
6774,1,0.9927610158920288,1
6775,0,0.4737919867038727,0
6776,0,0.02533699944615364,0
6777,1,0.9999979734420776,1
6778,0,0.08824200183153152,0
6779,1,0.8411579728126526,1
6780,1,0.746271014213562,1
6781,0,0.11040599644184113,0
6782,0,0.018929999321699142,0
6783,1,0.9835839867591858,1
6784,1,0.5375570058822632,1
6785,0,0.0287650004029274,0
6786,0,0.006858000066131353,0
6787,0,0.3280630111694336,0
6788,1,0.13639000058174133,0
6789,0,0.04902900010347366,0
6790,1,0.9809529781341553,1
6791,0,0.0021329999435693026,0
6792,0,0.00330700003542006,0
6793,1,0.9996860027313232,1
6794,0,0.0007350000087171793,0
6795,0,0.014299999922513962,0
6796,1,0.9746289849281311,1
6797,0,0.6023349761962891,1
6798,1,0.9755749702453613,1
6799,0,0.00737799983471632,0
6800,1,0.9981639981269836,1
6801,1,0.42153799533843994,0
6802,0,0.012807000428438187,0
6803,1,0.9355090260505676,1
6804,1,0.997937023639679,1
6805,1,0.9789450168609619,1
6806,1,0.9999819993972778,1
6807,0,0.03095499984920025,0
6808,1,0.23950499296188354,0
6809,1,0.5723050236701965,1
6810,1,0.9842169880867004,1
6811,0,0.07687799632549286,0
6812,1,0.8672069907188416,1
6813,0,0.03470199927687645,0
6814,0,0.22166399657726288,0
6815,1,0.9758859872817993,1
6816,0,0.3169260025024414,0
6817,1,0.994674026966095,1
6818,0,0.010207000188529491,0
6819,1,0.6890079975128174,1
6820,1,0.9986540079116821,1
6821,0,0.006409000139683485,0
6822,1,0.99652099609375,1
6823,0,0.1212339997291565,0
6824,1,0.9999970197677612,1
6825,1,0.9641749858856201,1
6826,1,0.9148280024528503,1
6827,0,0.03198299929499626,0
6828,0,0.00532800005748868,0
6829,1,0.9999600052833557,1
6830,0,0.015723999589681625,0
6831,0,0.03585800155997276,0
6832,1,0.9985430240631104,1
6833,1,0.9921200275421143,1
6834,1,0.9998329877853394,1
6835,1,0.9454820156097412,1
6836,1,0.9599660038948059,1
6837,0,0.6272090077400208,1
6838,1,0.9996600151062012,1
6839,1,0.984790027141571,1
6840,1,0.5163609981536865,1
6841,0,0.6506080031394958,1
6842,1,0.9919049739837646,1
6843,0,0.07008499652147293,0
6844,0,0.8815450072288513,1
6845,0,0.002836999949067831,0
6846,0,0.30644500255584717,0
6847,1,0.9445940256118774,1
6848,1,0.9858270287513733,1
6849,0,0.035905998200178146,0
6850,1,0.9826620221138,1
6851,0,0.0060270000249147415,0
6852,0,0.015211000107228756,0
6853,0,0.04478299990296364,0
6854,0,0.063680000603199,0
6855,0,0.002529999939724803,0
6856,1,0.09913299977779388,0
6857,1,0.9999979734420776,1
6858,0,0.264151006937027,0
6859,1,0.9657520055770874,1
6860,1,0.9860399961471558,1
6861,0,0.950626015663147,1
6862,0,0.0003650000144261867,0
6863,1,0.9999799728393555,1
6864,1,0.34556499123573303,0
6865,1,0.89410400390625,1
6866,1,0.9665380120277405,1
6867,1,0.9549509882926941,1
6868,1,0.9851089715957642,1
6869,1,0.950128972530365,1
6870,1,0.7087590098381042,1
6871,1,0.9999979734420776,1
6872,1,0.595408022403717,1
6873,0,0.04038200154900551,0
6874,0,0.0007670000195503235,0
6875,1,0.3940330147743225,0
6876,1,0.9671930074691772,1
6877,0,0.01839599944651127,0
6878,1,0.9346920251846313,1
6879,1,0.9946799874305725,1
6880,1,0.9863240122795105,1
6881,1,0.3044460117816925,0
6882,0,0.0036730000283569098,0
6883,0,0.050390999764204025,0
6884,0,0.0035379999317228794,0
6885,1,0.22229699790477753,0
6886,1,0.9999330043792725,1
6887,1,0.9969710111618042,1
6888,0,0.0627560019493103,0
6889,1,0.9128069877624512,1
6890,0,0.3644089996814728,0
6891,0,0.01881900057196617,0
6892,0,0.8317909836769104,1
6893,0,0.00022699999681208283,0
6894,0,0.06268800050020218,0
6895,0,0.8583449721336365,1
6896,1,0.9287859797477722,1
6897,1,0.13135899603366852,0
6898,0,0.0011680000461637974,0
6899,1,0.8010740280151367,1
6900,0,0.01131999958306551,0
6901,1,0.9960309863090515,1
6902,0,0.015263999812304974,0
6903,0,0.31995299458503723,0
6904,1,0.8978549838066101,1
6905,1,0.8859630227088928,1
6906,1,0.8108050227165222,1
6907,1,0.9992930293083191,1
6908,1,0.9471219778060913,1
6909,1,0.9919149875640869,1
6910,1,0.9353200197219849,1
6911,0,0.21112899482250214,0
6912,1,0.9277399778366089,1
6913,0,0.016627000644803047,0
6914,0,0.005435999948531389,0
6915,1,0.999987006187439,1
6916,0,0.16410499811172485,0
6917,1,0.9802160263061523,1
6918,0,0.3143090009689331,0
6919,1,0.9822490215301514,1
6920,1,0.9425839781761169,1
6921,0,0.15271799266338348,0
6922,1,0.9959250092506409,1
6923,0,0.008421000093221664,0
6924,1,0.9845989942550659,1
6925,0,0.017587000504136086,0
6926,1,0.9267399907112122,1
6927,1,0.3135150074958801,0
6928,0,0.18537800014019012,0
6929,0,0.02399500086903572,0
6930,0,0.012903999537229538,0
6931,0,0.004612999968230724,0
6932,1,0.9753170013427734,1
6933,0,0.32744100689888,0
6934,0,0.4512839913368225,0
6935,0,0.012652000412344933,0
6936,1,0.9971479773521423,1
6937,1,0.9944360256195068,1
6938,0,0.11347600072622299,0
6939,1,0.9811409711837769,1
6940,1,0.9615769982337952,1
6941,1,0.9587799906730652,1
6942,1,0.9991490244865417,1
6943,1,0.9977459907531738,1
6944,1,0.9913039803504944,1
6945,1,0.9735479950904846,1
6946,0,0.0014059999957680702,0
6947,0,0.773114025592804,1
6948,1,0.9999909996986389,1
6949,0,0.00875999964773655,0
6950,1,0.965923011302948,1
6951,1,0.9999790191650391,1
6952,1,0.95414799451828,1
6953,1,0.47910600900650024,0
6954,0,7.100000220816582e-05,0
6955,1,0.6094070076942444,1
6956,0,0.021097000688314438,0
6957,0,0.8206499814987183,1
6958,0,0.05353299900889397,0
6959,1,0.9526169896125793,1
6960,0,0.04541200026869774,0
6961,1,0.9911280274391174,1
6962,0,0.0006140000186860561,0
6963,0,0.027340000495314598,0
6964,1,0.9737709760665894,1
6965,1,0.9864720106124878,1
6966,0,0.46216899156570435,0
6967,1,0.9999889731407166,1
6968,1,0.7213850021362305,1
6969,0,0.007209999952465296,0
6970,0,0.3367379903793335,0
6971,0,0.5010780096054077,1
6972,0,0.0069229998625814915,0
6973,1,0.9974009990692139,1
6974,1,0.9090620279312134,1
6975,0,0.0010639999527484179,0
6976,0,0.10481999814510345,0
6977,0,0.999983012676239,1
6978,1,0.9985330104827881,1
6979,1,0.9994969964027405,1
6980,0,0.0323369987308979,0
6981,1,0.9934759736061096,1
6982,1,0.4336189925670624,0
6983,1,0.9969649910926819,1
6984,0,0.2710529863834381,0
6985,0,0.2174690067768097,0
6986,1,0.9986770153045654,1
6987,1,0.7022479772567749,1
6988,0,0.012701000086963177,0
6989,0,0.007145999930799007,0
6990,0,0.015869999304413795,0
6991,0,0.0037040000315755606,0
6992,0,0.012455999851226807,0
6993,0,0.10743100196123123,0
6994,0,0.07378000020980835,0
6995,0,0.0007539999787695706,0
6996,1,0.9983410239219666,1
6997,1,0.8140860199928284,1
6998,1,0.2706809937953949,0
6999,1,0.9564689993858337,1
7000,1,0.698183000087738,1
7001,1,0.9967820048332214,1
7002,0,0.21542899310588837,0
7003,0,0.06339000165462494,0
7004,1,0.9386399984359741,1
7005,0,0.1635109931230545,0
7006,1,0.9998570084571838,1
7007,1,0.48513200879096985,0
7008,0,0.030466999858617783,0
7009,1,0.4928019940853119,0
7010,1,0.9980570077896118,1
7011,0,0.005100000184029341,0
7012,0,0.05408500134944916,0
7013,0,0.09674900025129318,0
7014,1,0.9593939781188965,1
7015,0,0.03678400069475174,0
7016,0,0.10027600079774857,0
7017,1,0.8864949941635132,1
7018,1,0.9446650147438049,1
7019,1,0.6001539826393127,1
7020,0,0.005444000009447336,0
7021,1,0.9795060157775879,1
7022,0,0.012039000168442726,0
7023,0,0.09649799764156342,0
7024,1,0.8825809955596924,1
7025,0,0.01883300021290779,0
7026,1,0.9946240186691284,1
7027,1,0.9940850138664246,1
7028,0,0.00030700000934302807,0
7029,1,0.9979190230369568,1
7030,1,0.9997910261154175,1
7031,1,0.9677150249481201,1
7032,1,0.7581800222396851,1
7033,1,0.8729419708251953,1
7034,0,0.02322000078856945,0
7035,1,0.9611740112304688,1
7036,1,0.9977009892463684,1
7037,0,0.3521580100059509,0
7038,1,0.8596640229225159,1
7039,1,0.9999799728393555,1
7040,1,0.9999939799308777,1
7041,0,0.0028440000023692846,0
7042,1,0.8934149742126465,1
7043,0,0.008290000259876251,0
7044,0,0.09723600000143051,0
7045,0,0.29410600662231445,0
7046,0,0.4157800078392029,0
7047,1,0.9531940221786499,1
7048,1,0.9995790123939514,1
7049,0,0.007689999882131815,0
7050,0,0.4415139853954315,0
7051,0,0.7048720121383667,1
7052,1,0.968733012676239,1
7053,0,0.005197000224143267,0
7054,1,0.9241849780082703,1
7055,1,0.8090800046920776,1
7056,1,0.8055830001831055,1
7057,1,0.9814749956130981,1
7058,1,0.9977700114250183,1
7059,0,0.0020459999796003103,0
7060,0,0.018964000046253204,0
7061,1,0.9999979734420776,1
7062,0,0.008678999729454517,0
7063,0,0.0015529999509453773,0
7064,0,0.0019340000580996275,0
7065,1,0.8190569877624512,1
7066,1,0.9653000235557556,1
7067,1,0.997967004776001,1
7068,0,0.0009980000322684646,0
7069,1,0.8623610138893127,1
7070,1,0.45526400208473206,0
7071,1,0.9926180243492126,1
7072,1,0.9000549912452698,1
7073,0,0.007317000068724155,0
7074,0,9.999999974752427e-07,0
7075,1,0.9020090103149414,1
7076,0,0.028528999537229538,0
7077,1,0.9955189824104309,1
7078,1,0.9719370007514954,1
7079,0,0.018769999966025352,0
7080,1,0.8380259871482849,1
7081,1,0.989093005657196,1
7082,1,0.27140599489212036,0
7083,0,0.049244001507759094,0
7084,0,2.5999999706982635e-05,0
7085,1,0.9986990094184875,1
7086,0,0.5865319967269897,1
7087,0,0.06673400104045868,0
7088,0,0.005485000088810921,0
7089,0,0.040564000606536865,0
7090,1,0.9369180202484131,1
7091,1,0.5560240149497986,1
7092,0,0.49135199189186096,0
7093,1,0.9999729990959167,1
7094,0,0.09641999751329422,0
7095,1,0.9977440237998962,1
7096,1,0.9600239992141724,1
7097,1,0.9895560145378113,1
7098,1,0.9035009741783142,1
7099,0,0.6679819822311401,1
7100,0,0.08840499818325043,0
7101,0,0.0968180000782013,0
7102,0,0.001306000049225986,0
7103,1,0.9981459975242615,1
7104,1,0.9701989889144897,1
7105,0,0.003183000022545457,0
7106,1,0.8378810286521912,1
7107,1,0.49459001421928406,0
7108,1,0.8178600072860718,1
7109,0,0.05115300044417381,0
7110,1,0.9999949932098389,1
7111,0,0.27226701378822327,0
7112,1,0.8478479981422424,1
7113,0,0.7315499782562256,1
7114,1,0.9998250007629395,1
7115,1,0.11099900305271149,0
7116,0,0.3399829864501953,0
7117,1,0.9876019954681396,1
7118,1,0.9911850094795227,1
7119,1,0.9876899719238281,1
7120,1,0.9999629855155945,1
7121,0,0.04292599856853485,0
7122,0,0.01664000004529953,0
7123,1,0.903186023235321,1
7124,0,0.016174999997019768,0
7125,0,0.0009379999828524888,0
7126,1,0.5000060200691223,1
7127,1,0.8081390261650085,1
7128,1,0.984686017036438,1
7129,1,0.995186984539032,1
7130,0,0.15414400398731232,0
7131,1,0.9831010103225708,1
7132,0,0.017542999237775803,0
7133,1,0.988461971282959,1
7134,0,0.08172599971294403,0
7135,1,0.9956219792366028,1
7136,0,0.004726999904960394,0
7137,0,0.017720000818371773,0
7138,0,0.004639999940991402,0
7139,0,0.0027149999514222145,0
7140,1,0.9408230185508728,1
7141,1,0.9937350153923035,1
7142,1,0.42857301235198975,0
7143,1,0.9616349935531616,1
7144,1,0.9978449940681458,1
7145,0,0.0018560000462457538,0
7146,0,0.06827200204133987,0
7147,1,0.8696060180664062,1
7148,0,0.031116999685764313,0
7149,1,0.9264799952507019,1
7150,0,0.008415999822318554,0
7151,1,0.9611089825630188,1
7152,0,0.0038189999759197235,0
7153,1,0.9912139773368835,1
7154,1,0.7501819729804993,1
7155,0,0.04307999834418297,0
7156,0,0.2776379883289337,0
7157,0,0.04051100090146065,0
7158,0,0.055362001061439514,0
7159,1,0.9292070269584656,1
7160,1,0.17178599536418915,0
7161,1,0.9992219805717468,1
7162,0,0.0001500000071246177,0
7163,1,0.9587690234184265,1
7164,1,0.8277009725570679,1
7165,0,0.06441900134086609,0
7166,1,0.9904469847679138,1
7167,1,0.3107050061225891,0
7168,0,0.004635999910533428,0
7169,0,0.016447000205516815,0
7170,1,0.03275299817323685,0
7171,1,0.9488120079040527,1
7172,0,0.02527499943971634,0
7173,0,0.002331000054255128,0
7174,1,0.999737024307251,1
7175,1,0.6514390110969543,1
7176,0,0.0535850003361702,0
7177,1,0.9952200055122375,1
7178,1,0.9999690055847168,1
7179,1,0.976876974105835,1
7180,0,0.18539300560951233,0
7181,0,0.022880999371409416,0
7182,1,0.0583610013127327,0
7183,1,0.9995080232620239,1
7184,1,0.9848440289497375,1
7185,1,0.9978179931640625,1
7186,0,0.0005310000269673765,0
7187,1,0.6759120225906372,1
7188,1,0.7997609972953796,1
7189,1,0.9574360251426697,1
7190,0,0.028925999999046326,0
7191,1,0.962548017501831,1
7192,0,0.010629000142216682,0
7193,0,0.4543760120868683,0
7194,1,0.7572780251502991,1
7195,1,0.9911029934883118,1
7196,0,0.00013299999409355223,0
7197,0,0.007598999887704849,0
7198,0,0.10451900213956833,0
7199,1,0.9751520156860352,1
7200,0,0.03179199993610382,0
7201,0,0.0171509999781847,0
7202,1,0.4127410054206848,0
7203,0,0.04519199952483177,0
7204,1,0.9982399940490723,1
7205,1,0.9988639950752258,1
7206,0,0.0006880000000819564,0
7207,0,0.2042890042066574,0
7208,1,0.9979760050773621,1
7209,0,0.018226999789476395,0
7210,0,0.014034000225365162,0
7211,0,0.0004440000047907233,0
7212,1,0.6493949890136719,1
7213,0,0.01168499980121851,0
7214,1,0.9432060122489929,1
7215,1,0.9977160096168518,1
7216,1,0.9811189770698547,1
7217,1,0.9748309850692749,1
7218,0,0.011289999820291996,0
7219,1,0.5326439738273621,1
7220,0,0.20019200444221497,0
7221,1,0.793982982635498,1
7222,1,0.9249429702758789,1
7223,0,0.002268000040203333,0
7224,1,0.999210000038147,1
7225,1,0.9936259984970093,1
7226,0,0.0021440000273287296,0
7227,1,0.9999989867210388,1
7228,1,0.7379040122032166,1
7229,0,0.034563999623060226,0
7230,1,0.9999970197677612,1
7231,0,0.35968801379203796,0
7232,1,0.9495769739151001,1
7233,0,0.10700000077486038,0
7234,1,0.9983500242233276,1
7235,0,0.3658980131149292,0
7236,1,0.999646008014679,1
7237,0,0.20616500079631805,0
7238,0,0.003745999885722995,0
7239,1,0.9852910041809082,1
7240,1,0.8869510293006897,1
7241,0,0.002812999999150634,0
7242,1,0.9951350092887878,1
7243,1,0.36850398778915405,0
7244,0,0.07866299897432327,0
7245,0,0.12540100514888763,0
7246,0,0.039351001381874084,0
7247,1,0.9804409742355347,1
7248,1,0.31446900963783264,0
7249,0,0.003003000048920512,0
7250,1,0.9776759743690491,1
7251,1,0.9765639901161194,1
7252,0,0.009858000092208385,0
7253,1,0.7702869772911072,1
7254,1,0.9811310172080994,1
7255,1,0.8538730144500732,1
7256,0,0.014019000343978405,0
7257,0,0.025655999779701233,0
7258,1,0.9955000281333923,1
7259,1,0.7041299939155579,1
7260,0,0.8335319757461548,1
7261,1,0.995015025138855,1
7262,0,0.13647399842739105,0
7263,1,0.9563549757003784,1
7264,1,0.9720770120620728,1
7265,1,0.9999859929084778,1
7266,1,0.9949060082435608,1
7267,0,0.023982999846339226,0
7268,1,0.9331219792366028,1
7269,1,0.992231011390686,1
7270,0,0.0005440000095404685,0
7271,0,0.09379299730062485,0
7272,1,0.9977930188179016,1
7273,1,0.9869700074195862,1
7274,1,0.8682969808578491,1
7275,1,0.4113610088825226,0
7276,1,0.9248589873313904,1
7277,0,0.13149499893188477,0
7278,1,0.9843519926071167,1
7279,1,0.13596299290657043,0
7280,1,0.9499059915542603,1
7281,0,0.012521999888122082,0
7282,1,0.9749619960784912,1
7283,0,0.006066000089049339,0
7284,0,0.008813999593257904,0
7285,0,0.011826000176370144,0
7286,1,0.9821640253067017,1
7287,0,0.17723999917507172,0
7288,1,0.8802589774131775,1
7289,0,0.9204090237617493,1
7290,0,0.00035099999513477087,0
7291,1,0.9213899970054626,1
7292,1,0.7398139834403992,1
7293,1,0.8995019793510437,1
7294,0,0.0162189994007349,0
7295,0,9.40000027185306e-05,0
7296,1,0.9191970229148865,1
7297,0,0.2629700005054474,0
7298,1,0.9342970252037048,1
7299,1,0.9796890020370483,1
7300,1,0.9892290234565735,1
7301,1,0.977832019329071,1
7302,0,0.022892000153660774,0
7303,1,0.9714310169219971,1
7304,0,0.00029399999766610563,0
7305,1,0.9992799758911133,1
7306,0,0.03450600057840347,0
7307,0,0.3059900104999542,0
7308,0,0.06649100035429001,0
7309,1,0.48260000348091125,0
7310,1,0.975042998790741,1
7311,0,0.0521479994058609,0
7312,0,0.0,0
7313,1,0.9994950294494629,1
7314,1,0.9649270176887512,1
7315,0,0.02190300077199936,0
7316,1,0.7575299739837646,1
7317,0,0.012342999689280987,0
7318,0,0.004741999786347151,0
7319,0,0.0023350000847131014,0
7320,0,0.0021649999544024467,0
7321,1,0.9977520108222961,1
7322,1,0.8768140077590942,1
7323,0,0.024142000824213028,0
7324,0,0.13021500408649445,0
7325,0,0.033413998782634735,0
7326,0,0.03267199918627739,0
7327,0,0.042833998799324036,0
7328,1,0.28619301319122314,0
7329,0,0.007822999730706215,0
7330,0,0.00599699979647994,0
7331,0,0.004796000197529793,0
7332,1,0.1915619969367981,0
7333,0,0.07912799715995789,0
7334,0,0.00418000016361475,0
7335,0,0.02208399958908558,0
7336,1,0.9969210028648376,1
7337,0,0.11706999689340591,0
7338,0,0.005566000007092953,0
7339,1,0.10527300089597702,0
7340,1,0.9998700022697449,1
7341,0,0.008081000298261642,0
7342,1,0.981685996055603,1
7343,0,0.0012600000482052565,0
7344,1,0.9921820163726807,1
7345,0,0.013553000055253506,0
7346,0,0.38521501421928406,0
7347,1,0.9983590245246887,1
7348,1,0.008426000364124775,0
7349,1,0.9307550191879272,1
7350,0,0.024808000773191452,0
7351,0,0.5933859944343567,1
7352,0,0.0045529999770224094,0
7353,0,0.007151999976485968,0
7354,1,0.8650090098381042,1
7355,1,0.9721779823303223,1
7356,0,0.016728000715374947,0
7357,0,0.8728950023651123,1
7358,0,0.010962000116705894,0
7359,1,0.8480650186538696,1
7360,0,0.10402899980545044,0
7361,0,0.09282399713993073,0
7362,1,0.9705979824066162,1
7363,1,0.9860889911651611,1
7364,0,0.007466999813914299,0
7365,0,4.400000034365803e-05,0
7366,0,0.009980999864637852,0
7367,0,0.050783999264240265,0
7368,1,0.9877409934997559,1
7369,1,0.9956740140914917,1
7370,1,0.9855170249938965,1
7371,1,0.9988070130348206,1
7372,0,0.1412609964609146,0
7373,1,0.958528995513916,1
7374,0,0.1416269987821579,0
7375,0,0.07872600108385086,0
7376,0,0.043032001703977585,0
7377,1,0.952584981918335,1
7378,1,0.9817010164260864,1
7379,0,0.08379299938678741,0
7380,1,0.9994270205497742,1
7381,1,0.9989699721336365,1
7382,0,0.6720060110092163,1
7383,0,0.08307900279760361,0
7384,1,0.9554309844970703,1
7385,0,0.16380800306797028,0
7386,0,0.034756001085042953,0
7387,0,0.01196799986064434,0
7388,0,0.0013299999991431832,0
7389,1,0.998291015625,1
7390,0,0.013810999691486359,0
7391,1,0.9799699783325195,1
7392,1,0.9483950138092041,1
7393,0,0.00518900016322732,0
7394,1,0.9947199821472168,1
7395,0,0.003894000081345439,0
7396,1,0.9550999999046326,1
7397,1,3.000000106112566e-06,0
7398,1,0.5515710115432739,1
7399,0,0.03934499993920326,0
7400,0,0.02498999983072281,0
7401,1,0.7745320200920105,1
7402,1,0.9778990149497986,1
7403,0,0.12357799708843231,0
7404,1,0.863644003868103,1
7405,1,0.9899619817733765,1
7406,0,0.004650999791920185,0
7407,1,0.8181440234184265,1
7408,0,0.006364999804645777,0
7409,1,0.9964960217475891,1
7410,0,0.004749999847263098,0
7411,1,0.9347969889640808,1
7412,0,0.008256999775767326,0
7413,1,0.9949250221252441,1
7414,1,0.9999520182609558,1
7415,0,0.5099599957466125,1
7416,1,0.9999960064888,1
7417,1,0.025492999702692032,0
7418,1,0.994704008102417,1
7419,1,0.9996010065078735,1
7420,0,0.8272280097007751,1
7421,0,0.18162000179290771,0
7422,0,0.03127399832010269,0
7423,1,0.9867100119590759,1
7424,1,0.9601680040359497,1
7425,0,0.09679300338029861,0
7426,1,0.9658989906311035,1
7427,1,0.671546995639801,1
7428,0,0.10088299959897995,0
7429,0,0.060245998203754425,0
7430,0,0.312049001455307,0
7431,1,0.9320679903030396,1
7432,0,0.005320999771356583,0
7433,0,0.0,0
7434,0,0.004941999912261963,0
7435,0,0.006393000017851591,0
7436,1,0.7929109930992126,1
7437,0,0.01030999980866909,0
7438,1,0.846356987953186,1
7439,1,0.989579975605011,1
7440,1,0.9613459706306458,1
7441,1,0.9997649788856506,1
7442,0,0.10590299963951111,0
7443,1,0.6891880035400391,1
7444,1,0.9914489984512329,1
7445,1,0.8601620197296143,1
7446,0,0.013264999724924564,0
7447,0,0.25692999362945557,0
7448,0,0.09650799632072449,0
7449,1,0.9628999829292297,1
7450,0,0.05033000186085701,0
7451,0,0.025964999571442604,0
7452,1,0.9999719858169556,1
7453,1,0.9555680155754089,1
7454,1,0.9863790273666382,1
7455,1,0.9968339800834656,1
7456,1,0.9990990161895752,1
7457,0,0.02155200019478798,0
7458,1,0.9646660089492798,1
7459,0,0.00622300012037158,0
7460,1,0.9860640168190002,1
7461,1,0.9321280121803284,1
7462,0,0.6955199837684631,1
7463,1,0.9988840222358704,1
7464,1,0.5320550203323364,1
7465,1,0.9872099757194519,1
7466,1,0.9940450191497803,1
7467,0,0.0070050000213086605,0
7468,1,0.9092680215835571,1
7469,1,0.9977499842643738,1
7470,0,0.009202999994158745,0
7471,0,0.0266369991004467,0
7472,0,0.002902999985963106,0
7473,1,0.9967219829559326,1
7474,1,1.0,1
7475,1,0.998924970626831,1
7476,0,0.006783999968320131,0
7477,0,0.0005249999812804163,0
7478,1,0.877918004989624,1
7479,0,0.0343639999628067,0
7480,0,0.01423600036650896,0
7481,1,0.9990040063858032,1
7482,1,0.9943540096282959,1
7483,0,0.01906999945640564,0
7484,0,0.004151000175625086,0
7485,1,0.9767490029335022,1
7486,0,0.011044999584555626,0
7487,1,0.9937199950218201,1
7488,1,0.8024010062217712,1
7489,0,0.013402000069618225,0
7490,1,0.8967120051383972,1
7491,0,0.011459999717772007,0
7492,0,0.005367000121623278,0
7493,0,0.09038999676704407,0
7494,0,0.059741999953985214,0
7495,1,0.6750770211219788,1
7496,0,0.014291999861598015,0
7497,0,0.4427359998226166,0
7498,1,0.9961699843406677,1
7499,1,0.9984750151634216,1
7500,0,0.008274000138044357,0
7501,0,9.000000318337698e-06,0
7502,0,0.8209080100059509,1
7503,0,0.0026110000908374786,0
7504,1,0.999567985534668,1
7505,1,0.9619359970092773,1
7506,0,0.00039500001003034413,0
7507,1,0.37939199805259705,0
7508,0,0.00790099985897541,0
7509,1,0.13367199897766113,0
7510,1,0.9995080232620239,1
7511,1,0.9980310201644897,1
7512,1,0.9971609711647034,1
7513,0,0.0227230004966259,0
7514,1,0.9594830274581909,1
7515,0,0.02064800076186657,0
7516,1,0.9949719905853271,1
7517,1,0.7880359888076782,1
7518,1,0.9973359704017639,1
7519,1,0.9832249879837036,1
7520,0,0.006446000188589096,0
7521,0,0.4446620047092438,0
7522,0,0.09320899844169617,0
7523,1,0.6245660185813904,1
7524,1,0.9977890253067017,1
7525,1,0.9707840085029602,1
7526,0,0.16053999960422516,0
7527,0,0.014987999573349953,0
7528,0,0.03031500056385994,0
7529,1,0.9631699919700623,1
7530,1,0.6321550011634827,1
7531,0,0.407243013381958,0
7532,0,0.1301649957895279,0
7533,1,0.08555900305509567,0
7534,0,0.006845000199973583,0
7535,0,0.8524940013885498,1
7536,0,0.1021760031580925,0
7537,1,0.9748839735984802,1
7538,0,1.8000000636675395e-05,0
7539,0,0.03551299870014191,0
7540,0,0.339123010635376,0
7541,0,0.003967000171542168,0
7542,0,0.001832999987527728,0
7543,1,0.9932979941368103,1
7544,0,0.06764499843120575,0
7545,1,0.7971919775009155,1
7546,0,0.04029000177979469,0
7547,0,0.18891100585460663,0
7548,0,0.5839880108833313,1
7549,0,0.000965000013820827,0
7550,0,4.999999873689376e-05,0
7551,0,0.04237800091505051,0
7552,1,0.9375380277633667,1
7553,1,0.9958750009536743,1
7554,0,0.1211870014667511,0
7555,1,0.8422030210494995,1
7556,1,0.9537690281867981,1
7557,0,0.004282000008970499,0
7558,0,0.0004330000083427876,0
7559,0,0.0027799999807029963,0
7560,1,0.7223330140113831,1
7561,1,0.9975100159645081,1
7562,0,0.09934300184249878,0
7563,0,0.001979999942705035,0
7564,0,0.008225000463426113,0
7565,0,0.08300700038671494,0
7566,1,0.9827759861946106,1
7567,0,0.1386599987745285,0
7568,0,0.013145999982953072,0
7569,0,0.00029799999902024865,0
7570,1,0.9988890290260315,1
7571,0,0.9745839834213257,1
7572,0,0.11175400018692017,0
7573,0,0.5435739755630493,1
7574,1,0.8207870125770569,1
7575,0,0.11515100300312042,0
7576,1,0.9939000010490417,1
7577,0,0.8822569847106934,1
7578,1,0.054517000913619995,0
7579,1,0.9994059801101685,1
7580,1,0.6941530108451843,1
7581,0,0.5210959911346436,1
7582,0,0.010036000050604343,0
7583,0,0.024181999266147614,0
7584,1,0.5090510249137878,1
7585,1,0.9998369812965393,1
7586,1,0.8538680076599121,1
7587,0,0.013662000186741352,0
7588,1,0.9302030205726624,1
7589,0,0.020538000389933586,0
7590,0,0.011326000094413757,0
7591,0,0.2935220003128052,0
7592,1,0.9365040063858032,1
7593,1,1.0,1
7594,0,0.0015899999998509884,0
7595,0,0.0816510021686554,0
7596,0,0.06453400105237961,0
7597,0,0.08619700372219086,0
7598,1,0.5248119831085205,1
7599,0,0.5186619758605957,1
7600,0,0.05904800072312355,0
7601,0,0.0025579999200999737,0
7602,0,0.007691999897360802,0
7603,1,0.9951040148735046,1
7604,1,0.8981009721755981,1
7605,1,0.9433640241622925,1
7606,0,0.004341000225394964,0
7607,0,0.09928800165653229,0
7608,0,0.008206999860703945,0
7609,1,0.9979829788208008,1
7610,1,0.8502619862556458,1
7611,1,0.9994789958000183,1
7612,1,0.9487810134887695,1
7613,1,0.8881289958953857,1
7614,1,0.9997389912605286,1
7615,1,0.9607040286064148,1
7616,1,0.9980059862136841,1
7617,0,0.37408798933029175,0
7618,0,0.014197000302374363,0
7619,0,0.021320000290870667,0
7620,0,0.41212400794029236,0
7621,1,0.9959729909896851,1
7622,1,0.9894260168075562,1
7623,0,0.0137339998036623,0
7624,1,0.9886620044708252,1
7625,1,0.9544810056686401,1
7626,1,0.998652994632721,1
7627,0,0.03827200084924698,0
7628,0,0.028074000030755997,0
7629,1,0.9408199787139893,1
7630,1,0.9104940295219421,1
7631,1,0.9898849725723267,1
7632,0,0.0023670000955462456,0
7633,1,0.9976890087127686,1
7634,0,0.0007580000092275441,0
7635,1,0.9932330250740051,1
7636,1,0.9592769742012024,1
7637,0,0.03723499923944473,0
7638,1,0.9893119931221008,1
7639,1,0.9979079961776733,1
7640,1,0.9948729872703552,1
7641,1,0.23180000483989716,0
7642,1,0.9838830232620239,1
7643,0,0.00033099998836405575,0
7644,1,0.9914910197257996,1
7645,1,0.9912689924240112,1
7646,0,0.9037969708442688,1
7647,0,0.5613610148429871,1
7648,1,0.9847109913825989,1
7649,0,0.11882700026035309,0
7650,0,0.0054709999822080135,0
7651,0,0.029183000326156616,0
7652,0,0.007753000129014254,0
7653,0,0.005305000115185976,0
7654,1,0.9975289702415466,1
7655,0,0.0022690000478178263,0
7656,1,0.9993780255317688,1
7657,1,0.9903770089149475,1
7658,0,0.012245000340044498,0
7659,1,0.9135410189628601,1
7660,1,0.9873769879341125,1
7661,0,0.0015800000401213765,0
7662,1,0.9977959990501404,1
7663,1,0.9866989850997925,1
7664,0,0.1811549961566925,0
7665,0,0.02411700040102005,0
7666,0,0.05174500122666359,0
7667,0,0.3665579855442047,0
7668,0,0.005067999940365553,0
7669,0,0.04912399873137474,0
7670,1,0.9996790289878845,1
7671,0,0.07332199811935425,0
7672,0,0.005849000066518784,0
7673,0,0.026570999994874,0
7674,0,0.006765000056475401,0
7675,0,0.5505520105361938,1
7676,1,0.8129010200500488,1
7677,1,0.9459279775619507,1
7678,0,0.5042629837989807,1
7679,0,0.818461000919342,1
7680,0,0.8299109935760498,1
7681,0,0.002125999890267849,0
7682,1,0.9669150114059448,1
7683,0,0.05119000002741814,0
7684,0,0.003223000094294548,0
7685,1,0.9995980262756348,1
7686,1,0.9980419874191284,1
7687,1,0.9643449783325195,1
7688,1,0.973226010799408,1
7689,1,0.9994329810142517,1
7690,1,0.9157320261001587,1
7691,0,0.002068999921903014,0
7692,1,0.9721320271492004,1
7693,0,0.498526006937027,0
7694,0,1.1000000085914508e-05,0
7695,0,0.9041410088539124,1
7696,1,0.9946460127830505,1
7697,1,0.9732580184936523,1
7698,1,0.9300580024719238,1
7699,1,0.9284110069274902,1
7700,1,0.9976469874382019,1
7701,1,0.9963020086288452,1
7702,0,0.11318700015544891,0
7703,1,0.9998649954795837,1
7704,1,0.7044780254364014,1
7705,1,0.5621479749679565,1
7706,1,0.9999989867210388,1
7707,0,0.8149340152740479,1
7708,1,0.8216840028762817,1
7709,1,0.8163250088691711,1
7710,0,0.08387699723243713,0
7711,0,0.06741899996995926,0
7712,0,0.003379999892786145,0
7713,0,0.01040900032967329,0
7714,0,0.013027999550104141,0
7715,1,0.536948025226593,1
7716,1,0.1912519931793213,0
7717,1,0.7950419783592224,1
7718,0,0.28921300172805786,0
7719,1,0.9387779831886292,1
7720,1,0.9849749803543091,1
7721,1,0.9736080169677734,1
7722,0,0.011963999830186367,0
7723,0,0.6845369935035706,1
7724,1,0.5240470170974731,1
7725,0,0.000775999971665442,0
7726,0,0.08906199783086777,0
7727,0,0.003066000062972307,0
7728,1,0.9636380076408386,1
7729,1,0.9693610072135925,1
7730,1,0.9973480105400085,1
7731,1,0.38721200823783875,0
7732,1,0.9886289834976196,1
7733,1,0.9943150281906128,1
7734,0,0.020201999694108963,0
7735,0,0.002157999901100993,0
7736,0,0.0044559999369084835,0
7737,1,0.9912070035934448,1
7738,0,0.004594999831169844,0
7739,0,0.008337000384926796,0
7740,0,0.005654000211507082,0
7741,0,0.027063999325037003,0
7742,1,0.05169399827718735,0
7743,0,0.08253999799489975,0
7744,0,2.5999999706982635e-05,0
7745,1,0.9889230132102966,1
7746,0,0.006262999959290028,0
7747,1,0.9917960166931152,1
7748,1,0.9107769727706909,1
7749,1,0.1017410010099411,0
7750,1,0.9960200190544128,1
7751,1,0.973779022693634,1
7752,1,0.9795960187911987,1
7753,1,0.9352329969406128,1
7754,0,0.008961999788880348,0
7755,1,0.9985809922218323,1
7756,1,0.9925690293312073,1
7757,0,0.040132999420166016,0
7758,1,0.997107982635498,1
7759,0,0.0015040000434964895,0
7760,0,0.4911009967327118,0
7761,1,0.9768490195274353,1
7762,1,0.4943830072879791,0
7763,1,0.9737809896469116,1
7764,1,0.935899019241333,1
7765,0,0.009266000241041183,0
7766,1,0.9947069883346558,1
7767,1,0.3985159993171692,0
7768,1,0.9966850280761719,1
7769,0,0.040713999420404434,0
7770,0,0.9048020243644714,1
7771,1,0.8363620042800903,1
7772,0,0.01798900030553341,0
7773,0,0.05722599849104881,0
7774,1,0.9799110293388367,1
7775,0,0.012949000112712383,0
7776,0,0.028286999091506004,0
7777,1,0.7190260291099548,1
7778,0,0.7148399949073792,1
7779,1,0.9984679818153381,1
7780,1,1.0,1
7781,0,0.552174985408783,1
7782,0,0.05080400034785271,0
7783,1,0.9780979752540588,1
7784,1,0.9982510209083557,1
7785,1,0.9996669888496399,1
7786,1,0.9670270085334778,1
7787,1,0.9727740287780762,1
7788,0,0.011307000182569027,0
7789,0,0.02082199975848198,0
7790,0,0.026364000514149666,0
7791,1,0.9835410118103027,1
7792,0,0.7848749756813049,1
7793,1,0.9715290069580078,1
7794,0,0.30704599618911743,0
7795,0,0.3527750074863434,0
7796,0,0.011207999661564827,0
7797,0,0.48794499039649963,0
7798,0,0.8813300132751465,1
7799,0,0.006136000156402588,0
7800,0,0.16450899839401245,0
7801,1,0.9959139823913574,1
7802,1,0.9975230097770691,1
7803,0,0.17826800048351288,0
7804,0,0.29649999737739563,0
7805,1,0.9942799806594849,1
7806,1,0.5669329762458801,1
7807,1,0.9987720251083374,1
7808,0,0.0281009990721941,0
7809,1,0.6930090188980103,1
7810,0,0.0026140001136809587,0
7811,0,0.009135999716818333,0
7812,0,0.00266700005158782,0
7813,1,0.9967079758644104,1
7814,0,0.003203999949619174,0
7815,1,0.9714429974555969,1
7816,0,0.047887999564409256,0
7817,0,0.0075599998235702515,0
7818,1,0.9704700112342834,1
7819,1,0.7425400018692017,1
7820,0,1.9999999949504854e-06,0
7821,1,0.9871259927749634,1
7822,1,0.9997559785842896,1
7823,0,0.004585999995470047,0
7824,1,0.5768550038337708,1
7825,1,0.968176007270813,1
7826,1,0.9902420043945312,1
7827,1,0.4817889928817749,0
7828,0,0.015832999721169472,0
7829,0,0.004883000161498785,0
7830,0,0.0292579997330904,0
7831,0,0.0015219999477267265,0
7832,0,0.07739699631929398,0
7833,1,0.9863830208778381,1
7834,1,0.9991359710693359,1
7835,1,0.8444160223007202,1
7836,1,0.9946510195732117,1
7837,1,0.840444028377533,1
7838,0,0.021743999794125557,0
7839,0,0.16642500460147858,0
7840,1,0.987966001033783,1
7841,0,0.012090999633073807,0
7842,0,0.28568100929260254,0
7843,0,0.18553900718688965,0
7844,0,0.008307999931275845,0
7845,0,0.07760000228881836,0
7846,0,0.020847000181674957,0
7847,1,0.47721201181411743,0
7848,1,0.999966025352478,1
7849,0,0.013534000143408775,0
7850,1,0.9274759888648987,1
7851,0,0.080595001578331,0
7852,0,0.28751999139785767,0
7853,0,0.0853469967842102,0
7854,0,0.0024029999040067196,0
7855,0,7.79999973019585e-05,0
7856,1,0.9581680297851562,1
7857,0,0.09955599904060364,0
7858,0,0.0003100000030826777,0
7859,0,0.010563000105321407,0
7860,1,0.9944760203361511,1
7861,1,0.829384982585907,1
7862,0,0.0025369999930262566,0
7863,1,0.7739030122756958,1
7864,1,0.9827759861946106,1
7865,1,0.999925971031189,1
7866,0,0.0034439999144524336,0
7867,1,0.8898360133171082,1
7868,0,0.12107200175523758,0
7869,1,0.9964960217475891,1
7870,1,0.999813973903656,1
7871,0,0.004410000052303076,0
7872,0,0.0006280000088736415,0
7873,1,0.7183560132980347,1
7874,1,0.3337920010089874,0
7875,1,0.9685090184211731,1
7876,1,0.9968439936637878,1
7877,1,0.04869399964809418,0
7878,0,0.4405539929866791,0
7879,0,0.007615000009536743,0
7880,1,0.996815025806427,1
7881,0,0.01254200004041195,0
7882,0,0.9097430109977722,1
7883,0,0.005923999939113855,0
7884,1,0.2831380069255829,0
7885,0,0.9821860194206238,1
7886,1,0.9821699857711792,1
7887,0,0.4029189944267273,0
7888,0,0.030595000833272934,0
7889,1,0.07423999905586243,0
7890,0,0.002741999924182892,0
7891,0,0.1595889925956726,0
7892,1,0.9411929845809937,1
7893,0,0.0003319999959785491,0
7894,1,0.9229440093040466,1
7895,1,0.993852972984314,1
7896,0,0.008716000244021416,0
7897,1,0.9942089915275574,1
7898,1,0.9876739978790283,1
7899,0,0.033521998673677444,0
7900,0,0.24156500399112701,0
7901,1,0.9995219707489014,1
7902,0,0.00012199999764561653,0
7903,1,0.98888099193573,1
7904,1,0.7924550175666809,1
7905,1,0.9894300103187561,1
7906,0,0.0507580004632473,0
7907,0,0.042433001101017,0
7908,1,0.980525016784668,1
7909,0,0.16334399580955505,0
7910,1,0.9857310056686401,1
7911,1,0.8458110094070435,1
7912,0,0.003837999887764454,0
7913,1,0.9964830279350281,1
7914,0,0.000674000009894371,0
7915,1,0.9934890270233154,1
7916,1,0.9284800291061401,1
7917,1,0.8432379961013794,1
7918,1,0.9687489867210388,1
7919,1,0.9963719844818115,1
7920,1,0.998989999294281,1
7921,1,0.9970909953117371,1
7922,0,0.3088429868221283,0
7923,1,0.973846971988678,1
7924,1,0.9998779892921448,1
7925,0,0.02834700047969818,0
7926,1,0.9128050208091736,1
7927,1,0.978518009185791,1
7928,0,0.008084000088274479,0
7929,1,0.9793429970741272,1
7930,1,0.9855250120162964,1
7931,1,0.9280419945716858,1
7932,0,0.0028359999414533377,0
7933,1,0.9928979873657227,1
7934,0,0.8903729915618896,1
7935,0,0.06304299831390381,0
7936,1,0.9997580051422119,1
7937,1,0.9407910108566284,1
7938,0,0.016334999352693558,0
7939,0,0.5822640061378479,1
7940,1,0.9982280135154724,1
7941,1,0.9779809713363647,1
7942,1,0.9480670094490051,1
7943,1,0.9782149791717529,1
7944,0,0.3202170133590698,0
7945,1,0.9997429847717285,1
7946,0,0.004195000045001507,0
7947,0,0.22865399718284607,0
7948,1,0.00887999963015318,0
7949,0,0.5770379900932312,1
7950,0,0.013302999548614025,0
7951,1,0.9944630265235901,1
7952,0,0.03643200173974037,0
7953,0,0.5164420008659363,1
7954,1,0.9999480247497559,1
7955,0,0.02668599970638752,0
7956,0,0.004720999859273434,0
7957,0,0.014010000042617321,0
7958,1,0.9793819785118103,1
7959,0,0.03976599872112274,0
7960,1,0.993503987789154,1
7961,1,0.9714909791946411,1
7962,0,0.08422999829053879,0
7963,0,0.0023109999019652605,0
7964,1,0.990568995475769,1
7965,1,0.9991959929466248,1
7966,1,0.9982920289039612,1
7967,1,0.9585689902305603,1
7968,0,0.008577000349760056,0
7969,1,0.9536849856376648,1
7970,0,0.015314999967813492,0
7971,0,0.16030000150203705,0
7972,0,0.022009000182151794,0
7973,1,0.9999989867210388,1
7974,1,0.9851130247116089,1
7975,1,0.9900050163269043,1
7976,0,0.01867399923503399,0
7977,1,0.9751629829406738,1
7978,1,0.6126189827919006,1
7979,0,0.6475380063056946,1
7980,0,9.999999974752427e-07,0
7981,1,0.9739710092544556,1
7982,0,0.03649400174617767,0
7983,0,0.00674099987372756,0
7984,0,0.15318800508975983,0
7985,1,0.9707670211791992,1
7986,0,0.4365440011024475,0
7987,0,0.0017999999690800905,0
7988,0,0.0004970000009052455,0
7989,0,0.6260809898376465,1
7990,0,0.0007459999760612845,0
7991,0,0.00937500037252903,0
7992,0,0.2391970008611679,0
7993,1,0.9213209748268127,1
7994,1,0.8830620050430298,1
7995,0,0.006393999792635441,0
7996,1,0.9895110130310059,1
7997,0,0.0307219997048378,0
7998,0,0.02244899980723858,0
7999,0,0.008069000206887722,0
8000,0,0.24541999399662018,0
8001,1,0.9380350112915039,1
8002,1,0.47262200713157654,0
8003,0,0.016339000314474106,0
8004,1,0.999576985836029,1
8005,1,0.978958010673523,1
8006,0,0.01217699982225895,0
8007,1,0.9971920251846313,1
8008,0,0.014325999654829502,0
8009,0,0.019540999084711075,0
8010,0,0.35976698994636536,0
8011,1,0.983726978302002,1
8012,1,0.9915170073509216,1
8013,0,0.009335000067949295,0
8014,1,0.75416499376297,1
8015,0,0.013667999766767025,0
8016,1,0.9011690020561218,1
8017,0,0.013035000301897526,0
8018,0,0.5009700059890747,1
8019,0,0.008615000173449516,0
8020,0,0.10609900206327438,0
8021,0,0.681954026222229,1
8022,0,0.11758799850940704,0
8023,0,0.1625709980726242,0
8024,1,0.9746829867362976,1
8025,0,0.07492899894714355,0
8026,1,0.9701640009880066,1
8027,0,0.01848600059747696,0
8028,1,0.9987999796867371,1
8029,0,0.011831999756395817,0
8030,0,0.009651999920606613,0
8031,0,0.036942001432180405,0
8032,1,0.8572610020637512,1
8033,1,0.7149689793586731,1
8034,0,0.008944000117480755,0
8035,1,0.9993590116500854,1
8036,0,0.007992999628186226,0
8037,0,0.24844400584697723,0
8038,0,0.005065999925136566,0
8039,0,0.006798999849706888,0
8040,1,0.9998700022697449,1
8041,1,0.9914789795875549,1
8042,1,0.9999880194664001,1
8043,0,0.007156000006943941,0
8044,0,0.04443100094795227,0
8045,0,0.015475999563932419,0
8046,1,0.9551659822463989,1
8047,1,0.342397004365921,0
8048,0,9.999999974752427e-07,0
8049,1,0.9717860221862793,1
8050,0,0.004259999841451645,0
8051,0,0.46260398626327515,0
8052,1,0.9920660257339478,1
8053,0,0.0252119991928339,0
8054,0,0.007065000012516975,0
8055,0,0.1584330052137375,0
8056,1,0.9978659749031067,1
8057,1,0.9355379939079285,1
8058,1,0.9975119829177856,1
8059,0,0.004259999841451645,0
8060,0,0.003576999995857477,0
8061,1,0.8370220065116882,1
8062,0,0.018705999478697777,0
8063,1,0.9771990180015564,1
8064,0,0.021067999303340912,0
8065,1,0.9597799777984619,1
8066,1,0.9858869910240173,1
8067,1,0.9619690179824829,1
8068,0,0.01399100013077259,0
8069,0,0.04597799852490425,0
8070,0,0.0028929999098181725,0
8071,1,0.9976990222930908,1
8072,0,0.013662000186741352,0
8073,0,0.3712039887905121,0
8074,0,0.008445999585092068,0
8075,0,0.6131929755210876,1
8076,0,0.2447730004787445,0
8077,1,0.9891579747200012,1
8078,0,0.4906969964504242,0
8079,1,0.730476975440979,1
8080,1,0.1695449948310852,0
8081,1,0.9944559931755066,1
8082,1,0.9789950251579285,1
8083,0,0.9325780272483826,1
8084,1,0.999413013458252,1
8085,1,0.9863719940185547,1
8086,0,0.189737007021904,0
8087,1,0.9879209995269775,1
8088,1,0.2555220127105713,0
8089,0,0.002435999922454357,0
8090,0,0.0012029999634250998,0
8091,0,0.0018980000168085098,0
8092,1,0.9999819993972778,1
8093,1,0.9026299715042114,1
8094,1,0.6442829966545105,1
8095,0,0.008169000037014484,0
8096,0,0.00587099976837635,0
8097,0,0.014661000110208988,0
8098,1,0.9839590191841125,1
8099,1,0.9921140074729919,1
8100,0,0.04249199852347374,0
8101,1,0.9837610125541687,1
8102,0,0.014950999990105629,0
8103,1,0.9799900054931641,1
8104,0,0.11259499937295914,0
8105,0,0.014613999985158443,0
8106,1,0.9954460263252258,1
8107,0,0.008892999961972237,0
8108,0,0.10487399995326996,0
8109,1,0.2402859926223755,0
8110,1,0.9960160255432129,1
8111,0,0.06682100147008896,0
8112,0,0.0018289999570697546,0
8113,0,0.5660750269889832,1
8114,0,0.022762000560760498,0
8115,1,1.0,1
8116,1,0.9130920171737671,1
8117,1,0.9977880120277405,1
8118,1,0.998304009437561,1
8119,1,0.9930819869041443,1
8120,1,0.8097959756851196,1
8121,1,0.864437997341156,1
8122,0,0.002334000077098608,0
8123,1,0.7408959865570068,1
8124,1,0.8523390293121338,1
8125,1,0.4418799877166748,0
8126,0,0.0009850000496953726,0
8127,0,0.02336999960243702,0
8128,0,0.1073170006275177,0
8129,0,0.03030399978160858,0
8130,1,0.9719520211219788,1
8131,1,0.8006119728088379,1
8132,0,0.05993499979376793,0
8133,1,0.98956298828125,1
8134,0,0.01169699989259243,0
8135,0,0.005247000139206648,0
8136,0,0.001766999950632453,0
8137,1,0.9745910167694092,1
8138,0,0.0067449999041855335,0
8139,1,0.8804159760475159,1
8140,1,0.9921000003814697,1
8141,1,0.9574419856071472,1
8142,0,0.0028979999478906393,0
8143,1,0.9996700286865234,1
8144,1,0.9972370266914368,1
8145,0,0.0008420000085607171,0
8146,1,0.9571329951286316,1
8147,0,0.0022219999227672815,0
8148,1,0.9955629706382751,1
8149,0,0.012861000373959541,0
8150,1,0.9511659741401672,1
8151,0,0.004323999863117933,0
8152,1,0.987492024898529,1
8153,1,0.9617649912834167,1
8154,0,0.4201419949531555,0
8155,0,0.19503499567508698,0
8156,0,0.2658199965953827,0
8157,0,0.04692399874329567,0
8158,1,0.8822289705276489,1
8159,0,0.01322100032120943,0
8160,1,0.8379160165786743,1
8161,0,0.5328410267829895,1
8162,0,0.00930199958384037,0
8163,0,0.12517300248146057,0
8164,0,0.006610000040382147,0
8165,1,0.9984729886054993,1
8166,1,0.9912949800491333,1
8167,0,0.051534999161958694,0
8168,1,0.9947230219841003,1
8169,0,0.04062100127339363,0
8170,0,0.31448400020599365,0
8171,1,0.998528003692627,1
8172,0,0.08110500127077103,0
8173,0,0.2614080011844635,0
8174,1,0.9999920129776001,1
8175,0,0.036490000784397125,0
8176,0,0.20013099908828735,0
8177,0,0.0032250001095235348,0
8178,0,0.6262660026550293,1
8179,1,0.9683939814567566,1
8180,1,0.9967439770698547,1
8181,1,0.9987409710884094,1
8182,0,0.0019970000721514225,0
8183,1,0.9666039943695068,1
8184,1,0.9940810203552246,1
8185,0,0.750298023223877,1
8186,1,0.9203180074691772,1
8187,1,0.9987379908561707,1
8188,0,0.021821999922394753,0
8189,1,0.9892989993095398,1
8190,1,0.901190996170044,1
8191,1,0.6944180130958557,1
8192,1,0.9992849826812744,1
8193,0,0.025425000116229057,0
8194,0,0.06230200082063675,0
8195,0,0.3220509886741638,0
8196,0,0.011920000426471233,0
8197,0,0.6998699903488159,1
8198,0,0.1952899992465973,0
8199,1,0.8667290210723877,1
8200,0,0.019812000915408134,0
8201,0,0.11289899796247482,0
8202,1,0.9518129825592041,1
8203,1,0.996275007724762,1
8204,0,0.01611899957060814,0
8205,1,0.9999970197677612,1
8206,1,0.9953590035438538,1
8207,0,0.4546799957752228,0
8208,0,0.4567919969558716,0
8209,1,0.9891369938850403,1
8210,1,0.9672120213508606,1
8211,1,0.9686409831047058,1
8212,1,0.9997820258140564,1
8213,0,0.001339999958872795,0
8214,1,0.8234480023384094,1
8215,0,0.08778700232505798,0
8216,0,0.009895999915897846,0
8217,0,0.006951000075787306,0
8218,1,0.8766279816627502,1
8219,1,0.9372259974479675,1
8220,1,0.993012011051178,1
8221,0,0.597786009311676,1
8222,0,0.003200999926775694,0
8223,0,0.0006980000180192292,0
8224,0,0.048955000936985016,0
8225,0,0.2739979922771454,0
8226,0,0.03181999921798706,0
8227,1,0.6783879995346069,1
8228,1,0.9763630032539368,1
8229,1,0.5471060276031494,1
8230,0,0.027807999402284622,0
8231,0,0.005384999793022871,0
8232,0,0.000455000001238659,0
8233,1,0.34862399101257324,0
8234,0,0.0014250000240281224,0
8235,0,0.003495000069960952,0
8236,0,0.14407899975776672,0
8237,1,0.9966030120849609,1
8238,1,0.9995059967041016,1
8239,0,0.028550999239087105,0
8240,0,0.588953971862793,1
8241,1,0.9646649956703186,1
8242,0,0.10617099702358246,0
8243,0,0.6946830153465271,1
8244,1,0.5406410098075867,1
8245,1,0.9373930096626282,1
8246,0,0.02346700057387352,0
8247,1,0.9507570266723633,1
8248,1,0.8947409987449646,1
8249,1,0.9991750121116638,1
8250,0,0.02160399965941906,0
8251,1,0.27009299397468567,0
8252,0,0.0015559999737888575,0
8253,1,0.9976119995117188,1
8254,0,0.8797749876976013,1
8255,1,0.1620209962129593,0
8256,0,0.05524500086903572,0
8257,0,0.13422100245952606,0
8258,0,0.006146000232547522,0
8259,0,0.017935000360012054,0
8260,0,0.0012309999438002706,0
8261,1,0.9036170244216919,1
8262,0,0.5284839868545532,1
8263,0,0.010595000348985195,0
8264,1,0.3261910080909729,0
8265,0,0.03661699965596199,0
8266,0,0.08942200243473053,0
8267,1,0.49786001443862915,0
8268,0,0.004430999979376793,0
8269,0,0.0031109999399632215,0
8270,1,0.6976370215415955,1
8271,1,0.9987300038337708,1
8272,1,0.43059399724006653,0
8273,0,0.6295310258865356,1
8274,0,0.0422700010240078,0
8275,0,0.015565999783575535,0
8276,0,0.7319930195808411,1
8277,1,0.9886559844017029,1
8278,1,0.3680950105190277,0
8279,0,0.00018000000272877514,0
8280,1,0.1857459992170334,0
8281,0,0.0006939999875612557,0
8282,1,0.9537760019302368,1
8283,0,0.006401999853551388,0
8284,1,0.9812690019607544,1
8285,0,0.10206300020217896,0
8286,0,0.005452999845147133,0
8287,1,0.9767990112304688,1
8288,1,0.9946240186691284,1
8289,0,0.359468013048172,0
8290,1,0.98225998878479,1
8291,0,0.007079999893903732,0
8292,0,0.005251000169664621,0
8293,0,0.01877100020647049,0
8294,0,0.03780499845743179,0
8295,0,0.03754200041294098,0
8296,0,0.8363990187644958,1
8297,1,0.9965469837188721,1
8298,1,0.778285026550293,1
8299,0,0.010703999549150467,0
8300,1,0.9928719997406006,1
8301,1,0.9972050189971924,1
8302,0,0.027837000787258148,0
8303,1,0.8783590197563171,1
8304,1,0.9998210072517395,1
8305,1,0.9769430160522461,1
8306,0,0.04729999974370003,0
8307,1,0.9735440015792847,1
8308,1,0.9404399991035461,1
8309,1,0.8823270201683044,1
8310,0,0.013555999845266342,0
8311,1,0.8347709774971008,1
8312,0,0.30672401189804077,0
8313,0,0.03182800114154816,0
8314,1,0.9998570084571838,1
8315,0,0.06433600187301636,0
8316,0,0.02250000089406967,0
8317,0,0.04914899915456772,0
8318,0,0.00964600034058094,0
8319,1,0.9472659826278687,1
8320,0,0.07622800022363663,0
8321,0,0.02672000043094158,0
8322,0,0.0056119998916983604,0
8323,0,0.00912499986588955,0
8324,0,0.011981000192463398,0
8325,0,0.0005670000100508332,0
8326,0,0.06559299677610397,0
8327,1,0.9945970177650452,1
8328,0,0.7935670018196106,1
8329,0,0.006982000079005957,0
8330,1,0.9882349967956543,1
8331,1,0.9714959859848022,1
8332,0,0.02374199964106083,0
8333,1,0.9969930052757263,1
8334,0,0.06393100321292877,0
8335,0,0.025390999391674995,0
8336,0,0.07169300317764282,0
8337,0,0.005566000007092953,0
8338,0,0.0002280000044265762,0
8339,0,0.06198100000619888,0
8340,1,0.9718459844589233,1
8341,0,0.0058650001883506775,0
8342,1,0.9753450155258179,1
8343,1,0.9138169884681702,1
8344,0,0.05916199833154678,0
8345,1,0.8023350238800049,1
8346,1,0.9948689937591553,1
8347,1,0.8880670070648193,1
8348,0,0.08869799971580505,0
8349,0,0.0033390000462532043,0
8350,0,0.23416399955749512,0
8351,1,0.9926869869232178,1
8352,1,0.9974809885025024,1
8353,1,0.9960209727287292,1
8354,1,0.9674569964408875,1
8355,0,0.0039160000160336494,0
8356,0,0.002623999956995249,0
8357,0,0.012888999655842781,0
8358,0,0.010858999565243721,0
8359,1,0.9730110168457031,1
8360,1,0.8594440221786499,1
8361,0,0.5311490297317505,1
8362,0,0.0014100000262260437,0
8363,0,0.004563000053167343,0
8364,1,0.48009800910949707,0
8365,1,0.7516400218009949,1
8366,1,0.9346849918365479,1
8367,1,0.13614200055599213,0
8368,0,0.4595299959182739,0
8369,0,0.0173140000551939,0
8370,0,0.0031530000269412994,0
8371,1,0.7641459703445435,1
8372,0,0.019863000139594078,0
8373,1,0.8158829808235168,1
8374,1,0.9979220032691956,1
8375,0,0.13603100180625916,0
8376,1,0.9961379766464233,1
8377,1,0.9043650031089783,1
8378,1,0.941091001033783,1
8379,0,0.0070580001920461655,0
8380,0,0.03659899905323982,0
8381,1,0.9460769891738892,1
8382,1,0.9125710129737854,1
8383,0,0.01551199983805418,0
8384,0,0.01785299926996231,0
8385,1,0.9843909740447998,1
8386,1,0.9989479780197144,1
8387,0,0.20495900511741638,0
8388,1,0.9236739873886108,1
8389,0,0.19327400624752045,0
8390,0,0.012126999907195568,0
8391,1,0.23194999992847443,0
8392,1,0.9903640151023865,1
8393,0,0.007670999970287085,0
8394,0,0.09786699712276459,0
8395,0,0.0036349999718368053,0
8396,0,0.16067799925804138,0
8397,1,0.725271999835968,1
8398,0,1.4000000192027073e-05,0
8399,0,0.026437999680638313,0
8400,1,0.9536430239677429,1
8401,1,0.9990749955177307,1
8402,1,0.9390239715576172,1
8403,1,0.9853399991989136,1
8404,0,0.07332800328731537,0
8405,0,0.01616699993610382,0
8406,1,0.9440670013427734,1
8407,0,0.013038000091910362,0
8408,0,0.12301599979400635,0
8409,0,0.2671239972114563,0
8410,1,0.9992449879646301,1
8411,1,0.994621992111206,1
8412,0,0.027904000133275986,0
8413,0,0.002254999941214919,0
8414,1,0.5579959750175476,1
8415,0,0.0172169990837574,0
8416,0,0.7128289937973022,1
8417,1,0.9951609969139099,1
8418,1,0.9867010116577148,1
8419,0,1.9999999494757503e-05,0
8420,0,0.03446799889206886,0
8421,1,0.17495499551296234,0
8422,0,0.0030360000673681498,0
8423,1,0.9831110239028931,1
8424,1,0.004676999989897013,0
8425,1,0.4193120002746582,0
8426,1,0.9856320023536682,1
8427,0,0.00032699998700991273,0
8428,0,0.0010509999701753259,0
8429,0,0.02762099914252758,0
8430,1,0.12339899688959122,0
8431,0,0.997963011264801,1
8432,1,0.9644569754600525,1
8433,1,0.8104289770126343,1
8434,0,0.011172999627888203,0
8435,0,0.024692999199032784,0
8436,0,0.0010499999625608325,0
8437,0,0.002202000003308058,0
8438,0,0.016565000638365746,0
8439,1,0.9780679941177368,1
8440,1,0.9548100233078003,1
8441,1,0.6636109948158264,1
8442,1,0.9998409748077393,1
8443,0,0.020911000669002533,0
8444,1,0.9997010231018066,1
8445,0,0.016414999961853027,0
8446,1,0.11288899928331375,0
8447,0,0.04174099862575531,0
8448,0,0.007246000226587057,0
8449,0,0.0008970000199042261,0
8450,1,0.4121200144290924,0
8451,0,0.1257389932870865,0
8452,1,0.9882500171661377,1
8453,1,0.316415011882782,0
8454,0,0.02477099932730198,0
8455,1,0.9945200085639954,1
8456,0,0.0020119999535381794,0
8457,0,0.07010100036859512,0
8458,1,0.11589600145816803,0
8459,0,0.01650400087237358,0
8460,0,0.002561999950557947,0
8461,1,0.6914129853248596,1
8462,1,0.9829760193824768,1
8463,1,0.9037359952926636,1
8464,1,0.41574200987815857,0
8465,0,0.004974000155925751,0
8466,1,0.9974480271339417,1
8467,0,0.00796900037676096,0
8468,1,0.9584789872169495,1
8469,1,0.6114770174026489,1
8470,1,0.9132670164108276,1
8471,1,0.9315860271453857,1
8472,0,0.8898590207099915,1
8473,0,0.02158600091934204,0
8474,1,0.9802619814872742,1
8475,0,0.01396500039845705,0
8476,0,0.11073599755764008,0
8477,1,0.9951329827308655,1
8478,1,0.9973469972610474,1
8479,0,0.25017398595809937,0
8480,1,0.959909975528717,1
8481,0,3.400000059627928e-05,0
8482,0,0.2771179974079132,0
8483,0,0.002056000055745244,0
8484,1,0.1676180064678192,0
8485,1,0.9204840064048767,1
8486,1,0.973796010017395,1
8487,0,0.3555760085582733,0
8488,0,0.0002300000051036477,0
8489,1,0.7455549836158752,1
8490,0,0.4033699929714203,0
8491,0,0.010945999994874,0
8492,0,0.07864899933338165,0
8493,1,0.6708790063858032,1
8494,0,0.017330000177025795,0
8495,1,0.6459050178527832,1
8496,0,0.356344997882843,0
8497,1,1.0,1
8498,1,0.9804610013961792,1
8499,1,0.9956279993057251,1
8500,1,0.6327760219573975,1
8501,1,0.99235999584198,1
8502,1,0.7750880122184753,1
8503,0,0.0033110000658780336,0
8504,1,0.014812000095844269,0
8505,0,0.03002599999308586,0
8506,1,0.9971820116043091,1
8507,1,0.9822319746017456,1
8508,0,0.003607999999076128,0
8509,0,0.9511449933052063,1
8510,1,0.45018601417541504,0
8511,1,0.9988909959793091,1
8512,0,0.01180300023406744,0
8513,1,0.9984620213508606,1
8514,1,0.9560160040855408,1
8515,1,0.9902740120887756,1
8516,1,0.9977949857711792,1
8517,1,0.7796729803085327,1
8518,0,0.006624999921768904,0
8519,1,0.9889490008354187,1
8520,1,0.9909600019454956,1
8521,1,0.7740479707717896,1
8522,1,0.9946680068969727,1
8523,0,0.005379000212997198,0
8524,1,0.5970649719238281,1
8525,0,0.8982939720153809,1
8526,1,0.9908869862556458,1
8527,1,0.9980810284614563,1
8528,1,0.12531499564647675,0
8529,0,0.14677999913692474,0
8530,1,0.9991700053215027,1
8531,0,0.00017699999443721026,0
8532,0,0.007751000113785267,0
8533,0,0.23133300244808197,0
8534,1,0.9819009900093079,1
8535,0,0.027351999655365944,0
8536,1,0.9887959957122803,1
8537,1,0.9808580279350281,1
8538,0,0.037105001509189606,0
8539,1,0.9802049994468689,1
8540,0,0.017016999423503876,0
8541,0,0.003930000122636557,0
8542,0,0.0015910000074654818,0
8543,1,0.6370189785957336,1
8544,1,0.9230009913444519,1
8545,0,0.006697999779134989,0
8546,0,0.04835899919271469,0
8547,0,0.03298100084066391,0
8548,1,0.9919750094413757,1
8549,0,0.03316999971866608,0
8550,1,0.9997419714927673,1
8551,1,0.99577397108078,1
8552,0,0.00948300026357174,0
8553,1,0.9871079921722412,1
8554,0,0.013012000359594822,0
8555,0,0.009480999782681465,0
8556,1,0.7074030041694641,1
8557,0,0.010615999810397625,0
8558,1,0.9771689772605896,1
8559,0,0.004463000223040581,0
8560,1,0.06960199773311615,0
8561,0,0.005030000116676092,0
8562,1,0.9969220161437988,1
8563,0,0.014140999875962734,0
8564,0,0.032905999571084976,0
8565,1,0.9704350233078003,1
8566,1,0.9934160113334656,1
8567,0,0.32668399810791016,0
8568,0,0.023601999506354332,0
8569,0,0.006436999887228012,0
8570,1,0.9706090092658997,1
8571,0,0.02187499962747097,0
8572,0,0.33448100090026855,0
8573,1,0.08375699818134308,0
8574,1,0.9670169949531555,1
8575,0,0.008887000381946564,0
8576,1,0.9981139898300171,1
8577,0,0.0029440000653266907,0
8578,1,0.9511939883232117,1
8579,1,0.9973840117454529,1
8580,1,0.5423139929771423,1
8581,0,0.06900899857282639,0
8582,0,0.00013499999477062374,0
8583,1,0.25882700085639954,0
8584,0,0.0022899999748915434,0
8585,0,0.013542000204324722,0
8586,0,0.21078099310398102,0
8587,0,0.006765000056475401,0
8588,0,0.05125800147652626,0
8589,1,0.9981549978256226,1
8590,1,0.9996330142021179,1
8591,1,0.25336599349975586,0
8592,0,0.4670720100402832,0
8593,0,0.004466000013053417,0
8594,0,0.047710999846458435,0
8595,0,0.24080400168895721,0
8596,0,0.016493000090122223,0
8597,1,0.7242709994316101,1
8598,0,0.09282799810171127,0
8599,0,0.04427700117230415,0
8600,1,0.9820070266723633,1
8601,0,0.22522099316120148,0
8602,0,0.17249099910259247,0
8603,1,0.9381240010261536,1
8604,0,0.062150999903678894,0
8605,1,0.10621999949216843,0
8606,1,0.748740017414093,1
8607,0,0.6302760243415833,1
8608,1,0.9918379783630371,1
8609,0,0.5469499826431274,1
8610,1,0.8964329957962036,1
8611,0,0.010871999897062778,0
8612,1,0.7919939756393433,1
8613,1,0.9945359826087952,1
8614,1,0.9666209816932678,1
8615,0,0.975492000579834,1
8616,0,0.8410739898681641,1
8617,1,0.970088005065918,1
8618,0,0.6997560262680054,1
8619,0,0.0020669999066740274,0
8620,1,0.9119399785995483,1
8621,0,0.2736620008945465,0
8622,1,0.39063599705696106,0
8623,1,0.8276619911193848,1
8624,0,0.9263219833374023,1
8625,1,0.9968500137329102,1
8626,1,0.37852799892425537,0
8627,0,0.015018000267446041,0
8628,0,0.0015360000543296337,0
8629,1,0.9979329705238342,1
8630,0,0.005683000199496746,0
8631,1,0.991221010684967,1
8632,1,0.6123629808425903,1
8633,1,0.9906150102615356,1
8634,0,0.007710000034421682,0
8635,1,0.999110996723175,1
8636,0,0.0011889999732375145,0
8637,1,0.989691972732544,1
8638,0,0.1636440008878708,0
8639,0,0.003372000064700842,0
8640,1,0.9882280230522156,1
8641,0,0.014906000345945358,0
8642,1,0.7630379796028137,1
8643,1,0.8746219873428345,1
8644,1,0.9963160157203674,1
8645,0,0.017177000641822815,0
8646,0,0.0047240001149475574,0
8647,0,0.48274698853492737,0
8648,0,0.7632070183753967,1
8649,1,0.9999809861183167,1
8650,0,0.492574006319046,0
8651,0,0.005154999904334545,0
8652,0,0.0013830000534653664,0
8653,1,0.9853670001029968,1
8654,0,0.025242000818252563,0
8655,1,1.0,1
8656,0,0.5932999849319458,1
8657,0,0.7538220286369324,1
8658,1,0.9887909889221191,1
8659,0,0.0004970000009052455,0
8660,1,0.9994440078735352,1
8661,1,0.9999880194664001,1
8662,0,0.7836350202560425,1
8663,0,0.010588999837636948,0
8664,1,0.6962199807167053,1
8665,0,0.39715099334716797,0
8666,1,0.9983199834823608,1
8667,1,0.9983720183372498,1
8668,0,3.999999989900971e-06,0
8669,1,0.9988840222358704,1
8670,0,0.4833979904651642,0
8671,1,0.029569000005722046,0
8672,1,0.9983940124511719,1
8673,1,0.6495299935340881,1
8674,0,0.4865649938583374,0
8675,1,0.9936990141868591,1
8676,1,0.837909996509552,1
8677,1,0.9757570028305054,1
8678,1,0.9866039752960205,1
8679,1,0.9988470077514648,1
8680,0,0.3023500144481659,0
8681,1,0.989171028137207,1
8682,0,0.08033400028944016,0
8683,1,0.8702719807624817,1
8684,0,0.022887999191880226,0
8685,0,0.8325499892234802,1
8686,0,0.5242900252342224,1
8687,1,0.49195098876953125,0
8688,1,0.9205480217933655,1
8689,1,0.7102339863777161,1
8690,0,0.0014380000066012144,0
8691,0,0.02059599943459034,0
8692,1,0.942097008228302,1
8693,1,0.5303149819374084,1
8694,0,0.002228999976068735,0
8695,1,0.9706270098686218,1
8696,0,0.24460400640964508,0
8697,0,0.013023000210523605,0
8698,1,0.9465799927711487,1
8699,0,0.334989994764328,0
8700,0,0.054281000047922134,0
8701,0,0.06683400273323059,0
8702,1,0.944005012512207,1
8703,0,0.003131000092253089,0
8704,0,0.18530400097370148,0
8705,1,0.9993460178375244,1
8706,0,0.2944369912147522,0
8707,0,0.0003539999888744205,0
8708,0,1.9999999949504854e-06,0
8709,1,0.9815999865531921,1
8710,1,0.9994879961013794,1
8711,0,0.01706399954855442,0
8712,0,0.0014939999673515558,0
8713,1,0.996990978717804,1
8714,0,0.3837969899177551,0
8715,0,0.6565269827842712,1
8716,1,0.41531801223754883,0
8717,1,0.9599400162696838,1
8718,0,0.0142000000923872,0
8719,1,0.4293760061264038,0
8720,0,0.13746799528598785,0
8721,0,0.029594000428915024,0
8722,1,0.9999459981918335,1
8723,1,0.9971939921379089,1
8724,1,0.43420401215553284,0
8725,0,0.015977999195456505,0
8726,0,0.00738399988040328,0
8727,0,0.051451001316308975,0
8728,0,0.27368900179862976,0
8729,1,0.9670420289039612,1
8730,1,0.4048919975757599,0
8731,1,0.9974690079689026,1
8732,1,0.9779260158538818,1
8733,1,0.8995760083198547,1
8734,1,0.9957900047302246,1
8735,0,0.4390900135040283,0
8736,1,0.9550759792327881,1
8737,0,0.006442000158131123,0
8738,1,0.9224119782447815,1
8739,1,0.990792989730835,1
8740,1,0.9782500267028809,1
8741,1,0.9998819828033447,1
8742,1,0.999783992767334,1
8743,0,0.13254399597644806,0
8744,0,0.38141098618507385,0
8745,1,0.9983429908752441,1
8746,0,0.0010890000266954303,0
8747,0,0.0037479999009519815,0
8748,0,0.029911000281572342,0
8749,1,0.9997599720954895,1
8750,0,0.02890699915587902,0
8751,1,0.9773740172386169,1
8752,1,0.8384870290756226,1
8753,0,0.0005559999844990671,0
8754,1,0.9924910068511963,1
8755,0,0.5258060097694397,1
8756,0,0.010820000432431698,0
8757,1,0.9270089864730835,1
8758,0,0.008074999786913395,0
8759,1,0.9903960227966309,1
8760,1,0.8930749893188477,1
8761,0,0.013427999801933765,0
8762,1,0.6673399806022644,1
8763,0,0.014097999781370163,0
8764,1,0.9839550256729126,1
8765,0,0.00520299980416894,0
8766,0,0.009836999699473381,0
8767,1,0.922510027885437,1
8768,1,0.16699999570846558,0
8769,0,0.025752000510692596,0
8770,1,0.08975999802350998,0
8771,1,0.9859269857406616,1
8772,0,0.002856000093743205,0
8773,0,0.0015140000032261014,0
8774,1,0.9548299908638,1
8775,0,0.43513500690460205,0
8776,0,0.07944700121879578,0
8777,1,0.7319599986076355,1
8778,0,0.03951599821448326,0
8779,1,0.9626290202140808,1
8780,0,0.11533500254154205,0
8781,0,0.007077000103890896,0
8782,0,0.02030099928379059,0
8783,0,0.0034439999144524336,0
8784,1,0.999638020992279,1
8785,1,0.9965590238571167,1
8786,1,0.47611498832702637,0
8787,1,0.9780470132827759,1
8788,1,0.956824004650116,1
8789,1,0.9995520114898682,1
8790,1,0.9974650144577026,1
8791,0,0.008725999854505062,0
8792,1,0.9999169707298279,1
8793,0,0.8647140264511108,1
8794,0,0.004546999931335449,0
8795,1,0.9781979918479919,1
8796,1,0.985310971736908,1
8797,0,0.45064300298690796,0
8798,0,0.01807500049471855,0
8799,0,0.0007309999782592058,0
8800,0,0.035294998437166214,0
8801,0,0.13608400523662567,0
8802,1,0.9674789905548096,1
8803,1,0.15710200369358063,0
8804,0,0.005981000140309334,0
8805,0,0.006300999782979488,0
8806,1,0.9346529841423035,1
8807,1,0.989549994468689,1
8808,1,0.8301820158958435,1
8809,0,0.06164399906992912,0
8810,1,0.867385983467102,1
8811,0,0.012002999894320965,0
8812,1,0.9898229837417603,1
8813,1,1.0,1
8814,1,0.9972550272941589,1
8815,1,0.8089069724082947,1
8816,0,0.010502000339329243,0
8817,0,0.001133000012487173,0
8818,0,0.023665999993681908,0
8819,1,0.9997649788856506,1
8820,0,0.01905900053679943,0
8821,0,0.15522199869155884,0
8822,0,0.007792000193148851,0
8823,0,0.010917999781668186,0
8824,0,0.012023000046610832,0
8825,0,0.3483799993991852,0
8826,1,0.9810870289802551,1
8827,0,0.16175700724124908,0
8828,0,0.1915930062532425,0
8829,1,0.9037190079689026,1
8830,1,0.9861639738082886,1
8831,0,0.00229199999012053,0
8832,0,0.0031389999203383923,0
8833,0,0.00035200000274926424,0
8834,0,0.6429309844970703,1
8835,1,0.943103015422821,1
8836,0,0.0025869999080896378,0
8837,0,0.0014600000577047467,0
8838,1,0.637033998966217,1
8839,1,0.4172849953174591,0
8840,0,0.02941500023007393,0
8841,0,0.2186730057001114,0
8842,0,0.20888100564479828,0
8843,1,0.8259980082511902,1
8844,0,0.038231998682022095,0
8845,0,0.007234999909996986,0
8846,1,0.9383260011672974,1
8847,1,0.9964320063591003,1
8848,1,0.9995689988136292,1
8849,1,0.9615020155906677,1
8850,1,0.9112859964370728,1
8851,0,0.0037559999618679285,0
8852,0,0.00031400000443682075,0
8853,0,0.12405899912118912,0
8854,0,0.37831300497055054,0
8855,0,0.4317770004272461,0
8856,0,0.18960599601268768,0
8857,1,0.9923279881477356,1
8858,0,0.02307800017297268,0
8859,1,0.995868980884552,1
8860,1,0.9978229999542236,1
8861,0,0.6893159747123718,1
8862,1,0.6646999716758728,1
8863,1,0.717739999294281,1
8864,0,0.07036100327968597,0
8865,0,0.06524799764156342,0
8866,1,0.7193970084190369,1
8867,0,0.025894999504089355,0
8868,0,0.012272000312805176,0
8869,1,0.9320539832115173,1
8870,1,0.9917799830436707,1
8871,0,0.4037179946899414,0
8872,1,0.8449059724807739,1
8873,1,0.9096149802207947,1
8874,1,0.9013800024986267,1
8875,0,0.17601899802684784,0
8876,1,0.9969660043716431,1
8877,0,0.006415999960154295,0
8878,1,0.9768419861793518,1
8879,1,0.7814679741859436,1
8880,0,0.8789420127868652,1
8881,1,0.9981909990310669,1
8882,0,0.044227998703718185,0
8883,0,0.0001849999971454963,0
8884,0,0.36231499910354614,0
8885,0,0.0006200000061653554,0
8886,0,0.012985999695956707,0
8887,0,0.013942999765276909,0
8888,1,0.9999250173568726,1
8889,0,0.5801709890365601,1
8890,0,0.010453999973833561,0
8891,1,0.9955639839172363,1
8892,1,0.9888479709625244,1
8893,0,0.04132400080561638,0
8894,0,0.01358999963849783,0
8895,1,0.914106011390686,1
8896,0,0.012508999556303024,0
8897,0,0.014266000129282475,0
8898,0,7.999999979801942e-06,0
8899,1,0.21253399550914764,0
8900,0,0.025661999359726906,0
8901,1,0.959272027015686,1
8902,1,0.9664710164070129,1
8903,1,0.9992460012435913,1
8904,1,0.9996029734611511,1
8905,1,0.9478009939193726,1
8906,0,0.5871509909629822,1
8907,0,0.005293000023812056,0
8908,0,0.006380000151693821,0
8909,1,0.8503879904747009,1
8910,1,0.1379619985818863,0
8911,1,0.9970260262489319,1
8912,0,0.035034000873565674,0
8913,1,0.9431700110435486,1
8914,1,0.7736430168151855,1
8915,0,0.06196900084614754,0
8916,1,0.8869779706001282,1
8917,0,0.07610999792814255,0
8918,0,0.01992500014603138,0
8919,1,0.975383996963501,1
8920,1,0.9991779923439026,1
8921,0,0.0002849999873433262,0
8922,0,0.001690999954007566,0
8923,0,0.02713100053369999,0
8924,1,0.6811280250549316,1
8925,0,0.8776389956474304,1
8926,1,0.9903200268745422,1
8927,1,0.4829770028591156,0
8928,1,0.9547780156135559,1
8929,0,0.006649999879300594,0
8930,0,0.12484899908304214,0
8931,1,0.8720530271530151,1
8932,0,0.7142930030822754,1
8933,0,0.057705000042915344,0
8934,1,0.7894219756126404,1
8935,0,0.0014929999597370625,0
8936,1,0.995635986328125,1
8937,0,0.0005929999751970172,0
8938,0,0.0021550001110881567,0
8939,1,0.4682599902153015,0
8940,1,0.7941529750823975,1
8941,0,0.02284800074994564,0
8942,0,0.02124200016260147,0
8943,1,0.948934018611908,1
8944,1,0.9875829815864563,1
8945,0,0.00911100022494793,0
8946,0,0.004366000182926655,0
8947,1,0.9637960195541382,1
8948,1,0.9957190155982971,1
8949,0,0.25478699803352356,0
8950,1,0.9640669822692871,1
8951,1,0.9960600137710571,1
8952,1,0.9899299740791321,1
8953,1,0.8860769867897034,1
8954,0,0.43265700340270996,0
8955,0,0.6903510093688965,1
8956,0,0.5128329992294312,1
8957,1,0.9926990270614624,1
8958,1,0.9999279975891113,1
8959,1,0.997573971748352,1
8960,0,0.36426201462745667,0
8961,1,0.8901739716529846,1
8962,1,0.9909219741821289,1
8963,0,0.012818999588489532,0
8964,0,0.0028899998869746923,0
8965,1,0.9982709884643555,1
8966,0,0.04329700022935867,0
8967,0,0.017297999933362007,0
8968,0,0.0859220027923584,0
8969,0,0.004133000038564205,0
8970,1,0.9212350249290466,1
8971,0,0.23759600520133972,0
8972,1,0.9993550181388855,1
8973,1,0.9999380111694336,1
8974,1,0.976593017578125,1
8975,1,0.9945030212402344,1
8976,0,0.019665999338030815,0
8977,0,0.22168900072574615,0
8978,0,0.00620400020852685,0
8979,0,0.01081399992108345,0
8980,0,0.01182399969547987,0
8981,1,0.9132120013237,1
8982,1,0.9999960064888,1
8983,0,0.0010949999559670687,0
8984,1,0.930683970451355,1
8985,1,0.9890859723091125,1
8986,1,0.992609977722168,1
8987,0,0.1943340003490448,0
8988,1,0.9863010048866272,1
8989,0,0.3463360071182251,0
8990,0,0.006144000217318535,0
8991,0,0.08552499860525131,0
8992,0,0.01433200016617775,0
8993,0,0.29888901114463806,0
8994,1,0.9657189846038818,1
8995,1,0.997376024723053,1
8996,1,0.05287599936127663,0
8997,0,0.34567201137542725,0
8998,0,0.22080199420452118,0
8999,1,0.965520977973938,1
9000,0,0.9403579831123352,1
9001,1,0.9998180270195007,1
9002,0,0.04445600137114525,0
9003,1,0.9939500093460083,1
9004,0,0.4454759955406189,0
9005,1,0.9909319877624512,1
9006,1,0.9643459916114807,1
9007,1,0.5180850028991699,1
9008,0,0.005297999829053879,0
9009,1,0.9998180270195007,1
9010,1,0.9398880004882812,1
9011,1,0.8134520053863525,1
9012,1,0.9985139966011047,1
9013,0,0.05508999899029732,0
9014,1,0.9459350109100342,1
9015,0,0.013969000428915024,0
9016,0,0.29653400182724,0
9017,0,0.14010299742221832,0
9018,1,0.9791269898414612,1
9019,1,0.9999139904975891,1
9020,0,0.5574039816856384,1
9021,1,0.817451000213623,1
9022,0,0.004203000105917454,0
9023,0,0.004284000024199486,0
9024,1,0.9999989867210388,1
9025,0,0.36831000447273254,0
9026,0,0.008762000128626823,0
9027,0,0.0007479999912902713,0
9028,1,0.9735249876976013,1
9029,1,0.9999930262565613,1
9030,1,0.6726239919662476,1
9031,1,0.9978740215301514,1
9032,0,0.0017659999430179596,0
9033,1,0.9921200275421143,1
9034,0,0.011795000173151493,0
9035,1,0.9992480278015137,1
9036,0,0.8511639833450317,1
9037,1,0.9632239937782288,1
9038,0,0.0020620001014322042,0
9039,0,0.6235659718513489,1
9040,0,0.000881000014487654,0
9041,0,0.09792699664831161,0
9042,1,0.9658859968185425,1
9043,0,0.029829999431967735,0
9044,0,0.0008009999874047935,0
9045,1,0.8689810037612915,1
9046,0,0.04081699997186661,0
9047,1,0.9751570224761963,1
9048,0,0.32210400700569153,0
9049,1,0.9985479712486267,1
9050,0,0.016246000304818153,0
9051,1,0.9426569938659668,1
9052,1,0.8547289967536926,1
9053,0,0.023767000064253807,0
9054,0,0.6807360053062439,1
9055,1,0.7599300146102905,1
9056,0,0.19944599270820618,0
9057,0,0.013553000055253506,0
9058,0,0.013047999702394009,0
9059,0,0.009757000021636486,0
9060,0,0.0032820000778883696,0
9061,0,0.03362400084733963,0
9062,0,0.01538699958473444,0
9063,0,0.0012860000133514404,0
9064,1,0.998760998249054,1
9065,1,0.9999970197677612,1
9066,0,0.13868899643421173,0
9067,1,0.9944409728050232,1
9068,0,0.0070940000005066395,0
9069,1,0.9122009873390198,1
9070,1,0.3816710114479065,0
9071,1,0.6228709816932678,1
9072,1,0.977258026599884,1
9073,0,0.27567800879478455,0
9074,0,0.08561299741268158,0
9075,1,0.9875689744949341,1
9076,1,0.9667869806289673,1
9077,0,0.01158200018107891,0
9078,0,0.08449199795722961,0
9079,1,0.9804369807243347,1
9080,1,0.8515729904174805,1
9081,1,0.9977210164070129,1
9082,1,0.9514790177345276,1
9083,0,0.00853000022470951,0
9084,1,0.9588930010795593,1
9085,1,0.9766139984130859,1
9086,0,0.008382000029087067,0
9087,0,0.004248000215739012,0
9088,1,0.9694799780845642,1
9089,0,0.2001740038394928,0
9090,0,0.002300000051036477,0
9091,1,0.9999939799308777,1
9092,1,0.9963089823722839,1
9093,1,0.9848060011863708,1
9094,1,0.8588380217552185,1
9095,0,0.008080000057816505,0
9096,0,0.007298999931663275,0
9097,0,0.0040779998525977135,0
9098,1,0.9998390078544617,1
9099,1,0.974835991859436,1
9100,1,0.5691800117492676,1
9101,1,0.940805971622467,1
9102,0,0.7119619846343994,1
9103,0,0.487623006105423,0
9104,0,0.013020999729633331,0
9105,0,0.000965000013820827,0
9106,1,0.3670729994773865,0
9107,1,0.9807180166244507,1
9108,1,0.7842550277709961,1
9109,1,0.9993219971656799,1
9110,0,0.016517000272870064,0
9111,1,0.9646450281143188,1
9112,1,0.9792490005493164,1
9113,1,0.978950023651123,1
9114,0,0.9597960114479065,1
9115,0,0.02401600033044815,0
9116,1,0.9999809861183167,1
9117,1,0.7975929975509644,1
9118,1,0.966808021068573,1
9119,1,0.988860011100769,1
9120,1,0.05694099888205528,0
9121,1,0.8289960026741028,1
9122,1,0.9708690047264099,1
9123,0,0.014144999906420708,0
9124,1,0.9748799800872803,1
9125,1,0.9722499847412109,1
9126,1,1.0,1
9127,0,0.07322599738836288,0
9128,0,0.0004039999912492931,0
9129,1,0.9991949796676636,1
9130,0,0.008342999964952469,0
9131,1,0.9706850051879883,1
9132,0,0.04766499996185303,0
9133,1,0.9900270104408264,1
9134,0,0.012972000055015087,0
9135,1,0.9943609833717346,1
9136,0,0.9267699718475342,1
9137,0,0.33396199345588684,0
9138,0,0.28575098514556885,0
9139,1,0.998960018157959,1
9140,0,0.0032319999299943447,0
9141,0,0.027767999097704887,0
9142,1,0.999983012676239,1
9143,1,0.9934509992599487,1
9144,0,0.08504299819469452,0
9145,1,0.9985259771347046,1
9146,0,0.0070859999395906925,0
9147,1,0.998403012752533,1
9148,1,0.9631580114364624,1
9149,0,0.010955000296235085,0
9150,0,0.5025609731674194,1
9151,1,0.9839019775390625,1
9152,1,0.9864649772644043,1
9153,0,0.9458540081977844,1
9154,1,0.21470099687576294,0
9155,1,0.9900079965591431,1
9156,1,0.7607179880142212,1
9157,0,0.0001230000052601099,0
9158,1,0.8827790021896362,1
9159,1,0.9585360288619995,1
9160,0,0.10627300292253494,0
9161,0,0.058076001703739166,0
9162,0,0.002845000009983778,0
9163,0,0.07279200106859207,0
9164,0,0.013426999561488628,0
9165,0,0.008914999663829803,0
9166,0,0.10287600010633469,0
9167,1,0.8213890194892883,1
9168,1,0.9592940211296082,1
9169,1,0.8546689748764038,1
9170,1,0.2711069881916046,0
9171,1,0.9714530110359192,1
9172,0,0.07699699699878693,0
9173,1,0.9921000003814697,1
9174,1,0.9997810125350952,1
9175,0,0.0348609983921051,0
9176,1,0.9269430041313171,1
9177,1,0.9877960085868835,1
9178,1,0.10112900286912918,0
9179,1,0.5237410068511963,1
9180,0,0.6081849932670593,1
9181,1,0.9997149705886841,1
9182,1,0.6666309833526611,1
9183,1,0.4063369929790497,0
9184,1,0.8774309754371643,1
9185,0,0.08744099736213684,0
9186,1,0.9692040085792542,1
9187,0,0.34475401043891907,0
9188,1,0.9848390221595764,1
9189,1,0.9994329810142517,1
9190,0,0.014553000219166279,0
9191,1,0.9963759779930115,1
9192,0,0.15605099499225616,0
9193,0,0.008491000160574913,0
9194,0,0.005932000000029802,0
9195,1,0.9999549984931946,1
9196,0,0.004108000081032515,0
9197,0,0.0007730000070296228,0
9198,1,0.9787970185279846,1
9199,0,0.05667100101709366,0
9200,1,0.9959930181503296,1
9201,0,0.06168000027537346,0
9202,1,0.983020007610321,1
9203,0,0.004255000036209822,0
9204,1,0.9940170049667358,1
9205,0,0.5812990069389343,1
9206,0,0.0009919999865815043,0
9207,0,0.0027779999654740095,0
9208,0,0.12423299998044968,0
9209,0,0.1161860004067421,0
9210,1,0.9913640022277832,1
9211,0,0.062279000878334045,0
9212,1,0.12012399733066559,0
9213,0,0.06899899989366531,0
9214,0,0.0810680016875267,0
9215,1,0.9997169971466064,1
9216,0,0.00010800000018207356,0
9217,1,0.9189050197601318,1
9218,0,0.00042600001324899495,0
9219,1,0.11749999970197678,0
9220,1,0.3865799903869629,0
9221,1,0.9993240237236023,1
9222,0,0.002230999991297722,0
9223,1,0.3504349887371063,0
9224,1,0.9997739791870117,1
9225,1,0.9840059876441956,1
9226,0,0.14653199911117554,0
9227,0,0.004739999771118164,0
9228,1,0.9946600198745728,1
9229,0,0.1617870032787323,0
9230,0,0.0002519999979995191,0
9231,0,0.03247400000691414,0
9232,0,0.06290499866008759,0
9233,1,0.870760977268219,1
9234,0,0.02626500092446804,0
9235,0,0.35766100883483887,0
9236,0,0.02748899906873703,0
9237,0,0.16953599452972412,0
9238,1,0.9942860007286072,1
9239,0,0.0010779999429360032,0
9240,0,0.09145200252532959,0
9241,1,0.9932929873466492,1
9242,1,0.028483999893069267,0
9243,0,0.5198820233345032,1
9244,0,0.5019810199737549,1
9245,0,0.10503999888896942,0
9246,1,0.9996790289878845,1
9247,1,0.9999949932098389,1
9248,1,0.0708409994840622,0
9249,1,0.9898099899291992,1
9250,0,0.010882000438869,0
9251,1,0.9927210211753845,1
9252,0,0.2127619981765747,0
9253,1,0.9271969795227051,1
9254,0,0.0018739999504759908,0
9255,0,0.021254999563097954,0
9256,1,0.19287000596523285,0
9257,0,0.02168400026857853,0
9258,0,0.23586499691009521,0
9259,0,0.5568090081214905,1
9260,1,0.9944270253181458,1
9261,0,0.46792298555374146,0
9262,0,0.002862999914214015,0
9263,1,0.7132440209388733,1
9264,0,0.009065999649465084,0
9265,0,0.0004959999932907522,0
9266,1,0.9903069734573364,1
9267,1,0.7595779895782471,1
9268,1,0.998420000076294,1
9269,1,0.9995570182800293,1
9270,0,0.11092200130224228,0
9271,1,0.9045019745826721,1
9272,0,0.07632400095462799,0
9273,0,0.0717260017991066,0
9274,1,0.9991080164909363,1
9275,1,0.9951419830322266,1
9276,1,0.9713119864463806,1
9277,1,0.998100996017456,1
9278,1,0.9856060147285461,1
9279,0,0.003602999961003661,0
9280,0,0.12800000607967377,0
9281,0,0.14265300333499908,0
9282,1,0.9986860156059265,1
9283,1,0.996097981929779,1
9284,0,0.0029239999130368233,0
9285,1,0.9905589818954468,1
9286,1,0.9877750277519226,1
9287,1,0.9777960181236267,1
9288,0,0.0065009999088943005,0
9289,1,0.8293079733848572,1
9290,1,0.971572995185852,1
9291,0,0.03964700177311897,0
9292,0,0.025266999378800392,0
9293,0,0.034963998943567276,0
9294,1,0.8637340068817139,1
9295,1,0.8750069737434387,1
9296,1,0.985256016254425,1
9297,0,0.407478004693985,0
9298,0,0.0013630000175908208,0
9299,1,0.9998980164527893,1
9300,0,0.027481000870466232,0
9301,0,0.0008520000264979899,0
9302,1,0.9996370077133179,1
9303,1,0.9993579983711243,1
9304,0,0.0927719995379448,0
9305,1,0.9907730221748352,1
9306,0,0.30400800704956055,0
9307,0,0.00822100043296814,0
9308,1,0.9555649757385254,1
9309,1,0.9977419972419739,1
9310,0,0.005638000089675188,0
9311,0,0.01895499974489212,0
9312,0,0.024020999670028687,0
9313,0,0.45760101079940796,0
9314,1,0.995805025100708,1
9315,0,0.08569300174713135,0
9316,0,0.3101100027561188,0
9317,0,0.20756100118160248,0
9318,1,0.9912660121917725,1
9319,0,0.01243599969893694,0
9320,0,0.017211999744176865,0
9321,1,0.9444299936294556,1
9322,0,0.19487300515174866,0
9323,1,0.9952890276908875,1
9324,1,0.9785749912261963,1
9325,0,0.003002000041306019,0
9326,0,0.011657999828457832,0
9327,1,0.9829310178756714,1
9328,0,0.0119439996778965,0
9329,0,0.0026130001060664654,0
9330,1,0.9767720103263855,1
9331,1,0.9414550065994263,1
9332,0,0.042472001165151596,0
9333,1,0.9645980000495911,1
9334,1,0.9926490187644958,1
9335,1,0.9978529810905457,1
9336,0,0.005216999910771847,0
9337,0,0.09337600320577621,0
9338,1,0.8880850076675415,1
9339,0,0.2683340013027191,0
9340,1,0.5368379950523376,1
9341,0,0.003763000015169382,0
9342,0,0.6037260293960571,1
9343,0,0.0006539999740198255,0
9344,0,0.03676600009202957,0
9345,1,0.6989989876747131,1
9346,0,0.6242629885673523,1
9347,0,0.03687399998307228,0
9348,1,0.9915279746055603,1
9349,1,0.9999989867210388,1
9350,0,0.03885899856686592,0
9351,1,0.9069799780845642,1
9352,0,0.38751399517059326,0
9353,0,0.0730310007929802,0
9354,0,0.07107999920845032,0
9355,1,0.9959279894828796,1
9356,0,0.0011340000201016665,0
9357,1,0.4113990068435669,0
9358,1,0.9403889775276184,1
9359,1,0.47182801365852356,0
9360,0,0.003785999957472086,0
9361,1,0.8801230192184448,1
9362,1,0.9855679869651794,1
9363,0,0.005022000055760145,0
9364,1,0.9614760279655457,1
9365,0,0.027514999732375145,0
9366,1,0.9948279857635498,1
9367,0,0.004052999895066023,0
9368,1,0.8521609902381897,1
9369,0,0.0013020000187680125,0
9370,1,0.9982609748840332,1
9371,1,0.999983012676239,1
9372,0,0.054944999516010284,0
9373,1,0.9953160285949707,1
9374,1,0.9705039858818054,1
9375,1,0.9852849841117859,1
9376,0,0.005733000114560127,0
9377,0,0.6477720141410828,1
9378,1,0.9999960064888,1
9379,1,0.9426349997520447,1
9380,1,0.9926689863204956,1
9381,1,0.9990879893302917,1
9382,0,0.03463299944996834,0
9383,1,0.9767540097236633,1
9384,1,0.9751799702644348,1
9385,0,0.0,0
9386,0,0.7911289930343628,1
9387,1,0.9999979734420776,1
9388,1,0.9998589754104614,1
9389,0,0.23013800382614136,0
9390,0,0.015657000243663788,0
9391,1,0.9999880194664001,1
9392,0,0.01626100018620491,0
9393,0,0.017385000362992287,0
9394,0,0.04011499881744385,0
9395,0,0.29315799474716187,0
9396,0,0.03142699971795082,0
9397,1,0.9796130061149597,1
9398,1,0.6369220018386841,1
9399,1,0.681780993938446,1
9400,0,0.019961999729275703,0
9401,0,0.007884000428020954,0
9402,1,0.9812690019607544,1
9403,1,0.43594300746917725,0
9404,1,0.998524010181427,1
9405,0,0.0007970000151544809,0
9406,0,0.02755899913609028,0
9407,1,0.9996200203895569,1
9408,0,0.06523799896240234,0
9409,0,0.006800999864935875,0
9410,0,0.004561999812722206,0
9411,0,0.002340999897569418,0
9412,0,0.005241000093519688,0
9413,1,0.9999799728393555,1
9414,0,0.009181000292301178,0
9415,1,0.600836992263794,1
9416,1,0.9661290049552917,1
9417,1,0.9568079710006714,1
9418,0,0.04469100013375282,0
9419,0,2.5999999706982635e-05,0
9420,1,0.9976469874382019,1
9421,0,0.04058400169014931,0
9422,0,0.003226999891921878,0
9423,0,0.8818309903144836,1
9424,1,0.9935439825057983,1
9425,0,0.4907340109348297,0
9426,0,0.004215999972075224,0
9427,1,0.9852679967880249,1
9428,1,0.9998970031738281,1
9429,1,0.9499940276145935,1
9430,0,0.010359000414609909,0
9431,1,0.9987819790840149,1
9432,0,0.9760950207710266,1
9433,1,0.9332209825515747,1
9434,0,0.8353400230407715,1
9435,1,0.8056790232658386,1
9436,1,0.9849579930305481,1
9437,1,0.9825670123100281,1
9438,0,0.4635849893093109,0
9439,0,0.016999000683426857,0
9440,0,0.021252000704407692,0
9441,1,0.9987120032310486,1
9442,0,0.006436000112444162,0
9443,0,0.1822649985551834,0
9444,0,0.20549699664115906,0
9445,1,0.9726970195770264,1
9446,1,0.8597379922866821,1
9447,0,0.01885800063610077,0
9448,0,0.053373999893665314,0
9449,0,0.23822100460529327,0
9450,1,0.7234910130500793,1
9451,0,0.014027000404894352,0
9452,0,0.001449999981559813,0
9453,1,0.9830979704856873,1
9454,1,0.9910730123519897,1
9455,1,0.9923719763755798,1
9456,0,0.000155999994603917,0
9457,0,0.9229400157928467,1
9458,1,0.30899500846862793,0
9459,1,0.8951939940452576,1
9460,1,0.9992539882659912,1
9461,0,0.5599949955940247,1
9462,0,0.0006140000186860561,0
9463,0,0.0028200000524520874,0
9464,1,0.1487780064344406,0
9465,1,0.9380599856376648,1
9466,0,0.9575250148773193,1
9467,0,0.025397000834345818,0
9468,0,0.24921299517154694,0
9469,0,0.012132000178098679,0
9470,1,0.9998769760131836,1
9471,0,0.006260000169277191,0
9472,0,0.03265099972486496,0
9473,1,0.9940990209579468,1
9474,1,0.2719779908657074,0
9475,1,0.6868849992752075,1
9476,1,0.9959840178489685,1
9477,1,0.9379580020904541,1
9478,0,0.18961000442504883,0
9479,0,0.9995539784431458,1
9480,0,0.0023159999400377274,0
9481,0,0.0,0
9482,0,0.00392899988219142,0
9483,1,0.9965810179710388,1
9484,1,0.9337930083274841,1
9485,1,0.13048699498176575,0
9486,1,0.9966970086097717,1
9487,1,0.24916799366474152,0
9488,0,0.06899700313806534,0
9489,0,0.32672300934791565,0
9490,1,0.9031720161437988,1
9491,0,0.023343000560998917,0
9492,1,0.9812039732933044,1
9493,1,0.843563973903656,1
9494,1,0.4067380130290985,0
9495,1,0.8694999814033508,1
9496,1,0.8914790153503418,1
9497,0,0.11845000088214874,0
9498,1,0.999343991279602,1
9499,1,0.9953740239143372,1
9500,1,0.9960989952087402,1
9501,1,0.9730759859085083,1
9502,1,0.9993870258331299,1
9503,0,0.053408000618219376,0
9504,0,0.0023479999508708715,0
9505,1,0.7768669724464417,1
9506,0,0.04643100127577782,0
9507,0,0.002377999946475029,0
9508,0,0.05086899921298027,0
9509,1,0.9962729811668396,1
9510,0,0.032878000289201736,0
9511,1,0.8270350098609924,1
9512,0,0.040702998638153076,0
9513,0,0.019106000661849976,0
9514,0,0.00041599999531172216,0
9515,1,0.9968990087509155,1
9516,0,0.12217699736356735,0
9517,0,0.003488000016659498,0
9518,0,0.004683999810367823,0
9519,0,0.3256089985370636,0
9520,0,0.6699730157852173,1
9521,1,0.9997209906578064,1
9522,1,0.9980409741401672,1
9523,1,0.9746779799461365,1
9524,1,0.9913049936294556,1
9525,1,0.8838890194892883,1
9526,0,0.025551000609993935,0
9527,0,0.020997999235987663,0
9528,1,0.3592100143432617,0
9529,0,0.13040199875831604,0
9530,0,0.01278700027614832,0
9531,1,0.9879969954490662,1
9532,1,0.9988610148429871,1
9533,0,0.13796000182628632,0
9534,1,0.9999949932098389,1
9535,1,0.957859992980957,1
9536,0,0.02960900031030178,0
9537,0,0.02348100021481514,0
9538,1,0.8939229846000671,1
9539,0,0.06482599675655365,0
9540,1,0.9991559982299805,1
9541,1,0.9872819781303406,1
9542,0,0.0595720000565052,0
9543,1,0.9779180288314819,1
9544,1,0.9960600137710571,1
9545,1,0.9922289848327637,1
9546,0,0.014573000371456146,0
9547,1,0.9739469885826111,1
9548,1,0.9958840012550354,1
9549,1,0.9751780033111572,1
9550,1,0.905115008354187,1
9551,1,0.962378978729248,1
9552,0,0.023579999804496765,0
9553,1,0.8200169801712036,1
9554,0,0.00029200001154094934,0
9555,1,1.0,1
9556,0,0.6709359884262085,1
9557,1,0.9986129999160767,1
9558,1,0.9663000106811523,1
9559,0,0.08798199892044067,0
9560,0,0.3998290002346039,0
9561,1,0.9594470262527466,1
9562,0,0.0014560000272467732,0
9563,1,0.9796130061149597,1
9564,0,0.9033660292625427,1
9565,0,0.05027500167489052,0
9566,1,0.99788898229599,1
9567,1,0.8183509707450867,1
9568,1,0.9971759915351868,1
9569,1,0.9489330053329468,1
9570,1,0.9947100281715393,1
9571,0,0.0012959999730810523,0
9572,0,0.39292800426483154,0
9573,1,0.9992150068283081,1
9574,0,0.005756999831646681,0
9575,0,0.03627699986100197,0
9576,0,0.47811201214790344,0
9577,1,0.9994720220565796,1
9578,0,0.2060209959745407,0
9579,0,0.0014100000262260437,0
9580,1,0.9781339764595032,1
9581,0,0.00016799999866634607,0
9582,0,0.12328600138425827,0
9583,1,0.9914119839668274,1
9584,1,0.9928969740867615,1
9585,1,0.9997760057449341,1
9586,0,0.0029170000925660133,0
9587,1,0.9403979778289795,1
9588,0,0.2054000049829483,0
9589,1,0.3224090039730072,0
9590,1,0.12646999955177307,0
9591,0,0.015327000059187412,0
9592,1,0.9952139854431152,1
9593,1,0.9982929825782776,1
9594,1,0.9540839791297913,1
9595,1,0.9812970161437988,1
9596,1,0.8000550270080566,1
9597,0,0.022314000874757767,0
9598,1,0.9995740056037903,1
9599,0,0.08504199981689453,0
9600,0,0.0005540000274777412,0
9601,0,0.024661000818014145,0
9602,1,0.9311869740486145,1
9603,0,0.11064600199460983,0
9604,0,0.6440420150756836,1
9605,0,0.042771998792886734,0
9606,0,0.015425000339746475,0
9607,0,0.07614400237798691,0
9608,1,0.9956870079040527,1
9609,0,0.585444986820221,1
9610,1,0.9955999851226807,1
9611,0,0.013729999773204327,0
9612,1,0.8257920145988464,1
9613,0,0.01711300015449524,0
9614,1,0.9981380105018616,1
9615,0,0.003172999946400523,0
9616,0,0.000514000013936311,0
9617,0,0.16035200655460358,0
9618,0,0.0072929998859763145,0
9619,1,0.7590579986572266,1
9620,0,0.00368599989451468,0
9621,1,0.8858159780502319,1
9622,1,0.7061399817466736,1
9623,1,0.9943640232086182,1
9624,1,0.9989020228385925,1
9625,1,0.8408830165863037,1
9626,0,0.1372939944267273,0
9627,1,0.9846910238265991,1
9628,0,0.000893999997060746,0
9629,1,0.99993497133255,1
9630,1,0.9850149750709534,1
9631,0,0.022948000580072403,0
9632,1,0.9755229949951172,1
9633,0,0.007919000461697578,0
9634,1,0.9822930097579956,1
9635,1,0.999426007270813,1
9636,0,0.005667000077664852,0
9637,1,0.9699559807777405,1
9638,1,0.8610690236091614,1
9639,0,0.4636619985103607,0
9640,0,0.004976999945938587,0
9641,1,0.9986460208892822,1
9642,1,0.9942190051078796,1
9643,0,0.08615399897098541,0
9644,0,0.0930740013718605,0
9645,0,0.03541700169444084,0
9646,1,0.649387001991272,1
9647,1,0.008186999708414078,0
9648,1,0.9998630285263062,1
9649,1,0.9938250184059143,1
9650,1,0.10260400176048279,0
9651,0,0.001563000027090311,0
9652,1,0.9926779866218567,1
9653,0,0.05434799939393997,0
9654,0,0.06824900209903717,0
9655,1,0.9688550233840942,1
9656,1,0.17457599937915802,0
9657,0,0.23397499322891235,0
9658,0,0.0022380000445991755,0
9659,0,0.05953799933195114,0
9660,0,0.01524600014090538,0
9661,0,0.011680000461637974,0
9662,1,0.9701449871063232,1
9663,1,0.9999819993972778,1
9664,0,0.0024449999909847975,0
9665,0,0.5138159990310669,1
9666,1,0.8882390260696411,1
9667,0,0.0003699999942909926,0
9668,1,0.9997569918632507,1
9669,1,0.9329040050506592,1
9670,0,0.17852599918842316,0
9671,1,0.638966977596283,1
9672,1,0.954446017742157,1
9673,1,0.8963450193405151,1
9674,1,0.9633439779281616,1
9675,1,0.11359100043773651,0
9676,0,0.020980000495910645,0
9677,1,0.8220630288124084,1
9678,0,0.0018179999897256494,0
9679,0,0.00034100000630132854,0
9680,1,0.9996899962425232,1
9681,0,0.08224400132894516,0
9682,1,0.9811499714851379,1
9683,0,0.059195999056100845,0
9684,1,0.9357420206069946,1
9685,1,0.9948859810829163,1
9686,0,0.8564959764480591,1
9687,1,0.8068580031394958,1
9688,0,0.036642998456954956,0
9689,0,0.009233999997377396,0
9690,1,0.8403440117835999,1
9691,0,0.011876000091433525,0
9692,1,0.9978709816932678,1
9693,0,0.01023900043219328,0
9694,1,0.6082050204277039,1
9695,0,0.26875099539756775,0
9696,0,0.05449400097131729,0
9697,0,0.008990000002086163,0
9698,1,0.9999589920043945,1
9699,0,0.36603298783302307,0
9700,0,0.03572399914264679,0
9701,1,0.9615179896354675,1
9702,1,0.9988560080528259,1
9703,0,0.01218200009316206,0
9704,1,0.9799990057945251,1
9705,0,0.17918500304222107,0
9706,0,9.999999974752427e-07,0
9707,0,0.03829500079154968,0
9708,1,0.17515699565410614,0
9709,0,0.09740199893712997,0
9710,1,0.9972540140151978,1
9711,1,0.9999319911003113,1
9712,0,0.023969000205397606,0
9713,1,0.9210429787635803,1
9714,1,0.9975669980049133,1
9715,1,0.9988219738006592,1
9716,1,0.9653810262680054,1
9717,0,0.009655999951064587,0
9718,1,0.9954990148544312,1
9719,0,0.22507800161838531,0
9720,0,0.5793219804763794,1
9721,1,0.985971987247467,1
9722,1,0.9992309808731079,1
9723,0,0.0008900000248104334,0
9724,1,0.8286780118942261,1
9725,1,0.5118899941444397,1
9726,0,0.021902000531554222,0
9727,0,0.09667900204658508,0
9728,0,0.032853998243808746,0
9729,1,0.7715579867362976,1
9730,1,0.9900739789009094,1
9731,0,0.01871900074183941,0
9732,0,0.012965000234544277,0
9733,0,0.018262000754475594,0
9734,0,0.21055999398231506,0
9735,0,0.06882999837398529,0
9736,0,0.7831240296363831,1
9737,0,0.07773400098085403,0
9738,1,0.9957470297813416,1
9739,1,0.9942070245742798,1
9740,1,0.998420000076294,1
9741,0,0.1353279948234558,0
9742,0,8.600000001024455e-05,0
9743,0,0.003785999957472086,0
9744,0,0.054517000913619995,0
9745,1,0.9031640291213989,1
9746,1,0.9907349944114685,1
9747,0,0.29550701379776,0
9748,0,0.06846100091934204,0
9749,1,0.9868590235710144,1
9750,1,0.9270129799842834,1
9751,1,0.9759799838066101,1
9752,0,0.5521029829978943,1
9753,1,0.9368969798088074,1
9754,0,0.0002500000118743628,0
9755,1,0.712922990322113,1
9756,0,0.0021210000850260258,0
9757,0,0.01179799996316433,0
9758,0,0.01720600016415119,0
9759,0,0.006022000219672918,0
9760,1,0.10484299808740616,0
9761,1,0.9999470114707947,1
9762,1,0.014933999627828598,0
9763,0,0.005594000220298767,0
9764,0,0.030011000111699104,0
9765,1,0.9245370030403137,1
9766,0,0.17106199264526367,0
9767,0,0.07060699909925461,0
9768,1,0.924107015132904,1
9769,1,0.6871160268783569,1
9770,0,0.0014600000577047467,0
9771,0,0.05502299964427948,0
9772,1,0.802839994430542,1
9773,1,0.9880110025405884,1
9774,0,0.08540099859237671,0
9775,1,0.9964770078659058,1
9776,1,0.9982500076293945,1
9777,1,0.9929440021514893,1
9778,0,0.0024240000639110804,0
9779,0,0.03971799835562706,0
9780,1,0.9913750290870667,1
9781,1,0.9907140135765076,1
9782,0,0.0005869999877177179,0
9783,0,0.00036700000055134296,0
9784,0,0.40610799193382263,0
9785,0,0.43820399045944214,0
9786,0,0.0772399976849556,0
9787,0,0.1723800003528595,0
9788,1,0.9982519745826721,1
9789,1,0.9931340217590332,1
9790,0,0.026321999728679657,0
9791,1,0.9848700165748596,1
9792,0,0.0020000000949949026,0
9793,0,0.003387999953702092,0
9794,0,0.05497400090098381,0
9795,1,0.9996129870414734,1
9796,1,0.9960669875144958,1
9797,0,0.018509000539779663,0
9798,1,0.9955480098724365,1
9799,1,0.7480660080909729,1
9800,0,0.17149600386619568,0
9801,0,0.3544900119304657,0
9802,0,0.07171200215816498,0
9803,1,0.9367449879646301,1
9804,0,0.862375020980835,1
9805,1,0.9386919736862183,1
9806,0,0.008581000380218029,0
9807,1,0.978613018989563,1
9808,0,0.9169530272483826,1
9809,1,0.9855329990386963,1
9810,1,0.8497080206871033,1
9811,0,0.0006960000027902424,0
9812,1,0.762706995010376,1
9813,0,0.0628340020775795,0
9814,0,0.006020000204443932,0
9815,1,0.05659899860620499,0
9816,1,0.9619809985160828,1
9817,0,0.0006649999995715916,0
9818,0,0.0003380000125616789,0
9819,1,0.9799860119819641,1
9820,0,0.00292899995110929,0
9821,1,0.9989349842071533,1
9822,1,0.9170010089874268,1
9823,0,0.25815701484680176,0
9824,1,1.0,1
9825,0,0.20929600298404694,0
9826,0,0.019192000851035118,0
9827,1,0.9646549820899963,1
9828,1,0.9998419880867004,1
9829,0,0.27656999230384827,0
9830,1,0.9984840154647827,1
9831,0,0.012028000317513943,0
9832,0,0.6548399925231934,1
9833,1,0.9543390274047852,1
9834,1,0.6514279842376709,1
9835,0,0.010972999967634678,0
9836,0,0.8896129727363586,1
9837,0,0.9040110111236572,1
9838,0,0.027036000043153763,0
9839,0,0.06648000329732895,0
9840,0,0.43181198835372925,0
9841,0,0.15168200433254242,0
9842,1,0.7507740259170532,1
9843,1,0.998682975769043,1
9844,1,0.9940620064735413,1
9845,0,0.002257999964058399,0
9846,0,0.05657200142741203,0
9847,1,0.9691969752311707,1
9848,1,0.9823930263519287,1
9849,0,0.22205300629138947,0
9850,0,0.03911999985575676,0
9851,0,0.01001300010830164,0
9852,0,0.000846999988425523,0
9853,1,0.9861289858818054,1
9854,0,0.05083699896931648,0
9855,1,0.9999859929084778,1
9856,1,0.9835079908370972,1
9857,1,0.9898890256881714,1
9858,0,0.010941999964416027,0
9859,1,0.6856259703636169,1
9860,1,0.9835709929466248,1
9861,1,0.9984179735183716,1
9862,1,0.8789119720458984,1
9863,1,0.9995430111885071,1
9864,1,0.9999290108680725,1
9865,1,0.9931740164756775,1
9866,1,0.9986249804496765,1
9867,1,0.04061499983072281,0
9868,0,0.3949989974498749,0
9869,1,0.9991350173950195,1
9870,0,0.01141900010406971,0
9871,0,0.2361299991607666,0
9872,1,0.051913999021053314,0
9873,0,0.12824100255966187,0
9874,1,0.9664250016212463,1
9875,1,0.9699599742889404,1
9876,0,0.5829489827156067,1
9877,0,0.0001230000052601099,0
9878,0,0.03298500180244446,0
9879,1,0.9024040102958679,1
9880,1,0.8819419741630554,1
9881,0,0.002997000003233552,0
9882,0,0.007356999907642603,0
9883,1,0.6614760160446167,1
9884,1,0.997435986995697,1
9885,1,0.04721900075674057,0
9886,0,0.014627999626100063,0
9887,1,0.9563239812850952,1
9888,1,0.9619230031967163,1
9889,1,0.4085969924926758,0
9890,1,0.6811140179634094,1
9891,1,0.9917770028114319,1
9892,1,0.9854540228843689,1
9893,1,0.81209397315979,1
9894,1,0.9990609884262085,1
9895,0,0.01579499989748001,0
9896,0,0.00021800000104121864,0
9897,0,0.005675999913364649,0
9898,1,0.9976570010185242,1
9899,1,0.9539499878883362,1
9900,0,0.9205449819564819,1
9901,0,0.00253800000064075,0
9902,0,0.0057020001113414764,0
9903,1,0.9340280294418335,1
9904,1,0.9999819993972778,1
9905,1,0.9808589816093445,1
9906,0,0.008197999559342861,0
9907,1,0.2773570120334625,0
9908,1,0.9887250065803528,1
9909,0,0.077333003282547,0
9910,0,0.006211999803781509,0
9911,1,0.995373010635376,1
9912,1,0.3318819999694824,0
9913,1,0.9567720293998718,1
9914,0,0.7762179970741272,1
9915,0,0.00016700000560376793,0
9916,0,0.013213000260293484,0
9917,1,0.9921960234642029,1
9918,0,0.26752999424934387,0
9919,1,0.8183349967002869,1
9920,1,0.987966001033783,1
9921,0,0.0032659999560564756,0
9922,0,0.00900499988347292,0
9923,1,0.9708589911460876,1
9924,0,0.007627999875694513,0
9925,1,0.6870880126953125,1
9926,1,0.9994249939918518,1
9927,0,0.00031599999056197703,0
9928,0,0.008320000022649765,0
9929,0,0.7616530060768127,1
9930,0,0.005607999861240387,0
9931,0,0.024841999635100365,0
9932,1,0.9178730249404907,1
9933,0,0.05475800111889839,0
9934,1,0.9765139818191528,1
9935,0,0.11916399747133255,0
9936,1,0.9768440127372742,1
9937,1,0.9858540296554565,1
9938,1,0.9903500080108643,1
9939,1,0.8828189969062805,1
9940,0,0.007275000214576721,0
9941,0,0.2309339940547943,0
9942,1,0.9497550129890442,1
9943,0,0.014390000142157078,0
9944,1,0.9931570291519165,1
9945,0,0.0054419999942183495,0
9946,0,0.003409000113606453,0
9947,0,0.004772000014781952,0
9948,0,0.5555059909820557,1
9949,1,0.2727999985218048,0
9950,0,0.006310999859124422,0
9951,1,0.9981269836425781,1
9952,0,0.002495999913662672,0
9953,0,0.018549000844359398,0
9954,0,0.15941299498081207,0
9955,1,0.9821979999542236,1
9956,0,0.06576500087976456,0
9957,0,0.1958010047674179,0
9958,0,0.01863200031220913,0
9959,1,0.9760640263557434,1
9960,1,0.9975450038909912,1
9961,1,0.891539990901947,1
9962,0,0.011533999815583229,0
9963,0,0.0005339999916031957,0
9964,1,0.9647560119628906,1
9965,0,0.02081800065934658,0
9966,1,0.6031180024147034,1
9967,0,0.002643000101670623,0
9968,0,0.009128999896347523,0
9969,1,0.9542850255966187,1
9970,0,0.2881009876728058,0
9971,0,0.05330299958586693,0
9972,1,0.9698299765586853,1
9973,1,0.999737024307251,1
9974,1,0.9999229907989502,1
9975,1,0.9934769868850708,1
9976,1,0.9651889801025391,1
9977,1,0.9757649898529053,1
9978,1,0.9134719967842102,1
9979,1,0.9787790179252625,1
9980,1,0.48901399970054626,0
9981,0,0.011721000075340271,0
9982,1,0.9749720096588135,1
9983,0,0.025561999529600143,0
9984,1,0.9874200224876404,1
9985,0,0.17779800295829773,0
9986,1,0.9702169895172119,1
9987,1,0.9992449879646301,1
9988,0,0.05565999820828438,0
9989,0,0.032150998711586,0
9990,0,0.3424699902534485,0
9991,0,0.3827430009841919,0
9992,0,0.008415999822318554,0
9993,0,0.13281799852848053,0
9994,1,0.7200899720191956,1
9995,0,0.005859000142663717,0
9996,0,0.1220880001783371,0
9997,1,0.9862020015716553,1
9998,1,0.9966869950294495,1
9999,1,0.9832749962806702,1
