test_index,label,probability_positive,prediction
0,1,0.9515479803085327,1
1,0,0.007575999945402145,0
2,0,0.025036999955773354,0
3,1,0.9961720108985901,1
4,0,0.045471999794244766,0
5,0,0.017450999468564987,0
6,1,0.5206829905509949,1
7,0,0.05065799877047539,0
8,1,0.9983729720115662,1
9,0,0.011744000017642975,0
10,1,0.9959210157394409,1
11,0,0.0098879998549819,0
12,0,0.001541999983601272,0
13,0,0.018835999071598053,0
14,0,0.0029720000457018614,0
15,0,0.07918400317430496,0
16,1,0.9735730290412903,1
17,1,0.9777989983558655,1
18,0,0.03809799998998642,0
19,1,0.8274210095405579,1
20,0,0.011017000302672386,0
21,0,0.023506000638008118,0
22,1,0.9982280135154724,1
23,0,0.20945799350738525,0
24,0,0.021028999239206314,0
25,0,0.0518920011818409,0
26,1,0.9981819987297058,1
27,0,0.012272999621927738,0
28,1,0.9898300170898438,1
29,1,0.98430997133255,1
30,1,0.9977120161056519,1
31,1,0.9954010248184204,1
32,0,0.0023580000270158052,0
33,1,0.99822598695755,1
34,0,0.1387529969215393,0
35,1,0.9966719746589661,1
36,0,0.0016199999954551458,0
37,0,0.03482700139284134,0
38,0,0.0002530000056140125,0
39,0,0.21356000006198883,0
40,0,0.00018000000272877514,0
41,1,0.9967280030250549,1
42,1,0.9936829805374146,1
43,1,0.8915429711341858,1
44,1,0.9551560282707214,1
45,1,0.9974460005760193,1
46,1,0.7866079807281494,1
47,0,0.06758300215005875,0
48,0,0.20405100286006927,0
49,0,0.0053369998931884766,0
50,0,0.13864299654960632,0
51,0,0.05508600175380707,0
52,0,0.41711199283599854,0
53,0,0.15815599262714386,0
54,1,0.05640599876642227,0
55,1,0.9464070200920105,1
56,1,0.798937976360321,1
57,1,0.9911969900131226,1
58,0,0.009367999620735645,0
59,1,0.9864429831504822,1
60,0,0.0003440000000409782,0
61,1,0.5039200186729431,1
62,1,0.9890350103378296,1
63,1,0.7839980125427246,1
64,0,0.0019890000112354755,0
65,0,0.005067000165581703,0
66,0,0.007046000100672245,0
67,0,0.05967999994754791,0
68,0,0.001303000026382506,0
69,1,0.986581027507782,1
70,1,0.7429490089416504,1
71,0,0.6241310238838196,1
72,1,0.9833580255508423,1
73,1,0.9859870076179504,1
74,1,0.8992800116539001,1
75,1,0.9904279708862305,1
76,0,0.04604699835181236,0
77,0,0.001053999993018806,0
78,0,0.02982800081372261,0
79,1,0.6290969848632812,1
80,0,0.0028490000404417515,0
81,1,0.8884369730949402,1
82,0,0.015447000041604042,0
83,0,0.009983000345528126,0
84,1,0.515612006187439,1
85,0,0.007612000219523907,0
86,0,0.0053610000759363174,0
87,0,0.016964999958872795,0
88,0,0.06172199919819832,0
89,1,0.9688379764556885,1
90,0,0.09501899778842926,0
91,1,0.9914860129356384,1
92,1,0.9950289726257324,1
93,0,0.005260000005364418,0
94,1,0.9946579933166504,1
95,1,0.9945170283317566,1
96,0,0.005766000133007765,0
97,0,0.010893999598920345,0
98,0,0.01067699957638979,0
99,0,0.33635199069976807,0
100,1,0.9989460110664368,1
101,0,0.02454799972474575,0
102,1,0.9958779811859131,1
103,0,0.002383999992161989,0
104,1,0.9989920258522034,1
105,1,0.9795939922332764,1
106,1,0.2108989953994751,0
107,0,0.0015839999541640282,0
108,1,0.9977779984474182,1
109,0,0.004406000021845102,0
110,1,0.9657490253448486,1
111,0,0.11935299634933472,0
112,0,0.02580299973487854,0
113,1,0.5959470272064209,1
114,0,0.08849599957466125,0
115,1,0.9804689884185791,1
116,1,0.9941290020942688,1
117,0,0.025874000042676926,0
118,1,0.24753999710083008,0
119,0,0.1399729996919632,0
120,0,0.0014019999653100967,0
121,0,0.007809999864548445,0
122,0,0.015042999759316444,0
123,0,0.0029150000773370266,0
124,0,0.005198999773710966,0
125,0,0.03802900016307831,0
126,1,0.9820280075073242,1
127,1,0.9514989852905273,1
128,0,0.020698999986052513,0
129,0,0.002945000072941184,0
130,1,0.9988269805908203,1
131,1,0.9864050149917603,1
132,0,0.008434000425040722,0
133,0,0.001972000114619732,0
134,0,0.0004450000124052167,0
135,1,0.9905120134353638,1
136,0,0.018073000013828278,0
137,1,0.057854000478982925,0
138,0,0.04795899987220764,0
139,0,0.0027799999807029963,0
140,0,0.1908320039510727,0
141,0,0.06702599674463272,0
142,0,0.0021720000077039003,0
143,1,0.9750049710273743,1
144,0,0.033927999436855316,0
145,0,0.01498700026422739,0
146,0,0.05768200010061264,0
147,0,0.005537000019103289,0
148,0,0.002858000108972192,0
149,1,0.9598780274391174,1
150,0,0.009282000362873077,0
151,1,0.9662590026855469,1
152,1,0.9854459762573242,1
153,1,0.982475996017456,1
154,0,0.041492998600006104,0
155,1,0.9904490113258362,1
156,1,0.9741029739379883,1
157,0,0.013638000003993511,0
158,0,0.0035749999806284904,0
159,1,0.9983069896697998,1
160,0,0.22515499591827393,0
161,1,0.9988579750061035,1
162,0,0.009122000075876713,0
163,0,0.070421002805233,0
164,0,0.9193170070648193,1
165,1,0.9988600015640259,1
166,0,0.001554999966174364,0
167,1,0.9910659790039062,1
168,0,0.000881000014487654,0
169,0,0.007952000014483929,0
170,1,0.9521380066871643,1
171,0,0.004776999820023775,0
172,0,0.0008500000112690032,0
173,0,0.13425099849700928,0
174,1,0.996213972568512,1
175,1,0.04725800082087517,0
176,0,0.011881999671459198,0
177,1,0.9970300197601318,1
178,0,0.04885699972510338,0
179,1,0.9285249710083008,1
180,1,0.9807230234146118,1
181,0,0.022160999476909637,0
182,1,0.9891819953918457,1
183,1,0.9957020282745361,1
184,0,0.0009340000106021762,0
185,1,0.6818900108337402,1
186,0,0.027835000306367874,0
187,1,0.917048990726471,1
188,0,0.1784600019454956,0
189,1,0.9768289923667908,1
190,0,0.0377810001373291,0
191,1,0.9457089900970459,1
192,0,0.0076489998027682304,0
193,0,0.0011810000287368894,0
194,1,0.9666029810905457,1
195,0,0.0625780001282692,0
196,0,0.0062350002117455006,0
197,1,0.9962499737739563,1
198,0,0.004279000218957663,0
199,0,0.0022849999368190765,0
200,1,0.9924200177192688,1
201,1,0.47161099314689636,0
202,1,0.9980360269546509,1
203,1,0.2885439991950989,0
204,1,0.9402400255203247,1
205,0,0.0041959998197853565,0
206,1,0.9731400012969971,1
207,0,0.0044109998270869255,0
208,1,0.9977980256080627,1
209,1,0.9955719709396362,1
210,1,0.9319289922714233,1
211,0,0.004280999768525362,0
212,0,0.00088900001719594,0
213,0,0.0014779999619349837,0
214,0,0.025536999106407166,0
215,1,0.7930939793586731,1
216,1,0.9808040261268616,1
217,1,0.999891996383667,1
218,0,0.014801999554038048,0
219,0,0.0481100007891655,0
220,0,0.11618699878454208,0
221,0,0.016777999699115753,0
222,1,0.989359974861145,1
223,1,0.9914780259132385,1
224,0,0.013160999864339828,0
225,0,0.04936499893665314,0
226,0,0.4311800003051758,0
227,0,0.01627100072801113,0
228,0,0.6690750122070312,1
229,0,0.005098999943584204,0
230,1,0.9994300007820129,1
231,1,0.9898409843444824,1
232,0,0.2419389933347702,0
233,0,0.0034779999405145645,0
234,0,0.013287999667227268,0
235,1,0.9975680112838745,1
236,1,0.9904810190200806,1
237,1,0.9528030157089233,1
238,1,0.9006540179252625,1
239,1,0.9913049936294556,1
240,0,0.009325999766588211,0
241,1,0.9995290040969849,1
242,0,0.004695000126957893,0
243,1,0.9837669730186462,1
244,0,0.006626000162214041,0
245,1,0.9976329803466797,1
246,1,0.9807069897651672,1
247,1,0.9773619771003723,1
248,1,0.9617339968681335,1
249,1,0.9072200059890747,1
250,1,0.9997050166130066,1
251,1,0.9953820109367371,1
252,1,0.998000979423523,1
253,0,0.002804999938234687,0
254,0,0.004246999975293875,0
255,0,0.003727999981492758,0
256,1,0.5187979936599731,1
257,0,0.003872999921441078,0
258,1,0.9783509969711304,1
259,0,0.1701669991016388,0
260,1,0.5620350241661072,1
261,0,0.0012369999894872308,0
262,0,0.008225000463426113,0
263,1,0.9909120202064514,1
264,1,0.9994140267372131,1
265,0,0.030480999499559402,0
266,0,0.04712599888443947,0
267,0,0.002584999892860651,0
268,0,0.032496001571416855,0
269,0,0.020865999162197113,0
270,1,0.5030519962310791,1
271,1,0.9974160194396973,1
272,1,0.9701830148696899,1
273,0,0.024098999798297882,0
274,0,0.016163000836968422,0
275,1,0.778954029083252,1
276,1,0.9721069931983948,1
277,0,0.004385999869555235,0
278,1,0.9968119859695435,1
279,1,0.979312002658844,1
280,1,0.9513850212097168,1
281,1,0.9802799820899963,1
282,1,0.9945150017738342,1
283,0,0.09446199983358383,0
284,1,0.9995239973068237,1
285,0,0.6412950158119202,1
286,0,0.12099699676036835,0
287,1,0.9957219958305359,1
288,1,0.9323970079421997,1
289,1,0.9857720136642456,1
290,0,0.004282999783754349,0
291,1,0.9929559826850891,1
292,1,0.9850010275840759,1
293,0,0.012786000035703182,0
294,0,0.0017760000191628933,0
295,0,0.19578100740909576,0
296,1,0.583221971988678,1
297,0,0.0008459999808110297,0
298,0,0.004081000108271837,0
299,1,0.889549970626831,1
300,0,0.011853000149130821,0
301,0,0.021738000214099884,0
302,0,0.029139000922441483,0
303,1,0.9943959712982178,1
304,0,0.0062350002117455006,0
305,1,0.9805809855461121,1
306,0,0.0022189998999238014,0
307,0,0.022128000855445862,0
308,1,0.9983739852905273,1
309,0,0.043404001742601395,0
310,0,0.0014799999771639705,0
311,0,0.0028349999338388443,0
312,1,0.9485570192337036,1
313,1,0.987866997718811,1
314,0,0.009889000095427036,0
315,0,0.041909001767635345,0
316,0,0.05848899856209755,0
317,0,0.003932000137865543,0
318,0,0.004579000174999237,0
319,1,0.9159259796142578,1
320,0,0.0003129999968223274,0
321,0,0.00019799999427050352,0
322,1,0.9344900250434875,1
323,1,0.8684009909629822,1
324,1,0.9986559748649597,1
325,0,0.002718999981880188,0
326,1,0.9954699873924255,1
327,1,0.9917600154876709,1
328,0,0.0005719999899156392,0
329,0,0.0019859999883919954,0
330,1,0.9921280145645142,1
331,0,0.49286898970603943,0
332,0,0.29333001375198364,0
333,0,0.08850699663162231,0
334,0,0.1434520035982132,0
335,0,0.1941400021314621,0
336,0,0.000999000039882958,0
337,1,0.9907510280609131,1
338,1,0.011713000014424324,0
339,0,0.8706740140914917,1
340,1,0.9380789995193481,1
341,1,0.9392390251159668,1
342,1,0.9959729909896851,1
343,1,0.9973440170288086,1
344,1,0.9936040043830872,1
345,1,0.9959869980812073,1
346,0,0.0002469999890308827,0
347,0,0.0005099999834783375,0
348,0,0.018549000844359398,0
349,0,0.17155900597572327,0
350,1,0.583079993724823,1
351,1,0.9951279759407043,1
352,1,0.9865649938583374,1
353,1,0.9948109984397888,1
354,0,0.004269000142812729,0
355,0,0.008175999857485294,0
356,1,0.9417080283164978,1
357,1,0.9968039989471436,1
358,0,0.8973079919815063,1
359,1,0.22040000557899475,0
360,0,0.006192999891936779,0
361,1,0.5848060250282288,1
362,0,0.22009700536727905,0
363,0,0.00028199999360367656,0
364,1,0.14081299304962158,0
365,0,0.008073999546468258,0
366,0,0.23035800457000732,0
367,1,0.9969390034675598,1
368,0,0.03284100070595741,0
369,0,0.815168023109436,1
370,1,0.22243499755859375,0
371,0,0.0628879964351654,0
372,1,0.9972050189971924,1
373,1,0.9947890043258667,1
374,0,0.003152000019326806,0
375,1,0.8988459706306458,1
376,0,0.7232980132102966,1
377,1,0.7170479893684387,1
378,0,0.0009730000165291131,0
379,0,0.045510001480579376,0
380,1,0.9990879893302917,1
381,0,0.008287999778985977,0
382,0,0.0029980000108480453,0
383,0,0.014232000336050987,0
384,0,0.011191999539732933,0
385,1,0.9772120118141174,1
386,1,0.9909319877624512,1
387,0,0.005386000033468008,0
388,1,0.8431670069694519,1
389,1,0.9479699730873108,1
390,1,0.9804250001907349,1
391,1,0.7029730081558228,1
392,0,0.007927999831736088,0
393,1,0.997564971446991,1
394,0,0.005932999774813652,0
395,0,0.048496000468730927,0
396,1,0.997713029384613,1
397,0,0.043198999017477036,0
398,1,0.7591599822044373,1
399,1,0.5991929769515991,1
400,1,0.9297530055046082,1
401,1,0.7303630113601685,1
402,0,0.0009289999725297093,0
403,0,0.014333000406622887,0
404,1,0.9965199828147888,1
405,0,0.007143999915570021,0
406,0,0.0006200000061653554,0
407,0,0.042222000658512115,0
408,1,0.2802239954471588,0
409,1,0.9985989928245544,1
410,1,0.9967610239982605,1
411,1,0.965487003326416,1
412,0,0.00873200036585331,0
413,0,0.0010470000561326742,0
414,1,0.9925100207328796,1
415,1,0.9976900219917297,1
416,0,0.1694130003452301,0
417,0,0.012586000375449657,0
418,1,0.8750240206718445,1
419,1,0.9744369983673096,1
420,1,0.2641049921512604,0
421,0,0.04404100030660629,0
422,1,0.9234340190887451,1
423,1,0.9453399777412415,1
424,1,0.9914550185203552,1
425,0,0.004422999918460846,0
426,1,0.9982830286026001,1
427,0,0.006060999818146229,0
428,1,0.999468982219696,1
429,1,0.8138499855995178,1
430,1,0.04640499874949455,0
431,1,0.9934359788894653,1
432,1,0.937654972076416,1
433,0,0.11800999939441681,0
434,0,0.01487599965184927,0
435,0,0.01105399988591671,0
436,1,0.8144789934158325,1
437,0,0.01807899959385395,0
438,0,0.012752999551594257,0
439,0,0.017487000674009323,0
440,0,0.2981469929218292,0
441,0,0.022050999104976654,0
442,0,0.24515900015830994,0
443,0,0.00839100033044815,0
444,0,0.03290800005197525,0
445,0,0.010036000050604343,0
446,0,0.006407999899238348,0
447,0,0.1014619991183281,0
448,1,0.9553350210189819,1
449,1,0.974931001663208,1
450,0,0.053408000618219376,0
451,1,0.7686709761619568,1
452,0,0.09451799839735031,0
453,0,0.023197999224066734,0
454,0,0.0023610000498592854,0
455,0,0.0012570000253617764,0
456,0,0.004387999884784222,0
457,1,0.8967080116271973,1
458,1,0.8706730008125305,1
459,0,0.0015119999879971147,0
460,1,0.9944630265235901,1
461,0,0.023970000445842743,0
462,1,0.9691870212554932,1
463,0,0.017028000205755234,0
464,0,0.006794000044465065,0
465,1,0.18829800188541412,0
466,1,0.9809430241584778,1
467,1,0.9865120053291321,1
468,0,0.07850900292396545,0
469,1,0.9966250061988831,1
470,0,0.008306000381708145,0
471,1,0.8374890089035034,1
472,1,0.9634870290756226,1
473,0,0.07469899952411652,0
474,1,0.9989479780197144,1
475,0,0.011218000203371048,0
476,1,0.9931759834289551,1
477,1,0.9591959714889526,1
478,1,0.9996579885482788,1
479,0,0.10242699831724167,0
480,1,0.9653869867324829,1
481,0,0.22867999970912933,0
482,1,0.9941949844360352,1
483,0,0.14873500168323517,0
484,1,0.9988440275192261,1
485,0,0.23457899689674377,0
486,1,0.9979299902915955,1
487,0,0.00814799964427948,0
488,1,0.9719370007514954,1
489,0,0.009693000465631485,0
490,0,0.004004000220447779,0
491,1,0.9735699892044067,1
492,0,0.143777996301651,0
493,1,0.9984920024871826,1
494,1,0.9845269918441772,1
495,0,0.014977999962866306,0
496,1,0.9959930181503296,1
497,1,0.9850040078163147,1
498,1,0.9974859952926636,1
499,1,0.9956790208816528,1
500,0,0.01816200092434883,0
501,1,0.9897419810295105,1
502,0,0.5307019948959351,1
503,1,0.9978820085525513,1
504,0,0.0006910000229254365,0
505,1,0.9953089952468872,1
506,0,0.024418000131845474,0
507,0,0.004195000045001507,0
508,1,0.9960799813270569,1
509,1,0.9951109886169434,1
510,1,0.9957860112190247,1
511,1,0.6705039739608765,1
512,0,0.4391379952430725,0
513,1,0.743179976940155,1
514,0,0.00871300045400858,0
515,0,0.009662999771535397,0
516,1,0.7672299742698669,1
517,1,0.9974259734153748,1
518,0,0.4924429953098297,0
519,0,0.016001999378204346,0
520,0,0.011075999587774277,0
521,0,0.0063149998895823956,0
522,0,0.3724620044231415,0
523,1,0.9997810125350952,1
524,1,0.06229199841618538,0
525,1,0.9972689747810364,1
526,1,0.9869670271873474,1
527,1,0.25959500670433044,0
528,1,0.9965519905090332,1
529,0,0.004157000221312046,0
530,0,0.022941000759601593,0
531,0,0.2584820091724396,0
532,1,0.9933339953422546,1
533,0,0.015406000427901745,0
534,1,0.9396719932556152,1
535,1,0.9983569979667664,1
536,0,0.03721800073981285,0
537,1,0.9994840025901794,1
538,0,0.12076699733734131,0
539,1,0.9837290048599243,1
540,1,0.971776008605957,1
541,1,0.9111779928207397,1
542,1,0.8584340214729309,1
543,1,0.9980419874191284,1
544,1,0.9958369731903076,1
545,1,0.9681580066680908,1
546,0,0.32480698823928833,0
547,1,0.21769900619983673,0
548,0,0.005752999801188707,0
549,1,0.871379017829895,1
550,0,0.00748499995097518,0
551,0,0.01714400015771389,0
552,1,0.9496110081672668,1
553,0,0.04354500025510788,0
554,1,0.08053600043058395,0
555,0,0.0015200000489130616,0
556,1,0.9971799850463867,1
557,1,0.9847210049629211,1
558,0,0.002524999901652336,0
559,0,0.0007769999792799354,0
560,0,0.011040999554097652,0
561,0,0.0873349979519844,0
562,1,0.9985219836235046,1
563,1,0.8876879811286926,1
564,1,0.9138569831848145,1
565,1,0.9968039989471436,1
566,0,0.06453099846839905,0
567,0,0.270579993724823,0
568,0,0.33951300382614136,0
569,1,0.9947519898414612,1
570,1,0.9980720281600952,1
571,1,0.36831599473953247,0
572,1,0.9752629995346069,1
573,0,0.8998770117759705,1
574,0,0.011145999655127525,0
575,1,0.998956024646759,1
576,0,0.6216509938240051,1
577,1,0.9568650126457214,1
578,1,0.9941220283508301,1
579,1,0.9984179735183716,1
580,0,0.017162000760436058,0
581,1,0.9907339811325073,1
582,0,0.3617880046367645,0
583,0,0.0019600000232458115,0
584,1,0.9912019968032837,1
585,0,0.038718000054359436,0
586,1,0.9875810146331787,1
587,0,0.0028099999763071537,0
588,1,0.9472259879112244,1
589,1,0.22901000082492828,0
590,0,0.006064999848604202,0
591,1,0.5717719793319702,1
592,1,0.9992889761924744,1
593,1,0.9707790017127991,1
594,1,0.16806800663471222,0
595,0,0.00042299999040551484,0
596,1,0.9958450198173523,1
597,1,0.997402012348175,1
598,1,0.9966099858283997,1
599,1,0.139382004737854,0
600,0,0.0003129999968223274,0
601,0,0.0014329999685287476,0
602,1,0.9725329875946045,1
603,0,0.01377199962735176,0
604,0,0.2978000044822693,0
605,1,0.07114800065755844,0
606,0,0.004050000105053186,0
607,0,0.026388999074697495,0
608,1,0.9852340221405029,1
609,0,0.0016969999996945262,0
610,1,0.9990249872207642,1
611,1,0.9890350103378296,1
612,1,0.9930419921875,1
613,0,0.005743000190705061,0
614,0,0.0012009999481961131,0
615,1,0.9950209856033325,1
616,1,0.8985570073127747,1
617,1,0.8778690099716187,1
618,1,0.9939720034599304,1
619,1,0.9970420002937317,1
620,1,0.06966499984264374,0
621,1,0.9826130270957947,1
622,0,0.7569469809532166,1
623,0,0.00700599979609251,0
624,0,0.12036799639463425,0
625,1,0.9980819821357727,1
626,0,0.023382000625133514,0
627,0,0.009309999644756317,0
628,0,0.07517900317907333,0
629,0,0.010623999871313572,0
630,1,0.9060739874839783,1
631,0,0.021810999140143394,0
632,0,0.1602499932050705,0
633,0,0.00800199992954731,0
634,0,0.0013229999458417296,0
635,1,0.9985349774360657,1
636,1,0.835316002368927,1
637,1,0.988906979560852,1
638,1,0.9975799918174744,1
639,0,0.0010160000529140234,0
640,0,0.053676001727581024,0
641,0,0.006442000158131123,0
642,0,0.00019999999494757503,0
643,0,0.0010710000060498714,0
644,1,0.9990299940109253,1
645,1,0.9876009821891785,1
646,1,0.9975770115852356,1
647,1,0.8971080183982849,1
648,1,0.8841019868850708,1
649,1,0.9982979893684387,1
650,0,0.006556000094860792,0
651,1,0.9785739779472351,1
652,1,0.9884570240974426,1
653,1,0.9851840138435364,1
654,0,0.010746000334620476,0
655,1,0.9877520203590393,1
656,1,0.9380109906196594,1
657,1,0.9923880100250244,1
658,0,0.02967200055718422,0
659,1,0.9928609728813171,1
660,0,0.005317999981343746,0
661,1,0.9895650148391724,1
662,1,0.4216800034046173,0
663,1,0.9484649896621704,1
664,0,0.002689999993890524,0
665,0,0.06367799639701843,0
666,0,0.012490999884903431,0
667,0,0.0058189998380839825,0
668,1,0.9991300106048584,1
669,0,0.10227800160646439,0
670,0,0.005381000228226185,0
671,0,0.007389000151306391,0
672,1,0.991204023361206,1
673,0,0.0001849999971454963,0
674,1,0.9736840128898621,1
675,1,0.461557000875473,0
676,1,0.9947329759597778,1
677,1,0.9990739822387695,1
678,0,0.0005799999926239252,0
679,0,0.07100000232458115,0
680,1,0.9965260028839111,1
681,0,0.17608200013637543,0
682,1,0.23325799405574799,0
683,0,0.0006760000251233578,0
684,1,0.996645987033844,1
685,0,0.00036199999158270657,0
686,0,0.10408300161361694,0
687,0,0.00853199977427721,0
688,0,0.0007609999738633633,0
689,0,0.00800000037997961,0
690,1,0.9737139940261841,1
691,0,0.8772680163383484,1
692,0,0.0026730000972747803,0
693,1,0.7180280089378357,1
694,1,0.8421559929847717,1
695,1,0.9822409749031067,1
696,0,0.28405800461769104,0
697,1,0.9952110052108765,1
698,1,0.9960860013961792,1
699,0,0.001756999990902841,0
700,1,0.9837030172348022,1
701,1,0.9991859793663025,1
702,1,0.9840540289878845,1
703,1,0.9931520223617554,1
704,0,0.037174999713897705,0
705,0,0.007625999860465527,0
706,1,0.32459500432014465,0
707,1,0.998386025428772,1
708,1,0.9978820085525513,1
709,0,0.03976399824023247,0
710,1,0.9859099984169006,1
711,0,0.08808299899101257,0
712,0,0.025428999215364456,0
713,1,0.49792999029159546,0
714,1,0.9686520099639893,1
715,1,0.9773179888725281,1
716,1,0.9891780018806458,1
717,1,0.8582310080528259,1
718,0,0.9502800107002258,1
719,0,0.4571340084075928,0
720,1,0.9937319755554199,1
721,0,0.039928000420331955,0
722,1,0.6050779819488525,1
723,1,0.9849209785461426,1
724,1,0.7131100296974182,1
725,1,0.8676609992980957,1
726,0,0.011615999974310398,0
727,1,0.9429960250854492,1
728,1,0.9863430261611938,1
729,1,0.9313790202140808,1
730,0,0.02365100011229515,0
731,0,0.01268799975514412,0
732,0,0.41822901368141174,0
733,0,0.007209999952465296,0
734,0,0.06652399897575378,0
735,0,0.00048099999548867345,0
736,1,0.8221759796142578,1
737,0,0.0964680016040802,0
738,0,0.026228999719023705,0
739,0,0.003128000069409609,0
740,0,0.059452999383211136,0
741,1,0.14854399859905243,0
742,0,0.005927999969571829,0
743,0,0.017107000574469566,0
744,0,0.9616460204124451,1
745,1,0.9391120076179504,1
746,0,0.03549500182271004,0
747,1,0.9411410093307495,1
748,1,0.9960110187530518,1
749,1,0.9821169972419739,1
750,0,0.0012730000307783484,0
751,1,0.9933019876480103,1
752,0,0.277415007352829,0
753,0,0.020912999287247658,0
754,1,0.9891800284385681,1
755,1,0.9770969748497009,1
756,0,0.009990000165998936,0
757,0,0.39875298738479614,0
758,1,0.9962120056152344,1
759,0,0.003223000094294548,0
760,0,0.3648200035095215,0
761,1,0.9994009733200073,1
762,1,0.3691999912261963,0
763,0,0.011130999773740768,0
764,0,0.0059980000369250774,0
765,1,0.998786985874176,1
766,0,0.00041599999531172216,0
767,0,0.24037399888038635,0
768,1,0.9919869899749756,1
769,1,0.9071490168571472,1
770,1,0.8551049828529358,1
771,1,0.9910820126533508,1
772,1,0.9837949872016907,1
773,0,0.007021000143140554,0
774,1,0.9847149848937988,1
775,1,0.9829019904136658,1
776,0,0.002025000052526593,0
777,0,0.00534699996933341,0
778,1,0.9869710206985474,1
779,1,0.672648012638092,1
780,1,0.8998889923095703,1
781,0,0.05846000090241432,0
782,1,0.9939129948616028,1
783,0,0.006118999794125557,0
784,1,0.9975849986076355,1
785,0,0.01472499966621399,0
786,1,0.9817829728126526,1
787,0,0.005388000048696995,0
788,1,0.10710600018501282,0
789,0,0.9176949858665466,1
790,0,0.0021039999555796385,0
791,0,0.007505999878048897,0
792,1,0.9958620071411133,1
793,1,0.9047330021858215,1
794,0,0.006142999976873398,0
795,0,0.019686000421643257,0
796,0,0.006444000173360109,0
797,1,0.9993590116500854,1
798,0,0.0014179999707266688,0
799,1,0.9975579977035522,1
800,1,0.9369239807128906,1
801,0,0.00659500015899539,0
802,0,0.0007430000114254653,0
803,1,0.9985120296478271,1
804,1,0.9980660080909729,1
805,1,0.9968680143356323,1
806,1,0.9991559982299805,1
807,0,0.008605999872088432,0
808,1,0.9979190230369568,1
809,1,0.9990230202674866,1
810,1,0.9668049812316895,1
811,1,0.9759759902954102,1
812,1,0.941914975643158,1
813,1,0.920589029788971,1
814,1,0.999405026435852,1
815,1,0.3221310079097748,0
816,1,0.17011000216007233,0
817,1,0.9778029918670654,1
818,1,0.9756540060043335,1
819,1,0.9793000221252441,1
820,1,0.9528539776802063,1
821,0,0.004999000113457441,0
822,1,0.9880130290985107,1
823,0,0.19630800187587738,0
824,0,0.28604501485824585,0
825,1,0.8157359957695007,1
826,1,0.04857499897480011,0
827,0,0.07506199926137924,0
828,0,0.018428999930620193,0
829,0,0.0016509999986737967,0
830,0,0.0077229999005794525,0
831,1,0.7137889862060547,1
832,1,0.5707200169563293,1
833,0,0.5346109867095947,1
834,1,0.9317899942398071,1
835,1,0.976485013961792,1
836,0,0.0005709999823011458,0
837,1,0.9952030181884766,1
838,0,0.027031000703573227,0
839,1,0.9957780241966248,1
840,0,0.09056899696588516,0
841,0,0.0063749998807907104,0
842,0,0.005140000022947788,0
843,0,0.030780000612139702,0
844,0,0.005468999966979027,0
845,0,0.037595998495817184,0
846,0,0.039117999374866486,0
847,1,0.8367720246315002,1
848,0,0.009359000250697136,0
849,1,0.2690820097923279,0
850,1,0.9928010106086731,1
851,1,0.9826850295066833,1
852,0,0.0025480000767856836,0
853,0,0.020191000774502754,0
854,0,0.016505999490618706,0
855,1,0.9997429847717285,1
856,0,0.0011490000179037452,0
857,1,0.9681869745254517,1
858,1,0.9938259720802307,1
859,1,0.962689995765686,1
860,0,0.029363000765442848,0
861,1,0.03367599844932556,0
862,0,0.012273999862372875,0
863,0,0.016560999676585197,0
864,1,0.9643809795379639,1
865,1,0.8102689981460571,1
866,0,0.015173000283539295,0
867,0,0.007861999794840813,0
868,0,0.014883999712765217,0
869,0,0.002067999914288521,0
870,1,0.9838659763336182,1
871,0,0.014163999818265438,0
872,0,0.058072999119758606,0
873,0,0.04431600123643875,0
874,0,0.05828100070357323,0
875,0,0.0028719999827444553,0
876,0,0.021557999774813652,0
877,1,0.9942560195922852,1
878,1,0.9912490248680115,1
879,1,0.9956719875335693,1
880,0,0.008678000420331955,0
881,0,0.22556400299072266,0
882,0,0.001180000021122396,0
883,1,0.995618999004364,1
884,1,0.9981719851493835,1
885,1,0.977957010269165,1
886,0,0.011467999778687954,0
887,1,0.9951130151748657,1
888,0,0.03299900144338608,0
889,0,0.012415999546647072,0
890,1,0.7599210143089294,1
891,0,0.005836999975144863,0
892,1,0.8462409973144531,1
893,0,0.0032190000638365746,0
894,1,0.514618992805481,1
895,0,0.009442999958992004,0
896,1,0.9332219958305359,1
897,0,0.07964500039815903,0
898,0,0.011212999932467937,0
899,0,0.00164899998344481,0
900,0,0.0039160000160336494,0
901,1,0.9892070293426514,1
902,0,0.001547000021673739,0
903,1,0.9988240003585815,1
904,0,0.001998000079765916,0
905,0,0.01572299934923649,0
906,1,0.9964150190353394,1
907,0,0.902679979801178,1
908,1,0.9673309922218323,1
909,0,0.03478100150823593,0
910,0,0.004681999795138836,0
911,0,0.006498999893665314,0
912,0,0.9674460291862488,1
913,1,0.09417500346899033,0
914,0,0.09224099665880203,0
915,0,0.005169999785721302,0
916,1,0.9996610283851624,1
917,1,0.9379569888114929,1
918,0,0.006039000116288662,0
919,1,0.9909539818763733,1
920,0,0.0012580000329762697,0
921,0,0.001521000056527555,0
922,1,0.9893789887428284,1
923,1,0.9973480105400085,1
924,0,0.015455000102519989,0
925,1,0.9984729886054993,1
926,1,0.9981170296669006,1
927,1,0.944881021976471,1
928,1,0.9550020098686218,1
929,1,0.9958080053329468,1
930,1,0.9976909756660461,1
931,1,0.8891919851303101,1
932,1,0.9904130101203918,1
933,0,0.018590999767184258,0
934,0,0.0021009999327361584,0
935,0,0.00419399980455637,0
936,1,0.9922459721565247,1
937,1,0.9962030053138733,1
938,0,0.13634100556373596,0
939,1,0.9976080060005188,1
940,1,0.989861011505127,1
941,0,0.00046300000394694507,0
942,0,0.0006600000197067857,0
943,1,0.25839701294898987,0
944,0,0.008040999993681908,0
945,0,0.0015089999651536345,0
946,0,0.00609100004658103,0
947,0,0.0009079999872483313,0
948,0,0.24857400357723236,0
949,0,0.02568800002336502,0
950,1,0.9867619872093201,1
951,0,0.010029999539256096,0
952,0,0.0015180000336840749,0
953,1,0.998179018497467,1
954,1,0.9996820092201233,1
955,0,0.07745400071144104,0
956,0,0.0050119999796152115,0
957,1,0.8549180030822754,1
958,0,0.24467399716377258,0
959,0,0.006058999802917242,0
960,1,0.9985889792442322,1
961,1,0.8692520260810852,1
962,1,0.24917900562286377,0
963,0,0.010168000124394894,0
964,0,0.03478600084781647,0
965,0,0.027921000495553017,0
966,1,0.9697420001029968,1
967,1,0.9992449879646301,1
968,0,0.014662999659776688,0
969,1,0.6458230018615723,1
970,1,0.9996230006217957,1
971,1,0.9955999851226807,1
972,0,0.20541900396347046,0
973,1,0.9894899725914001,1
974,1,0.9804779887199402,1
975,0,0.06642600148916245,0
976,1,0.9884139895439148,1
977,0,0.0016499999910593033,0
978,0,0.019807999953627586,0
979,1,0.9719439744949341,1
980,0,0.027326000854372978,0
981,0,0.07891000062227249,0
982,1,0.9955180287361145,1
983,0,0.945402979850769,1
984,1,0.9790229797363281,1
985,1,0.999442994594574,1
986,1,0.991703987121582,1
987,0,0.002429000101983547,0
988,1,0.9899349808692932,1
989,1,0.9589130282402039,1
990,0,0.0016749999485909939,0
991,1,0.981594979763031,1
992,1,0.738207995891571,1
993,1,0.9837909936904907,1
994,1,0.999305009841919,1
995,0,0.0020759999752044678,0
996,1,0.6551550030708313,1
997,0,0.04244399815797806,0
998,1,0.9662860035896301,1
999,0,0.18366500735282898,0
1000,1,0.9958410263061523,1
1001,0,0.13118499517440796,0
1002,1,0.9737740159034729,1
1003,0,0.009190999902784824,0
1004,1,0.9962499737739563,1
1005,0,0.1640540063381195,0
1006,1,0.9855700135231018,1
1007,1,0.992313027381897,1
1008,0,0.0009459999855607748,0
1009,0,0.034637998789548874,0
1010,1,0.9990950226783752,1
1011,1,0.9870989918708801,1
1012,1,0.9851930141448975,1
1013,1,0.9990879893302917,1
1014,1,0.9864699840545654,1
1015,1,0.9972630143165588,1
1016,1,0.9865750074386597,1
1017,0,0.0005869999877177179,0
1018,0,0.35385799407958984,0
1019,1,0.977063000202179,1
1020,1,0.9983450174331665,1
1021,1,0.9987789988517761,1
1022,0,0.003639000002294779,0
1023,0,0.9922829866409302,1
1024,0,0.0012760000536218286,0
1025,1,0.9988420009613037,1
1026,0,0.0038590000476688147,0
1027,1,0.6243839859962463,1
1028,1,0.9964510202407837,1
1029,0,0.0028639999218285084,0
1030,1,0.7875450253486633,1
1031,0,0.528889000415802,1
1032,0,0.0028389999642968178,0
1033,1,0.048117998987436295,0
1034,0,0.0009050000226125121,0
1035,1,0.9941669702529907,1
1036,1,0.9990000128746033,1
1037,1,0.11219099909067154,0
1038,1,0.9943820238113403,1
1039,1,0.9412469863891602,1
1040,0,0.001976999919861555,0
1041,0,0.07358299940824509,0
1042,1,0.9971619844436646,1
1043,0,0.004637999925762415,0
1044,1,0.9876229763031006,1
1045,1,0.9018210172653198,1
1046,0,0.0049749999307096004,0
1047,0,0.00032699998700991273,0
1048,0,0.006779000163078308,0
1049,0,0.01925100013613701,0
1050,1,0.9862959980964661,1
1051,0,0.0027940000873059034,0
1052,0,0.008213000372052193,0
1053,1,0.29194900393486023,0
1054,1,0.9738519787788391,1
1055,1,0.8715050220489502,1
1056,1,0.9935190081596375,1
1057,0,0.7517960071563721,1
1058,1,0.23118700087070465,0
1059,1,0.8829650282859802,1
1060,1,0.9888619780540466,1
1061,0,0.015507999807596207,0
1062,0,0.0033939999993890524,0
1063,1,0.9975069761276245,1
1064,1,0.6340969800949097,1
1065,1,0.9932010173797607,1
1066,0,0.13103799521923065,0
1067,1,0.9757310152053833,1
1068,0,0.0036200000904500484,0
1069,0,0.004925000015646219,0
1070,0,0.044829998165369034,0
1071,1,0.6281129717826843,1
1072,0,0.0014570000348612666,0
1073,0,0.026698000729084015,0
1074,1,0.9780309796333313,1
1075,1,0.9848629832267761,1
1076,1,0.8441349864006042,1
1077,1,0.9606639742851257,1
1078,0,0.010389000177383423,0
1079,0,0.4757789969444275,0
1080,1,0.9077759981155396,1
1081,1,0.5975109934806824,1
1082,0,0.004356999881565571,0
1083,1,0.7371219992637634,1
1084,0,0.0037950000260025263,0
1085,0,0.746330976486206,1
1086,0,0.35211101174354553,0
1087,1,0.9677150249481201,1
1088,0,0.010110000148415565,0
1089,0,0.06591299921274185,0
1090,0,0.1609649956226349,0
1091,1,0.9950389862060547,1
1092,1,0.9075899720191956,1
1093,1,0.9973430037498474,1
1094,0,0.08968199789524078,0
1095,0,0.5420780181884766,1
1096,1,0.9590809941291809,1
1097,1,0.9958540201187134,1
1098,0,0.9570509791374207,1
1099,1,0.4069260060787201,0
1100,1,0.9936469793319702,1
1101,1,0.732761025428772,1
1102,0,0.007253999821841717,0
1103,1,0.9988459944725037,1
1104,0,0.11658400297164917,0
1105,0,0.04657899960875511,0
1106,0,0.014965999871492386,0
1107,0,0.0005319999763742089,0
1108,1,0.994051992893219,1
1109,1,0.9899299740791321,1
1110,0,0.003938000183552504,0
1111,1,0.9681749939918518,1
1112,0,0.06353099644184113,0
1113,1,0.48107001185417175,0
1114,1,0.9958459734916687,1
1115,0,0.004104999825358391,0
1116,1,0.6769139766693115,1
1117,1,0.9927300214767456,1
1118,0,0.007891999557614326,0
1119,0,0.005243999883532524,0
1120,1,0.9977920055389404,1
1121,0,0.0015249999705702066,0
1122,1,0.9954559803009033,1
1123,0,0.00022000000171829015,0
1124,0,0.0007229999755509198,0
1125,0,0.0028230000752955675,0
1126,1,0.9962270259857178,1
1127,0,0.0025919999461621046,0
1128,0,0.03630499914288521,0
1129,1,0.9858080148696899,1
1130,0,0.0012329999590292573,0
1131,1,0.9949190020561218,1
1132,0,0.010431000031530857,0
1133,0,0.006657000165432692,0
1134,1,0.998009979724884,1
1135,0,0.001462999964132905,0
1136,0,0.0008430000161752105,0
1137,1,0.991461992263794,1
1138,0,0.1443050056695938,0
1139,1,0.9549030065536499,1
1140,1,0.9916039705276489,1
1141,0,0.011761000379920006,0
1142,1,0.9995999932289124,1
1143,1,0.47582700848579407,0
1144,0,0.06083099916577339,0
1145,0,0.0024580000899732113,0
1146,1,0.9993590116500854,1
1147,0,0.002124000107869506,0
1148,1,0.9983969926834106,1
1149,1,0.9650560021400452,1
1150,0,0.022446999326348305,0
1151,0,0.0012359999818727374,0
1152,0,0.018737999722361565,0
1153,0,0.00926200021058321,0
1154,1,0.9741929769515991,1
1155,0,0.03442699834704399,0
1156,1,0.9253290295600891,1
1157,0,0.1734739989042282,0
1158,0,0.32148799300193787,0
1159,1,0.9991080164909363,1
1160,1,0.9884200096130371,1
1161,1,0.9980210065841675,1
1162,1,0.9497439861297607,1
1163,1,0.9899669885635376,1
1164,1,0.9778500199317932,1
1165,1,0.9992330074310303,1
1166,0,0.0018599999602884054,0
1167,1,0.9960939884185791,1
1168,0,0.010263999924063683,0
1169,1,0.9929429888725281,1
1170,0,0.31926900148391724,0
1171,1,0.9439560174942017,1
1172,0,0.006634999997913837,0
1173,0,0.0002570000069681555,0
1174,1,0.9915189743041992,1
1175,1,0.9908469915390015,1
1176,0,0.00875999964773655,0
1177,1,0.9937390089035034,1
1178,1,0.991441011428833,1
1179,0,0.00839100033044815,0
1180,1,0.9693880081176758,1
1181,1,0.992218017578125,1
1182,1,0.8504539728164673,1
1183,1,0.76419597864151,1
1184,0,0.0060640000738203526,0
1185,1,0.4376409947872162,0
1186,1,0.9906420111656189,1
1187,0,0.001062000053934753,0
1188,1,0.9973809719085693,1
1189,1,0.9874029755592346,1
1190,0,0.001990000018849969,0
1191,0,0.0073540001176297665,0
1192,1,0.9976029992103577,1
1193,0,0.0018769999733194709,0
1194,1,0.947638988494873,1
1195,1,0.9842270016670227,1
1196,0,0.9972109794616699,1
1197,1,0.9969900250434875,1
1198,1,0.9987649917602539,1
1199,0,0.8715289831161499,1
1200,0,0.005268999841064215,0
1201,0,0.032628998160362244,0
1202,1,0.9961090087890625,1
1203,0,0.001858999952673912,0
1204,1,0.9397450089454651,1
1205,0,0.03419699892401695,0
1206,0,0.0005230000242590904,0
1207,0,0.33307498693466187,0
1208,0,0.023088999092578888,0
1209,0,0.11832399666309357,0
1210,1,0.9933580160140991,1
1211,0,0.04881500080227852,0
1212,0,0.004616999998688698,0
1213,1,0.995386004447937,1
1214,1,0.03829500079154968,0
1215,1,0.9989479780197144,1
1216,0,0.01133000012487173,0
1217,0,0.0009640000062063336,0
1218,1,0.9939090013504028,1
1219,1,0.9996219873428345,1
1220,1,0.9893119931221008,1
1221,1,0.998878002166748,1
1222,1,0.9815459847450256,1
1223,1,0.9976459741592407,1
1224,0,0.0182460006326437,0
1225,0,0.970067024230957,1
1226,1,0.7647749781608582,1
1227,0,0.001981999957934022,0
1228,1,0.9843429923057556,1
1229,1,0.9500089883804321,1
1230,1,0.9980639815330505,1
1231,1,0.9359380006790161,1
1232,0,0.0073379999957978725,0
1233,1,0.9991599917411804,1
1234,1,0.9493330121040344,1
1235,1,0.853348970413208,1
1236,1,0.9866960048675537,1
1237,0,0.002901999978348613,0
1238,0,0.009438999928534031,0
1239,1,0.9978079795837402,1
1240,0,0.05218899995088577,0
1241,1,0.7749879956245422,1
1242,1,0.9902889728546143,1
1243,0,0.004569000098854303,0
1244,1,0.9934790134429932,1
1245,1,0.9749929904937744,1
1246,0,0.0050200000405311584,0
1247,0,0.0003969999961555004,0
1248,1,0.9972450137138367,1
1249,1,0.9612550139427185,1
1250,1,0.9474890232086182,1
1251,1,0.9937499761581421,1
1252,1,0.9993600249290466,1
1253,1,0.8967009782791138,1
1254,0,0.0006290000164881349,0
1255,1,0.9993749856948853,1
1256,0,0.9796720147132874,1
1257,0,0.5544599890708923,1
1258,0,0.0011249999515712261,0
1259,0,0.012396999634802341,0
1260,0,0.17350099980831146,0
1261,0,0.010623999871313572,0
1262,0,0.022286999970674515,0
1263,0,0.5994539856910706,1
1264,0,0.0022219999227672815,0
1265,1,0.9994900226593018,1
1266,1,0.9631990194320679,1
1267,0,0.003662999952211976,0
1268,0,0.00043399998685345054,0
1269,0,0.004437999799847603,0
1270,0,0.008539999835193157,0
1271,1,0.9942029714584351,1
1272,0,0.12116800248622894,0
1273,1,0.11393100023269653,0
1274,0,0.0028440000023692846,0
1275,1,0.7913100123405457,1
1276,1,0.998009979724884,1
1277,1,0.9966179728507996,1
1278,1,0.9831349849700928,1
1279,0,0.009867999702692032,0
1280,0,0.008794999681413174,0
1281,0,0.006382999941706657,0
1282,1,0.9784629940986633,1
1283,0,0.02041199989616871,0
1284,1,0.9804829955101013,1
1285,0,0.16226600110530853,0
1286,0,0.015518000349402428,0
1287,0,0.00800000037997961,0
1288,1,0.9989029765129089,1
1289,0,0.007170000113546848,0
1290,1,0.9735280275344849,1
1291,0,0.07287199795246124,0
1292,0,0.00045200000749900937,0
1293,0,0.2618829905986786,0
1294,1,0.9861710071563721,1
1295,1,0.9802610278129578,1
1296,0,0.0005070000188425183,0
1297,0,0.007796000223606825,0
1298,1,0.9936590194702148,1
1299,1,0.9297260046005249,1
1300,1,0.9591370224952698,1
1301,1,0.9427719712257385,1
1302,1,0.8054479956626892,1
1303,1,0.9887369871139526,1
1304,1,0.9966109991073608,1
1305,0,0.06232599914073944,0
1306,0,0.5148299932479858,1
1307,1,0.993914008140564,1
1308,1,0.16572700440883636,0
1309,1,0.9934579730033875,1
1310,1,0.9785249829292297,1
1311,0,0.010347999632358551,0
1312,1,0.9165059924125671,1
1313,1,0.04135800153017044,0
1314,0,0.0694660022854805,0
1315,0,0.021950000897049904,0
1316,0,0.05034099891781807,0
1317,0,0.06062500178813934,0
1318,1,0.28380900621414185,0
1319,1,0.9954900145530701,1
1320,0,0.014515000395476818,0
1321,1,0.9076359868049622,1
1322,0,0.06640499830245972,0
1323,1,0.975816011428833,1
1324,0,0.8041200041770935,1
1325,0,0.04479600116610527,0
1326,0,0.00228599994443357,0
1327,1,0.9044399857521057,1
1328,1,0.9899970293045044,1
1329,1,0.9694569706916809,1
1330,0,0.5960239768028259,1
1331,0,0.06148200109601021,0
1332,0,0.0018749999580904841,0
1333,0,0.021090999245643616,0
1334,0,0.01875399984419346,0
1335,1,0.9873579740524292,1
1336,0,0.04806699976325035,0
1337,0,0.10347999632358551,0
1338,1,0.935325026512146,1
1339,1,0.1217620000243187,0
1340,0,0.014605999924242496,0
1341,0,0.09561099857091904,0
1342,1,0.9855239987373352,1
1343,0,0.010641000233590603,0
1344,1,0.7487819790840149,1
1345,0,0.004645999986678362,0
1346,1,0.9747490286827087,1
1347,1,0.989870011806488,1
1348,1,0.9995880126953125,1
1349,0,0.00950700044631958,0
1350,1,0.022731000557541847,0
1351,0,0.0029899999499320984,0
1352,0,0.22842900454998016,0
1353,0,0.0016700000269338489,0
1354,1,0.7295169830322266,1
1355,1,0.9989780187606812,1
1356,1,0.9946470260620117,1
1357,1,0.996737003326416,1
1358,1,0.9845749735832214,1
1359,1,0.9891819953918457,1
1360,0,0.11287400126457214,0
1361,0,0.5820670127868652,1
1362,0,0.018327999860048294,0
1363,0,0.0012450000504031777,0
1364,0,0.004687000066041946,0
1365,1,0.9951199889183044,1
1366,1,0.187391996383667,0
1367,1,0.9822679758071899,1
1368,0,0.0011599999852478504,0
1369,0,0.025426000356674194,0
1370,1,0.9907860159873962,1
1371,1,0.9997180104255676,1
1372,1,0.9900389909744263,1
1373,1,0.9939590096473694,1
1374,0,0.37560299038887024,0
1375,1,0.5633329749107361,1
1376,1,0.99822598695755,1
1377,0,0.00032699998700991273,0
1378,0,0.00368200009688735,0
1379,0,0.011250999756157398,0
1380,1,0.9831039905548096,1
1381,1,0.9843509793281555,1
1382,0,0.005144000053405762,0
1383,1,0.8680940270423889,1
1384,0,0.13276800513267517,0
1385,1,0.9735990166664124,1
1386,1,0.9852079749107361,1
1387,1,0.9924589991569519,1
1388,0,0.005696000065654516,0
1389,0,0.0026730000972747803,0
1390,1,0.9906899929046631,1
1391,0,0.0009219999774359167,0
1392,1,0.9704380035400391,1
1393,0,0.0006300000241026282,0
1394,1,0.9939770102500916,1
1395,0,0.00506300013512373,0
1396,1,0.981436014175415,1
1397,0,0.0041669998317956924,0
1398,1,0.9833940267562866,1
1399,1,0.31064099073410034,0
1400,0,0.019359000027179718,0
1401,0,0.00953999999910593,0
1402,1,0.9771999716758728,1
1403,1,0.8571190237998962,1
1404,1,0.5623930096626282,1
1405,1,0.9985420107841492,1
1406,0,0.007625999860465527,0
1407,0,0.17531299591064453,0
1408,0,0.003249000059440732,0
1409,1,0.9970579743385315,1
1410,0,0.008027000352740288,0
1411,0,0.0019399999873712659,0
1412,1,0.994828999042511,1
1413,1,0.998324990272522,1
1414,0,0.05616199970245361,0
1415,0,0.020534999668598175,0
1416,1,0.9971539974212646,1
1417,0,0.0005409999866969883,0
1418,1,0.99795001745224,1
1419,0,0.04246300086379051,0
1420,0,0.02944999933242798,0
1421,1,0.555745005607605,1
1422,1,0.8373939990997314,1
1423,1,0.9973229765892029,1
1424,1,0.9974160194396973,1
1425,1,0.719569981098175,1
1426,0,0.3943279981613159,0
1427,1,0.9996020197868347,1
1428,0,0.03975199908018112,0
1429,1,0.9994639754295349,1
1430,1,0.9976279735565186,1
1431,1,0.6761980056762695,1
1432,1,0.9500859975814819,1
1433,1,0.8587160110473633,1
1434,0,0.011679000221192837,0
1435,1,0.9997460246086121,1
1436,0,0.0029780000913888216,0
1437,0,0.03411500155925751,0
1438,1,0.9824680089950562,1
1439,1,0.9956769943237305,1
1440,0,0.040794000029563904,0
1441,0,0.0022950000129640102,0
1442,0,0.005623000208288431,0
1443,0,0.32722800970077515,0
1444,0,0.002022000029683113,0
1445,1,0.993573009967804,1
1446,0,0.006333000026643276,0
1447,0,0.022257000207901,0
1448,1,0.9990339875221252,1
1449,0,0.0003150000120513141,0
1450,0,0.12077800184488297,0
1451,0,0.8406879901885986,1
1452,0,0.023183999583125114,0
1453,1,0.9978500008583069,1
1454,0,0.03779299929738045,0
1455,1,0.896701991558075,1
1456,0,0.0015910000074654818,0
1457,0,0.115557000041008,0
1458,0,0.00865199975669384,0
1459,1,0.967182993888855,1
1460,0,0.0006810000049881637,0
1461,0,0.14319999516010284,0
1462,0,0.007532000076025724,0
1463,1,0.9753100275993347,1
1464,0,0.02533400058746338,0
1465,1,0.35399800539016724,0
1466,1,0.9989110231399536,1
1467,1,0.6066039800643921,1
1468,1,0.2095859944820404,0
1469,0,0.023326000198721886,0
1470,1,0.6216639876365662,1
1471,0,0.005590000189840794,0
1472,1,0.9987900257110596,1
1473,0,0.004391000140458345,0
1474,1,0.7108880281448364,1
1475,0,0.3162429928779602,0
1476,0,0.000990999978967011,0
1477,0,0.0039079999551177025,0
1478,0,0.031870000064373016,0
1479,1,0.9918419718742371,1
1480,1,0.18700900673866272,0
1481,0,0.016408000141382217,0
1482,0,0.08389899879693985,0
1483,0,0.0020580000709742308,0
1484,0,0.4688909947872162,0
1485,0,0.005727999843657017,0
1486,1,0.9684720039367676,1
1487,1,0.2190999984741211,0
1488,1,0.9990630149841309,1
1489,0,0.016359999775886536,0
1490,0,0.5874770283699036,1
1491,0,0.009097999893128872,0
1492,0,0.009895999915897846,0
1493,1,0.9963570237159729,1
1494,1,0.9802749752998352,1
1495,0,0.0077760000713169575,0
1496,0,0.6762449741363525,1
1497,1,0.918641984462738,1
1498,1,0.9947530031204224,1
1499,1,0.9977440237998962,1
1500,0,0.011246999725699425,0
1501,1,0.9788720011711121,1
1502,0,0.011497000232338905,0
1503,0,0.018449999392032623,0
1504,1,0.9576159715652466,1
1505,1,0.7156339883804321,1
1506,0,0.12476299703121185,0
1507,1,0.1267479956150055,0
1508,0,0.005508999805897474,0
1509,1,0.9988070130348206,1
1510,1,0.9765470027923584,1
1511,0,0.028775999322533607,0
1512,0,0.011920000426471233,0
1513,1,0.8137220144271851,1
1514,1,0.9937360286712646,1
1515,1,0.9751020073890686,1
1516,0,0.005423000082373619,0
1517,0,0.5222780108451843,1
1518,0,0.6234750151634216,1
1519,1,0.195265993475914,0
1520,1,0.9537169933319092,1
1521,0,0.2521210014820099,0
1522,1,0.7218459844589233,1
1523,0,0.012860000133514404,0
1524,0,0.011695999652147293,0
1525,0,0.2911190092563629,0
1526,1,0.9987180233001709,1
1527,0,0.05878400057554245,0
1528,0,0.0017399999778717756,0
1529,0,0.07257699966430664,0
1530,1,0.9937480092048645,1
1531,0,0.0025289999321103096,0
1532,0,0.008030000142753124,0
1533,1,0.9993429780006409,1
1534,1,0.0030960000585764647,0
1535,0,0.06821999698877335,0
1536,1,0.9852889776229858,1
1537,0,0.017878999933600426,0
1538,1,0.9553800225257874,1
1539,0,0.028609000146389008,0
1540,1,0.9919599890708923,1
1541,1,0.8751569986343384,1
1542,0,0.004197999835014343,0
1543,1,0.9945619702339172,1
1544,1,0.9878799915313721,1
1545,0,0.0032049999572336674,0
1546,0,0.0025420000310987234,0
1547,0,0.17012299597263336,0
1548,1,0.5059750080108643,1
1549,1,0.9791859984397888,1
1550,1,0.997173011302948,1
1551,0,0.007067999802529812,0
1552,0,0.012461000122129917,0
1553,0,0.001256000017747283,0
1554,1,0.9935789704322815,1
1555,0,0.0059079998172819614,0
1556,0,0.04419400170445442,0
1557,0,0.010580999776721,0
1558,0,0.00015700000221841037,0
1559,0,0.0029639999847859144,0
1560,0,0.08557000011205673,0
1561,1,0.9993069767951965,1
1562,1,0.9953770041465759,1
1563,0,0.0025730000343173742,0
1564,0,0.03187200054526329,0
1565,1,0.44439399242401123,0
1566,0,0.29800599813461304,0
1567,1,0.991769015789032,1
1568,1,0.026094000786542892,0
1569,1,0.9984639883041382,1
1570,0,0.63372802734375,1
1571,1,0.9867439866065979,1
1572,0,0.12022999674081802,0
1573,1,0.9748640060424805,1
1574,1,0.9904980063438416,1
1575,1,0.9937679767608643,1
1576,1,0.9500560164451599,1
1577,0,0.04428499937057495,0
1578,0,0.0004820000031031668,0
1579,1,0.9851959943771362,1
1580,0,0.016081999987363815,0
1581,0,0.30634400248527527,0
1582,1,0.9958099722862244,1
1583,1,0.4222809970378876,0
1584,1,0.18712499737739563,0
1585,0,0.01281800027936697,0
1586,1,0.9984179735183716,1
1587,1,0.7821429967880249,1
1588,0,0.020447999238967896,0
1589,1,0.966575026512146,1
1590,1,0.9967079758644104,1
1591,0,0.013303999789059162,0
1592,1,0.14738699793815613,0
1593,0,0.8086640238761902,1
1594,0,0.64901202917099,1
1595,1,0.6150910258293152,1
1596,1,0.9921219944953918,1
1597,0,0.00266700005158782,0
1598,0,0.17046000063419342,0
1599,0,0.013957999646663666,0
1600,0,0.006909000221639872,0
1601,0,0.010169999673962593,0
1602,1,0.8622390031814575,1
1603,1,0.38216400146484375,0
1604,1,0.9767720103263855,1
1605,0,0.0012280000373721123,0
1606,0,0.01908300071954727,0
1607,0,0.003131000092253089,0
1608,1,0.8537499904632568,1
1609,1,0.9961640238761902,1
1610,1,0.9989539980888367,1
1611,0,0.0101539995521307,0
1612,1,0.970130980014801,1
1613,0,0.002730000065639615,0
1614,0,0.0007660000119358301,0
1615,1,0.8978760242462158,1
1616,1,0.9716749787330627,1
1617,0,0.004292000085115433,0
1618,0,0.18773199617862701,0
1619,1,0.9926080107688904,1
1620,1,0.9979389905929565,1
1621,1,0.9994029998779297,1
1622,0,0.0007239999831654131,0
1623,0,0.004219000227749348,0
1624,1,0.9907730221748352,1
1625,0,0.027602000162005424,0
1626,0,0.012137000449001789,0
1627,1,0.9187399744987488,1
1628,1,0.9980779886245728,1
1629,0,0.5223659873008728,1
1630,1,0.9970020055770874,1
1631,0,0.012815999798476696,0
1632,1,0.9961140155792236,1
1633,1,0.7964950203895569,1
1634,1,0.5397049784660339,1
1635,0,0.015654999762773514,0
1636,0,0.019037999212741852,0
1637,1,0.9890109896659851,1
1638,1,0.9791499972343445,1
1639,0,0.002389000030234456,0
1640,1,0.9849879741668701,1
1641,1,0.9911289811134338,1
1642,1,0.8968300223350525,1
1643,0,0.0037720000836998224,0
1644,0,0.005111000034958124,0
1645,1,0.9955229759216309,1
1646,0,0.02195500023663044,0
1647,0,0.04252900183200836,0
1648,1,0.47777000069618225,0
1649,1,0.762008011341095,1
1650,0,0.02397100068628788,0
1651,0,0.5251619815826416,1
1652,1,0.9961599707603455,1
1653,1,0.7416669726371765,1
1654,0,0.0004220000118948519,0
1655,0,0.04695399850606918,0
1656,1,0.76044100522995,1
1657,0,0.44650998711586,0
1658,1,0.8380889892578125,1
1659,0,0.24242399632930756,0
1660,1,0.9955620169639587,1
1661,0,0.05398600175976753,0
1662,0,0.042486999183893204,0
1663,0,0.00823500007390976,0
1664,0,0.006391999777406454,0
1665,0,0.0027989998925477266,0
1666,1,0.9573469758033752,1
1667,1,0.9751279950141907,1
1668,1,0.9920750260353088,1
1669,1,0.9951339960098267,1
1670,1,0.9974110126495361,1
1671,1,0.9995099902153015,1
1672,0,0.013154000043869019,0
1673,0,0.02013299986720085,0
1674,1,0.778734028339386,1
1675,1,0.9971740245819092,1
1676,1,0.9951080083847046,1
1677,0,0.018435999751091003,0
1678,0,0.0029380000196397305,0
1679,0,0.004021999891847372,0
1680,0,0.0026519999373704195,0
1681,0,0.006529000122100115,0
1682,0,0.009859999641776085,0
1683,1,0.19414399564266205,0
1684,1,0.9956790208816528,1
1685,1,0.9237220287322998,1
1686,1,0.9962440133094788,1
1687,1,0.9940659999847412,1
1688,0,0.015496999956667423,0
1689,1,0.9970729947090149,1
1690,0,0.0022009999956935644,0
1691,0,0.008825000375509262,0
1692,1,0.9932169914245605,1
1693,1,0.9944159984588623,1
1694,1,0.478520005941391,0
1695,1,0.701433002948761,1
1696,0,0.00041599999531172216,0
1697,1,0.9891909956932068,1
1698,1,0.026031000539660454,0
1699,0,0.08114200085401535,0
1700,0,0.020871000364422798,0
1701,1,0.4929029941558838,0
1702,1,0.9994410276412964,1
1703,0,0.0075610000640153885,0
1704,1,0.017985999584197998,0
1705,1,0.9945570230484009,1
1706,1,0.9991269707679749,1
1707,1,0.9943689703941345,1
1708,1,0.9237269759178162,1
1709,0,0.0475349985063076,0
1710,1,0.9827479720115662,1
1711,1,0.9761750102043152,1
1712,1,0.9995989799499512,1
1713,1,0.9906759858131409,1
1714,1,0.8713669776916504,1
1715,0,0.00750300008803606,0
1716,0,0.00042299999040551484,0
1717,0,0.0006009999779053032,0
1718,0,0.0010470000561326742,0
1719,0,0.0031049998942762613,0
1720,1,0.939221978187561,1
1721,1,0.6895959973335266,1
1722,1,0.9831219911575317,1
1723,0,0.0005039999959990382,0
1724,1,0.968176007270813,1
1725,1,0.9970939755439758,1
1726,1,0.02568100020289421,0
1727,0,0.03736000135540962,0
1728,1,0.9981160163879395,1
1729,0,0.016131000593304634,0
1730,1,0.9990720152854919,1
1731,1,0.5569319725036621,1
1732,1,0.9922540187835693,1
1733,0,0.0008859999943524599,0
1734,0,0.18771900236606598,0
1735,0,0.007530000060796738,0
1736,0,0.002744999947026372,0
1737,0,0.005410999990999699,0
1738,1,0.9866009950637817,1
1739,1,0.9939799904823303,1
1740,1,0.9903810024261475,1
1741,0,0.013755000196397305,0
1742,1,0.9808109998703003,1
1743,0,0.0042050001211464405,0
1744,1,0.9954469799995422,1
1745,1,0.9978920221328735,1
1746,0,0.006759000010788441,0
1747,0,0.0005469999741762877,0
1748,1,0.998432993888855,1
1749,0,0.19804400205612183,0
1750,1,0.9954339861869812,1
1751,0,0.0020920000970363617,0
1752,0,0.15035100281238556,0
1753,0,0.13436099886894226,0
1754,1,0.9985669851303101,1
1755,1,0.39163899421691895,0
1756,0,0.008689000271260738,0
1757,1,0.9887470006942749,1
1758,0,0.03966199979186058,0
1759,1,0.9783980250358582,1
1760,1,0.9970390200614929,1
1761,0,0.06747200340032578,0
1762,0,0.006676000077277422,0
1763,0,0.8244820237159729,1
1764,1,0.9982470273971558,1
1765,0,0.02685599960386753,0
1766,1,0.9892820119857788,1
1767,1,0.9920309782028198,1
1768,1,0.9731600284576416,1
1769,1,0.9535560011863708,1
1770,0,0.006184999831020832,0
1771,1,0.20375099778175354,0
1772,1,0.8954899907112122,1
1773,0,0.01152500044554472,0
1774,1,0.9905149936676025,1
1775,0,0.006680999882519245,0
1776,1,0.9948840141296387,1
1777,1,0.9871609807014465,1
1778,0,0.014352000318467617,0
1779,1,0.9321420192718506,1
1780,0,0.006829999852925539,0
1781,1,0.9584140181541443,1
1782,0,0.007532999850809574,0
1783,1,0.9983159899711609,1
1784,0,0.05132000148296356,0
1785,1,0.9853940010070801,1
1786,0,0.000577000027988106,0
1787,0,0.017748000100255013,0
1788,1,0.015876000747084618,0
1789,0,0.008856999687850475,0
1790,1,0.5374600291252136,1
1791,1,0.9993870258331299,1
1792,0,0.017124999314546585,0
1793,1,0.9965959787368774,1
1794,1,0.9592620134353638,1
1795,0,0.08279400318861008,0
1796,1,0.9854769706726074,1
1797,1,0.9955329895019531,1
1798,0,0.4548740088939667,0
1799,1,0.9936239719390869,1
1800,0,0.04919100180268288,0
1801,1,0.8406370282173157,1
1802,1,0.9871399998664856,1
1803,1,0.9650290012359619,1
1804,1,0.8720059990882874,1
1805,1,0.8598780035972595,1
1806,1,0.9974660277366638,1
1807,1,0.9961159825325012,1
1808,1,0.7947980165481567,1
1809,1,0.8327969908714294,1
1810,0,0.20846399664878845,0
1811,1,0.9952459931373596,1
1812,0,0.0023769999388605356,0
1813,0,0.0006890000076964498,0
1814,0,0.0008559999987483025,0
1815,1,0.9931349754333496,1
1816,0,0.011428000405430794,0
1817,0,0.46208900213241577,0
1818,0,0.002776999957859516,0
1819,1,0.9990599751472473,1
1820,0,0.12750600278377533,0
1821,1,0.9967910051345825,1
1822,0,0.10916700214147568,0
1823,1,0.9415119886398315,1
1824,0,0.0024109999649226665,0
1825,0,0.03832399845123291,0
1826,1,0.9941319823265076,1
1827,1,0.9992660284042358,1
1828,0,0.18413999676704407,0
1829,1,0.7303000092506409,1
1830,1,0.9451479911804199,1
1831,1,0.03490699827671051,0
1832,1,0.994924008846283,1
1833,0,0.0017859999788925052,0
1834,0,0.015170999802649021,0
1835,1,0.8341580033302307,1
1836,1,0.7845640182495117,1
1837,0,0.001306000049225986,0
1838,1,0.5652120113372803,1
1839,1,0.9904239773750305,1
1840,0,0.0018070000223815441,0
1841,1,0.757955014705658,1
1842,1,0.9753400087356567,1
1843,0,0.036024998873472214,0
1844,1,0.9821529984474182,1
1845,0,0.022602999582886696,0
1846,1,0.8704389929771423,1
1847,0,0.013470999896526337,0
1848,0,0.07853800058364868,0
1849,1,0.9913330078125,1
1850,0,0.015297000296413898,0
1851,1,0.7903010249137878,1
1852,1,0.8680660128593445,1
1853,1,0.9900149703025818,1
1854,1,0.9994270205497742,1
1855,0,0.011223999783396721,0
1856,0,0.01738700084388256,0
1857,0,0.18031799793243408,0
1858,1,0.9947969913482666,1
1859,0,0.005257999990135431,0
1860,1,0.9984260201454163,1
1861,0,0.01950100064277649,0
1862,1,0.9950159788131714,1
1863,0,0.01312199980020523,0
1864,1,0.9976509809494019,1
1865,0,0.06646700203418732,0
1866,1,0.9983149766921997,1
1867,0,0.011292999610304832,0
1868,0,0.012792999856173992,0
1869,0,0.08875100314617157,0
1870,0,0.007625000085681677,0
1871,1,0.2781189978122711,0
1872,1,0.9907320141792297,1
1873,1,0.9924759864807129,1
1874,0,0.08274800330400467,0
1875,0,0.010049000382423401,0
1876,0,0.006868999917060137,0
1877,0,0.010466000065207481,0
1878,1,0.9536479711532593,1
1879,0,0.0018179999897256494,0
1880,1,0.9995430111885071,1
1881,0,0.0005610000225715339,0
1882,0,0.000775999971665442,0
1883,0,0.006628999952226877,0
1884,1,0.9834409952163696,1
1885,0,0.001829999964684248,0
1886,0,0.0033420000690966845,0
1887,1,0.9951940178871155,1
1888,0,0.6816239953041077,1
1889,1,0.9955610036849976,1
1890,1,0.999288022518158,1
1891,1,0.9929919838905334,1
1892,1,0.9974439740180969,1
1893,0,0.011776999570429325,0
1894,1,0.9769229888916016,1
1895,0,0.013772999867796898,0
1896,1,0.29792699217796326,0
1897,1,0.9876469969749451,1
1898,1,0.9942529797554016,1
1899,1,0.08175600320100784,0
1900,1,0.8856379985809326,1
1901,1,0.9629160165786743,1
1902,0,0.02231699973344803,0
1903,1,0.9917100071907043,1
1904,1,0.9965839982032776,1
1905,1,0.9884520173072815,1
1906,1,0.9994509816169739,1
1907,1,0.4199320077896118,0
1908,1,0.9988499879837036,1
1909,1,0.8060169816017151,1
1910,1,0.9789029955863953,1
1911,0,0.004685999825596809,0
1912,0,0.00698600010946393,0
1913,1,0.9946320056915283,1
1914,0,0.0008099999977275729,0
1915,1,0.028936000540852547,0
1916,1,0.9801530241966248,1
1917,0,0.0009510000236332417,0
1918,1,0.2999730110168457,0
1919,1,0.9724010229110718,1
1920,0,0.010956999845802784,0
1921,1,0.03619899973273277,0
1922,0,0.6133400201797485,1
1923,1,0.9947260022163391,1
1924,1,0.9974660277366638,1
1925,1,0.9956830143928528,1
1926,0,0.008314999751746655,0
1927,1,0.24477200210094452,0
1928,0,0.09003400057554245,0
1929,0,0.0815190002322197,0
1930,0,0.27575600147247314,0
1931,0,0.027351999655365944,0
1932,1,0.3175700008869171,0
1933,1,0.9988319873809814,1
1934,0,0.04570600017905235,0
1935,1,0.4602130055427551,0
1936,0,0.0010560000082477927,0
1937,1,0.9211670160293579,1
1938,1,0.9997519850730896,1
1939,0,0.02503100037574768,0
1940,1,0.8646349906921387,1
1941,0,0.1591320037841797,0
1942,1,0.9815379977226257,1
1943,1,0.9966260194778442,1
1944,0,0.29610300064086914,0
1945,1,0.9975979924201965,1
1946,1,0.9592729806900024,1
1947,0,0.00950700044631958,0
1948,1,0.9379119873046875,1
1949,0,0.00951599981635809,0
1950,1,0.7464110255241394,1
1951,1,0.9988920092582703,1
1952,1,0.8733819723129272,1
1953,0,0.0013170000165700912,0
1954,1,0.9976209998130798,1
1955,1,0.0458809994161129,0
1956,0,0.6555529832839966,1
1957,0,0.02431200072169304,0
1958,0,0.0002880000101868063,0
1959,0,0.04181300103664398,0
1960,0,0.018796000629663467,0
1961,1,0.9889199733734131,1
1962,0,0.016550999134778976,0
1963,0,0.20243500173091888,0
1964,0,0.02459700033068657,0
1965,1,0.7405970096588135,1
1966,1,0.9982789754867554,1
1967,1,0.9765390157699585,1
1968,0,0.09090100228786469,0
1969,0,0.009072000160813332,0
1970,0,0.015583000145852566,0
1971,1,0.9987130165100098,1
1972,0,0.006876999977976084,0
1973,1,0.8952680230140686,1
1974,0,0.050050999969244,0
1975,0,0.09734299778938293,0
1976,1,0.9991580247879028,1
1977,0,0.004679999779909849,0
1978,0,0.0021279999054968357,0
1979,1,0.9439489841461182,1
1980,1,0.3025209903717041,0
1981,1,0.9973210096359253,1
1982,0,0.032311998307704926,0
1983,0,0.024762999266386032,0
1984,1,0.7469149827957153,1
1985,1,0.9985269904136658,1
1986,0,0.6198999881744385,1
1987,1,0.8209559917449951,1
1988,1,0.992713987827301,1
1989,0,0.03391300141811371,0
1990,0,0.009928000159561634,0
1991,0,0.03365499898791313,0
1992,1,0.9994999766349792,1
1993,0,0.010936999693512917,0
1994,0,0.006126999855041504,0
1995,0,0.0013770000077784061,0
1996,0,0.022616000846028328,0
1997,1,0.9956120252609253,1
1998,1,0.9983230233192444,1
1999,1,0.8400859832763672,1
2000,1,0.052962999790906906,0
2001,1,0.9980850219726562,1
2002,1,0.9955000281333923,1
2003,1,0.9996039867401123,1
2004,1,0.9780489802360535,1
2005,1,0.9894570112228394,1
2006,0,0.1085750013589859,0
2007,0,0.022105999290943146,0
2008,1,0.9724979996681213,1
2009,1,0.9753320217132568,1
2010,1,0.8572800159454346,1
2011,1,0.9187679886817932,1
2012,1,0.19091999530792236,0
2013,1,0.9648460149765015,1
2014,0,0.009080000221729279,0
2015,0,0.002078999998047948,0
2016,1,0.28073298931121826,0
2017,0,0.02361699938774109,0
2018,1,0.9992009997367859,1
2019,1,0.8553739786148071,1
2020,0,0.015193000435829163,0
2021,0,0.39792099595069885,0
2022,0,0.006202999968081713,0
2023,0,0.02333099953830242,0
2024,1,0.2442380040884018,0
2025,1,0.9960799813270569,1
2026,0,0.0049749999307096004,0
2027,0,0.0003530000103637576,0
2028,0,0.836234986782074,1
2029,0,0.021299000829458237,0
2030,1,0.9495900273323059,1
2031,1,0.9771450161933899,1
2032,0,0.015031999908387661,0
2033,1,0.9820960164070129,1
2034,1,0.9974390268325806,1
2035,1,0.9858030080795288,1
2036,1,0.9690099954605103,1
2037,0,0.02106199972331524,0
2038,0,0.012752999551594257,0
2039,0,0.0007929999846965075,0
2040,1,0.9577040076255798,1
2041,1,0.9076520204544067,1
2042,0,0.0118429996073246,0
2043,1,0.9988390207290649,1
2044,0,0.009568000212311745,0
2045,0,0.22777900099754333,0
2046,1,0.964031994342804,1
2047,1,0.9473159909248352,1
2048,0,0.07601100206375122,0
2049,1,0.9551550149917603,1
2050,0,0.5441210269927979,1
2051,0,0.05430399999022484,0
2052,0,0.01985500007867813,0
2053,1,0.995730996131897,1
2054,0,0.013193000108003616,0
2055,0,0.07669500261545181,0
2056,1,0.9959719777107239,1
2057,0,0.004395999945700169,0
2058,1,0.9991899728775024,1
2059,1,0.9616299867630005,1
2060,0,0.12701399624347687,0
2061,1,0.9893010258674622,1
2062,1,0.9158560037612915,1
2063,1,0.9990910291671753,1
2064,0,0.015254000201821327,0
2065,0,0.8512809872627258,1
2066,1,0.9452139735221863,1
2067,1,0.6100289821624756,1
2068,0,0.003002000041306019,0
2069,1,0.07136700302362442,0
2070,1,0.9786970019340515,1
2071,1,0.25643399357795715,0
2072,1,0.9282789826393127,1
2073,0,0.009724999777972698,0
2074,1,0.8586770296096802,1
2075,0,0.30776798725128174,0
2076,1,0.6351019740104675,1
2077,0,0.018053000792860985,0
2078,0,0.0041680000722408295,0
2079,0,0.0047599999234080315,0
2080,1,0.9787589907646179,1
2081,1,0.9939039945602417,1
2082,0,0.00432500010356307,0
2083,1,0.7617949843406677,1
2084,0,0.0008360000210814178,0
2085,0,0.005167999770492315,0
2086,0,0.0025599999353289604,0
2087,0,0.0004020000051241368,0
2088,0,0.01858999952673912,0
2089,0,0.017906000837683678,0
2090,0,0.005917999893426895,0
2091,1,0.9968289732933044,1
2092,0,0.0037849999498575926,0
2093,1,0.9973229765892029,1
2094,1,0.9692209959030151,1
2095,1,0.30542099475860596,0
2096,1,0.9795330166816711,1
2097,0,0.033174000680446625,0
2098,0,0.6091660261154175,1
2099,1,0.34027600288391113,0
2100,1,0.999396026134491,1
2101,1,0.14024299383163452,0
2102,1,0.9991829991340637,1
2103,1,0.9870839715003967,1
2104,0,0.08847299963235855,0
2105,0,0.003671000013127923,0
2106,0,0.25962600111961365,0
2107,1,0.9462270140647888,1
2108,0,0.1104160025715828,0
2109,0,0.0012890000361949205,0
2110,1,0.9627609848976135,1
2111,0,0.013377999886870384,0
2112,1,0.9692059755325317,1
2113,1,0.9563320279121399,1
2114,0,0.007416000124067068,0
2115,1,0.9997280240058899,1
2116,0,0.0010359999723732471,0
2117,0,0.0015450000064447522,0
2118,0,0.013530000112950802,0
2119,0,0.03961599990725517,0
2120,1,0.7678160071372986,1
2121,1,0.9804800152778625,1
2122,1,0.9810069799423218,1
2123,1,0.9510179758071899,1
2124,0,0.005014999769628048,0
2125,1,0.9962069988250732,1
2126,1,0.9906690120697021,1
2127,0,0.014561999589204788,0
2128,1,0.10617399960756302,0
2129,1,0.9922800064086914,1
2130,1,0.9784290194511414,1
2131,0,0.09588199853897095,0
2132,0,0.06767100095748901,0
2133,0,0.016770999878644943,0
2134,1,0.9967399835586548,1
2135,0,0.8566489815711975,1
2136,1,0.983922004699707,1
2137,0,0.43766000866889954,0
2138,0,0.000775999971665442,0
2139,1,0.9971380233764648,1
2140,0,0.008046000264585018,0
2141,1,0.9982460141181946,1
2142,0,0.007015999872237444,0
2143,0,0.014151999726891518,0
2144,1,0.9973980188369751,1
2145,0,0.016302000731229782,0
2146,0,0.10492999851703644,0
2147,0,0.009039999917149544,0
2148,1,0.870078980922699,1
2149,1,0.9818210005760193,1
2150,0,0.0007159999804571271,0
2151,0,0.002087000058963895,0
2152,0,0.029526999220252037,0
2153,0,0.029750000685453415,0
2154,1,0.9823729991912842,1
2155,1,0.0728520005941391,0
2156,1,0.997672975063324,1
2157,0,0.003708000062033534,0
2158,0,0.051688000559806824,0
2159,0,0.0012450000504031777,0
2160,1,0.9930739998817444,1
2161,1,0.9808210134506226,1
2162,0,0.0053170002065598965,0
2163,1,0.9823070168495178,1
2164,1,0.6156889796257019,1
2165,1,0.5811880230903625,1
2166,0,0.0022249999456107616,0
2167,0,0.0005419999943114817,0
2168,0,0.09471199661493301,0
2169,0,0.0031159999780356884,0
2170,1,0.9804739952087402,1
2171,1,0.976826012134552,1
2172,0,0.003215000033378601,0
2173,0,0.029184000566601753,0
2174,1,0.9975039958953857,1
2175,1,0.9451829791069031,1
2176,1,0.48674800992012024,0
2177,1,0.3296380043029785,0
2178,1,0.9581310153007507,1
2179,1,0.16777600347995758,0
2180,0,0.00253499997779727,0
2181,1,0.9549509882926941,1
2182,1,0.8981159925460815,1
2183,1,0.9977139830589294,1
2184,1,0.9766150116920471,1
2185,1,0.9307760000228882,1
2186,0,0.9783269762992859,1
2187,0,0.010142999701201916,0
2188,0,0.007621000055223703,0
2189,1,0.9862310290336609,1
2190,0,0.041391000151634216,0
2191,1,0.01006499957293272,0
2192,0,0.003945999778807163,0
2193,0,0.0016049999976530671,0
2194,1,0.9986090064048767,1
2195,0,0.04668999835848808,0
2196,0,0.0019320000428706408,0
2197,0,0.008958999998867512,0
2198,1,0.9117689728736877,1
2199,0,0.0011390000581741333,0
2200,1,0.9989979863166809,1
2201,0,0.024507999420166016,0
2202,0,0.94650799036026,1
2203,0,0.0031159999780356884,0
2204,1,0.9898930191993713,1
2205,0,0.004846000112593174,0
2206,0,0.13796499371528625,0
2207,1,0.9924420118331909,1
2208,1,0.766543984413147,1
2209,1,0.5081790089607239,1
2210,1,0.9803850054740906,1
2211,0,0.0029140000697225332,0
2212,0,0.00204299995675683,0
2213,0,0.008132999762892723,0
2214,0,0.09622900187969208,0
2215,0,0.027329999953508377,0
2216,1,0.05451999977231026,0
2217,0,0.13495700061321259,0
2218,1,0.9428979754447937,1
2219,0,0.009576000273227692,0
2220,0,0.0042050001211464405,0
2221,0,0.08177900314331055,0
2222,0,0.021265000104904175,0
2223,0,0.004207000136375427,0
2224,0,0.0011269999668002129,0
2225,0,0.1132420003414154,0
2226,1,0.99720299243927,1
2227,0,0.002896999940276146,0
2228,0,0.9395300149917603,1
2229,1,0.9577509760856628,1
2230,0,0.011908999644219875,0
2231,1,0.37738001346588135,0
2232,0,0.2964569926261902,0
2233,1,0.9882829785346985,1
2234,1,0.9867069721221924,1
2235,1,0.9845119714736938,1
2236,0,0.1558309942483902,0
2237,0,0.0433650016784668,0
2238,1,0.9944170117378235,1
2239,1,0.9010319709777832,1
2240,0,0.0035810000263154507,0
2241,1,0.9899619817733765,1
2242,1,0.9964389801025391,1
2243,1,0.9993579983711243,1
2244,1,0.9978860020637512,1
2245,0,0.021215999498963356,0
2246,0,0.2062159925699234,0
2247,1,0.8620849847793579,1
2248,0,0.3552109897136688,0
2249,1,0.9852650165557861,1
2250,1,0.9824540019035339,1
2251,0,0.000686999992467463,0
2252,0,0.561693012714386,1
2253,1,0.9877570271492004,1
2254,1,0.9923549890518188,1
2255,0,0.5146610140800476,1
2256,0,0.0054779998026788235,0
2257,1,0.99161297082901,1
2258,0,0.0033499998971819878,0
2259,0,0.007338999770581722,0
2260,1,0.7689440250396729,1
2261,1,0.9857439994812012,1
2262,1,0.9947959780693054,1
2263,0,0.002870999975129962,0
2264,0,0.015995999798178673,0
2265,1,0.9755100011825562,1
2266,0,0.12758399546146393,0
2267,1,0.9980589747428894,1
2268,0,0.008410000242292881,0
2269,0,0.4431309998035431,0
2270,1,0.966933012008667,1
2271,0,0.00405400013551116,0
2272,0,0.005133999977260828,0
2273,0,0.0013160000089555979,0
2274,1,0.9976819753646851,1
2275,1,0.9990329742431641,1
2276,1,0.9490939974784851,1
2277,1,0.9159780144691467,1
2278,1,0.9334080219268799,1
2279,1,0.9975280165672302,1
2280,0,0.013705999590456486,0
2281,0,0.07795900106430054,0
2282,0,0.24021999537944794,0
2283,0,0.0050050001591444016,0
2284,0,0.016356000676751137,0
2285,1,0.9385280013084412,1
2286,0,0.009096000343561172,0
2287,0,0.0019710001070052385,0
2288,0,0.1552709937095642,0
2289,0,0.01080199982970953,0
2290,0,0.46691998839378357,0
2291,0,0.03368600085377693,0
2292,1,0.997439980506897,1
2293,0,0.010780000127851963,0
2294,0,0.511838972568512,1
2295,0,0.507843017578125,1
2296,0,0.002394000068306923,0
2297,0,0.0036770000588148832,0
2298,0,0.003955000080168247,0
2299,1,0.9983320236206055,1
2300,1,0.7891330122947693,1
2301,0,0.11279399693012238,0
2302,0,0.05214900150895119,0
2303,0,0.0225600004196167,0
2304,1,0.277648001909256,0
2305,1,0.9998090267181396,1
2306,1,0.9823830127716064,1
2307,1,0.9702519774436951,1
2308,1,0.5517579913139343,1
2309,1,0.9969900250434875,1
2310,1,0.9529399871826172,1
2311,0,0.04825500026345253,0
2312,1,0.9896190166473389,1
2313,1,0.8874179720878601,1
2314,1,0.999068021774292,1
2315,1,0.9987999796867371,1
2316,1,0.5197780132293701,1
2317,0,0.000534999999217689,0
2318,1,0.9969310164451599,1
2319,0,0.017746999859809875,0
2320,1,0.9917780160903931,1
2321,1,0.9544289708137512,1
2322,1,0.9874190092086792,1
2323,0,0.042486000806093216,0
2324,0,0.00648199999704957,0
2325,0,0.0021009999327361584,0
2326,1,0.994047999382019,1
2327,0,0.26245999336242676,0
2328,0,0.004106000065803528,0
2329,0,0.0019630000460892916,0
2330,1,0.998134970664978,1
2331,0,0.037004001438617706,0
2332,1,0.9096710085868835,1
2333,1,0.9943029880523682,1
2334,1,0.9940400123596191,1
2335,0,0.003488000016659498,0
2336,0,0.006359000224620104,0
2337,1,0.8020480275154114,1
2338,1,0.9539269804954529,1
2339,1,0.9935629963874817,1
2340,1,0.9965599775314331,1
2341,0,0.00661499984562397,0
2342,0,0.16235800087451935,0
2343,0,0.011536000296473503,0
2344,1,0.9769600033760071,1
2345,0,0.05924699828028679,0
2346,0,0.005787999834865332,0
2347,1,0.9902709722518921,1
2348,1,0.993478000164032,1
2349,1,0.981128990650177,1
2350,1,0.9489499926567078,1
2351,1,0.9389860033988953,1
2352,1,0.99863600730896,1
2353,0,0.004730000160634518,0
2354,0,0.0035349999088793993,0
2355,1,0.9994170069694519,1
2356,1,0.9845420122146606,1
2357,1,0.06233999878168106,0
2358,0,0.005909999832510948,0
2359,1,0.9983590245246887,1
2360,0,0.027852000668644905,0
2361,1,0.9983180165290833,1
2362,0,0.014770999550819397,0
2363,0,0.02782299928367138,0
2364,1,0.7610840201377869,1
2365,1,0.9974930286407471,1
2366,0,0.09615900367498398,0
2367,0,0.3308359980583191,0
2368,1,0.9963480234146118,1
2369,0,0.21244199573993683,0
2370,1,0.9988300204277039,1
2371,1,0.9981120228767395,1
2372,1,0.9967179894447327,1
2373,0,0.020440999418497086,0
2374,1,0.6097930073738098,1
2375,0,0.004155999980866909,0
2376,1,0.9942939877510071,1
2377,0,0.012974999845027924,0
2378,0,0.0009079999872483313,0
2379,1,0.9789249897003174,1
2380,0,0.012764999642968178,0
2381,1,0.9978060126304626,1
2382,1,0.9544649720191956,1
2383,0,0.006972999777644873,0
2384,0,0.024071000516414642,0
2385,0,0.02764200046658516,0
2386,0,0.8827610015869141,1
2387,1,0.9927120208740234,1
2388,0,0.008310999721288681,0
2389,0,0.0005639999872073531,0
2390,1,0.8785769939422607,1
2391,0,0.009964999742805958,0
2392,0,0.0012760000536218286,0
2393,0,0.009073999710381031,0
2394,0,0.0011239999439567327,0
2395,1,0.9075019955635071,1
2396,1,0.9942330121994019,1
2397,1,0.994575023651123,1
2398,0,0.01282699964940548,0
2399,0,0.0010740000288933516,0
2400,1,0.9538339972496033,1
2401,1,0.993835985660553,1
2402,1,0.9918310046195984,1
2403,0,0.01968800090253353,0
2404,0,0.013786000199615955,0
2405,1,0.9912670254707336,1
2406,1,0.9981719851493835,1
2407,0,0.9428589940071106,1
2408,1,0.9989060163497925,1
2409,1,0.9240149855613708,1
2410,0,0.012117000296711922,0
2411,1,0.9837470054626465,1
2412,1,0.8552780151367188,1
2413,0,0.0029440000653266907,0
2414,0,0.49995601177215576,0
2415,0,0.02431900054216385,0
2416,0,0.010546999983489513,0
2417,0,0.0025049999821931124,0
2418,0,0.9451839923858643,1
2419,0,0.0024530000519007444,0
2420,1,0.9972969889640808,1
2421,0,0.002750999992713332,0
2422,1,0.9565749764442444,1
2423,0,0.010929999873042107,0
2424,1,0.3230699896812439,0
2425,1,0.9987649917602539,1
2426,0,0.0014280000468716025,0
2427,0,0.001867000013589859,0
2428,1,0.9073460102081299,1
2429,0,0.003333000000566244,0
2430,1,0.9949679970741272,1
2431,1,0.9973189830780029,1
2432,0,0.335563987493515,0
2433,1,0.9053099751472473,1
2434,1,0.9916980266571045,1
2435,1,0.47588300704956055,0
2436,1,0.3391039967536926,0
2437,0,0.0023560000117868185,0
2438,1,0.9994819760322571,1
2439,0,0.0015010000206530094,0
2440,1,0.981872022151947,1
2441,0,0.0016070000128820539,0
2442,1,0.9994810223579407,1
2443,1,0.9885849952697754,1
2444,0,0.008159000426530838,0
2445,1,0.9809550046920776,1
2446,0,0.02092600055038929,0
2447,0,0.1604750007390976,0
2448,1,0.8805019855499268,1
2449,0,0.020749999210238457,0
2450,0,0.0032250001095235348,0
2451,0,0.02791300043463707,0
2452,1,0.9956449866294861,1
2453,0,0.003951000049710274,0
2454,1,0.9896849989891052,1
2455,1,0.3362930119037628,0
2456,1,0.997160017490387,1
2457,1,0.991936981678009,1
2458,0,0.5196750164031982,1
2459,1,0.991707980632782,1
2460,0,0.05253399908542633,0
2461,0,0.005770000163465738,0
2462,1,0.9969210028648376,1
2463,0,0.9937949776649475,1
2464,0,0.008310000412166119,0
2465,0,0.006719000171869993,0
2466,0,0.009340000338852406,0
2467,0,0.8209859728813171,1
2468,1,0.9972180128097534,1
2469,1,0.9881719946861267,1
2470,1,0.9177209734916687,1
2471,0,0.004755000118166208,0
2472,0,0.34927698969841003,0
2473,1,0.4301399886608124,0
2474,1,0.9924790263175964,1
2475,1,0.9965130090713501,1
2476,0,0.017580000683665276,0
2477,0,0.00608500000089407,0
2478,0,0.037362001836299896,0
2479,1,0.9942839741706848,1
2480,1,0.9984679818153381,1
2481,0,0.05000700056552887,0
2482,0,0.08396799862384796,0
2483,1,0.9634910225868225,1
2484,1,0.9130070209503174,1
2485,0,0.30722200870513916,0
2486,0,0.002776999957859516,0
2487,1,0.9993669986724854,1
2488,1,0.9960209727287292,1
2489,0,0.0155239999294281,0
2490,0,0.04398399963974953,0
2491,1,0.9965190291404724,1
2492,1,0.9654179811477661,1
2493,0,0.005613999906927347,0
2494,1,0.6459159851074219,1
2495,0,0.04487000033259392,0
2496,0,0.0020439999643713236,0
2497,0,0.004738000221550465,0
2498,0,0.46775001287460327,0
2499,1,0.9406120181083679,1
2500,0,0.0007239999831654131,0
2501,1,0.9285020232200623,1
2502,1,0.9967420101165771,1
2503,1,0.9988229870796204,1
2504,1,0.9596760272979736,1
2505,1,0.8031160235404968,1
2506,1,0.861532986164093,1
2507,1,0.810916006565094,1
2508,0,0.0714149996638298,0
2509,0,0.08405400067567825,0
2510,1,0.9984229803085327,1
2511,1,0.9984130263328552,1
2512,0,0.01745999976992607,0
2513,1,0.9223060011863708,1
2514,0,0.0018159999744966626,0
2515,1,0.5931789875030518,1
2516,0,0.05129700154066086,0
2517,1,0.9977380037307739,1
2518,0,0.0011470000026747584,0
2519,1,0.987667977809906,1
2520,0,0.06133799999952316,0
2521,0,0.03471999987959862,0
2522,0,0.0028019999153912067,0
2523,1,0.9694049954414368,1
2524,1,0.15344400703907013,0
2525,0,0.14279499650001526,0
2526,0,0.002078999998047948,0
2527,1,0.9907060265541077,1
2528,1,0.6563680171966553,1
2529,1,0.9991959929466248,1
2530,0,0.004494000226259232,0
2531,1,0.9878960251808167,1
2532,1,0.9956669807434082,1
2533,1,0.6447960138320923,1
2534,1,0.9865570068359375,1
2535,0,0.0009850000496953726,0
2536,1,0.9876559972763062,1
2537,0,0.0833280012011528,0
2538,0,0.0030060000717639923,0
2539,1,0.8795710206031799,1
2540,0,0.020527999848127365,0
2541,0,0.001164000015705824,0
2542,0,0.002947000088170171,0
2543,0,0.0019099999917671084,0
2544,0,0.0021379999816417694,0
2545,1,0.9525120258331299,1
2546,0,0.003360999980941415,0
2547,0,0.005408000200986862,0
2548,1,0.9196839928627014,1
2549,1,0.9728509783744812,1
2550,0,0.09932900220155716,0
2551,0,0.02807299979031086,0
2552,1,0.9650149941444397,1
2553,0,0.027248000726103783,0
2554,1,0.9984449744224548,1
2555,0,0.2843190133571625,0
2556,0,0.008833000436425209,0
2557,1,0.8188030123710632,1
2558,0,0.0009749999735504389,0
2559,0,0.16071799397468567,0
2560,1,0.9792979955673218,1
2561,1,0.04307899996638298,0
2562,0,0.019440000876784325,0
2563,0,0.620527982711792,1
2564,1,0.9988939762115479,1
2565,1,0.5672789812088013,1
2566,1,0.933102011680603,1
2567,1,0.9968680143356323,1
2568,1,0.9873359799385071,1
2569,1,0.9248690009117126,1
2570,0,0.0018449999624863267,0
2571,0,0.5289279818534851,1
2572,1,0.901423990726471,1
2573,1,0.0509600006043911,0
2574,1,0.996878981590271,1
2575,1,0.9960409998893738,1
2576,0,0.009468000382184982,0
2577,0,0.011088999919593334,0
2578,0,0.1789270043373108,0
2579,1,0.9972699880599976,1
2580,1,0.9897270202636719,1
2581,0,0.0007050000131130219,0
2582,0,0.010327000170946121,0
2583,0,0.008708000183105469,0
2584,0,0.596435010433197,1
2585,1,0.9526140093803406,1
2586,0,0.001972000114619732,0
2587,1,0.9867249727249146,1
2588,1,0.9981600046157837,1
2589,0,0.007280000019818544,0
2590,0,0.9222630262374878,1
2591,1,0.9847880005836487,1
2592,0,0.017594000324606895,0
2593,0,0.023826999589800835,0
2594,1,0.9659559726715088,1
2595,0,0.0045900000259280205,0
2596,0,0.22864200174808502,0
2597,1,0.9273009896278381,1
2598,1,0.9907770156860352,1
2599,0,0.030063999816775322,0
2600,0,0.693452000617981,1
2601,0,0.013284999877214432,0
2602,0,0.24150300025939941,0
2603,0,0.1119140014052391,0
2604,1,0.4508639872074127,0
2605,0,0.06413000077009201,0
2606,0,0.08590900152921677,0
2607,1,0.9154260158538818,1
2608,1,0.9965789914131165,1
2609,1,0.17614200711250305,0
2610,1,0.9966210126876831,1
2611,0,0.0011230000527575612,0
2612,1,0.07164599746465683,0
2613,0,0.00760400015860796,0
2614,1,0.9759740233421326,1
2615,1,0.41282400488853455,0
2616,1,0.9936580061912537,1
2617,0,0.00621100002899766,0
2618,1,0.9995520114898682,1
2619,1,0.8016589879989624,1
2620,0,0.09224800020456314,0
2621,0,0.006240000016987324,0
2622,0,0.050280001014471054,0
2623,1,0.9720519781112671,1
2624,0,0.013580000028014183,0
2625,0,0.004315000027418137,0
2626,0,0.07159599661827087,0
2627,0,0.015433999709784985,0
2628,0,0.0030819999519735575,0
2629,1,0.9989200234413147,1
2630,0,0.0016080000204965472,0
2631,0,0.0316540002822876,0
2632,1,0.6373230218887329,1
2633,1,0.9979559779167175,1
2634,0,0.06660299748182297,0
2635,0,0.03135000169277191,0
2636,0,0.049865998327732086,0
2637,1,0.9974759817123413,1
2638,1,0.9727550148963928,1
2639,1,0.9888120293617249,1
2640,0,0.00046999999904073775,0
2641,0,0.006351999938488007,0
2642,1,0.9934340119361877,1
2643,0,0.0029120000544935465,0
2644,0,0.018658999353647232,0
2645,1,0.974183976650238,1
2646,0,0.004827999975532293,0
2647,0,0.004323999863117933,0
2648,0,0.0004070000140927732,0
2649,1,0.9757450222969055,1
2650,0,0.09783799946308136,0
2651,0,0.022624000906944275,0
2652,0,0.11950699985027313,0
2653,1,0.9897819757461548,1
2654,0,0.0026020000223070383,0
2655,0,0.0038950000889599323,0
2656,1,0.9945530295372009,1
2657,0,0.08309300243854523,0
2658,1,0.9926120042800903,1
2659,1,0.8901219964027405,1
2660,1,0.3004460036754608,0
2661,1,0.9381279945373535,1
2662,1,0.9941340088844299,1
2663,0,0.0021170000545680523,0
2664,1,0.9813899993896484,1
2665,1,0.9947350025177002,1
2666,1,0.846176028251648,1
2667,0,0.0025259999092668295,0
2668,0,0.005115000065416098,0
2669,1,0.12166400253772736,0
2670,1,0.2973339855670929,0
2671,1,0.923537015914917,1
2672,0,0.022830000147223473,0
2673,1,0.9941139817237854,1
2674,1,0.9968600273132324,1
2675,1,0.9818620085716248,1
2676,0,0.005491999909281731,0
2677,0,0.011977000162005424,0
2678,1,0.12798799574375153,0
2679,1,0.9735910296440125,1
2680,1,0.9970189929008484,1
2681,0,0.002741999924182892,0
2682,1,0.9991739988327026,1
2683,1,0.9976099729537964,1
2684,0,0.007765000220388174,0
2685,0,0.0007510000141337514,0
2686,1,0.8407989740371704,1
2687,0,0.007036999799311161,0
2688,1,0.9972140192985535,1
2689,0,0.01760699972510338,0
2690,1,0.7034469842910767,1
2691,0,0.0018939999863505363,0
2692,0,0.005332000087946653,0
2693,0,0.1504170000553131,0
2694,1,0.9992340207099915,1
2695,1,0.9899700284004211,1
2696,1,0.9995030164718628,1
2697,0,0.004569999873638153,0
2698,0,0.0014590000500902534,0
2699,0,0.005735000129789114,0
2700,1,0.9407839775085449,1
2701,0,0.0020830000285059214,0
2702,1,0.9785159826278687,1
2703,0,0.00457199988886714,0
2704,0,0.008376999758183956,0
2705,0,0.1175059974193573,0
2706,1,0.9990659952163696,1
2707,0,0.0006399999838322401,0
2708,0,0.060832999646663666,0
2709,0,0.004035999998450279,0
2710,1,0.06244400143623352,0
2711,1,0.9958850145339966,1
2712,0,0.002908000024035573,0
2713,0,0.017616000026464462,0
2714,1,0.9978880286216736,1
2715,1,0.9902750253677368,1
2716,1,0.9889640212059021,1
2717,0,0.022041000425815582,0
2718,1,0.9977260231971741,1
2719,0,0.009544000029563904,0
2720,0,0.0036430000327527523,0
2721,0,0.004567999858409166,0
2722,1,0.9935020208358765,1
2723,1,0.9881200194358826,1
2724,1,0.9969589710235596,1
2725,1,0.8129690289497375,1
2726,1,0.8430160284042358,1
2727,0,0.006130999885499477,0
2728,0,0.11775700002908707,0
2729,1,0.9967039823532104,1
2730,0,0.009087000042200089,0
2731,0,0.0019529999699443579,0
2732,0,0.011544999666512012,0
2733,0,0.026020999997854233,0
2734,0,0.024442000314593315,0
2735,1,0.9196580052375793,1
2736,1,0.9752519726753235,1
2737,0,0.6073529720306396,1
2738,1,0.22291600704193115,0
2739,0,0.0019379999721422791,0
2740,0,0.06506100296974182,0
2741,1,0.9967679977416992,1
2742,0,0.004689000081270933,0
2743,0,0.0065100002102553844,0
2744,1,0.9930739998817444,1
2745,1,0.7496430277824402,1
2746,1,0.9803379774093628,1
2747,1,0.9865409731864929,1
2748,0,0.0012669999850913882,0
2749,0,0.0006459999713115394,0
2750,1,0.9585099816322327,1
2751,1,0.9952309727668762,1
2752,1,0.9289029836654663,1
2753,0,0.0017960000550374389,0
2754,0,0.005218000151216984,0
2755,1,0.9137439727783203,1
2756,0,0.0007149999728426337,0
2757,0,0.0679979994893074,0
2758,1,0.9589740037918091,1
2759,0,0.02170800045132637,0
2760,1,0.9928979873657227,1
2761,0,0.0007270000060088933,0
2762,1,0.9759569764137268,1
2763,0,0.10207899659872055,0
2764,1,0.9980520009994507,1
2765,0,0.0717020034790039,0
2766,1,0.9931319952011108,1
2767,1,0.9986109733581543,1
2768,1,0.9808279871940613,1
2769,0,0.005506000015884638,0
2770,1,0.885342001914978,1
2771,1,0.997704029083252,1
2772,1,0.9966179728507996,1
2773,1,0.9577440023422241,1
2774,0,0.0011139999842271209,0
2775,0,0.040495000779628754,0
2776,0,0.13671599328517914,0
2777,1,0.999193012714386,1
2778,0,0.007317000068724155,0
2779,0,0.0019910000264644623,0
2780,0,0.004559999797493219,0
2781,1,0.9984359741210938,1
2782,1,0.9975320100784302,1
2783,1,0.7855499982833862,1
2784,0,0.006020999979227781,0
2785,1,0.771236002445221,1
2786,0,0.06544499844312668,0
2787,0,0.0035409999545663595,0
2788,0,0.01331000030040741,0
2789,0,0.008391999639570713,0
2790,0,0.003914999775588512,0
2791,0,0.010072999633848667,0
2792,0,0.024265000596642494,0
2793,0,0.9521290063858032,1
2794,0,0.02819499932229519,0
2795,0,0.004381000064313412,0
2796,0,0.03492499887943268,0
2797,0,0.2495570033788681,0
2798,0,0.016249999403953552,0
2799,1,0.997111976146698,1
2800,0,0.013287999667227268,0
2801,0,0.005830000154674053,0
2802,0,0.0022100000642240047,0
2803,1,0.9956009984016418,1
2804,1,0.7980009913444519,1
2805,0,0.024356000125408173,0
2806,1,0.8304849863052368,1
2807,0,0.03822600096464157,0
2808,0,0.012431000359356403,0
2809,0,0.011605000123381615,0
2810,1,0.9947819709777832,1
2811,0,0.026913000270724297,0
2812,0,0.0824119970202446,0
2813,0,0.0025760000571608543,0
2814,1,0.9262949824333191,1
2815,0,0.023852000012993813,0
2816,1,0.9730650186538696,1
2817,0,0.016355000436306,0
2818,1,0.9671000242233276,1
2819,1,0.7975469827651978,1
2820,0,0.010098000057041645,0
2821,0,0.0033179998863488436,0
2822,0,0.9767079949378967,1
2823,0,0.46282801032066345,0
2824,0,0.5063300132751465,1
2825,1,0.7944139838218689,1
2826,1,0.9620350003242493,1
2827,0,0.003645000047981739,0
2828,0,0.9598100185394287,1
2829,1,0.9530929923057556,1
2830,0,0.07299599796533585,0
2831,1,0.16499599814414978,0
2832,0,0.05245500057935715,0
2833,1,0.907397985458374,1
2834,1,0.8063290119171143,1
2835,0,0.001272000023163855,0
2836,0,0.0014440000522881746,0
2837,0,0.013784999959170818,0
2838,1,0.8875619769096375,1
2839,1,0.9973620176315308,1
2840,0,0.007335999980568886,0
2841,1,0.9381399750709534,1
2842,1,0.9077510237693787,1
2843,0,0.001955999992787838,0
2844,1,0.9793720245361328,1
2845,0,0.005898000206798315,0
2846,0,0.0019970000721514225,0
2847,0,0.00019799999427050352,0
2848,0,0.05835999920964241,0
2849,1,0.9446939826011658,1
2850,0,0.0003220000071451068,0
2851,0,0.0036720000207424164,0
2852,0,0.01148299966007471,0
2853,1,0.9981840252876282,1
2854,0,0.148485004901886,0
2855,0,0.01236599963158369,0
2856,0,0.010706000030040741,0
2857,1,0.4403280019760132,0
2858,1,0.9971920251846313,1
2859,1,0.9791349768638611,1
2860,0,0.09098599851131439,0
2861,0,0.54374098777771,1
2862,0,0.0030720001086592674,0
2863,1,0.6939100027084351,1
2864,0,0.001171999960206449,0
2865,1,0.9739699959754944,1
2866,0,0.015434999950230122,0
2867,1,0.01050500012934208,0
2868,1,0.9987879991531372,1
2869,0,0.016457000747323036,0
2870,0,0.13732999563217163,0
2871,0,0.001858999952673912,0
2872,0,0.01461500022560358,0
2873,1,0.9844319820404053,1
2874,1,0.9394400119781494,1
2875,0,0.24693900346755981,0
2876,0,0.002368000103160739,0
2877,1,0.39467400312423706,0
2878,0,0.08862899988889694,0
2879,0,0.005462000146508217,0
2880,1,0.9816110134124756,1
2881,0,0.012206999585032463,0
2882,0,0.015838999301195145,0
2883,1,0.9901090264320374,1
2884,0,0.029603000730276108,0
2885,1,0.9816169738769531,1
2886,1,0.9951459765434265,1
2887,1,0.9887269735336304,1
2888,0,0.9924769997596741,1
2889,0,0.14602500200271606,0
2890,1,0.9518219828605652,1
2891,1,0.9994170069694519,1
2892,0,0.02711999975144863,0
2893,1,0.2264299988746643,0
2894,1,0.21491600573062897,0
2895,1,0.9950950145721436,1
2896,0,0.00036899998667649925,0
2897,0,0.04223199933767319,0
2898,0,0.0013859999598935246,0
2899,0,0.13816699385643005,0
2900,1,0.9437450170516968,1
2901,1,0.9960749745368958,1
2902,1,0.9990339875221252,1
2903,1,0.9382230043411255,1
2904,1,0.97987300157547,1
2905,1,0.9925289750099182,1
2906,1,0.9747719764709473,1
2907,0,0.0016929999692365527,0
2908,0,0.12171000242233276,0
2909,0,0.02081800065934658,0
2910,0,0.021649999544024467,0
2911,1,0.6236559748649597,1
2912,0,0.927478015422821,1
2913,0,0.0016540000215172768,0
2914,1,0.9958199858665466,1
2915,0,0.0025569999124854803,0
2916,0,0.0016110000433400273,0
2917,1,0.9929739832878113,1
2918,1,0.6269180178642273,1
2919,0,0.002876000013202429,0
2920,1,0.9973210096359253,1
2921,1,0.9994379878044128,1
2922,0,0.000813000020571053,0
2923,0,0.017108000814914703,0
2924,1,0.8824189901351929,1
2925,1,0.7923489809036255,1
2926,0,0.0021069999784231186,0
2927,1,0.997855007648468,1
2928,1,0.9987769722938538,1
2929,1,0.9980959892272949,1
2930,1,0.9118030071258545,1
2931,0,0.00279000005684793,0
2932,0,0.004480999894440174,0
2933,0,0.001062000053934753,0
2934,1,0.9956240057945251,1
2935,0,0.004672999959439039,0
2936,0,0.00432500010356307,0
2937,1,0.9959549903869629,1
2938,0,0.003372000064700842,0
2939,1,0.9471880197525024,1
2940,1,0.9916790127754211,1
2941,0,0.019505999982357025,0
2942,1,0.997065007686615,1
2943,0,0.34679898619651794,0
2944,1,0.9008600115776062,1
2945,0,0.00015700000221841037,0
2946,0,0.04664500057697296,0
2947,0,0.015562999993562698,0
2948,1,0.9884799718856812,1
2949,0,0.023731999099254608,0
2950,0,0.002136999974027276,0
2951,1,0.9795709848403931,1
2952,1,0.9969339966773987,1
2953,0,0.01083299983292818,0
2954,0,0.0014019999653100967,0
2955,1,0.9955469965934753,1
2956,0,0.07026900351047516,0
2957,0,0.014454999938607216,0
2958,0,0.022060999646782875,0
2959,1,0.9860479831695557,1
2960,0,0.0008370000286959112,0
2961,1,0.7938870191574097,1
2962,0,0.00419999985024333,0
2963,1,0.9909210205078125,1
2964,0,0.00026599998818710446,0
2965,1,0.9975510239601135,1
2966,1,0.9895399808883667,1
2967,1,0.9545320272445679,1
2968,1,0.9896029829978943,1
2969,1,0.9984250068664551,1
2970,1,0.9948440194129944,1
2971,1,0.5983139872550964,1
2972,0,0.02330400049686432,0
2973,1,0.9625200033187866,1
2974,1,0.9163680076599121,1
2975,1,0.9907749891281128,1
2976,1,0.9985179901123047,1
2977,1,0.02925500087440014,0
2978,0,0.021693000569939613,0
2979,1,0.9961519837379456,1
2980,0,0.004556000232696533,0
2981,0,0.0012839999981224537,0
2982,0,0.007015999872237444,0
2983,0,0.008813999593257904,0
2984,0,0.2256300002336502,0
2985,0,0.042277999222278595,0
2986,0,0.0016240000259131193,0
2987,1,0.9981279969215393,1
2988,1,0.9897419810295105,1
2989,1,0.9884520173072815,1
2990,1,0.9070410132408142,1
2991,0,0.0033829999156296253,0
2992,1,0.9991329908370972,1
2993,1,0.9995700120925903,1
2994,0,0.010958000086247921,0
2995,0,0.006269000004976988,0
2996,0,0.0033809999004006386,0
2997,0,0.01145699992775917,0
2998,1,0.9986129999160767,1
2999,0,0.9178760051727295,1
3000,0,0.061535999178886414,0
3001,0,0.1387290060520172,0
3002,1,0.35719600319862366,0
3003,1,0.9583899974822998,1
3004,1,0.9966639876365662,1
3005,0,0.14429199695587158,0
3006,0,0.08394599705934525,0
3007,1,0.998865008354187,1
3008,0,0.001151000033132732,0
3009,1,0.3351449966430664,0
3010,1,0.9976840019226074,1
3011,1,0.9918559789657593,1
3012,1,0.9976069927215576,1
3013,1,0.9774519801139832,1
3014,0,0.00042299999040551484,0
3015,1,0.9708920121192932,1
3016,0,0.9452890157699585,1
3017,1,0.9993799924850464,1
3018,1,0.9852989912033081,1
3019,1,0.7284049987792969,1
3020,0,0.1744920015335083,0
3021,1,0.6260089874267578,1
3022,0,0.09626899659633636,0
3023,1,0.9949120283126831,1
3024,1,0.4570690095424652,0
3025,1,0.30574101209640503,0
3026,0,0.2896279990673065,0
3027,0,0.22575899958610535,0
3028,0,0.9777560234069824,1
3029,1,0.9890859723091125,1
3030,1,0.9686909914016724,1
3031,0,0.0016629999736323953,0
3032,1,0.9966880083084106,1
3033,0,0.00937000010162592,0
3034,1,0.9979889988899231,1
3035,1,0.9990609884262085,1
3036,0,0.0060789999552071095,0
3037,0,0.006347000133246183,0
3038,0,0.0011050000321120024,0
3039,1,0.9815239906311035,1
3040,0,0.00318100000731647,0
3041,1,0.9738389849662781,1
3042,0,0.17059600353240967,0
3043,1,0.9788669943809509,1
3044,0,0.00725799985229969,0
3045,1,0.9975370168685913,1
3046,0,0.015073999762535095,0
3047,0,0.00020300000323913991,0
3048,0,0.010916000232100487,0
3049,0,0.01843399927020073,0
3050,0,0.015142000280320644,0
3051,1,0.9558159708976746,1
3052,1,0.9945690035820007,1
3053,1,0.9965850114822388,1
3054,0,0.0057299998588860035,0
3055,1,0.6670429706573486,1
3056,1,0.9995399713516235,1
3057,0,0.057395000010728836,0
3058,0,0.007946999743580818,0
3059,1,0.36137399077415466,0
3060,0,0.0402819998562336,0
3061,1,0.990418016910553,1
3062,0,0.32788100838661194,0
3063,0,0.004647000227123499,0
3064,1,0.9991359710693359,1
3065,0,0.5002350211143494,1
3066,1,0.8727110028266907,1
3067,0,0.6899930238723755,1
3068,1,0.9075869917869568,1
3069,1,0.9818019866943359,1
3070,1,0.9849330186843872,1
3071,1,0.9985499978065491,1
3072,0,0.014696000143885612,0
3073,0,0.35148799419403076,0
3074,1,0.9845439791679382,1
3075,0,0.07080099731683731,0
3076,0,0.013325000181794167,0
3077,0,0.0007849999819882214,0
3078,0,0.0006539999740198255,0
3079,0,0.017242999747395515,0
3080,1,0.9956110119819641,1
3081,0,0.0005639999872073531,0
3082,1,0.9868280291557312,1
3083,0,0.003415999934077263,0
3084,1,0.9250119924545288,1
3085,0,0.0014669999945908785,0
3086,1,0.9849830269813538,1
3087,1,0.9687550067901611,1
3088,1,0.1117750033736229,0
3089,1,0.983909010887146,1
3090,0,0.0010999999940395355,0
3091,1,0.98301100730896,1
3092,1,0.9609349966049194,1
3093,0,0.0031709999311715364,0
3094,0,0.0015480000292882323,0
3095,1,0.9800099730491638,1
3096,0,0.09172700345516205,0
3097,0,0.06134499981999397,0
3098,0,0.0023010000586509705,0
3099,1,0.997314989566803,1
3100,0,0.003728999989107251,0
3101,0,0.006893999874591827,0
3102,1,0.9978730082511902,1
3103,0,0.005307000130414963,0
3104,1,0.9981170296669006,1
3105,1,0.9858289957046509,1
3106,0,0.012505999766290188,0
3107,0,0.0015160000184550881,0
3108,0,0.0011220000451430678,0
3109,0,0.10356699675321579,0
3110,0,0.027838999405503273,0
3111,0,0.7592530250549316,1
3112,1,0.10199800133705139,0
3113,0,0.2170110046863556,0
3114,1,0.9829319715499878,1
3115,1,0.9894260168075562,1
3116,1,0.993162989616394,1
3117,0,0.03849999979138374,0
3118,0,0.0028019999153912067,0
3119,0,0.13831600546836853,0
3120,1,0.9426460266113281,1
3121,0,0.09397400170564651,0
3122,0,0.10048600286245346,0
3123,1,0.9776340126991272,1
3124,1,0.7302640080451965,1
3125,1,0.9985160231590271,1
3126,0,0.005371000152081251,0
3127,1,0.9885830283164978,1
3128,1,0.9795209765434265,1
3129,0,0.009135999716818333,0
3130,0,0.008828000165522099,0
3131,0,0.00952600035816431,0
3132,1,0.9885339736938477,1
3133,1,0.013988000340759754,0
3134,0,0.004699999932199717,0
3135,1,0.9807350039482117,1
3136,0,0.003215000033378601,0
3137,0,0.025015000253915787,0
3138,0,0.007439999841153622,0
3139,0,0.012284000404179096,0
3140,1,0.9982119798660278,1
3141,1,0.999671995639801,1
3142,1,0.9868580102920532,1
3143,1,0.9973940253257751,1
3144,0,0.02247999981045723,0
3145,1,0.5870069861412048,1
3146,1,0.9973949790000916,1
3147,0,0.010982999578118324,0
3148,1,0.3271099925041199,0
3149,0,0.01307199988514185,0
3150,0,0.002696000039577484,0
3151,1,0.9827520251274109,1
3152,1,0.9723939895629883,1
3153,0,0.0007779999868944287,0
3154,0,0.0024170000106096268,0
3155,0,0.0064860000275075436,0
3156,1,0.9396520256996155,1
3157,1,0.9984009861946106,1
3158,0,0.022545000538229942,0
3159,1,0.9944689869880676,1
3160,1,0.9914939999580383,1
3161,1,0.2271679937839508,0
3162,1,0.4554649889469147,0
3163,1,0.9702069759368896,1
3164,0,0.2322160005569458,0
3165,0,0.0007019999902695417,0
3166,0,0.1007160022854805,0
3167,0,0.14026500284671783,0
3168,1,0.9991559982299805,1
3169,0,0.058350998908281326,0
3170,0,0.252810001373291,0
3171,0,0.009593999944627285,0
3172,0,0.006500000134110451,0
3173,1,0.9990289807319641,1
3174,1,0.9976440072059631,1
3175,1,0.9983350038528442,1
3176,1,0.7984600067138672,1
3177,0,0.5163750052452087,1
3178,1,0.9967139959335327,1
3179,0,0.02295299991965294,0
3180,1,0.9936310052871704,1
3181,0,0.0014199999859556556,0
3182,1,0.8287280201911926,1
3183,0,0.1172029972076416,0
3184,0,0.05125200003385544,0
3185,0,0.005297999829053879,0
3186,1,0.9967790246009827,1
3187,0,0.009685000404715538,0
3188,0,0.0017059999518096447,0
3189,0,0.05870800092816353,0
3190,0,0.0037249999586492777,0
3191,1,0.9851469993591309,1
3192,1,0.5579349994659424,1
3193,0,0.00648899981752038,0
3194,1,0.019946999847888947,0
3195,0,0.004482999909669161,0
3196,0,0.024792000651359558,0
3197,0,0.0037090000696480274,0
3198,0,0.06308399885892868,0
3199,0,0.012529999949038029,0
3200,0,0.028186000883579254,0
3201,1,0.9829670190811157,1
3202,0,0.0011569999624043703,0
3203,1,0.9936469793319702,1
3204,0,0.18313899636268616,0
3205,0,0.002552000107243657,0
3206,0,0.0303530003875494,0
3207,1,0.8147510290145874,1
3208,0,0.010793999768793583,0
3209,1,0.9756100177764893,1
3210,0,0.0424950011074543,0
3211,1,0.8893089890480042,1
3212,1,0.999305009841919,1
3213,0,0.024994999170303345,0
3214,0,0.0014400000218302011,0
3215,1,0.41408801078796387,0
3216,0,0.0008280000183731318,0
3217,1,0.9347919821739197,1
3218,0,0.7033839821815491,1
3219,0,0.432233989238739,0
3220,1,0.9744930267333984,1
3221,1,0.9988059997558594,1
3222,0,0.01286999974399805,0
3223,0,0.36061498522758484,0
3224,0,0.010556000284850597,0
3225,0,0.050324998795986176,0
3226,0,0.003407000098377466,0
3227,1,0.9973400235176086,1
3228,0,0.0018100000452250242,0
3229,0,0.0017790000420063734,0
3230,1,0.9883229732513428,1
3231,1,0.032308001071214676,0
3232,0,0.03809799998998642,0
3233,0,0.01991399936378002,0
3234,0,0.0059380000457167625,0
3235,1,0.2655549943447113,0
3236,1,0.9987599849700928,1
3237,0,0.0004949999856762588,0
3238,0,0.0013099999632686377,0
3239,0,0.0070050000213086605,0
3240,1,0.9963859915733337,1
3241,1,0.9987369775772095,1
3242,1,0.9821010231971741,1
3243,0,0.0009790000040084124,0
3244,0,0.0013470000121742487,0
3245,1,0.9494900107383728,1
3246,1,0.9860759973526001,1
3247,1,0.9031659960746765,1
3248,0,0.0015790000325068831,0
3249,0,0.0007060000207275152,0
3250,0,0.002621999941766262,0
3251,1,0.9946339726448059,1
3252,0,0.03421799838542938,0
3253,0,0.0025690000038594007,0
3254,1,0.9679719805717468,1
3255,1,0.15524999797344208,0
3256,0,0.0011490000179037452,0
3257,1,0.9995660185813904,1
3258,1,0.9859529733657837,1
3259,1,0.3303990066051483,0
3260,1,0.9814789891242981,1
3261,0,0.002693000016734004,0
3262,0,0.02450600080192089,0
3263,1,0.9307559728622437,1
3264,1,0.5140460133552551,1
3265,0,0.023656999692320824,0
3266,1,0.9983680248260498,1
3267,0,0.001475999946705997,0
3268,0,0.00020799999765586108,0
3269,0,0.06412100046873093,0
3270,1,0.9792240262031555,1
3271,1,0.9901869893074036,1
3272,1,0.9991160035133362,1
3273,1,0.8891909718513489,1
3274,1,0.8948919773101807,1
3275,1,0.9322779774665833,1
3276,0,0.008318999782204628,0
3277,0,0.2732259929180145,0
3278,0,0.006717999931424856,0
3279,0,0.03205300122499466,0
3280,0,0.0030070000793784857,0
3281,0,0.01117900013923645,0
3282,0,0.31994199752807617,0
3283,1,0.9892160296440125,1
3284,1,0.23530499637126923,0
3285,0,0.004162999801337719,0
3286,1,0.9990130066871643,1
3287,0,0.03146899864077568,0
3288,0,0.0006670000148005784,0
3289,1,0.9971539974212646,1
3290,1,0.9761059880256653,1
3291,1,0.9897119998931885,1
3292,1,0.9096270203590393,1
3293,1,0.9975169897079468,1
3294,1,0.9199640154838562,1
3295,0,0.001395000028423965,0
3296,1,0.784978985786438,1
3297,1,0.8655790090560913,1
3298,0,0.0070119998417794704,0
3299,0,0.0004459999909158796,0
3300,0,0.002761000068858266,0
3301,1,0.9974480271339417,1
3302,1,0.9621909856796265,1
3303,0,0.02086699940264225,0
3304,1,0.9940750002861023,1
3305,0,0.10819199681282043,0
3306,0,0.02944299951195717,0
3307,0,0.010483000427484512,0
3308,1,0.9843329787254333,1
3309,0,0.00018899999849963933,0
3310,1,0.984824001789093,1
3311,0,0.017558999359607697,0
3312,0,0.005187999922782183,0
3313,0,0.004906000103801489,0
3314,0,0.2564390003681183,0
3315,0,0.0036269999109208584,0
3316,1,0.994920015335083,1
3317,1,0.8869630098342896,1
3318,1,0.9835659861564636,1
3319,1,0.9969329833984375,1
3320,1,0.1938679963350296,0
3321,0,0.002457000082358718,0
3322,1,0.9963150024414062,1
3323,0,0.044172000139951706,0
3324,0,0.004776999820023775,0
3325,1,0.5374079942703247,1
3326,1,0.9681439995765686,1
3327,0,0.004497000016272068,0
3328,1,0.13356800377368927,0
3329,1,0.9726750254631042,1
3330,1,0.989749014377594,1
3331,1,0.9978020191192627,1
3332,1,0.9953449964523315,1
3333,1,0.9867429733276367,1
3334,0,0.003470999887213111,0
3335,0,0.00786800030618906,0
3336,1,0.8441740274429321,1
3337,0,0.002623999956995249,0
3338,0,0.0012740000383928418,0
3339,1,0.9920589923858643,1
3340,1,0.9959120154380798,1
3341,0,0.6613990068435669,1
3342,0,0.008527000434696674,0
3343,0,0.7327079772949219,1
3344,1,0.48506200313568115,0
3345,0,0.7964199781417847,1
3346,0,0.053369998931884766,0
3347,1,0.46612000465393066,0
3348,1,0.08654700219631195,0
3349,1,0.9889540076255798,1
3350,0,0.21321800351142883,0
3351,1,0.96527099609375,1
3352,0,0.537913978099823,1
3353,1,0.9196100234985352,1
3354,0,0.0050490000285208225,0
3355,0,0.005332999862730503,0
3356,0,0.08492600172758102,0
3357,1,0.9946939945220947,1
3358,1,0.5819439888000488,1
3359,0,0.044929999858140945,0
3360,1,0.9975799918174744,1
3361,0,0.0017350000562146306,0
3362,0,0.03876899927854538,0
3363,1,0.9980149865150452,1
3364,1,0.8009459972381592,1
3365,0,0.05634799972176552,0
3366,1,0.6701909899711609,1
3367,1,0.9753310084342957,1
3368,1,0.4799259901046753,0
3369,0,0.04101699963212013,0
3370,1,0.5845149755477905,1
3371,0,0.8294860124588013,1
3372,1,0.8476740121841431,1
3373,0,0.06582699716091156,0
3374,1,0.11169099807739258,0
3375,1,0.12927600741386414,0
3376,1,0.9976699948310852,1
3377,0,0.0029349999967962503,0
3378,0,0.07495400309562683,0
3379,1,0.9924830198287964,1
3380,1,0.7145599722862244,1
3381,1,0.9592589735984802,1
3382,1,0.9992920160293579,1
3383,1,0.819566011428833,1
3384,1,0.9963369965553284,1
3385,0,0.010235999710857868,0
3386,1,0.9942179918289185,1
3387,1,0.9843930006027222,1
3388,1,0.9991959929466248,1
3389,1,0.9190530180931091,1
3390,0,0.13597199320793152,0
3391,1,0.8632509708404541,1
3392,1,0.3229849934577942,0
3393,1,0.9821339845657349,1
3394,1,0.8135629892349243,1
3395,1,0.991362988948822,1
3396,1,0.9895949959754944,1
3397,0,0.02407200075685978,0
3398,0,0.0017049999441951513,0
3399,0,0.14254499971866608,0
3400,1,0.9930139780044556,1
3401,0,0.04751800000667572,0
3402,0,0.1036750003695488,0
3403,1,0.9998040199279785,1
3404,1,0.9817389845848083,1
3405,0,0.007691000122576952,0
3406,0,0.0032999999821186066,0
3407,0,0.09363199770450592,0
3408,1,0.9944019913673401,1
3409,1,0.9966719746589661,1
3410,1,0.974694013595581,1
3411,0,0.9800509810447693,1
3412,1,0.9986400008201599,1
3413,0,0.023049000650644302,0
3414,0,0.019269999116659164,0
3415,1,0.9931970238685608,1
3416,1,0.29443100094795227,0
3417,1,0.18285900354385376,0
3418,1,0.9735170006752014,1
3419,1,0.9900919795036316,1
3420,0,0.0027940000873059034,0
3421,0,0.02703399956226349,0
3422,1,0.9851970076560974,1
3423,0,0.005549000110477209,0
3424,0,0.03838999941945076,0
3425,0,0.0029460000805556774,0
3426,1,0.846651017665863,1
3427,1,0.9906619787216187,1
3428,0,0.000999000039882958,0
3429,0,0.002392000053077936,0
3430,1,0.9974709749221802,1
3431,0,0.02345000021159649,0
3432,1,0.9982990026473999,1
3433,0,0.173102006316185,0
3434,1,0.9883170127868652,1
3435,0,0.08738400042057037,0
3436,0,0.0009459999855607748,0
3437,0,0.0007089999853633344,0
3438,1,0.5693759918212891,1
3439,0,0.20850500464439392,0
3440,1,0.3785960078239441,0
3441,1,0.658070981502533,1
3442,0,0.012143000029027462,0
3443,0,0.12971000373363495,0
3444,0,0.02587299980223179,0
3445,1,0.9955139756202698,1
3446,1,0.8014240264892578,1
3447,0,0.019404999911785126,0
3448,1,0.9929260015487671,1
3449,0,0.0024900001008063555,0
3450,0,0.007521000225096941,0
3451,0,0.00796900037676096,0
3452,1,0.9962300062179565,1
3453,1,0.9852510094642639,1
3454,0,0.005330000072717667,0
3455,1,0.9700469970703125,1
3456,1,0.9958860278129578,1
3457,1,0.997626006603241,1
3458,1,0.8588539958000183,1
3459,1,0.8208109736442566,1
3460,1,0.9926030039787292,1
3461,1,0.9551259875297546,1
3462,1,0.9791539907455444,1
3463,0,0.29798099398612976,0
3464,0,0.34334099292755127,0
3465,0,0.005090999882668257,0
3466,1,0.9970880150794983,1
3467,0,0.018014000728726387,0
3468,1,0.9970560073852539,1
3469,1,0.9991480112075806,1
3470,1,0.9653750061988831,1
3471,1,0.9455090165138245,1
3472,1,0.9846410155296326,1
3473,0,0.004594999831169844,0
3474,1,0.9903389811515808,1
3475,0,0.7689380049705505,1
3476,1,0.9417909979820251,1
3477,1,0.8974239826202393,1
3478,0,0.6894069910049438,1
3479,0,0.0011579999700188637,0
3480,1,0.23804500699043274,0
3481,1,0.9699299931526184,1
3482,1,0.9190319776535034,1
3483,0,0.002706000115722418,0
3484,0,0.38194501399993896,0
3485,1,0.9974579811096191,1
3486,1,0.9704089760780334,1
3487,0,0.004761999938637018,0
3488,1,0.9196860194206238,1
3489,1,0.8367670178413391,1
3490,0,0.15030300617218018,0
3491,1,0.8921880125999451,1
3492,1,0.9962159991264343,1
3493,1,0.9994159936904907,1
3494,1,0.9770449995994568,1
3495,1,0.945589005947113,1
3496,1,0.9940040111541748,1
3497,0,0.12885800004005432,0
3498,1,0.9446899890899658,1
3499,0,0.0119439996778965,0
3500,0,0.01067500002682209,0
3501,0,0.47180700302124023,0
3502,1,0.9922009706497192,1
3503,0,0.029205000028014183,0
3504,0,0.004982999991625547,0
3505,1,0.9864919781684875,1
3506,0,0.008826999925076962,0
3507,1,0.8943690061569214,1
3508,1,0.7272300124168396,1
3509,0,0.21590900421142578,0
3510,1,0.9976249933242798,1
3511,1,0.993910014629364,1
3512,1,0.9973310232162476,1
3513,0,0.013539000414311886,0
3514,1,0.9908049702644348,1
3515,0,0.29286301136016846,0
3516,0,0.48918500542640686,0
3517,1,0.97918701171875,1
3518,1,0.9921370148658752,1
3519,0,0.12221000343561172,0
3520,1,0.8469840288162231,1
3521,1,0.9958609938621521,1
3522,0,0.0007830000249668956,0
3523,0,0.0009800000116229057,0
3524,1,0.9882609844207764,1
3525,0,0.00995699968189001,0
3526,0,0.001474000047892332,0
3527,1,0.8962200284004211,1
3528,1,0.9974579811096191,1
3529,1,0.980472981929779,1
3530,1,0.9939969778060913,1
3531,1,0.9984089732170105,1
3532,0,0.00039000000106170774,0
3533,1,0.9219509959220886,1
3534,0,0.02041199989616871,0
3535,1,0.996982991695404,1
3536,1,0.9975469708442688,1
3537,1,0.9978539943695068,1
3538,1,0.9890599846839905,1
3539,0,0.9071760177612305,1
3540,1,0.9667019844055176,1
3541,1,0.9153540134429932,1
3542,1,0.9900509715080261,1
3543,1,0.9988939762115479,1
3544,1,0.9972929954528809,1
3545,1,0.9989529848098755,1
3546,0,0.0051739998161792755,0
3547,1,0.028808999806642532,0
3548,1,0.9956920146942139,1
3549,0,0.023959999904036522,0
3550,0,0.004443000070750713,0
3551,0,0.015406000427901745,0
3552,0,0.0005039999959990382,0
3553,0,0.02043600007891655,0
3554,0,0.2754940092563629,0
3555,0,0.0012799999676644802,0
3556,0,0.0013749999925494194,0
3557,1,0.8523929715156555,1
3558,0,0.48171401023864746,0
3559,1,0.9966639876365662,1
3560,0,0.006074000149965286,0
3561,1,0.979997992515564,1
3562,0,0.04606899991631508,0
3563,1,0.9833400249481201,1
3564,1,0.9103279709815979,1
3565,1,0.6430500149726868,1
3566,1,0.9315279722213745,1
3567,0,0.002348999958485365,0
3568,0,0.004492000211030245,0
3569,1,0.8256360292434692,1
3570,0,0.017949000000953674,0
3571,0,0.0006290000164881349,0
3572,1,0.9932469725608826,1
3573,0,0.006248000077903271,0
3574,1,0.9570689797401428,1
3575,0,0.023315999656915665,0
3576,0,0.005716999992728233,0
3577,0,0.0011409999569877982,0
3578,1,0.9969069957733154,1
3579,0,0.012277999892830849,0
3580,0,0.009983000345528126,0
3581,0,0.0028510000556707382,0
3582,0,0.010027999989688396,0
3583,0,0.13604499399662018,0
3584,0,0.01734600029885769,0
3585,0,0.028598999604582787,0
3586,1,0.9947059750556946,1
3587,0,0.3846459984779358,0
3588,0,0.007598999887704849,0
3589,1,0.987762987613678,1
3590,0,0.04893200099468231,0
3591,1,0.9979739785194397,1
3592,0,0.004406000021845102,0
3593,0,0.0064210002310574055,0
3594,1,0.9994570016860962,1
3595,1,0.8542960286140442,1
3596,1,0.9730209708213806,1
3597,0,0.0015369999455288053,0
3598,1,0.9946579933166504,1
3599,0,0.0007179999956861138,0
3600,0,0.001290000043809414,0
3601,0,0.008062000386416912,0
3602,0,0.002616999903693795,0
3603,1,0.4926759898662567,0
3604,0,0.0020039998926222324,0
3605,1,0.9979709982872009,1
3606,0,0.022926999256014824,0
3607,1,0.979203999042511,1
3608,0,0.019207999110221863,0
3609,0,0.0015640000347048044,0
3610,0,0.0017219999572262168,0
3611,0,0.9944549798965454,1
3612,1,0.9794250130653381,1
3613,1,0.995727002620697,1
3614,0,0.0037140001077204943,0
3615,1,0.9140980243682861,1
3616,1,0.9815139770507812,1
3617,0,0.07174000144004822,0
3618,0,0.10098599642515182,0
3619,0,0.07496500015258789,0
3620,1,0.9947559833526611,1
3621,1,0.9856979846954346,1
3622,1,0.9966719746589661,1
3623,0,0.2640030086040497,0
3624,1,0.09120400249958038,0
3625,0,0.0003000000142492354,0
3626,1,0.000526999996509403,0
3627,1,0.9850059747695923,1
3628,1,0.9898560047149658,1
3629,0,0.019466999918222427,0
3630,0,0.05192200094461441,0
3631,0,0.017212999984622,0
3632,1,0.9825630187988281,1
3633,0,0.010852999985218048,0
3634,1,0.8066589832305908,1
3635,1,0.9552149772644043,1
3636,1,0.9892870187759399,1
3637,1,0.9552339911460876,1
3638,0,0.010878999717533588,0
3639,1,0.9908360242843628,1
3640,1,0.9944339990615845,1
3641,1,0.98716801404953,1
3642,0,0.00027099999715574086,0
3643,0,0.22729599475860596,0
3644,1,0.9857100248336792,1
3645,0,0.7562050223350525,1
3646,0,0.0018769999733194709,0
3647,0,0.00038300000596791506,0
3648,0,0.1487559974193573,0
3649,1,0.9151300191879272,1
3650,0,0.00687999976798892,0
3651,0,0.0005339999916031957,0
3652,0,0.0014420000370591879,0
3653,0,0.017994999885559082,0
3654,1,0.9946950078010559,1
3655,0,0.012792999856173992,0
3656,1,0.9988700151443481,1
3657,1,0.9869040250778198,1
3658,1,0.9991649985313416,1
3659,1,0.87642902135849,1
3660,0,0.0016670000040903687,0
3661,0,0.0020830000285059214,0
3662,0,0.012237999588251114,0
3663,0,0.023660000413656235,0
3664,1,0.9933249950408936,1
3665,0,0.005497999954968691,0
3666,1,0.9965419769287109,1
3667,0,0.8994899988174438,1
3668,1,0.64963299036026,1
3669,1,0.990028977394104,1
3670,1,0.9987159967422485,1
3671,0,0.07814999669790268,0
3672,1,0.9775130152702332,1
3673,0,0.04031800106167793,0
3674,0,0.010364999994635582,0
3675,1,0.19420699775218964,0
3676,0,0.0010519999777898192,0
3677,1,0.9961420297622681,1
3678,1,0.9448559880256653,1
3679,1,0.8398740291595459,1
3680,0,0.009238000027835369,0
3681,0,0.0067610000260174274,0
3682,1,0.9937610030174255,1
3683,0,0.004468999803066254,0
3684,0,0.023088999092578888,0
3685,1,0.8761399984359741,1
3686,1,0.9459660053253174,1
3687,1,0.9997940063476562,1
3688,0,0.0013500000350177288,0
3689,1,0.9678850173950195,1
3690,1,0.9688590168952942,1
3691,1,0.998278021812439,1
3692,1,0.9579070210456848,1
3693,0,0.21224600076675415,0
3694,1,0.6413900256156921,1
3695,1,0.9381740093231201,1
3696,1,0.9667549729347229,1
3697,1,0.9948869943618774,1
3698,1,0.9982820153236389,1
3699,0,0.015174999833106995,0
3700,0,0.27859699726104736,0
3701,1,0.6430249810218811,1
3702,0,0.008477999828755856,0
3703,1,0.7800260186195374,1
3704,0,0.007788999937474728,0
3705,0,0.008662999607622623,0
3706,1,0.9490270018577576,1
3707,0,0.003217000048607588,0
3708,0,0.01678300090134144,0
3709,0,0.004240000154823065,0
3710,1,0.9338210225105286,1
3711,1,0.2912999987602234,0
3712,0,0.023056000471115112,0
3713,0,0.0009469999931752682,0
3714,0,0.007031999994069338,0
3715,1,0.9874950051307678,1
3716,0,0.0014550000196322799,0
3717,1,0.985854983329773,1
3718,1,0.9995350241661072,1
3719,1,0.1699330061674118,0
3720,0,0.06840600073337555,0
3721,0,0.0016479999758303165,0
3722,0,0.014173000119626522,0
3723,0,0.001436999998986721,0
3724,0,0.0014680000022053719,0
3725,1,0.9628379940986633,1
3726,1,0.9803479909896851,1
3727,1,0.995540976524353,1
3728,0,0.006175999995321035,0
3729,0,0.001446999958716333,0
3730,0,0.46955999732017517,0
3731,0,0.002429000101983547,0
3732,0,0.004083000123500824,0
3733,1,0.9992809891700745,1
3734,1,0.9983459711074829,1
3735,0,0.0010610000463202596,0
3736,1,0.8582820296287537,1
3737,0,0.027612999081611633,0
3738,1,0.9867600202560425,1
3739,0,0.00597700010985136,0
3740,0,0.005295000039041042,0
3741,0,0.5926269888877869,1
3742,1,0.9405480027198792,1
3743,0,0.00018699999782256782,0
3744,1,0.9978190064430237,1
3745,1,0.8781279921531677,1
3746,1,0.9631010293960571,1
3747,1,0.9717109799385071,1
3748,0,0.04669500142335892,0
3749,1,0.9851750135421753,1
3750,1,0.9828450083732605,1
3751,0,0.013647999614477158,0
3752,0,0.039301998913288116,0
3753,0,0.0034169999416917562,0
3754,1,0.7561929821968079,1
3755,0,0.05020900070667267,0
3756,0,0.022437000647187233,0
3757,0,0.01930299960076809,0
3758,0,0.5780500173568726,1
3759,1,0.08891399949789047,0
3760,0,0.05048999935388565,0
3761,1,0.9378359913825989,1
3762,1,0.9891890287399292,1
3763,0,0.011531000025570393,0
3764,0,0.0011399999493733048,0
3765,0,0.0005210000090301037,0
3766,1,0.9070649743080139,1
3767,1,0.9970160126686096,1
3768,0,0.02289400063455105,0
3769,0,0.001728000002913177,0
3770,0,0.011888000182807446,0
3771,1,0.9889789819717407,1
3772,0,0.005543999839574099,0
3773,0,0.9940099716186523,1
3774,1,0.9886379837989807,1
3775,0,0.02401600033044815,0
3776,0,0.0012100000167265534,0
3777,1,0.9967219829559326,1
3778,0,0.30628201365470886,0
3779,0,0.001003999961540103,0
3780,1,0.9995759725570679,1
3781,0,0.01722400076687336,0
3782,1,0.9976440072059631,1
3783,1,0.9830229878425598,1
3784,1,0.8667420148849487,1
3785,1,0.9765459895133972,1
3786,0,0.02692599967122078,0
3787,1,0.9739609956741333,1
3788,1,0.9944459795951843,1
3789,0,0.0032510000746697187,0
3790,0,0.008337000384926796,0
3791,0,0.009084000252187252,0
3792,0,0.0014900000533089042,0
3793,1,0.9993489980697632,1
3794,1,0.9935590028762817,1
3795,0,0.003022999968379736,0
3796,1,0.16141299903392792,0
3797,1,0.9930329918861389,1
3798,1,0.9964820146560669,1
3799,0,0.15565499663352966,0
3800,1,0.9484429955482483,1
3801,1,0.9916229844093323,1
3802,1,0.8208780288696289,1
3803,0,0.003220000071451068,0
3804,1,0.9986069798469543,1
3805,1,0.9987390041351318,1
3806,0,0.014020999893546104,0
3807,0,0.017302000895142555,0
3808,1,0.9914019703865051,1
3809,0,0.6366249918937683,1
3810,0,0.008969999849796295,0
3811,1,0.997298002243042,1
3812,1,0.16642500460147858,0
3813,1,0.9439169764518738,1
3814,0,0.9678249955177307,1
3815,0,0.20987999439239502,0
3816,0,0.015430999919772148,0
3817,1,0.850275993347168,1
3818,0,0.02947700023651123,0
3819,0,0.022290000692009926,0
3820,1,0.9766619801521301,1
3821,0,0.0023219999857246876,0
3822,1,0.9901930093765259,1
3823,0,0.023496000096201897,0
3824,1,0.40003299713134766,0
3825,0,0.011022999882698059,0
3826,0,0.013914000242948532,0
3827,0,0.1862650066614151,0
3828,1,0.9983699917793274,1
3829,0,0.016170000657439232,0
3830,1,0.9966300129890442,1
3831,1,0.8096160292625427,1
3832,1,0.9984070062637329,1
3833,0,0.0010819999733939767,0
3834,0,0.6398599743843079,1
3835,0,0.004399000201374292,0
3836,0,0.0023219999857246876,0
3837,1,0.9790449738502502,1
3838,0,0.08527199923992157,0
3839,1,0.970999002456665,1
3840,1,0.9986460208892822,1
3841,0,0.0020979999098926783,0
3842,1,0.9986870288848877,1
3843,0,0.01612599939107895,0
3844,0,0.006645999848842621,0
3845,0,0.01678900048136711,0
3846,0,0.5664349794387817,1
3847,0,0.45332399010658264,0
3848,1,0.004344000015407801,0
3849,1,0.9645789861679077,1
3850,0,0.010618999600410461,0
3851,0,0.1261570006608963,0
3852,0,0.34990599751472473,0
3853,1,0.2038390040397644,0
3854,1,0.9947100281715393,1
3855,1,0.994458019733429,1
3856,0,0.2627139985561371,0
3857,1,0.9901130199432373,1
3858,0,0.044569000601768494,0
3859,1,0.9907450079917908,1
3860,0,0.0747620016336441,0
3861,0,0.007505000103265047,0
3862,0,0.656665027141571,1
3863,0,0.0009379999828524888,0
3864,1,0.9907159805297852,1
3865,0,0.0031190000008791685,0
3866,0,0.007232999894768,0
3867,1,0.9813889861106873,1
3868,1,0.891510009765625,1
3869,0,0.001120000029914081,0
3870,0,0.20086300373077393,0
3871,0,0.006612999830394983,0
3872,1,0.9770860075950623,1
3873,1,0.9812319874763489,1
3874,0,0.005148999858647585,0
3875,1,0.9967700242996216,1
3876,0,0.006943000014871359,0
3877,1,0.999692976474762,1
3878,1,0.9993039965629578,1
3879,1,0.9708120226860046,1
3880,0,0.022802000865340233,0
3881,0,0.028373999521136284,0
3882,1,0.7649570107460022,1
3883,1,0.899474024772644,1
3884,0,0.003636999987065792,0
3885,1,0.9983239769935608,1
3886,1,0.8517199754714966,1
3887,1,0.9831830263137817,1
3888,0,0.0030990000814199448,0
3889,0,0.0005360000068321824,0
3890,1,0.9735379815101624,1
3891,1,0.9940090179443359,1
3892,0,0.02771800011396408,0
3893,0,0.0019710001070052385,0
3894,0,0.0011579999700188637,0
3895,0,0.0001449999981559813,0
3896,0,0.0008950000046752393,0
3897,1,0.9981110095977783,1
3898,0,0.034226998686790466,0
3899,1,0.27195098996162415,0
3900,1,0.9993420243263245,1
3901,0,0.023486999794840813,0
3902,0,0.013616000302135944,0
3903,0,0.009177999570965767,0
3904,1,0.9719319939613342,1
3905,0,0.018804000690579414,0
3906,1,0.9970279932022095,1
3907,1,0.9865509867668152,1
3908,1,0.9543799757957458,1
3909,0,0.0006489999941550195,0
3910,0,0.7909550070762634,1
3911,0,0.4314720034599304,0
3912,1,0.9933599829673767,1
3913,0,0.10408399999141693,0
3914,0,0.12145800143480301,0
3915,0,0.04911800101399422,0
3916,0,0.010104999877512455,0
3917,1,0.9474170207977295,1
3918,1,0.9907510280609131,1
3919,0,0.0020200000144541264,0
3920,1,0.929332971572876,1
3921,0,0.0034409998916089535,0
3922,0,0.04541400074958801,0
3923,1,0.9140899777412415,1
3924,1,0.9983839988708496,1
3925,0,0.0020920000970363617,0
3926,0,0.4144209921360016,0
3927,0,0.006878000218421221,0
3928,1,0.9978880286216736,1
3929,1,0.9988549947738647,1
3930,1,0.3905769884586334,0
3931,1,0.9944450259208679,1
3932,1,0.9969320297241211,1
3933,1,0.9989039897918701,1
3934,1,0.9912400245666504,1
3935,1,0.9983940124511719,1
3936,0,0.0008720000041648746,0
3937,1,0.9928770065307617,1
3938,0,0.0007060000207275152,0
3939,0,0.8674160242080688,1
3940,0,0.00587099976837635,0
3941,0,0.00965499971061945,0
3942,0,0.04748699814081192,0
3943,0,0.6975600123405457,1
3944,0,0.8822739720344543,1
3945,1,0.7999230027198792,1
3946,0,0.007637999951839447,0
3947,0,0.005152999889105558,0
3948,1,0.9525960087776184,1
3949,1,0.9860630035400391,1
3950,0,0.0021879998967051506,0
3951,1,0.9985589981079102,1
3952,0,0.0023900000378489494,0
3953,1,0.9834629893302917,1
3954,1,0.7867289781570435,1
3955,0,0.028439000248908997,0
3956,0,0.058800000697374344,0
3957,0,0.011842000298202038,0
3958,1,0.9982069730758667,1
3959,0,0.04244399815797806,0
3960,0,0.0041240002028644085,0
3961,0,0.31681400537490845,0
3962,0,0.5734379887580872,1
3963,0,0.06377799808979034,0
3964,1,0.9869449734687805,1
3965,0,0.9328160285949707,1
3966,1,0.9908869862556458,1
3967,0,0.17052599787712097,0
3968,1,0.9936119914054871,1
3969,0,0.0025740000419318676,0
3970,1,0.7704640030860901,1
3971,1,0.9986770153045654,1
3972,1,0.9726970195770264,1
3973,0,0.13925999402999878,0
3974,1,0.9858499765396118,1
3975,0,0.519914984703064,1
3976,1,0.9745129942893982,1
3977,0,0.0009059999720193446,0
3978,0,0.001016999944113195,0
3979,0,0.08722300082445145,0
3980,0,0.01522199995815754,0
3981,1,0.9965839982032776,1
3982,1,0.9898350238800049,1
3983,1,0.987434983253479,1
3984,0,0.0018840000266209245,0
3985,0,0.9083809852600098,1
3986,0,0.09570600092411041,0
3987,0,0.004480000119656324,0
3988,1,0.9961720108985901,1
3989,1,0.9992679953575134,1
3990,0,0.017628999426960945,0
3991,1,0.9973700046539307,1
3992,0,0.02024099975824356,0
3993,0,0.023747999221086502,0
3994,0,0.0531029999256134,0
3995,1,0.997651994228363,1
3996,0,0.004083999898284674,0
3997,1,0.9879900217056274,1
3998,0,0.0034469999372959137,0
3999,1,0.99795001745224,1
4000,0,0.006409999914467335,0
4001,1,0.9893640279769897,1
4002,1,0.12134800106287003,0
4003,0,0.1836249977350235,0
4004,1,0.9145259857177734,1
4005,1,0.9955189824104309,1
4006,0,0.004935000091791153,0
4007,0,0.32646000385284424,0
4008,0,0.060460999608039856,0
4009,1,0.9825789928436279,1
4010,0,0.0008800000068731606,0
4011,0,0.010595000348985195,0
4012,0,0.020855000242590904,0
4013,1,0.9880170226097107,1
4014,1,0.9988830089569092,1
4015,1,0.8139749765396118,1
4016,0,0.02054700069129467,0
4017,1,0.9564610123634338,1
4018,0,0.003978999797254801,0
4019,0,0.009752999991178513,0
4020,1,0.9842829704284668,1
4021,1,0.9978669881820679,1
4022,1,0.9736120104789734,1
4023,0,0.010964999906718731,0
4024,1,0.985164999961853,1
4025,0,0.0007149999728426337,0
4026,1,0.431333988904953,0
4027,0,0.051284998655319214,0
4028,1,0.9924039840698242,1
4029,1,0.9208670258522034,1
4030,0,0.10445199906826019,0
4031,1,0.9785599708557129,1
4032,1,0.02185099944472313,0
4033,1,0.9892410039901733,1
4034,1,0.0063390000723302364,0
4035,0,0.0009280000231228769,0
4036,1,0.9814410209655762,1
4037,1,0.9833170175552368,1
4038,1,0.9952470064163208,1
4039,0,0.06913500279188156,0
4040,0,0.010735999792814255,0
4041,0,0.007693000137805939,0
4042,0,0.015789000317454338,0
4043,1,0.9624800086021423,1
4044,0,0.09217000007629395,0
4045,1,0.8607900142669678,1
4046,1,0.9995440244674683,1
4047,1,0.9947739839553833,1
4048,0,0.0297240000218153,0
4049,1,0.8449440002441406,1
4050,1,0.9879909753799438,1
4051,0,0.006113999988883734,0
4052,0,0.004170000087469816,0
4053,0,0.006138999946415424,0
4054,1,0.9854829907417297,1
4055,0,0.00036899998667649925,0
4056,0,0.002767000114545226,0
4057,0,0.0021899999119341373,0
4058,0,0.0012529999949038029,0
4059,1,0.8773819804191589,1
4060,1,0.9995390176773071,1
4061,0,0.6905450224876404,1
4062,1,0.9859079718589783,1
4063,0,0.0004619999963324517,0
4064,0,0.0004360000020824373,0
4065,0,0.017680000513792038,0
4066,0,0.14186400175094604,0
4067,0,0.0038320000749081373,0
4068,1,0.9989640116691589,1
4069,0,0.00455200020223856,0
4070,1,0.9968079924583435,1
4071,1,0.9938840270042419,1
4072,0,0.045451998710632324,0
4073,0,0.0008769999840296805,0
4074,1,0.9559059739112854,1
4075,0,0.0007469999836757779,0
4076,0,0.054979000240564346,0
4077,1,0.9993860125541687,1
4078,1,0.996101975440979,1
4079,0,0.003868000116199255,0
4080,1,0.5634829998016357,1
4081,0,0.0015620000194758177,0
4082,0,0.005115000065416098,0
4083,1,0.9993730187416077,1
4084,1,0.9591169953346252,1
4085,1,0.9015229940414429,1
4086,0,0.003126000054180622,0
4087,1,0.9990569949150085,1
4088,1,0.9994009733200073,1
4089,1,0.9578269720077515,1
4090,0,0.004104999825358391,0
4091,0,0.0012809999752789736,0
4092,0,0.10243300348520279,0
4093,1,0.9949600100517273,1
4094,0,0.0012529999949038029,0
4095,1,0.9891250133514404,1
4096,0,0.0070329997688531876,0
4097,1,0.9701640009880066,1
4098,1,0.27587398886680603,0
4099,1,0.997003972530365,1
4100,1,0.9218609929084778,1
4101,1,0.9948729872703552,1
4102,1,0.864687979221344,1
4103,1,0.9740679860115051,1
4104,1,0.9962279796600342,1
4105,0,0.0024800000246614218,0
4106,1,0.9833580255508423,1
4107,0,0.2095640003681183,0
4108,0,0.0033569999504834414,0
4109,1,0.8335379958152771,1
4110,1,0.9003329873085022,1
4111,0,0.022918999195098877,0
4112,0,0.988074004650116,1
4113,1,0.9256240129470825,1
4114,0,0.22675299644470215,0
4115,1,0.997294008731842,1
4116,0,0.0025100000202655792,0
4117,1,0.9977080225944519,1
4118,0,0.004023000132292509,0
4119,1,0.9853690266609192,1
4120,0,0.012507000006735325,0
4121,0,0.0509600006043911,0
4122,0,0.0017999999690800905,0
4123,1,0.9993939995765686,1
4124,0,0.14083200693130493,0
4125,1,0.988955020904541,1
4126,1,0.7946019768714905,1
4127,0,0.011308000423014164,0
4128,1,0.9978479743003845,1
4129,1,0.997156023979187,1
4130,1,0.8870270252227783,1
4131,0,0.39684298634529114,0
4132,0,0.008495000191032887,0
4133,1,0.9042080044746399,1
4134,1,0.8069700002670288,1
4135,0,0.959326982498169,1
4136,1,0.8533220291137695,1
4137,0,0.0047109997831285,0
4138,1,0.9815250039100647,1
4139,1,0.9587720036506653,1
4140,0,0.020634999498724937,0
4141,1,0.9822679758071899,1
4142,0,0.013660999946296215,0
4143,1,0.96321702003479,1
4144,1,0.7517889738082886,1
4145,0,0.02633799985051155,0
4146,0,0.00017800000205170363,0
4147,1,0.9991559982299805,1
4148,1,0.967058002948761,1
4149,0,0.031165000051259995,0
4150,1,0.9850069880485535,1
4151,0,0.6510350108146667,1
4152,0,0.000805000017862767,0
4153,0,0.08098199963569641,0
4154,0,0.01372500043362379,0
4155,1,0.49631598591804504,0
4156,1,0.9965999722480774,1
4157,0,0.005526000168174505,0
4158,1,0.9969329833984375,1
4159,0,0.03274499997496605,0
4160,1,0.9974219799041748,1
4161,0,0.008375000208616257,0
4162,1,0.980908989906311,1
4163,0,0.11986199766397476,0
4164,0,0.0008510000188834965,0
4165,1,0.9970830082893372,1
4166,0,0.1316789984703064,0
4167,1,0.941586971282959,1
4168,1,0.26879799365997314,0
4169,1,0.8306660056114197,1
4170,1,0.9995689988136292,1
4171,1,0.07092099636793137,0
4172,0,0.21332800388336182,0
4173,1,0.9894400238990784,1
4174,1,0.9983180165290833,1
4175,1,0.9923220276832581,1
4176,0,0.0011980000417679548,0
4177,1,0.9991480112075806,1
4178,1,0.9949489831924438,1
4179,1,0.9781209826469421,1
4180,1,0.9989789724349976,1
4181,0,0.14165300130844116,0
4182,0,0.10535100102424622,0
4183,1,0.9807310104370117,1
4184,0,0.0003480000013951212,0
4185,0,0.04220400005578995,0
4186,0,0.003951000049710274,0
4187,0,0.0008360000210814178,0
4188,0,0.007977999746799469,0
4189,0,0.0005239999736659229,0
4190,1,0.9891039729118347,1
4191,0,0.0006050000083632767,0
4192,1,0.04903800040483475,0
4193,0,0.15470099449157715,0
4194,1,0.9992610216140747,1
4195,1,0.9985430240631104,1
4196,1,0.9689220190048218,1
4197,1,0.9997869729995728,1
4198,1,0.9921650290489197,1
4199,0,0.004310000222176313,0
4200,0,0.0026100000832229853,0
4201,0,0.8199009895324707,1
4202,1,0.06600099802017212,0
4203,1,0.9843159914016724,1
4204,0,0.003361999988555908,0
4205,1,0.9972580075263977,1
4206,0,0.8702059984207153,1
4207,0,0.0015589999966323376,0
4208,0,0.0153609998524189,0
4209,1,0.9728549718856812,1
4210,1,0.9954019784927368,1
4211,1,0.7950249910354614,1
4212,1,0.9909989833831787,1
4213,1,0.9880939722061157,1
4214,0,0.011509000323712826,0
4215,0,0.03323499858379364,0
4216,0,0.018129000440239906,0
4217,1,0.5963820219039917,1
4218,1,0.9982690215110779,1
4219,0,0.05442899838089943,0
4220,1,0.9373949766159058,1
4221,0,0.0006099999882280827,0
4222,1,0.9980720281600952,1
4223,1,0.9908589720726013,1
4224,0,0.02056499943137169,0
4225,1,0.9914609789848328,1
4226,0,0.15967300534248352,0
4227,0,0.24334000051021576,0
4228,0,0.39730000495910645,0
4229,1,0.8796330094337463,1
4230,0,0.06486299633979797,0
4231,0,0.4455209970474243,0
4232,0,0.01790500059723854,0
4233,0,0.0017969999462366104,0
4234,1,0.7457219958305359,1
4235,0,0.0025939999613910913,0
4236,1,0.9989320039749146,1
4237,1,0.9916160106658936,1
4238,0,0.006041999906301498,0
4239,1,0.9659680128097534,1
4240,1,0.9853420257568359,1
4241,1,0.9965770244598389,1
4242,1,0.9942600131034851,1
4243,0,0.0008280000183731318,0
4244,0,0.003407000098377466,0
4245,0,0.005450999829918146,0
4246,0,0.0028039999306201935,0
4247,0,0.7803739905357361,1
4248,0,0.024999000132083893,0
4249,0,0.003938999958336353,0
4250,0,0.02725600078701973,0
4251,0,0.007362000178545713,0
4252,0,0.004377999808639288,0
4253,1,0.9519169926643372,1
4254,1,0.9981449842453003,1
4255,1,0.9065300226211548,1
4256,1,0.3615660071372986,0
4257,0,0.18983900547027588,0
4258,1,0.9838870167732239,1
4259,0,0.5124840140342712,1
4260,0,0.0062779998406767845,0
4261,1,0.9934790134429932,1
4262,1,0.6468700170516968,1
4263,0,0.0008640000014565885,0
4264,0,0.007015999872237444,0
4265,1,0.9993000030517578,1
4266,0,0.009436000138521194,0
4267,1,0.9641280174255371,1
4268,0,0.0026360000483691692,0
4269,0,0.005799999926239252,0
4270,1,0.06363199651241302,0
4271,0,0.01942400075495243,0
4272,1,0.9996560215950012,1
4273,1,0.9381110072135925,1
4274,0,0.009097999893128872,0
4275,1,0.9425690174102783,1
4276,1,0.9916859865188599,1
4277,1,0.9895600080490112,1
4278,0,0.822467029094696,1
4279,0,0.003986999858170748,0
4280,1,0.9323430061340332,1
4281,0,0.001550000044517219,0
4282,0,0.041127000004053116,0
4283,1,0.9496060013771057,1
4284,1,0.9972779750823975,1
4285,0,0.04265600070357323,0
4286,0,0.0054339999333024025,0
4287,1,0.9966570138931274,1
4288,1,0.9397569894790649,1
4289,0,0.5365939736366272,1
4290,1,0.16648800671100616,0
4291,0,0.04556199908256531,0
4292,1,0.9885140061378479,1
4293,0,0.005748999770730734,0
4294,1,0.9979400038719177,1
4295,1,0.9916229844093323,1
4296,0,0.0032079999800771475,0
4297,0,0.007565000094473362,0
4298,1,0.9981920123100281,1
4299,1,0.9975529909133911,1
4300,1,0.5988280177116394,1
4301,1,0.06399399787187576,0
4302,1,0.9806770086288452,1
4303,0,0.004226000048220158,0
4304,1,0.999127984046936,1
4305,0,0.0764010027050972,0
4306,1,0.9904850125312805,1
4307,1,0.7821710109710693,1
4308,1,0.9585800170898438,1
4309,1,0.5369200110435486,1
4310,0,0.0017229999648407102,0
4311,0,0.7607809901237488,1
4312,1,0.947547972202301,1
4313,1,0.9975600242614746,1
4314,1,0.999550998210907,1
4315,0,0.0002800000074785203,0
4316,0,0.002804999938234687,0
4317,1,0.9860110282897949,1
4318,0,0.0011119999689981341,0
4319,1,0.9983429908752441,1
4320,0,0.2953740060329437,0
4321,0,0.01500099990516901,0
4322,0,0.7139220237731934,1
4323,1,0.740759015083313,1
4324,1,0.9991620182991028,1
4325,0,0.00839299988001585,0
4326,1,0.9941459894180298,1
4327,0,0.00570600014179945,0
4328,0,0.004071999806910753,0
4329,0,0.06218700110912323,0
4330,0,0.008554000407457352,0
4331,0,0.005522000137716532,0
4332,0,0.02747800014913082,0
4333,1,0.09873200207948685,0
4334,0,0.0012730000307783484,0
4335,0,0.07288599759340286,0
4336,1,0.36091500520706177,0
4337,1,0.996819019317627,1
4338,0,0.09121699631214142,0
4339,0,0.0362670011818409,0
4340,0,0.007451000157743692,0
4341,0,0.12580199539661407,0
4342,1,0.9988049864768982,1
4343,0,0.32394200563430786,0
4344,0,0.33856400847435,0
4345,0,0.03275499865412712,0
4346,0,0.011033999733626842,0
4347,1,0.9845579862594604,1
4348,1,0.9981160163879395,1
4349,0,0.002044999971985817,0
4350,0,0.06515000015497208,0
4351,1,0.9981899857521057,1
4352,1,0.9893079996109009,1
4353,1,0.9978169798851013,1
4354,1,0.9380879998207092,1
4355,1,0.9757980108261108,1
4356,1,0.9609330296516418,1
4357,1,0.9985669851303101,1
4358,1,0.9993789792060852,1
4359,0,0.06471499800682068,0
4360,1,0.9978240132331848,1
4361,1,0.38215500116348267,0
4362,0,0.01856200024485588,0
4363,0,0.07441399991512299,0
4364,0,0.0012329999590292573,0
4365,1,0.9291179776191711,1
4366,1,0.9866610169410706,1
4367,0,0.11895500123500824,0
4368,0,0.015154000371694565,0
4369,0,0.2260580062866211,0
4370,0,0.0027910000644624233,0
4371,1,0.9924960136413574,1
4372,0,0.00044299999717622995,0
4373,0,0.018969999626278877,0
4374,0,0.6378970146179199,1
4375,1,0.5376459956169128,1
4376,0,0.30148500204086304,0
4377,1,0.9874230027198792,1
4378,0,0.0007440000190399587,0
4379,1,0.9528769850730896,1
4380,1,0.5054230093955994,1
4381,0,0.4725329875946045,0
4382,0,0.0010209999745711684,0
4383,0,0.06211100146174431,0
4384,1,0.976252019405365,1
4385,1,0.9760559797286987,1
4386,1,0.9838340282440186,1
4387,0,0.11933500319719315,0
4388,1,0.9996820092201233,1
4389,1,0.9874160289764404,1
4390,1,0.9282360076904297,1
4391,1,0.6110780239105225,1
4392,0,0.006748000159859657,0
4393,1,0.9327509999275208,1
4394,1,0.9973570108413696,1
4395,0,0.0019519999623298645,0
4396,1,0.9971519708633423,1
4397,0,0.0028460000175982714,0
4398,1,0.9570519924163818,1
4399,0,0.0052720000967383385,0
4400,0,0.003450999967753887,0
4401,0,0.02543099969625473,0
4402,0,0.009378000162541866,0
4403,0,0.023646999150514603,0
4404,0,0.11675599962472916,0
4405,1,0.9998340010643005,1
4406,1,0.019881000742316246,0
4407,1,0.9750310182571411,1
4408,0,0.004459000192582607,0
4409,0,0.0002610000083222985,0
4410,1,0.9885140061378479,1
4411,0,0.0012870000209659338,0
4412,0,0.011579000391066074,0
4413,0,0.009358000010251999,0
4414,1,0.9122729897499084,1
4415,1,0.8804460167884827,1
4416,0,0.15637099742889404,0
4417,1,0.7709749937057495,1
4418,1,0.9988330006599426,1
4419,1,0.9489679932594299,1
4420,1,0.9946470260620117,1
4421,1,0.9979410171508789,1
4422,0,0.001487000030465424,0
4423,0,0.009596000425517559,0
4424,0,0.01003200002014637,0
4425,1,0.9965500235557556,1
4426,0,0.038371000438928604,0
4427,1,0.9906330108642578,1
4428,0,0.045246001332998276,0
4429,0,0.007482999935746193,0
4430,1,0.942986011505127,1
4431,0,0.00837200041860342,0
4432,0,0.00342399999499321,0
4433,1,0.9991660118103027,1
4434,0,0.04298299923539162,0
4435,1,0.9401519894599915,1
4436,1,0.9980810284614563,1
4437,1,0.9731820225715637,1
4438,1,0.7992200255393982,1
4439,0,0.0953729972243309,0
4440,0,0.003157000057399273,0
4441,1,0.9973729848861694,1
4442,1,0.9888899922370911,1
4443,1,0.9987959861755371,1
4444,1,0.8485400080680847,1
4445,1,0.9927099943161011,1
4446,0,0.03484499827027321,0
4447,1,0.8198149800300598,1
4448,1,0.9508150219917297,1
4449,0,0.05434500053524971,0
4450,0,0.002678999910131097,0
4451,0,0.06922999769449234,0
4452,1,0.9991729855537415,1
4453,1,0.9981690049171448,1
4454,1,0.986581027507782,1
4455,1,0.9885240197181702,1
4456,0,0.005716000217944384,0
4457,0,0.01983099989593029,0
4458,0,0.04275599867105484,0
4459,1,0.9848350286483765,1
4460,0,0.00215300009585917,0
4461,1,0.9787099957466125,1
4462,1,0.9973940253257751,1
4463,0,0.015046999789774418,0
4464,1,0.9383010268211365,1
4465,1,0.6881189942359924,1
4466,0,0.004538999870419502,0
4467,0,0.003266999963670969,0
4468,0,0.021848000586032867,0
4469,1,0.9637060165405273,1
4470,1,0.9984419941902161,1
4471,1,0.9993600249290466,1
4472,0,0.0029980000108480453,0
4473,1,0.9687169790267944,1
4474,1,0.9946309924125671,1
4475,0,0.018144000321626663,0
4476,1,0.9997040033340454,1
4477,1,0.9626100063323975,1
4478,1,0.661952018737793,1
4479,0,0.0018949999939650297,0
4480,0,0.10136900097131729,0
4481,1,0.9001010060310364,1
4482,0,0.76910799741745,1
4483,1,0.9971889853477478,1
4484,0,0.014813000336289406,0
4485,0,0.0035620001144707203,0
4486,0,0.03371100127696991,0
4487,1,0.9744110107421875,1
4488,1,0.9976410269737244,1
4489,1,0.9988219738006592,1
4490,1,0.003541999962180853,0
4491,0,0.9791259765625,1
4492,0,0.0032919999212026596,0
4493,0,0.2606840133666992,0
4494,1,0.9966800212860107,1
4495,0,0.011443999595940113,0
4496,1,0.9995759725570679,1
4497,0,0.001630999962799251,0
4498,0,0.9744600057601929,1
4499,0,0.14025799930095673,0
4500,1,0.9368929862976074,1
4501,0,0.020829999819397926,0
4502,1,0.945963978767395,1
4503,0,0.0032480000518262386,0
4504,1,0.9938200116157532,1
4505,1,0.830947995185852,1
4506,0,0.029555000364780426,0
4507,0,0.003719999920576811,0
4508,1,0.9901279807090759,1
4509,0,0.00030499999411404133,0
4510,1,0.983618974685669,1
4511,0,0.0005709999823011458,0
4512,0,0.0016980000073090196,0
4513,0,0.00824199989438057,0
4514,0,0.004468999803066254,0
4515,0,0.0003549999964889139,0
4516,0,0.012771000154316425,0
4517,1,0.9697780013084412,1
4518,1,0.9311519861221313,1
4519,0,0.8082510232925415,1
4520,0,0.02722099982202053,0
4521,1,0.9990379810333252,1
4522,0,0.0011119999689981341,0
4523,1,0.9918280243873596,1
4524,0,0.011789999902248383,0
4525,0,0.00036800000816583633,0
4526,1,0.9843980073928833,1
4527,0,0.0004220000118948519,0
4528,0,0.13530099391937256,0
4529,0,0.002876000013202429,0
4530,0,0.0019710001070052385,0
4531,0,0.017062000930309296,0
4532,1,0.9892070293426514,1
4533,1,0.23001399636268616,0
4534,0,0.007288999855518341,0
4535,0,0.011133999563753605,0
4536,1,0.9882569909095764,1
4537,1,0.9885590076446533,1
4538,0,0.9383000135421753,1
4539,0,0.8903710246086121,1
4540,1,0.9983170032501221,1
4541,0,0.01435600034892559,0
4542,0,0.0019580000080168247,0
4543,0,0.007269999943673611,0
4544,0,0.004011999815702438,0
4545,0,0.025635000318288803,0
4546,0,0.02421800047159195,0
4547,1,0.9992420077323914,1
4548,1,0.9975299835205078,1
4549,0,0.004335000179708004,0
4550,1,0.8594970107078552,1
4551,1,0.9701079726219177,1
4552,0,0.00456500006839633,0
4553,1,0.6936479806900024,1
4554,0,0.1117589995265007,0
4555,1,0.9984130263328552,1
4556,1,0.5796549916267395,1
4557,1,0.016215000301599503,0
4558,0,0.040529001504182816,0
4559,1,0.9688079953193665,1
4560,0,0.002191999927163124,0
4561,0,0.0021520000882446766,0
4562,0,0.00573199987411499,0
4563,1,0.9642540216445923,1
4564,0,0.0347599983215332,0
4565,0,0.013597999699413776,0
4566,0,0.08364800363779068,0
4567,0,0.1729239970445633,0
4568,0,0.007375999819487333,0
4569,1,0.9596030116081238,1
4570,0,0.016711000353097916,0
4571,1,0.9991359710693359,1
4572,1,0.9898499846458435,1
4573,0,0.00520299980416894,0
4574,1,0.985031008720398,1
4575,1,0.9963420033454895,1
4576,0,0.00406000018119812,0
4577,1,0.9533870220184326,1
4578,1,0.22286200523376465,0
4579,0,0.019765999168157578,0
4580,1,0.9979509711265564,1
4581,1,0.9940289855003357,1
4582,0,0.025376999750733376,0
4583,1,0.9255210161209106,1
4584,0,0.013147000223398209,0
4585,1,0.5363399982452393,1
4586,1,0.9967550039291382,1
4587,0,0.008721999824047089,0
4588,1,0.9828420281410217,1
4589,0,0.010649999603629112,0
4590,1,0.37717899680137634,0
4591,0,0.08291299641132355,0
4592,1,0.5019490122795105,1
4593,0,0.020455000922083855,0
4594,0,0.003071000101044774,0
4595,1,0.9963300228118896,1
4596,0,0.007178999949246645,0
4597,1,0.9595680236816406,1
4598,0,0.004749999847263098,0
4599,0,0.9545440077781677,1
4600,0,0.17039300501346588,0
4601,1,0.9766489863395691,1
4602,1,0.9952690005302429,1
4603,1,0.9970420002937317,1
4604,1,0.781233012676239,1
4605,1,0.9993330240249634,1
4606,1,0.008469999767839909,0
4607,0,0.014650999568402767,0
4608,0,0.122468002140522,0
4609,1,0.7966619729995728,1
4610,1,0.9633979797363281,1
4611,1,0.999439001083374,1
4612,0,0.009665999561548233,0
4613,1,0.8608819842338562,1
4614,0,0.003025999991223216,0
4615,0,0.39112699031829834,0
4616,0,0.0013909999979659915,0
4617,0,0.0015620000194758177,0
4618,1,0.9234880208969116,1
4619,0,0.6025130152702332,1
4620,0,0.00802099984139204,0
4621,1,0.6307039856910706,1
4622,1,0.811398983001709,1
4623,1,0.5597620010375977,1
4624,1,0.8181869983673096,1
4625,1,0.5328220129013062,1
4626,0,0.011579999700188637,0
4627,0,0.0027920000720769167,0
4628,0,0.43421000242233276,0
4629,1,0.5225690007209778,1
4630,0,0.011735999956727028,0
4631,1,0.8631449937820435,1
4632,0,0.13272100687026978,0
4633,0,0.03556299954652786,0
4634,1,0.9971830248832703,1
4635,1,0.9935920238494873,1
4636,0,0.0015490000369027257,0
4637,1,0.9966850280761719,1
4638,1,0.9780719876289368,1
4639,0,0.0013879999751225114,0
4640,0,0.02110300026834011,0
4641,1,0.8457159996032715,1
4642,0,0.009153000079095364,0
4643,0,0.09629999846220016,0
4644,1,0.9672380089759827,1
4645,0,0.010172000154852867,0
4646,0,0.05173499882221222,0
4647,1,0.9951649904251099,1
4648,0,0.024630000814795494,0
4649,1,0.9987050294876099,1
4650,1,0.12742699682712555,0
4651,0,0.006717999931424856,0
4652,0,0.07240000367164612,0
4653,0,0.045956000685691833,0
4654,0,0.08386900275945663,0
4655,1,0.9916120171546936,1
4656,1,0.5756549835205078,1
4657,1,0.9979159832000732,1
4658,1,0.9403120279312134,1
4659,0,0.006477999966591597,0
4660,1,0.9997519850730896,1
4661,0,0.006486999802291393,0
4662,1,0.2544429898262024,0
4663,1,0.9729660153388977,1
4664,0,0.39184999465942383,0
4665,0,0.010885000228881836,0
4666,0,0.5662500262260437,1
4667,0,0.001888000057078898,0
4668,1,0.800242006778717,1
4669,0,0.006513999775052071,0
4670,1,0.9953349828720093,1
4671,1,0.9901639819145203,1
4672,1,0.8427860140800476,1
4673,0,0.005305000115185976,0
4674,1,0.9158049821853638,1
4675,1,0.9995129704475403,1
4676,0,0.07904600352048874,0
4677,1,0.9969919919967651,1
4678,1,0.9643380045890808,1
4679,0,0.0007210000185295939,0
4680,1,0.9034559726715088,1
4681,0,0.005212000105530024,0
4682,0,0.019043000414967537,0
4683,1,0.7386029958724976,1
4684,1,0.8175519704818726,1
4685,1,0.562188982963562,1
4686,1,0.995818018913269,1
4687,0,0.004900999832898378,0
4688,1,0.9850760102272034,1
4689,0,0.0034290000330656767,0
4690,1,0.9917020201683044,1
4691,0,0.02100599929690361,0
4692,0,0.0008950000046752393,0
4693,0,0.010033000260591507,0
4694,0,0.008116000331938267,0
4695,0,0.000977999996393919,0
4696,0,0.017537999898195267,0
4697,1,0.9029049873352051,1
4698,0,0.7613130211830139,1
4699,1,0.998852014541626,1
4700,1,0.9984769821166992,1
4701,1,0.17634600400924683,0
4702,1,0.9981390237808228,1
4703,0,0.0006689999718219042,0
4704,0,0.13525299727916718,0
4705,0,0.2590569853782654,0
4706,1,0.7691100239753723,1
4707,1,0.930188000202179,1
4708,1,0.9942870140075684,1
4709,0,0.020820999518036842,0
4710,1,0.999305009841919,1
4711,1,0.9963880181312561,1
4712,1,0.31151899695396423,0
4713,1,0.9925739765167236,1
4714,1,0.9979429841041565,1
4715,0,0.00304599991068244,0
4716,1,0.9836990237236023,1
4717,1,0.9974480271339417,1
4718,0,0.003473999910056591,0
4719,1,0.9721119999885559,1
4720,0,0.018106000497937202,0
4721,0,0.6718540191650391,1
4722,1,0.9792640209197998,1
4723,0,0.017288999632000923,0
4724,1,0.9966989755630493,1
4725,1,0.9935629963874817,1
4726,0,0.003020999953150749,0
4727,1,0.9909470081329346,1
4728,1,0.9288060069084167,1
4729,0,0.005061000119894743,0
4730,1,0.9857199788093567,1
4731,1,0.9906290173530579,1
4732,1,0.9889150261878967,1
4733,0,0.0025869999080896378,0
4734,1,0.9544370174407959,1
4735,0,0.016982000321149826,0
4736,1,0.9895399808883667,1
4737,0,0.0011490000179037452,0
4738,1,0.9982349872589111,1
4739,1,0.9876139760017395,1
4740,0,0.004695000126957893,0
4741,1,0.9976189732551575,1
4742,0,0.028022000566124916,0
4743,0,0.047683000564575195,0
4744,0,0.0007769999792799354,0
4745,0,0.18264900147914886,0
4746,0,0.03916599974036217,0
4747,1,0.9905340075492859,1
4748,0,0.023715000599622726,0
4749,1,0.04077700152993202,0
4750,0,0.053339000791311264,0
4751,0,0.02130799926817417,0
4752,1,0.8205289840698242,1
4753,0,0.015429000370204449,0
4754,0,0.006949999835342169,0
4755,0,0.005925999954342842,0
4756,0,0.03651899844408035,0
4757,1,0.9960910081863403,1
4758,1,0.9750710129737854,1
4759,0,0.004838000051677227,0
4760,0,0.0036830001045018435,0
4761,0,0.00016799999866634607,0
4762,1,0.8428909778594971,1
4763,1,0.9900519847869873,1
4764,1,0.9949380159378052,1
4765,1,0.8584550023078918,1
4766,1,0.9875770211219788,1
4767,1,0.9904149770736694,1
4768,1,0.9978060126304626,1
4769,0,0.026906000450253487,0
4770,1,0.7852370142936707,1
4771,0,0.24510900676250458,0
4772,1,0.9898800253868103,1
4773,0,0.008786999620497227,0
4774,1,0.9624220132827759,1
4775,0,0.009914999827742577,0
4776,1,0.9833120107650757,1
4777,1,0.9854779839515686,1
4778,1,0.9829000234603882,1
4779,1,0.9841489791870117,1
4780,0,0.47008800506591797,0
4781,1,0.9527869820594788,1
4782,0,0.0007159999804571271,0
4783,0,0.03549899905920029,0
4784,1,0.9943060278892517,1
4785,0,0.0976950004696846,0
4786,1,0.9622390270233154,1
4787,1,0.9971669912338257,1
4788,1,0.47068798542022705,0
4789,1,0.9791610240936279,1
4790,1,0.9994919896125793,1
4791,1,0.9962149858474731,1
4792,1,0.9974679946899414,1
4793,0,0.0005540000274777412,0
4794,1,0.9940890073776245,1
4795,0,0.003323999932035804,0
4796,0,0.8198230266571045,1
4797,1,0.7949529886245728,1
4798,0,0.012256000190973282,0
4799,1,0.985388994216919,1
4800,0,0.06572200357913971,0
4801,1,0.9987549781799316,1
4802,0,0.001151000033132732,0
4803,1,0.9980069994926453,1
4804,1,0.9968730211257935,1
4805,0,0.08284500241279602,0
4806,0,0.009151999838650227,0
4807,0,0.13256199657917023,0
4808,0,0.3632659912109375,0
4809,0,0.01894799992442131,0
4810,1,0.673554003238678,1
4811,0,0.0031030001118779182,0
4812,0,0.021014999598264694,0
4813,1,0.9985139966011047,1
4814,0,0.029430000111460686,0
4815,0,0.8775389790534973,1
4816,1,0.9443029761314392,1
4817,0,0.0029440000653266907,0
4818,0,0.0031429999507963657,0
4819,0,0.823540985584259,1
4820,1,0.33992698788642883,0
4821,1,0.8573319911956787,1
4822,0,0.0033450000919401646,0
4823,1,0.34239301085472107,0
4824,1,0.9980959892272949,1
4825,0,0.0078119998797774315,0
4826,0,0.014109999872744083,0
4827,0,0.08743000030517578,0
4828,0,0.006062000058591366,0
4829,0,0.0028409999795258045,0
4830,0,0.011556999757885933,0
4831,1,0.9498500227928162,1
4832,0,0.02418600022792816,0
4833,0,0.009126000106334686,0
4834,1,0.9390230178833008,1
4835,1,0.496724009513855,0
4836,1,0.9855279922485352,1
4837,1,0.9985060095787048,1
4838,0,0.05117800086736679,0
4839,1,0.9998379945755005,1
4840,1,0.5139849781990051,1
4841,0,0.0020979999098926783,0
4842,0,0.26833999156951904,0
4843,1,0.40314099192619324,0
4844,0,0.0037400000728666782,0
4845,0,0.02528899908065796,0
4846,0,0.01496300008147955,0
4847,1,0.9796329736709595,1
4848,1,0.9594839811325073,1
4849,1,0.9982579946517944,1
4850,1,0.9985640048980713,1
4851,1,0.9991250038146973,1
4852,0,0.03847400099039078,0
4853,0,0.050328999757766724,0
4854,1,0.20405299961566925,0
4855,1,0.9895700216293335,1
4856,1,0.4591139853000641,0
4857,0,0.3985230028629303,0
4858,0,0.011889000423252583,0
4859,0,0.00432500010356307,0
4860,0,0.02570600062608719,0
4861,0,0.49132099747657776,0
4862,1,0.9932680130004883,1
4863,0,0.014715000055730343,0
4864,0,0.004606999922543764,0
4865,0,0.046817000955343246,0
4866,0,0.008302999660372734,0
4867,1,0.9911990165710449,1
4868,0,0.013945000246167183,0
4869,0,0.014836999587714672,0
4870,0,0.13659900426864624,0
4871,1,0.22251300513744354,0
4872,0,0.0014830000000074506,0
4873,0,0.019520999863743782,0
4874,1,0.960690975189209,1
4875,1,0.9960160255432129,1
4876,0,0.00017800000205170363,0
4877,0,0.49429500102996826,0
4878,0,0.005177999846637249,0
4879,0,0.008808000013232231,0
4880,0,0.2734360098838806,0
4881,1,0.9428160190582275,1
4882,1,0.9644889831542969,1
4883,1,0.9973729848861694,1
4884,1,0.9943820238113403,1
4885,0,0.40441998839378357,0
4886,1,0.9464809894561768,1
4887,0,0.003392999991774559,0
4888,1,0.9969689846038818,1
4889,0,0.02691200003027916,0
4890,0,0.003640000009909272,0
4891,0,0.02059900015592575,0
4892,1,0.8333060145378113,1
4893,0,0.03822600096464157,0
4894,0,0.0046629998832941055,0
4895,1,0.9654710292816162,1
4896,1,0.9992030262947083,1
4897,0,0.03824000060558319,0
4898,1,0.9984350204467773,1
4899,0,0.000830999983008951,0
4900,1,0.9905409812927246,1
4901,0,0.07391799986362457,0
4902,1,0.9753559827804565,1
4903,1,0.9888539910316467,1
4904,1,0.9967889785766602,1
4905,1,0.9920960068702698,1
4906,0,0.0032820000778883696,0
4907,1,0.7534239888191223,1
4908,1,0.030845999717712402,0
4909,0,0.002732000080868602,0
4910,1,0.9705420136451721,1
4911,0,0.04354900121688843,0
4912,0,0.01541099976748228,0
4913,1,0.9967269897460938,1
4914,1,0.9845889806747437,1
4915,0,0.0017729999963194132,0
4916,1,0.8220940232276917,1
4917,0,0.00737100001424551,0
4918,1,0.9960830211639404,1
4919,1,0.9974809885025024,1
4920,1,0.9973090291023254,1
4921,1,0.9849519729614258,1
4922,1,0.9912400245666504,1
4923,0,0.043515000492334366,0
4924,0,0.1584089994430542,0
4925,0,0.006442999932914972,0
4926,1,0.7243930101394653,1
4927,0,0.024413999170064926,0
4928,0,0.008422000333666801,0
4929,0,0.028349999338388443,0
4930,1,0.8975669741630554,1
4931,0,0.33017998933792114,0
4932,0,0.00939400028437376,0
4933,1,0.961251974105835,1
4934,0,0.051302000880241394,0
4935,1,0.9365119934082031,1
4936,0,0.06483200192451477,0
4937,0,0.002598999999463558,0
4938,1,0.9993860125541687,1
4939,1,0.9988380074501038,1
4940,0,0.029370000585913658,0
4941,1,0.9809920191764832,1
4942,0,0.0036879999097436666,0
4943,1,0.9872699975967407,1
4944,1,0.9959440231323242,1
4945,1,0.1623000055551529,0
4946,0,0.005623999983072281,0
4947,0,0.016037000343203545,0
4948,1,0.9933900237083435,1
4949,0,0.00039900001138448715,0
4950,1,0.9968979954719543,1
4951,0,0.008736000396311283,0
4952,0,0.002899999963119626,0
4953,1,0.9899920225143433,1
4954,0,0.0010100000072270632,0
4955,0,0.000957000011112541,0
4956,1,0.9331210255622864,1
4957,0,0.0028959999326616526,0
4958,1,0.8122270107269287,1
4959,1,0.9967330098152161,1
4960,1,0.994117021560669,1
4961,0,0.042465999722480774,0
4962,1,0.9993770122528076,1
4963,0,0.27479100227355957,0
4964,1,0.9877499938011169,1
4965,0,0.003975000232458115,0
4966,0,0.016013000160455704,0
4967,0,0.12271399796009064,0
4968,1,0.9837419986724854,1
4969,1,0.5956910252571106,1
4970,0,0.0025019999593496323,0
4971,0,0.020507000386714935,0
4972,1,0.9941269755363464,1
4973,0,0.0011879999656230211,0
4974,1,0.9994959831237793,1
4975,1,0.9880369901657104,1
4976,0,0.0029380000196397305,0
4977,0,0.9265000224113464,1
4978,0,0.0003490000090096146,0
4979,0,0.014072000049054623,0
4980,0,0.0008800000068731606,0
4981,0,0.0032389999832957983,0
4982,0,0.0012870000209659338,0
4983,1,0.9963690042495728,1
4984,1,0.7562270164489746,1
4985,0,0.0002280000044265762,0
4986,1,0.4832319915294647,0
4987,1,0.995868980884552,1
4988,0,0.0038320000749081373,0
4989,0,0.21582800149917603,0
4990,1,0.9794039726257324,1
4991,1,0.9978089928627014,1
4992,0,0.23873800039291382,0
4993,0,0.004265000112354755,0
4994,1,0.992044985294342,1
4995,1,0.9955040216445923,1
4996,1,0.23804399371147156,0
4997,1,0.9902859926223755,1
4998,0,0.002461999887600541,0
4999,0,0.3117009997367859,0
5000,1,0.9490190148353577,1
5001,0,0.983135998249054,1
5002,0,0.4452590048313141,0
5003,1,0.9997140169143677,1
5004,1,0.9916589856147766,1
5005,1,0.9975230097770691,1
5006,0,0.0014479999663308263,0
5007,1,0.9723569750785828,1
5008,1,0.9818919897079468,1
5009,1,0.9804499745368958,1
5010,0,0.008538000285625458,0
5011,0,0.0006140000186860561,0
5012,1,0.9966350197792053,1
5013,0,0.3953230082988739,0
5014,1,0.944025993347168,1
5015,1,0.8244649767875671,1
5016,1,0.9385849833488464,1
5017,0,0.003218000056222081,0
5018,1,0.994920015335083,1
5019,1,0.9920330047607422,1
5020,0,0.004478999879211187,0
5021,0,0.0006089999806135893,0
5022,1,0.9729470014572144,1
5023,0,0.017647000029683113,0
5024,0,0.01602499932050705,0
5025,0,0.0011099999537691474,0
5026,1,0.8160939812660217,1
5027,1,0.9961029887199402,1
5028,0,0.01654200069606304,0
5029,1,0.35353800654411316,0
5030,1,0.6993849873542786,1
5031,1,0.655252993106842,1
5032,1,0.9230499863624573,1
5033,1,0.9954869747161865,1
5034,1,0.9715530276298523,1
5035,0,0.034047000110149384,0
5036,1,0.9970290064811707,1
5037,0,0.0017470000311732292,0
5038,0,0.0592929981648922,0
5039,1,0.9987149834632874,1
5040,0,0.48145800828933716,0
5041,1,0.9582840204238892,1
5042,0,0.019101999700069427,0
5043,1,0.9865319728851318,1
5044,0,0.01858299970626831,0
5045,0,0.0652720034122467,0
5046,0,0.0009769999887794256,0
5047,1,0.9858250021934509,1
5048,0,0.018564999103546143,0
5049,1,0.7677450180053711,1
5050,0,0.015768999233841896,0
5051,0,0.009162000380456448,0
5052,0,0.08769100159406662,0
5053,0,0.027620000764727592,0
5054,1,0.9498090147972107,1
5055,0,0.004972999915480614,0
5056,1,0.9946699738502502,1
5057,1,0.9603610038757324,1
5058,1,0.9963350296020508,1
5059,0,0.027549000456929207,0
5060,0,0.023833999410271645,0
5061,1,0.9909989833831787,1
5062,0,0.01617100089788437,0
5063,1,0.9744790196418762,1
5064,1,0.9904410243034363,1
5065,1,0.9861999750137329,1
5066,1,0.9592850208282471,1
5067,1,0.9082599878311157,1
5068,0,0.0023789999540895224,0
5069,1,0.9978820085525513,1
5070,0,0.007120999973267317,0
5071,0,0.00822100043296814,0
5072,0,0.04583600163459778,0
5073,1,0.9993820190429688,1
5074,1,0.2033730000257492,0
5075,0,0.06459800153970718,0
5076,0,0.025968000292778015,0
5077,1,0.9917359948158264,1
5078,0,0.13751499354839325,0
5079,1,0.9977499842643738,1
5080,1,0.9797859787940979,1
5081,1,0.989799976348877,1
5082,0,0.012625999748706818,0
5083,1,0.993598997592926,1
5084,0,0.6034520268440247,1
5085,0,0.005073000211268663,0
5086,0,0.008724000304937363,0
5087,1,0.9596670269966125,1
5088,0,0.0023499999660998583,0
5089,1,0.9964990019798279,1
5090,0,0.03559200093150139,0
5091,0,0.015592999756336212,0
5092,0,0.025160999968647957,0
5093,0,0.012920999899506569,0
5094,1,0.995756983757019,1
5095,1,0.9658799767494202,1
5096,0,0.007220999803394079,0
5097,1,0.9948239922523499,1
5098,1,0.9978650212287903,1
5099,1,0.9608889818191528,1
5100,0,0.0016769999638199806,0
5101,0,0.004858000203967094,0
5102,1,0.43290001153945923,0
5103,1,0.94588702917099,1
5104,1,0.9962390065193176,1
5105,0,0.02723100036382675,0
5106,1,0.9895489811897278,1
5107,1,0.9770939946174622,1
5108,1,0.8568459749221802,1
5109,1,0.9941809773445129,1
5110,0,0.113926000893116,0
5111,0,0.03826000168919563,0
5112,1,0.9890030026435852,1
5113,1,0.8410900235176086,1
5114,1,0.9732120037078857,1
5115,1,0.9978209733963013,1
5116,1,0.9575629830360413,1
5117,1,0.9937859773635864,1
5118,1,0.9988849759101868,1
5119,0,0.19525599479675293,0
5120,0,0.22193600237369537,0
5121,1,0.9909840226173401,1
5122,1,0.9915549755096436,1
5123,1,0.9777920246124268,1
5124,1,0.9955199956893921,1
5125,0,0.10187499970197678,0
5126,0,0.9600369930267334,1
5127,1,0.9972820281982422,1
5128,1,0.972357988357544,1
5129,0,0.07958800345659256,0
5130,1,0.002839999971911311,0
5131,1,0.9690300226211548,1
5132,1,0.8364970088005066,1
5133,0,0.07248499989509583,0
5134,1,0.05913100019097328,0
5135,0,0.002865999937057495,0
5136,0,0.00216599996201694,0
5137,0,0.07648800313472748,0
5138,1,0.9969040155410767,1
5139,0,0.7551829814910889,1
5140,0,0.005526999942958355,0
5141,0,0.463032990694046,0
5142,0,0.20625300705432892,0
5143,0,0.02084200084209442,0
5144,0,0.0013589999871328473,0
5145,1,0.8929190039634705,1
5146,1,0.9957659840583801,1
5147,0,0.005322999786585569,0
5148,0,0.572035014629364,1
5149,1,0.9561560153961182,1
5150,1,0.993798017501831,1
5151,1,0.9991090297698975,1
5152,0,0.012017999775707722,0
5153,0,0.005388000048696995,0
5154,1,0.8604180216789246,1
5155,1,0.9415180087089539,1
5156,0,0.0019150000298395753,0
5157,1,0.4116930067539215,0
5158,1,0.9992809891700745,1
5159,1,0.0038499999791383743,0
5160,0,0.2723830044269562,0
5161,1,0.5170180201530457,1
5162,0,0.02171500027179718,0
5163,1,0.9893940091133118,1
5164,0,0.0024820000398904085,0
5165,1,0.9954400062561035,1
5166,1,0.6584110260009766,1
5167,1,0.998341977596283,1
5168,1,0.9535459876060486,1
5169,1,0.05883999913930893,0
5170,1,0.957069993019104,1
5171,0,0.0008149999775923789,0
5172,0,0.4885840117931366,0
5173,0,0.3920519948005676,0
5174,0,0.13610300421714783,0
5175,1,0.9942049980163574,1
5176,1,0.9678879976272583,1
5177,1,0.9897310137748718,1
5178,0,0.0004579999949783087,0
5179,0,0.003886000020429492,0
5180,0,0.6097130179405212,1
5181,0,0.017511000856757164,0
5182,1,0.9594810009002686,1
5183,0,0.006428999826312065,0
5184,0,0.0007989999721758068,0
5185,0,0.025560999289155006,0
5186,1,0.2518309950828552,0
5187,1,0.9898340106010437,1
5188,1,0.7743549942970276,1
5189,1,0.8862580060958862,1
5190,0,0.05149500072002411,0
5191,1,0.7317289710044861,1
5192,1,0.9923279881477356,1
5193,1,0.9687860012054443,1
5194,0,0.029620999470353127,0
5195,1,0.9799540042877197,1
5196,1,0.9878910183906555,1
5197,0,0.009593999944627285,0
5198,0,0.0669969990849495,0
5199,1,0.9847909808158875,1
5200,1,0.9669029712677002,1
5201,1,0.9922400116920471,1
5202,1,0.9965029954910278,1
5203,0,0.012618999928236008,0
5204,0,0.007391999941319227,0
5205,0,0.04029500111937523,0
5206,0,0.0029460000805556774,0
5207,0,0.005456999875605106,0
5208,1,0.9962109923362732,1
5209,1,0.9996939897537231,1
5210,0,0.210548996925354,0
5211,0,0.9184899926185608,1
5212,0,0.005768999923020601,0
5213,1,0.9708660244941711,1
5214,0,0.009316000156104565,0
5215,1,0.3836059868335724,0
5216,1,0.8758379817008972,1
5217,0,0.0013920000055804849,0
5218,0,0.04311300069093704,0
5219,0,0.17419299483299255,0
5220,1,0.9765610098838806,1
5221,0,0.0015239999629557133,0
5222,0,0.0022609999869018793,0
5223,0,0.019202999770641327,0
5224,1,0.5701580047607422,1
5225,1,0.9901890158653259,1
5226,0,0.012192999944090843,0
5227,0,0.000818000000435859,0
5228,1,0.9256219863891602,1
5229,1,0.321042001247406,0
5230,1,0.9974210262298584,1
5231,0,0.11165499687194824,0
5232,1,0.9984750151634216,1
5233,0,0.3966909945011139,0
5234,0,0.04198500141501427,0
5235,0,0.004585000220686197,0
5236,0,0.0001720000000204891,0
5237,1,0.9793429970741272,1
5238,1,0.9894260168075562,1
5239,1,0.9881669878959656,1
5240,0,0.007474000100046396,0
5241,1,0.9959359765052795,1
5242,1,0.9990540146827698,1
5243,1,0.9876070022583008,1
5244,1,0.9914529919624329,1
5245,1,0.9997590184211731,1
5246,1,0.9868460297584534,1
5247,1,0.9208459854125977,1
5248,0,0.0004670000053010881,0
5249,1,0.9968079924583435,1
5250,1,0.99378502368927,1
5251,1,0.842523992061615,1
5252,1,0.9915949702262878,1
5253,0,0.004712000023573637,0
5254,1,0.9149789810180664,1
5255,0,0.004315999802201986,0
5256,0,0.0022140000946819782,0
5257,0,0.31490400433540344,0
5258,0,0.008449000306427479,0
5259,0,0.15895099937915802,0
5260,0,0.0010160000529140234,0
5261,0,0.10056500136852264,0
5262,0,0.20902800559997559,0
5263,0,0.0018680000212043524,0
5264,1,0.9865450263023376,1
5265,1,0.9994410276412964,1
5266,1,0.9887930154800415,1
5267,0,0.022763999179005623,0
5268,1,0.9330270290374756,1
5269,0,0.034219998866319656,0
5270,1,0.9411280155181885,1
5271,0,0.027282999828457832,0
5272,0,0.35512399673461914,0
5273,1,0.9969189763069153,1
5274,0,0.08180200308561325,0
5275,0,0.20317399501800537,0
5276,0,0.0038610000628978014,0
5277,0,0.0021120000164955854,0
5278,0,0.0022559999488294125,0
5279,1,0.9079319834709167,1
5280,1,0.9986889958381653,1
5281,0,0.06262999773025513,0
5282,0,0.12385000288486481,0
5283,0,0.00843099970370531,0
5284,0,0.003994999919086695,0
5285,1,0.998291015625,1
5286,1,0.9993320107460022,1
5287,0,0.0008779999916441739,0
5288,0,0.013345999643206596,0
5289,0,0.08565899729728699,0
5290,1,0.9911370277404785,1
5291,1,0.9949399828910828,1
5292,0,0.0014250000240281224,0
5293,1,0.9982990026473999,1
5294,0,0.0024979999288916588,0
5295,0,0.39273399114608765,0
5296,1,0.9955000281333923,1
5297,1,0.8315240144729614,1
5298,0,0.08693800121545792,0
5299,0,0.8317509889602661,1
5300,1,0.996694028377533,1
5301,1,0.9915609955787659,1
5302,1,0.9976540207862854,1
5303,0,0.2802700102329254,0
5304,1,0.9824150204658508,1
5305,1,0.7359960079193115,1
5306,1,0.9966729879379272,1
5307,0,0.0068720001727342606,0
5308,1,0.9945729970932007,1
5309,1,0.9972149729728699,1
5310,0,0.011212999932467937,0
5311,0,0.004364000167697668,0
5312,0,0.009417000226676464,0
5313,0,0.008445999585092068,0
5314,0,0.0023620000574737787,0
5315,0,0.009676000103354454,0
5316,1,0.9757699966430664,1
5317,0,0.01817999966442585,0
5318,0,0.8013049960136414,1
5319,0,0.0019650000613182783,0
5320,1,0.9910809993743896,1
5321,1,0.9984250068664551,1
5322,1,0.11810500174760818,0
5323,0,0.12735599279403687,0
5324,0,0.08805400133132935,0
5325,0,0.00035799999022856355,0
5326,0,0.009562999941408634,0
5327,0,0.035023000091314316,0
5328,0,0.02227099984884262,0
5329,0,0.006262000184506178,0
5330,0,0.0017630000365898013,0
5331,0,0.004548999946564436,0
5332,1,0.8352890014648438,1
5333,1,0.35852399468421936,0
5334,1,0.9973040223121643,1
5335,1,0.992268979549408,1
5336,0,0.00039500001003034413,0
5337,1,0.9383220076560974,1
5338,0,0.00032500000088475645,0
5339,0,0.011436999775469303,0
5340,1,0.998350977897644,1
5341,0,0.002435999922454357,0
5342,0,0.017878999933600426,0
5343,1,0.9879879951477051,1
5344,1,0.9517289996147156,1
5345,0,0.1283320039510727,0
5346,1,0.9954500198364258,1
5347,1,0.9918379783630371,1
5348,1,0.9983940124511719,1
5349,0,0.015130000188946724,0
5350,0,0.016979999840259552,0
5351,0,0.011308000423014164,0
5352,0,0.11461199820041656,0
5353,1,0.5964570045471191,1
5354,0,0.011575000360608101,0
5355,1,0.8526579737663269,1
5356,1,0.9783880114555359,1
5357,1,0.9897649884223938,1
5358,1,0.9988629817962646,1
5359,0,0.1498750001192093,0
5360,1,0.958611011505127,1
5361,1,0.9897480010986328,1
5362,0,0.06149299815297127,0
5363,1,0.9972919821739197,1
5364,1,0.997003972530365,1
5365,0,0.10377100110054016,0
5366,1,0.042514998465776443,0
5367,1,0.9973880052566528,1
5368,1,0.8465399742126465,1
5369,0,0.0029539999086409807,0
5370,0,0.023826999589800835,0
5371,0,0.02524000033736229,0
5372,0,0.001344999996945262,0
5373,1,0.9695529937744141,1
5374,1,0.9991829991340637,1
5375,0,0.06004500016570091,0
5376,1,0.9877619743347168,1
5377,0,0.029587000608444214,0
5378,1,0.9906659722328186,1
5379,0,0.004091000184416771,0
5380,1,0.9855340123176575,1
5381,1,0.22757600247859955,0
5382,1,0.8403030037879944,1
5383,0,0.002308000111952424,0
5384,1,0.9950979948043823,1
5385,0,0.002587999915704131,0
5386,0,0.005363000091165304,0
5387,1,0.9962000250816345,1
5388,0,0.0011620000004768372,0
5389,1,0.9445840120315552,1
5390,0,0.0032659999560564756,0
5391,1,0.9990609884262085,1
5392,1,0.9893860220909119,1
5393,0,0.016116000711917877,0
5394,1,0.034067001193761826,0
5395,1,0.9871879816055298,1
5396,0,0.007621999830007553,0
5397,0,0.0004360000020824373,0
5398,0,0.04259900003671646,0
5399,1,0.9553319811820984,1
5400,0,0.010641999542713165,0
5401,1,0.9984729886054993,1
5402,0,0.017966000363230705,0
5403,1,0.20454299449920654,0
5404,0,0.42947301268577576,0
5405,1,0.993798017501831,1
5406,1,0.6518700122833252,1
5407,0,0.004652999807149172,0
5408,0,0.0017960000550374389,0
5409,1,0.006432999856770039,0
5410,1,0.02539299987256527,0
5411,1,0.9211840033531189,1
5412,1,0.8309509754180908,1
5413,0,0.0011370000429451466,0
5414,0,0.004124999977648258,0
5415,1,0.6724820137023926,1
5416,1,0.9473040103912354,1
5417,1,0.9858570098876953,1
5418,1,0.7707849740982056,1
5419,1,0.9150540232658386,1
5420,0,0.0013360000448301435,0
5421,0,0.004358000122010708,0
5422,0,0.009193000383675098,0
5423,1,0.6840260028839111,1
5424,0,0.00482999999076128,0
5425,0,0.9773749709129333,1
5426,1,0.8792819976806641,1
5427,1,0.9972389936447144,1
5428,0,0.0007340000011026859,0
5429,1,0.363101989030838,0
5430,0,0.0014230000087991357,0
5431,1,0.010790999978780746,0
5432,0,0.01709200069308281,0
5433,1,0.9030020236968994,1
5434,1,0.9961339831352234,1
5435,1,0.9982200264930725,1
5436,1,0.9377869963645935,1
5437,1,0.9975900053977966,1
5438,0,0.0027799999807029963,0
5439,1,0.9622989892959595,1
5440,0,0.029751000925898552,0
5441,0,0.005948000121861696,0
5442,0,0.41430899500846863,0
5443,0,0.11545799672603607,0
5444,1,0.9987519979476929,1
5445,0,0.08679100126028061,0
5446,0,0.0005159999709576368,0
5447,1,0.9996640086174011,1
5448,1,0.9998400211334229,1
5449,1,0.02707500010728836,0
5450,0,0.008677000179886818,0
5451,1,0.873134970664978,1
5452,1,0.9918739795684814,1
5453,1,0.8798699975013733,1
5454,1,0.9897149801254272,1
5455,1,0.7674509882926941,1
5456,0,0.021219000220298767,0
5457,1,0.9449970126152039,1
5458,0,0.3390969932079315,0
5459,1,0.9987620115280151,1
5460,0,0.005272999871522188,0
5461,1,0.9962040185928345,1
5462,1,0.9425380229949951,1
5463,1,0.7913519740104675,1
5464,0,0.04125500097870827,0
5465,1,0.9879480004310608,1
5466,1,0.9830160140991211,1
5467,0,0.0015160000184550881,0
5468,0,0.01254700031131506,0
5469,1,0.8499670028686523,1
5470,1,0.9695190191268921,1
5471,0,0.06305599957704544,0
5472,1,0.14518700540065765,0
5473,1,0.8892300128936768,1
5474,0,0.11132299900054932,0
5475,0,0.0053449999541044235,0
5476,0,0.023927999660372734,0
5477,0,0.011807000264525414,0
5478,1,0.9865540266036987,1
5479,1,0.7487900257110596,1
5480,0,0.13026699423789978,0
5481,1,0.9974579811096191,1
5482,1,0.9902669787406921,1
5483,1,0.999517023563385,1
5484,1,0.9752240180969238,1
5485,0,0.002280999906361103,0
5486,1,0.27706098556518555,0
5487,1,0.04975999891757965,0
5488,0,0.029492000117897987,0
5489,1,0.9920880198478699,1
5490,1,0.9231950044631958,1
5491,1,0.9899389743804932,1
5492,1,0.9984959959983826,1
5493,0,0.0004670000053010881,0
5494,0,0.4731909930706024,0
5495,1,0.9177950024604797,1
5496,1,0.9833080172538757,1
5497,0,0.01145199965685606,0
5498,1,0.9801009893417358,1
5499,0,0.000307999987853691,0
5500,0,0.008290000259876251,0
5501,0,0.007234999909996986,0
5502,0,0.0045010000467300415,0
5503,0,0.006606000009924173,0
5504,0,0.3666380047798157,0
5505,1,0.9875159859657288,1
5506,1,0.9967139959335327,1
5507,1,0.3110170066356659,0
5508,0,0.03207100182771683,0
5509,1,0.9886209964752197,1
5510,0,0.06127500161528587,0
5511,0,0.02269599959254265,0
5512,1,0.09840100258588791,0
5513,0,0.007261999882757664,0
5514,1,0.7539899945259094,1
5515,1,0.1258859932422638,0
5516,0,0.013163000345230103,0
5517,1,0.9983760118484497,1
5518,1,0.9907850027084351,1
5519,1,0.8691800236701965,1
5520,1,0.8803470134735107,1
5521,0,0.03331499919295311,0
5522,0,0.0001320000010309741,0
5523,1,0.9963819980621338,1
5524,0,0.9863659739494324,1
5525,0,0.12769199907779694,0
5526,0,0.2041260004043579,0
5527,0,0.09712500125169754,0
5528,1,0.9981060028076172,1
5529,1,0.9991549849510193,1
5530,1,0.9832490086555481,1
5531,1,0.4803540110588074,0
5532,0,0.02168400026857853,0
5533,0,0.0009609999833628535,0
5534,1,0.9827499985694885,1
5535,0,0.028798000887036324,0
5536,0,0.13491199910640717,0
5537,1,0.983739972114563,1
5538,0,0.00979399960488081,0
5539,0,0.00457199988886714,0
5540,1,0.9894520044326782,1
5541,0,0.0010789999505504966,0
5542,0,0.32024601101875305,0
5543,1,0.9950550198554993,1
5544,0,0.27913299202919006,0
5545,0,0.013794000260531902,0
5546,1,0.9988639950752258,1
5547,0,0.05818299949169159,0
5548,1,0.1514270007610321,0
5549,0,0.1575710028409958,0
5550,0,0.7904829978942871,1
5551,0,0.024762000888586044,0
5552,1,0.9978240132331848,1
5553,1,0.9236040115356445,1
5554,0,0.006750999949872494,0
5555,0,0.003043999895453453,0
5556,0,0.006637999787926674,0
5557,0,0.013371000066399574,0
5558,1,0.9867960214614868,1
5559,0,0.01964999921619892,0
5560,1,0.9872570037841797,1
5561,1,0.9937270283699036,1
5562,1,0.99795001745224,1
5563,1,0.9983919858932495,1
5564,1,0.9501429796218872,1
5565,0,0.0923909991979599,0
5566,1,0.9996979832649231,1
5567,0,0.2963379919528961,0
5568,0,0.3777639865875244,0
5569,1,0.9877650141716003,1
5570,0,0.5158860087394714,1
5571,0,0.019859999418258667,0
5572,1,0.235602006316185,0
5573,0,0.003120000008493662,0
5574,1,0.7378820180892944,1
5575,0,0.015010000206530094,0
5576,1,0.9656239748001099,1
5577,1,0.9995869994163513,1
5578,0,0.021490000188350677,0
5579,0,0.0028250000905245543,0
5580,1,0.9986500144004822,1
5581,1,0.9874629974365234,1
5582,0,0.12841500341892242,0
5583,1,0.9460740089416504,1
5584,0,0.0008169999928213656,0
5585,1,0.9991769790649414,1
5586,0,0.012555000372231007,0
5587,0,0.0036170000676065683,0
5588,0,0.003046999918296933,0
5589,0,0.9413859844207764,1
5590,0,0.005003000143915415,0
5591,1,0.9980670213699341,1
5592,1,0.9988170266151428,1
5593,1,0.7359499931335449,1
5594,1,0.9943280220031738,1
5595,1,0.934469997882843,1
5596,1,0.9951679706573486,1
5597,0,0.0031850000377744436,0
5598,1,0.9613530039787292,1
5599,0,0.14101600646972656,0
5600,0,0.0438309982419014,0
5601,0,0.0036539998836815357,0
5602,1,0.9917070269584656,1
5603,1,0.7269150018692017,1
5604,1,0.9979419708251953,1
5605,1,0.9689639806747437,1
5606,1,0.9964079856872559,1
5607,0,0.0652260035276413,0
5608,1,0.7150840163230896,1
5609,0,0.005266999825835228,0
5610,1,0.9858229756355286,1
5611,1,0.9226930141448975,1
5612,0,0.7282810211181641,1
5613,1,0.9967210292816162,1
5614,1,0.9356150031089783,1
5615,1,0.9493770003318787,1
5616,0,0.011673999950289726,0
5617,1,0.9940540194511414,1
5618,1,0.42889800667762756,0
5619,1,0.9883909821510315,1
5620,0,0.0068419999442994595,0
5621,1,0.32044699788093567,0
5622,1,0.7561209797859192,1
5623,0,0.011562000028789043,0
5624,0,0.004455000162124634,0
5625,1,0.9969130158424377,1
5626,1,0.895022988319397,1
5627,1,0.8985260128974915,1
5628,0,0.008085000328719616,0
5629,1,0.9989950060844421,1
5630,0,0.0016070000128820539,0
5631,0,0.0070940000005066395,0
5632,1,0.9978960156440735,1
5633,0,0.009510999545454979,0
5634,0,0.01548799965530634,0
5635,0,0.0003809999907389283,0
5636,1,0.9943140149116516,1
5637,0,0.05264800041913986,0
5638,0,0.0014900000533089042,0
5639,0,0.0026700000744313,0
5640,0,0.0675479993224144,0
5641,1,0.9957500100135803,1
5642,1,0.4301849901676178,0
5643,0,0.23909099400043488,0
5644,1,0.9985309839248657,1
5645,1,0.8173859715461731,1
5646,1,0.7109839916229248,1
5647,1,0.9982460141181946,1
5648,0,0.09504300355911255,0
5649,0,0.005191999953240156,0
5650,0,0.19367800652980804,0
5651,1,0.9982050061225891,1
5652,1,0.2602120041847229,0
5653,1,0.99652099609375,1
5654,1,0.9450240135192871,1
5655,0,0.0029269999358803034,0
5656,1,0.9950670003890991,1
5657,1,0.9912019968032837,1
5658,0,0.0031969998963177204,0
5659,1,0.3274730145931244,0
5660,0,0.0020039998926222324,0
5661,1,0.0942310020327568,0
5662,1,0.9243159890174866,1
5663,1,0.9929389953613281,1
5664,0,0.0012700000079348683,0
5665,0,0.6872950196266174,1
5666,1,0.9971380233764648,1
5667,1,0.998898983001709,1
5668,0,0.03959999978542328,0
5669,1,0.9882339835166931,1
5670,1,0.9808279871940613,1
5671,1,0.9953129887580872,1
5672,0,0.0002579999854788184,0
5673,1,0.03392399847507477,0
5674,0,0.16945800185203552,0
5675,1,0.9958310127258301,1
5676,0,0.0003150000120513141,0
5677,1,0.9946069717407227,1
5678,1,0.9781079888343811,1
5679,0,0.010514999739825726,0
5680,1,0.9984430074691772,1
5681,1,0.3557159900665283,0
5682,0,0.02216999977827072,0
5683,0,0.006289000157266855,0
5684,0,0.1420219987630844,0
5685,0,0.3847939968109131,0
5686,1,0.9682530164718628,1
5687,1,0.9833269715309143,1
5688,1,0.9959269762039185,1
5689,1,0.9989820122718811,1
5690,0,0.08271799981594086,0
5691,0,0.08110500127077103,0
5692,1,0.9995009899139404,1
5693,1,0.9783409833908081,1
5694,0,0.033663999289274216,0
5695,1,0.3989430069923401,0
5696,1,0.20307199656963348,0
5697,1,0.9974409937858582,1
5698,1,0.9933019876480103,1
5699,1,0.9972969889640808,1
5700,1,0.9955369830131531,1
5701,0,0.013577999547123909,0
5702,1,0.9971519708633423,1
5703,1,0.9940739870071411,1
5704,0,0.06628400087356567,0
5705,0,0.0018949999939650297,0
5706,1,0.9904450178146362,1
5707,1,0.9937340021133423,1
5708,1,0.9459149837493896,1
5709,0,0.0029819998890161514,0
5710,0,0.0021800000686198473,0
5711,0,0.025144999846816063,0
5712,0,0.0010359999723732471,0
5713,0,0.57157301902771,1
5714,1,0.9895719885826111,1
5715,0,0.041738998144865036,0
5716,0,0.9418060183525085,1
5717,0,0.0005029999883845448,0
5718,0,0.2208700031042099,0
5719,1,0.9485099911689758,1
5720,1,0.9959759712219238,1
5721,0,0.0047980002127587795,0
5722,0,0.10250899940729141,0
5723,1,0.9951959848403931,1
5724,0,0.01080000028014183,0
5725,0,0.026201000437140465,0
5726,1,0.26357099413871765,0
5727,0,0.001246000058017671,0
5728,0,0.0014120000414550304,0
5729,0,0.0059980000369250774,0
5730,0,0.04493900015950203,0
5731,0,0.008775000460445881,0
5732,1,0.9967269897460938,1
5733,0,0.0751589983701706,0
5734,1,0.7583829760551453,1
5735,0,0.021669000387191772,0
5736,0,0.002742999931797385,0
5737,0,0.23638099431991577,0
5738,1,0.9948019981384277,1
5739,0,0.48045599460601807,0
5740,0,0.026962000876665115,0
5741,0,0.01580600067973137,0
5742,0,0.0008999999845400453,0
5743,0,0.2953679859638214,0
5744,1,0.23082900047302246,0
5745,1,0.9970629811286926,1
5746,1,0.9950370192527771,1
5747,0,0.02310599945485592,0
5748,1,0.9923880100250244,1
5749,0,0.003172999946400523,0
5750,0,0.008589000441133976,0
5751,1,0.9982290267944336,1
5752,1,0.9825559854507446,1
5753,0,0.21556200087070465,0
5754,1,0.3663879930973053,0
5755,1,0.31979599595069885,0
5756,0,0.009755999781191349,0
5757,1,0.938847005367279,1
5758,1,0.9990739822387695,1
5759,1,0.9907060265541077,1
5760,0,0.009312000125646591,0
5761,0,0.01907999999821186,0
5762,0,0.14580599963665009,0
5763,1,0.9961199760437012,1
5764,1,0.8152469992637634,1
5765,0,0.03294999897480011,0
5766,1,0.9861699938774109,1
5767,0,0.0021440000273287296,0
5768,1,0.9957969784736633,1
5769,0,0.0013299999991431832,0
5770,0,0.06265799701213837,0
5771,0,0.16485300660133362,0
5772,1,0.3886460065841675,0
5773,1,0.995602011680603,1
5774,1,0.9883350133895874,1
5775,0,0.24417999386787415,0
5776,0,0.22990000247955322,0
5777,1,0.990369975566864,1
5778,1,0.9939450025558472,1
5779,0,0.7179039716720581,1
5780,1,0.9707949757575989,1
5781,1,0.989732027053833,1
5782,1,0.98956698179245,1
5783,0,0.19181500375270844,0
5784,0,0.029725000262260437,0
5785,0,0.006256000138819218,0
5786,1,0.9901599884033203,1
5787,1,0.9963459968566895,1
5788,0,0.022082999348640442,0
5789,0,0.00897900015115738,0
5790,0,0.35255399346351624,0
5791,1,0.9956120252609253,1
5792,0,0.01142400037497282,0
5793,1,0.9837149977684021,1
5794,0,0.34861400723457336,0
5795,0,0.008975000120699406,0
5796,1,0.9129670262336731,1
5797,1,0.9983189702033997,1
5798,1,0.969864010810852,1
5799,0,0.008522000163793564,0
5800,1,0.9937570095062256,1
5801,1,0.9734249711036682,1
5802,0,0.01662600040435791,0
5803,1,0.990634024143219,1
5804,1,0.9822149872779846,1
5805,0,0.016179999336600304,0
5806,1,0.974295973777771,1
5807,0,0.004627999849617481,0
5808,1,0.9989070296287537,1
5809,1,0.9853180050849915,1
5810,1,0.993939995765686,1
5811,1,0.9988750219345093,1
5812,1,0.9834079742431641,1
5813,1,0.9975500106811523,1
5814,1,0.9986889958381653,1
5815,1,0.995281994342804,1
5816,0,0.00035099999513477087,0
5817,0,0.010346000082790852,0
5818,0,0.10441700369119644,0
5819,0,0.04382999986410141,0
5820,1,0.7834330201148987,1
5821,0,0.0011729999678209424,0
5822,1,0.9992589950561523,1
5823,1,0.6132969856262207,1
5824,1,0.9783329963684082,1
5825,1,0.9035599827766418,1
5826,0,0.006202999968081713,0
5827,0,0.0014519999967887998,0
5828,0,0.049531999975442886,0
5829,1,0.9581519961357117,1
5830,1,0.9892079830169678,1
5831,1,0.9955059885978699,1
5832,1,0.9987300038337708,1
5833,0,0.31104499101638794,0
5834,0,0.3855839967727661,0
5835,1,0.9978820085525513,1
5836,1,0.987205982208252,1
5837,0,0.44262999296188354,0
5838,0,0.0013249999610707164,0
5839,1,0.9935020208358765,1
5840,0,0.19132499396800995,0
5841,0,0.00023400000645779073,0
5842,0,0.0019680000841617584,0
5843,1,0.11840000003576279,0
5844,1,0.9981740117073059,1
5845,1,0.9916980266571045,1
5846,1,0.4967440068721771,0
5847,0,0.1299089938402176,0
5848,0,0.02295299991965294,0
5849,1,0.9980459809303284,1
5850,0,0.0010550000006332994,0
5851,0,0.13238899409770966,0
5852,1,0.9982460141181946,1
5853,0,0.006635999772697687,0
5854,1,0.9344800114631653,1
5855,1,0.9703310132026672,1
5856,0,0.8637419939041138,1
5857,0,0.30991798639297485,0
5858,0,0.24166999757289886,0
5859,0,0.006990999914705753,0
5860,1,0.9899610280990601,1
5861,0,0.0007529999711550772,0
5862,1,0.18365199863910675,0
5863,1,0.9937750101089478,1
5864,0,0.020176999270915985,0
5865,1,0.992588996887207,1
5866,0,0.09072399884462357,0
5867,1,0.9487040042877197,1
5868,1,0.9960899949073792,1
5869,0,0.00303900009021163,0
5870,1,0.9767600297927856,1
5871,0,0.21894299983978271,0
5872,1,0.996254026889801,1
5873,0,0.005878999829292297,0
5874,1,0.9929760098457336,1
5875,1,0.18903499841690063,0
5876,1,0.9880719780921936,1
5877,1,0.9091519713401794,1
5878,1,0.9988700151443481,1
5879,1,0.9859809875488281,1
5880,0,0.00016799999866634607,0
5881,1,0.4642289876937866,0
5882,1,0.23895299434661865,0
5883,0,0.004484999924898148,0
5884,0,0.03748200088739395,0
5885,1,0.8409730195999146,1
5886,0,0.19818800687789917,0
5887,0,0.008953999727964401,0
5888,1,0.9880840182304382,1
5889,1,0.9985979795455933,1
5890,1,0.9828959703445435,1
5891,0,0.018904000520706177,0
5892,1,0.945169985294342,1
5893,0,0.05583599954843521,0
5894,1,0.9810889959335327,1
5895,0,0.0053969998843967915,0
5896,0,0.008779999800026417,0
5897,1,0.9982659816741943,1
5898,0,0.0032049999572336674,0
5899,0,0.0008249999955296516,0
5900,0,0.0024480000138282776,0
5901,0,0.010366999544203281,0
5902,1,0.9613929986953735,1
5903,1,0.14930100739002228,0
5904,1,0.9983059763908386,1
5905,1,0.9820619821548462,1
5906,0,0.018655000254511833,0
5907,0,0.04774000123143196,0
5908,1,0.9831849932670593,1
5909,1,0.994700014591217,1
5910,1,0.999409019947052,1
5911,1,0.997734010219574,1
5912,1,0.996632993221283,1
5913,1,0.9974480271339417,1
5914,1,0.8487370014190674,1
5915,1,0.2022850066423416,0
5916,1,0.4263080060482025,0
5917,1,0.9843289852142334,1
5918,1,0.9779890179634094,1
5919,1,0.898036003112793,1
5920,1,0.9870569705963135,1
5921,0,0.004397999960929155,0
5922,0,0.0010260000126436353,0
5923,1,0.9958310127258301,1
5924,1,0.990776002407074,1
5925,1,0.9627640247344971,1
5926,1,0.9993820190429688,1
5927,0,0.018005000427365303,0
5928,1,0.8074150085449219,1
5929,0,0.0015739999944344163,0
5930,1,0.9832640290260315,1
5931,0,0.07394500076770782,0
5932,0,0.001028000027872622,0
5933,0,0.004650999791920185,0
5934,0,0.002788000041618943,0
5935,1,0.6748859882354736,1
5936,1,0.6142579913139343,1
5937,1,0.5253069996833801,1
5938,1,0.9991850256919861,1
5939,1,0.9922230243682861,1
5940,1,0.9965929985046387,1
5941,0,0.0009260000078938901,0
5942,1,0.9937450289726257,1
5943,0,0.06846799701452255,0
5944,0,0.28423601388931274,0
5945,1,0.9585080146789551,1
5946,1,0.9899179935455322,1
5947,0,0.024606000632047653,0
5948,0,0.005367000121623278,0
5949,0,0.011389000341296196,0
5950,1,0.9897080063819885,1
5951,0,0.005510999821126461,0
5952,0,0.006810999941080809,0
5953,0,0.023506000638008118,0
5954,1,0.544622004032135,1
5955,1,0.6187000274658203,1
5956,1,0.7407960295677185,1
5957,0,0.04612499848008156,0
5958,1,0.9784250259399414,1
5959,1,0.9985650181770325,1
5960,0,0.014516999945044518,0
5961,0,0.0015460000140592456,0
5962,0,0.11834199726581573,0
5963,0,0.035985998809337616,0
5964,1,0.2838740050792694,0
5965,0,0.0027209999971091747,0
5966,0,0.21711699664592743,0
5967,1,0.9895359873771667,1
5968,0,0.012196999974548817,0
5969,0,0.0311840008944273,0
5970,0,0.02352299913764,0
5971,1,0.9987300038337708,1
5972,0,0.004127999767661095,0
5973,0,0.03896600008010864,0
5974,0,0.05985400080680847,0
5975,1,0.05239599943161011,0
5976,0,0.001145999995060265,0
5977,1,0.9901160001754761,1
5978,1,0.9949910044670105,1
5979,0,0.0022239999379962683,0
5980,1,0.9808070063591003,1
5981,1,0.9901549816131592,1
5982,1,0.9755269885063171,1
5983,0,0.1857990026473999,0
5984,0,0.0167239997535944,0
5985,0,0.0055240001529455185,0
5986,0,0.0011919999960809946,0
5987,1,0.9917590022087097,1
5988,1,0.799930989742279,1
5989,1,0.030438000336289406,0
5990,1,0.9984660148620605,1
5991,0,0.0030580000020563602,0
5992,1,0.34387099742889404,0
5993,1,0.3302150070667267,0
5994,1,0.9856510162353516,1
5995,1,0.8145419955253601,1
5996,1,0.9800300002098083,1
5997,1,0.9524790048599243,1
5998,0,0.003003000048920512,0
5999,1,0.9983109831809998,1
6000,0,0.006409000139683485,0
6001,1,0.9353150129318237,1
6002,0,0.03959999978542328,0
6003,1,0.9908739924430847,1
6004,1,0.9041100144386292,1
6005,0,0.04777999967336655,0
6006,0,0.0019660000689327717,0
6007,0,0.06725399941205978,0
6008,0,0.03358900174498558,0
6009,1,0.9978119730949402,1
6010,1,0.9855120182037354,1
6011,0,0.003102000104263425,0
6012,1,0.9533100128173828,1
6013,0,0.007873999886214733,0
6014,1,0.29475200176239014,0
6015,1,0.9968180060386658,1
6016,0,0.9710350036621094,1
6017,0,0.06365399807691574,0
6018,0,0.04072599858045578,0
6019,0,0.006876999977976084,0
6020,1,0.958516001701355,1
6021,1,0.9667779803276062,1
6022,0,0.006738999858498573,0
6023,0,0.027185000479221344,0
6024,1,0.9938820004463196,1
6025,1,0.9853079915046692,1
6026,0,0.011338000185787678,0
6027,1,0.967631995677948,1
6028,1,0.9821569919586182,1
6029,1,0.12890799343585968,0
6030,1,0.998661994934082,1
6031,0,0.616894006729126,1
6032,0,0.0037750001065433025,0
6033,1,0.983834981918335,1
6034,1,0.9809269905090332,1
6035,0,0.03485000133514404,0
6036,0,0.007325999904423952,0
6037,1,0.39656201004981995,0
6038,1,0.9872789978981018,1
6039,0,0.004147999919950962,0
6040,0,0.5162619948387146,1
6041,0,0.024831000715494156,0
6042,1,0.9912160038948059,1
6043,0,0.00133200001437217,0
6044,0,0.03448399901390076,0
6045,1,0.9932050108909607,1
6046,1,0.9535130262374878,1
6047,1,0.9990090131759644,1
6048,0,0.006990000139921904,0
6049,0,0.0028359999414533377,0
6050,1,0.9862989783287048,1
6051,1,0.8947849869728088,1
6052,0,0.005251000169664621,0
6053,0,0.0028150000143796206,0
6054,0,0.00042799999937415123,0
6055,1,0.021694999188184738,0
6056,1,0.991569995880127,1
6057,1,0.9699370265007019,1
6058,1,0.9978399872779846,1
6059,1,0.9794999957084656,1
6060,0,0.191894993185997,0
6061,0,0.0026310000102967024,0
6062,0,0.02320699952542782,0
6063,0,0.03819900006055832,0
6064,0,0.010180000215768814,0
6065,0,0.011141999624669552,0
6066,0,0.005032999906688929,0
6067,0,0.8267329931259155,1
6068,0,0.02663400024175644,0
6069,0,0.003031000029295683,0
6070,0,0.015018000267446041,0
6071,1,0.9801669716835022,1
6072,0,0.05322200059890747,0
6073,1,0.9262999892234802,1
6074,0,0.014069999568164349,0
6075,0,0.037370000034570694,0
6076,0,0.004656000062823296,0
6077,1,0.9990050196647644,1
6078,0,0.003582000033929944,0
6079,1,0.9921159744262695,1
6080,0,0.0004140000091865659,0
6081,1,0.9980379939079285,1
6082,1,0.8315830230712891,1
6083,1,0.9952269792556763,1
6084,0,0.23655200004577637,0
6085,0,0.005127000156790018,0
6086,1,0.6910250186920166,1
6087,0,0.0003499999875202775,0
6088,0,0.015573999844491482,0
6089,1,0.9512969851493835,1
6090,1,0.9821760058403015,1
6091,1,0.9682180285453796,1
6092,1,0.9980409741401672,1
6093,0,0.2751980125904083,0
6094,1,0.9894400238990784,1
6095,0,0.09023100137710571,0
6096,0,0.004792999941855669,0
6097,1,0.9971129894256592,1
6098,1,0.9979050159454346,1
6099,0,0.0010400000028312206,0
6100,1,0.9889649748802185,1
6101,1,0.8004239797592163,1
6102,1,0.9986240267753601,1
6103,1,0.8910340070724487,1
6104,1,0.9920160174369812,1
6105,1,0.9977499842643738,1
6106,1,0.9926609992980957,1
6107,1,0.9935740232467651,1
6108,1,0.9951300024986267,1
6109,1,0.9925820231437683,1
6110,0,0.0018269999418407679,0
6111,0,0.025963999330997467,0
6112,0,0.000775999971665442,0
6113,1,0.9975150227546692,1
6114,1,0.9948210120201111,1
6115,1,0.9895910024642944,1
6116,1,0.9826740026473999,1
6117,1,0.9968770146369934,1
6118,0,0.26030999422073364,0
6119,1,0.811424970626831,1
6120,0,0.005472999997437,0
6121,1,0.46400898694992065,0
6122,0,0.009608999826014042,0
6123,0,0.0018810000037774444,0
6124,1,0.9754049777984619,1
6125,1,0.9962109923362732,1
6126,0,0.9418590068817139,1
6127,1,0.9929739832878113,1
6128,0,0.007538999896496534,0
6129,0,0.0015770000172778964,0
6130,0,0.26275599002838135,0
6131,0,0.05104700103402138,0
6132,1,0.9975379705429077,1
6133,0,0.0010789999505504966,0
6134,0,0.008177000097930431,0
6135,0,0.03557699918746948,0
6136,1,0.9939950108528137,1
6137,0,0.003172999946400523,0
6138,0,0.006632999982684851,0
6139,0,0.2747800052165985,0
6140,1,0.99446702003479,1
6141,1,0.9775429964065552,1
6142,1,0.9629369974136353,1
6143,0,0.007822000421583652,0
6144,1,0.9264479875564575,1
6145,1,0.9866790175437927,1
6146,1,0.9780880212783813,1
6147,1,0.6219859719276428,1
6148,0,0.005551000125706196,0
6149,1,0.8651779890060425,1
6150,0,0.003599999938160181,0
6151,0,0.02238900028169155,0
6152,0,0.028920000419020653,0
6153,0,0.00038899999344721437,0
6154,0,0.027482999488711357,0
6155,0,0.07988300174474716,0
6156,0,0.0007699999841861427,0
6157,1,0.8939769864082336,1
6158,0,0.044502001255750656,0
6159,1,0.9970980286598206,1
6160,0,0.03451300039887428,0
6161,0,0.002380999969318509,0
6162,1,0.9668560028076172,1
6163,1,0.9991049766540527,1
6164,0,0.009999999776482582,0
6165,0,0.0012839999981224537,0
6166,1,0.5561490058898926,1
6167,0,0.5142499804496765,1
6168,0,0.0006910000229254365,0
6169,0,0.0021490000654011965,0
6170,1,0.9970210194587708,1
6171,0,0.00483699981123209,0
6172,0,0.015579000115394592,0
6173,0,0.006215000059455633,0
6174,1,0.9997159838676453,1
6175,1,0.9361760020256042,1
6176,0,0.10383400321006775,0
6177,1,0.998727023601532,1
6178,0,0.02002199925482273,0
6179,0,0.0013340000296011567,0
6180,0,0.01807199977338314,0
6181,0,0.13799500465393066,0
6182,0,0.35108301043510437,0
6183,0,0.0004780000017490238,0
6184,0,0.09231399744749069,0
6185,1,0.9761329889297485,1
6186,0,0.03418700024485588,0
6187,0,0.02104800008237362,0
6188,0,0.0019499999471008778,0
6189,1,0.9930359721183777,1
6190,1,0.9872639775276184,1
6191,1,0.9261469841003418,1
6192,0,0.040869999676942825,0
6193,1,0.9709290266036987,1
6194,1,0.8612099885940552,1
6195,1,0.9884549975395203,1
6196,0,0.007853000424802303,0
6197,1,0.9982770085334778,1
6198,1,0.27425000071525574,0
6199,0,0.0432949997484684,0
6200,1,0.9666879773139954,1
6201,1,0.993943989276886,1
6202,0,0.011090000160038471,0
6203,1,0.055420998483896255,0
6204,0,0.18235300481319427,0
6205,0,0.0053969998843967915,0
6206,0,0.0038819999899715185,0
6207,1,0.9655349850654602,1
6208,0,0.0037960000336170197,0
6209,1,0.9900869727134705,1
6210,0,0.010073999874293804,0
6211,1,0.9234970211982727,1
6212,1,0.991254985332489,1
6213,0,0.5631679892539978,1
6214,0,0.03171199932694435,0
6215,1,0.9692630171775818,1
6216,0,0.007404000032693148,0
6217,0,0.9742140173912048,1
6218,1,0.9949449896812439,1
6219,0,0.0009660000214353204,0
6220,1,0.9939380288124084,1
6221,1,0.9943640232086182,1
6222,1,0.9908139705657959,1
6223,1,0.994500994682312,1
6224,1,0.8016300201416016,1
6225,0,0.15540200471878052,0
6226,0,0.0070420000702142715,0
6227,0,0.004023000132292509,0
6228,1,0.8351349830627441,1
6229,0,0.0020240000449121,0
6230,0,0.002259999979287386,0
6231,0,0.004234000109136105,0
6232,1,0.9978659749031067,1
6233,0,0.031748998910188675,0
6234,1,0.6161540150642395,1
6235,1,0.9971929788589478,1
6236,0,0.000910000002477318,0
6237,0,0.005350000225007534,0
6238,0,0.03435799852013588,0
6239,0,0.0809829980134964,0
6240,1,0.13823699951171875,0
6241,1,0.9929829835891724,1
6242,1,0.9994590282440186,1
6243,0,0.05701399967074394,0
6244,0,0.00030399998649954796,0
6245,0,0.0076939999125897884,0
6246,0,0.016239000484347343,0
6247,1,0.9955919981002808,1
6248,0,0.001567999948747456,0
6249,0,0.004935000091791153,0
6250,0,0.009378000162541866,0
6251,1,0.9496480226516724,1
6252,1,0.899321973323822,1
6253,1,0.9854360222816467,1
6254,1,0.07719600200653076,0
6255,1,0.1559849977493286,0
6256,0,0.19028499722480774,0
6257,1,0.9949079751968384,1
6258,1,0.9911050200462341,1
6259,1,0.7792019844055176,1
6260,1,0.9969140291213989,1
6261,0,0.08442799746990204,0
6262,1,0.9932519793510437,1
6263,0,0.9129859805107117,1
6264,0,0.005601000040769577,0
6265,1,0.9903590083122253,1
6266,1,0.9573169946670532,1
6267,0,0.03821999952197075,0
6268,1,0.9825810194015503,1
6269,0,0.9309149980545044,1
6270,1,0.9869239926338196,1
6271,1,0.3182390034198761,0
6272,1,0.9986180067062378,1
6273,1,0.9982050061225891,1
6274,1,0.1079460009932518,0
6275,1,0.9986050128936768,1
6276,1,0.9971789717674255,1
6277,1,0.999239981174469,1
6278,1,0.9920989871025085,1
6279,0,0.03697799891233444,0
6280,0,0.02311200089752674,0
6281,1,0.9968820214271545,1
6282,1,0.9596629738807678,1
6283,1,0.9986950159072876,1
6284,0,0.006550000049173832,0
6285,1,0.9915570020675659,1
6286,1,0.9887459874153137,1
6287,0,0.04193300008773804,0
6288,0,0.45820000767707825,0
6289,0,0.0025869999080896378,0
6290,0,0.01181000005453825,0
6291,0,0.04416799917817116,0
6292,0,0.09351900219917297,0
6293,1,0.3017610013484955,0
6294,0,0.04462900012731552,0
6295,0,0.0011569999624043703,0
6296,0,0.005468999966979027,0
6297,1,0.1984650045633316,0
6298,0,0.00864499993622303,0
6299,0,0.774304986000061,1
6300,0,0.8844829797744751,1
6301,1,0.9815419912338257,1
6302,1,0.5573509931564331,1
6303,1,0.9978929758071899,1
6304,1,0.08709999918937683,0
6305,0,0.01860000006854534,0
6306,1,0.6037700176239014,1
6307,1,0.598468005657196,1
6308,1,0.9742019772529602,1
6309,1,0.886243999004364,1
6310,1,0.9968690276145935,1
6311,1,0.9912089705467224,1
6312,0,0.9584190249443054,1
6313,1,0.9893140196800232,1
6314,1,0.9839820265769958,1
6315,1,0.9539229869842529,1
6316,0,0.04264000058174133,0
6317,1,0.9848740100860596,1
6318,0,0.06266800314188004,0
6319,1,0.9651769995689392,1
6320,0,0.3505159914493561,0
6321,0,0.015568000264465809,0
6322,0,0.026184000074863434,0
6323,1,0.9034609794616699,1
6324,0,0.00032699998700991273,0
6325,1,0.8542180061340332,1
6326,1,0.9989439845085144,1
6327,1,0.9989399909973145,1
6328,0,0.014178999699652195,0
6329,0,0.17587800323963165,0
6330,0,0.022792000323534012,0
6331,0,0.3755509853363037,0
6332,1,0.9996770024299622,1
6333,1,0.9875310063362122,1
6334,0,0.00991399958729744,0
6335,1,0.9921560287475586,1
6336,0,0.006754999980330467,0
6337,0,0.006804000120609999,0
6338,0,0.012631000019609928,0
6339,0,0.19126899540424347,0
6340,0,0.004255999810993671,0
6341,1,0.9968569874763489,1
6342,1,0.9289839863777161,1
6343,0,0.02665499970316887,0
6344,0,0.012102999724447727,0
6345,0,0.04381600022315979,0
6346,0,0.0022279999684542418,0
6347,1,0.9982389807701111,1
6348,1,0.9695870280265808,1
6349,1,0.9665549993515015,1
6350,0,0.0062950002029538155,0
6351,1,0.7736939787864685,1
6352,1,0.8094769716262817,1
6353,1,0.9848160147666931,1
6354,1,0.9139860272407532,1
6355,0,0.0004180000105407089,0
6356,0,0.04816500097513199,0
6357,1,0.9000579714775085,1
6358,0,0.000539999979082495,0
6359,1,0.08523300290107727,0
6360,0,0.004532999824732542,0
6361,0,0.0011249999515712261,0
6362,1,0.012833000160753727,0
6363,0,0.0014799999771639705,0
6364,0,0.10730999708175659,0
6365,0,0.00145800004247576,0
6366,0,0.0012309999438002706,0
6367,0,0.008112999610602856,0
6368,0,0.08125399798154831,0
6369,0,0.014020999893546104,0
6370,1,0.9915170073509216,1
6371,1,0.9633730053901672,1
6372,1,0.9817910194396973,1
6373,1,0.9368829727172852,1
6374,1,0.9975709915161133,1
6375,1,0.8922960162162781,1
6376,0,0.1895579993724823,0
6377,0,0.013837000355124474,0
6378,0,0.014431999996304512,0
6379,0,0.0025909999385476112,0
6380,1,0.9416229724884033,1
6381,0,0.07337000221014023,0
6382,0,0.005528999958187342,0
6383,0,0.01408699993044138,0
6384,1,0.9905530214309692,1
6385,1,0.9994670152664185,1
6386,1,0.9934509992599487,1
6387,0,0.00381499994546175,0
6388,1,0.8393039703369141,1
6389,1,0.3009360134601593,0
6390,0,0.5196670293807983,1
6391,1,0.9949349761009216,1
6392,0,0.008791999891400337,0
6393,0,0.040279000997543335,0
6394,0,0.0005300000193528831,0
6395,0,0.0011749999830499291,0
6396,1,0.9288380146026611,1
6397,0,0.4000529944896698,0
6398,0,0.0011259999591857195,0
6399,1,0.9927570223808289,1
6400,0,0.03151699900627136,0
6401,1,0.9991869926452637,1
6402,1,0.46941500902175903,0
6403,0,0.0024709999561309814,0
6404,1,0.9945650100708008,1
6405,1,0.9985790252685547,1
6406,1,0.08299800008535385,0
6407,1,0.9987480044364929,1
6408,1,0.5593519806861877,1
6409,0,0.0011320000048726797,0
6410,1,0.9418389797210693,1
6411,1,0.825348973274231,1
6412,0,0.006558999884873629,0
6413,0,0.0031210000161081553,0
6414,0,0.012792999856173992,0
6415,1,0.9888120293617249,1
6416,0,0.6898090243339539,1
6417,0,0.42893099784851074,0
6418,0,0.000299000006634742,0
6419,0,0.005413999781012535,0
6420,0,0.04716699942946434,0
6421,0,0.00443900004029274,0
6422,0,0.0027520000003278255,0
6423,0,0.0009299999801442027,0
6424,0,0.0431860014796257,0
6425,0,0.005938999820500612,0
6426,1,0.9625980257987976,1
6427,1,0.9420369863510132,1
6428,0,0.009916000068187714,0
6429,1,0.996474027633667,1
6430,1,0.9981780052185059,1
6431,0,0.006316999904811382,0
6432,0,0.9487419724464417,1
6433,1,0.9972059726715088,1
6434,1,0.9956830143928528,1
6435,0,0.32061201333999634,0
6436,1,0.896573007106781,1
6437,0,0.005853999871760607,0
6438,1,0.9893879890441895,1
6439,0,0.0003910000086762011,0
6440,0,0.0047900001518428326,0
6441,1,0.9621670246124268,1
6442,1,0.9895679950714111,1
6443,0,0.0024759999942034483,0
6444,0,0.003604999976232648,0
6445,0,0.23838399350643158,0
6446,1,0.9984599947929382,1
6447,0,0.13288700580596924,0
6448,1,0.996940016746521,1
6449,0,0.00853899959474802,0
6450,1,0.8585379719734192,1
6451,0,0.004344000015407801,0
6452,0,0.07106100022792816,0
6453,0,0.015394999645650387,0
6454,0,0.04870700091123581,0
6455,0,0.007899000309407711,0
6456,0,0.0019030000548809767,0
6457,0,0.35019001364707947,0
6458,0,0.0007110000005923212,0
6459,1,0.9116380214691162,1
6460,1,0.9203569889068604,1
6461,0,0.02588699944317341,0
6462,0,0.01445200014859438,0
6463,0,0.17137500643730164,0
6464,1,0.9968500137329102,1
6465,1,0.8097360134124756,1
6466,0,0.018303999677300453,0
6467,0,0.009882999584078789,0
6468,0,0.005326999817043543,0
6469,1,0.9982619881629944,1
6470,0,0.09868700057268143,0
6471,0,0.0021200000774115324,0
6472,1,0.9990900158882141,1
6473,1,0.9914349913597107,1
6474,0,0.0045830002054572105,0
6475,0,0.06946399807929993,0
6476,1,0.5978800058364868,1
6477,0,0.00044299999717622995,0
6478,1,0.9820349812507629,1
6479,0,0.18222500383853912,0
6480,1,0.9996079802513123,1
6481,0,0.0009330000029876828,0
6482,1,0.5209389925003052,1
6483,0,0.0010979999788105488,0
6484,0,0.1301099956035614,0
6485,0,0.005274999886751175,0
6486,0,0.0025480000767856836,0
6487,0,0.002443999983370304,0
6488,1,0.9980959892272949,1
6489,0,0.004718999844044447,0
6490,1,0.6650810241699219,1
6491,1,0.9941139817237854,1
6492,0,0.04169299826025963,0
6493,0,0.0036009999457746744,0
6494,0,0.0029720000457018614,0
6495,0,0.003996000159531832,0
6496,0,0.01840200088918209,0
6497,0,0.003926000092178583,0
6498,1,0.9955549836158752,1
6499,0,0.022002000361680984,0
6500,0,0.0028619999065995216,0
6501,1,0.22263799607753754,0
6502,1,0.9080899953842163,1
6503,1,0.9822459816932678,1
6504,0,0.0016799999866634607,0
6505,0,0.0006140000186860561,0
6506,1,0.997065007686615,1
6507,0,0.005923000164330006,0
6508,0,0.044210001826286316,0
6509,1,0.9850760102272034,1
6510,0,0.004631000105291605,0
6511,1,0.9955989718437195,1
6512,1,0.9917179942131042,1
6513,1,0.9914190173149109,1
6514,0,0.8634309768676758,1
6515,1,0.9883350133895874,1
6516,0,0.049782998859882355,0
6517,1,0.9988809823989868,1
6518,0,0.07716300338506699,0
6519,1,0.9950810074806213,1
6520,1,0.990871012210846,1
6521,1,0.2934809923171997,0
6522,1,0.9962260127067566,1
6523,0,0.06924500316381454,0
6524,0,0.0007880000048317015,0
6525,0,0.017782999202609062,0
6526,1,0.9939460158348083,1
6527,1,0.9976239800453186,1
6528,1,0.9993990063667297,1
6529,1,0.9742929935455322,1
6530,0,0.008631999604403973,0
6531,0,0.029025999829173088,0
6532,1,0.9964389801025391,1
6533,0,0.04083999991416931,0
6534,0,0.0282990001142025,0
6535,1,0.9943310022354126,1
6536,1,0.999422013759613,1
6537,0,0.5346270203590393,1
6538,1,0.9135519862174988,1
6539,1,0.9890140295028687,1
6540,0,0.004592000041157007,0
6541,1,0.9985150098800659,1
6542,1,0.5093629956245422,1
6543,1,0.9779679775238037,1
6544,1,0.9958140254020691,1
6545,1,0.9824560284614563,1
6546,0,0.0033660000190138817,0
6547,1,0.9929109811782837,1
6548,0,0.007036000024527311,0
6549,0,0.05522700026631355,0
6550,0,0.05610400065779686,0
6551,1,0.998000979423523,1
6552,0,0.6530960202217102,1
6553,0,0.04399799928069115,0
6554,0,0.055397000163793564,0
6555,1,0.9813550114631653,1
6556,1,0.8387200236320496,1
6557,0,0.00788000039756298,0
6558,1,0.9848099946975708,1
6559,0,0.0028589998837560415,0
6560,0,0.036816999316215515,0
6561,0,0.0026179999113082886,0
6562,0,0.0002739999908953905,0
6563,0,0.021617000922560692,0
6564,1,0.9988260269165039,1
6565,1,0.35755500197410583,0
6566,0,0.0031759999692440033,0
6567,0,0.0052200001664459705,0
6568,1,0.998803973197937,1
6569,1,0.6257129907608032,1
6570,0,0.0022140000946819782,0
6571,1,0.912352979183197,1
6572,0,0.01612599939107895,0
6573,1,0.9995949864387512,1
6574,0,0.10352600365877151,0
6575,0,0.04122399911284447,0
6576,1,0.9991729855537415,1
6577,1,0.36818599700927734,0
6578,0,0.19715599715709686,0
6579,1,0.9844099879264832,1
6580,0,0.004852999933063984,0
6581,1,0.9981979727745056,1
6582,1,0.9967120289802551,1
6583,0,0.0006210000137798488,0
6584,0,0.2700139880180359,0
6585,1,0.8899890184402466,1
6586,1,0.9872480034828186,1
6587,0,0.005880000069737434,0
6588,0,0.0038610000628978014,0
6589,1,0.8801469802856445,1
6590,0,0.002225999953225255,0
6591,1,0.6685810089111328,1
6592,0,0.0030990000814199448,0
6593,0,0.008870000019669533,0
6594,0,0.006490999832749367,0
6595,0,0.009452000260353088,0
6596,1,0.9696109890937805,1
6597,0,0.8982369899749756,1
6598,0,0.011517999693751335,0
6599,0,0.0629189983010292,0
6600,0,0.05120300129055977,0
6601,0,0.013935999944806099,0
6602,1,0.35500600934028625,0
6603,1,0.08252400159835815,0
6604,0,0.006864999886602163,0
6605,1,0.4308069944381714,0
6606,1,0.99931800365448,1
6607,1,0.9767879843711853,1
6608,0,0.06363300234079361,0
6609,0,0.053745001554489136,0
6610,0,0.0015940000303089619,0
6611,1,0.45964500308036804,0
6612,0,0.0031190000008791685,0
6613,0,0.0021699999924749136,0
6614,0,0.003951000049710274,0
6615,1,0.9867309927940369,1
6616,1,0.9844359755516052,1
6617,1,0.9719210267066956,1
6618,0,0.009824000298976898,0
6619,0,0.02412400022149086,0
6620,0,0.07210899889469147,0
6621,0,0.05175599828362465,0
6622,0,0.0018500000005587935,0
6623,0,0.00139999995008111,0
6624,0,0.009670999832451344,0
6625,1,0.9972010254859924,1
6626,1,0.5852180123329163,1
6627,0,0.007329000160098076,0
6628,0,0.9683759808540344,1
6629,1,0.9176939725875854,1
6630,1,0.9905760288238525,1
6631,0,0.008932000026106834,0
6632,0,0.09128499776124954,0
6633,1,0.9919049739837646,1
6634,0,0.08799000084400177,0
6635,1,0.9987229704856873,1
6636,0,0.00022600000374950469,0
6637,0,0.09883999824523926,0
6638,1,0.9686009883880615,1
6639,0,0.002368000103160739,0
6640,0,0.002509000012651086,0
6641,1,0.2135459929704666,0
6642,0,0.001234999974258244,0
6643,1,0.6802449822425842,1
6644,1,0.9892989993095398,1
6645,0,0.7395790219306946,1
6646,0,0.005464999936521053,0
6647,0,0.001307999948039651,0
6648,0,0.011311000213027,0
6649,1,0.9821900129318237,1
6650,0,0.010904000140726566,0
6651,1,0.7572879791259766,1
6652,1,0.9994189739227295,1
6653,0,0.0277709998190403,0
6654,0,0.09656800329685211,0
6655,0,0.0621969997882843,0
6656,0,0.014054999686777592,0
6657,1,0.7911779880523682,1
6658,1,0.8108609914779663,1
6659,1,0.12245099991559982,0
6660,1,0.6537590026855469,1
6661,1,0.9956700205802917,1
6662,1,0.99686199426651,1
6663,1,0.9996809959411621,1
6664,1,0.9943900108337402,1
6665,1,0.9946569800376892,1
6666,0,0.016510000452399254,0
6667,0,0.1205189973115921,0
6668,0,0.4129579961299896,0
6669,1,0.17783300578594208,0
6670,0,0.005243999883532524,0
6671,0,0.0014669999945908785,0
6672,1,0.9996669888496399,1
6673,0,0.0059540001675486565,0
6674,0,0.001756999990902841,0
6675,1,0.9272800087928772,1
6676,0,0.00032699998700991273,0
6677,0,0.016540000215172768,0
6678,1,0.9931179881095886,1
6679,0,0.027634000405669212,0
6680,1,0.9979360103607178,1
6681,0,0.0012229999992996454,0
6682,0,0.005138999782502651,0
6683,1,0.9591770172119141,1
6684,0,0.013570999726653099,0
6685,0,0.051993999630212784,0
6686,0,0.003918999806046486,0
6687,0,0.00046400001156143844,0
6688,0,0.005239000078290701,0
6689,1,0.8987060189247131,1
6690,0,0.0004220000118948519,0
6691,0,0.0841120034456253,0
6692,0,0.0742570012807846,0
6693,0,0.11903800070285797,0
6694,0,0.0022799998987466097,0
6695,1,0.9814429879188538,1
6696,0,0.001740999985486269,0
6697,0,0.01894799992442131,0
6698,1,0.997829020023346,1
6699,1,0.9698190093040466,1
6700,1,0.7812420129776001,1
6701,0,0.0041970000602304935,0
6702,0,0.027643000707030296,0
6703,1,0.8354520201683044,1
6704,1,0.03610999882221222,0
6705,1,0.9783499836921692,1
6706,0,0.5129370093345642,1
6707,1,0.9998180270195007,1
6708,0,0.01359499990940094,0
6709,1,0.9706760048866272,1
6710,1,0.9998589754104614,1
6711,1,0.993831992149353,1
6712,1,0.9856259822845459,1
6713,1,0.9817900061607361,1
6714,0,0.0013259999686852098,0
6715,0,0.17434099316596985,0
6716,0,0.0025140000507235527,0
6717,1,0.9911580085754395,1
6718,1,0.9689670205116272,1
6719,0,0.011355999857187271,0
6720,0,0.0014199999859556556,0
6721,1,0.9972090125083923,1
6722,0,0.0026809999253600836,0
6723,1,0.9988150000572205,1
6724,0,0.05663999915122986,0
6725,1,0.9988920092582703,1
6726,1,0.6170989871025085,1
6727,0,0.007613999769091606,0
6728,0,0.0019199999514967203,0
6729,1,0.9831259846687317,1
6730,1,0.9988679885864258,1
6731,1,0.99692302942276,1
6732,1,0.9992349743843079,1
6733,1,0.963621973991394,1
6734,1,0.9530799984931946,1
6735,1,0.09875000268220901,0
6736,0,0.745078980922699,1
6737,1,0.980525016784668,1
6738,0,0.000514000013936311,0
6739,0,0.0017900000093504786,0
6740,1,0.18842600286006927,0
6741,1,0.9562829732894897,1
6742,1,0.7864329814910889,1
6743,1,0.9983879923820496,1
6744,0,0.022332999855279922,0
6745,0,0.0011309999972581863,0
6746,0,0.007691000122576952,0
6747,0,0.09526699781417847,0
6748,1,0.989162027835846,1
6749,1,0.1682569980621338,0
6750,0,0.059137001633644104,0
6751,1,0.9835159778594971,1
6752,1,0.9966319799423218,1
6753,0,0.0014329999685287476,0
6754,1,0.9905779957771301,1
6755,0,0.0053460001945495605,0
6756,0,0.08979000151157379,0
6757,1,0.9990079998970032,1
6758,0,0.000846999988425523,0
6759,0,0.1898230016231537,0
6760,1,0.6020650267601013,1
6761,1,0.9943779706954956,1
6762,0,0.014039999805390835,0
6763,1,0.8849110007286072,1
6764,0,0.00939400028437376,0
6765,0,0.050680000334978104,0
6766,0,0.009259000420570374,0
6767,0,0.06698299944400787,0
6768,1,0.9851409792900085,1
6769,1,0.9840189814567566,1
6770,0,0.003183000022545457,0
6771,0,0.00304599991068244,0
6772,1,0.9930620193481445,1
6773,1,0.9802150130271912,1
6774,1,0.9932140111923218,1
6775,0,0.0031399999279528856,0
6776,0,0.016040999442338943,0
6777,1,0.9993879795074463,1
6778,0,0.06816700100898743,0
6779,1,0.814786970615387,1
6780,1,0.8251169919967651,1
6781,0,0.0810990035533905,0
6782,0,0.020086999982595444,0
6783,1,0.962647020816803,1
6784,1,0.5003960132598877,1
6785,0,0.007218000013381243,0
6786,0,0.0034119999036192894,0
6787,0,0.019548999145627022,0
6788,1,0.7046160101890564,1
6789,0,0.012516999617218971,0
6790,1,0.9606559872627258,1
6791,0,0.022086000069975853,0
6792,0,0.014198999851942062,0
6793,1,0.9989259839057922,1
6794,0,0.00022899999748915434,0
6795,0,0.015449999831616879,0
6796,1,0.9968479871749878,1
6797,0,0.5692089796066284,1
6798,1,0.9572139978408813,1
6799,0,0.0081599997356534,0
6800,1,0.9986640214920044,1
6801,1,0.9296489953994751,1
6802,0,0.004358000122010708,0
6803,1,0.934499979019165,1
6804,1,0.9974700212478638,1
6805,1,0.9985600113868713,1
6806,1,0.9880650043487549,1
6807,0,0.005133999977260828,0
6808,1,0.9368640184402466,1
6809,1,0.6782240271568298,1
6810,1,0.9981430172920227,1
6811,0,0.0025659999810159206,0
6812,1,0.9544289708137512,1
6813,0,0.04132400080561638,0
6814,0,0.03476100042462349,0
6815,1,0.979619026184082,1
6816,0,0.21687300503253937,0
6817,1,0.9871630072593689,1
6818,0,0.0027489999774843454,0
6819,1,0.971934974193573,1
6820,1,0.9989590048789978,1
6821,0,0.018303999677300453,0
6822,1,0.9895619750022888,1
6823,0,0.02332399971783161,0
6824,1,0.998760998249054,1
6825,1,0.990913987159729,1
6826,1,0.9958739876747131,1
6827,0,0.005040000192821026,0
6828,0,0.0015899999998509884,0
6829,1,0.997331976890564,1
6830,0,0.018439000472426414,0
6831,0,0.023029999807476997,0
6832,1,0.9985790252685547,1
6833,1,0.9976069927215576,1
6834,1,0.9567999839782715,1
6835,1,0.9791749715805054,1
6836,1,0.9155759811401367,1
6837,0,0.8281970024108887,1
6838,1,0.9987059831619263,1
6839,1,0.9928500056266785,1
6840,1,0.9261630177497864,1
6841,0,0.3804050087928772,0
6842,1,0.9984369874000549,1
6843,0,0.013491000048816204,0
6844,0,0.10330300033092499,0
6845,0,0.005365999881178141,0
6846,0,0.08304399996995926,0
6847,1,0.8871309757232666,1
6848,1,0.9956420063972473,1
6849,0,0.009782000444829464,0
6850,1,0.7578189969062805,1
6851,0,0.0010239999974146485,0
6852,0,0.006060000043362379,0
6853,0,0.046629998832941055,0
6854,0,0.059073999524116516,0
6855,0,0.00521499989554286,0
6856,1,0.12807999551296234,0
6857,1,0.9918699860572815,1
6858,0,0.070701003074646,0
6859,1,0.8506659865379333,1
6860,1,0.9986249804496765,1
6861,0,0.9893879890441895,1
6862,0,0.08057399839162827,0
6863,1,0.9991040229797363,1
6864,1,0.024320999160408974,0
6865,1,0.9941419959068298,1
6866,1,0.9108200073242188,1
6867,1,0.9942460060119629,1
6868,1,0.9750999808311462,1
6869,1,0.9123370051383972,1
6870,1,0.9040470123291016,1
6871,1,0.9942799806594849,1
6872,1,0.21150000393390656,0
6873,0,0.0008319999906234443,0
6874,0,0.0013070000568404794,0
6875,1,0.26777100563049316,0
6876,1,0.9714140295982361,1
6877,0,0.0027119999285787344,0
6878,1,0.9632049798965454,1
6879,1,0.994297981262207,1
6880,1,0.9503359794616699,1
6881,1,0.7129539847373962,1
6882,0,0.005053999833762646,0
6883,0,0.06910400092601776,0
6884,0,0.007172999903559685,0
6885,1,0.009406999684870243,0
6886,1,0.9979529976844788,1
6887,1,0.9900079965591431,1
6888,0,0.1760919988155365,0
6889,1,0.9835019707679749,1
6890,0,0.1554969996213913,0
6891,0,0.02736400067806244,0
6892,0,0.7448229789733887,1
6893,0,0.0029929999727755785,0
6894,0,0.02898300066590309,0
6895,0,0.5454789996147156,1
6896,1,0.8280360102653503,1
6897,1,0.3093869984149933,0
6898,0,0.0015399999683722854,0
6899,1,0.9968640208244324,1
6900,0,0.004358000122010708,0
6901,1,0.9983940124511719,1
6902,0,0.002194999950006604,0
6903,0,0.02370000071823597,0
6904,1,0.9347550272941589,1
6905,1,0.969569981098175,1
6906,1,0.2727769911289215,0
6907,1,0.9954259991645813,1
6908,1,0.9484969973564148,1
6909,1,0.9917510151863098,1
6910,1,0.9737439751625061,1
6911,0,0.024330999702215195,0
6912,1,0.9427350163459778,1
6913,0,0.009101999923586845,0
6914,0,0.0053900000639259815,0
6915,1,0.9971960186958313,1
6916,0,0.012861999683082104,0
6917,1,0.9978169798851013,1
6918,0,0.3746050000190735,0
6919,1,0.8347330093383789,1
6920,1,0.9295439720153809,1
6921,0,0.004348000045865774,0
6922,1,0.9988200068473816,1
6923,0,0.00184299994725734,0
6924,1,0.9964450001716614,1
6925,0,0.01319899968802929,0
6926,1,0.990211009979248,1
6927,1,0.9201030135154724,1
6928,0,0.21404999494552612,0
6929,0,0.02009199932217598,0
6930,0,0.0022529999259859324,0
6931,0,0.00838099978864193,0
6932,1,0.9510599970817566,1
6933,0,0.17344699800014496,0
6934,0,0.011423000134527683,0
6935,0,0.0026469998992979527,0
6936,1,0.9679049849510193,1
6937,1,0.9994969964027405,1
6938,0,0.022686999291181564,0
6939,1,0.9873759746551514,1
6940,1,0.9388149976730347,1
6941,1,0.8683140277862549,1
6942,1,0.9766179919242859,1
6943,1,0.9986609816551208,1
6944,1,0.9804710149765015,1
6945,1,0.9236680269241333,1
6946,0,0.015402999706566334,0
6947,0,0.7590259909629822,1
6948,1,0.9998279809951782,1
6949,0,0.13898499310016632,0
6950,1,0.9954839944839478,1
6951,1,0.9983000159263611,1
6952,1,0.9723150134086609,1
6953,1,0.5851410031318665,1
6954,0,0.002776999957859516,0
6955,1,0.946977972984314,1
6956,0,0.010166999883949757,0
6957,0,0.8672630190849304,1
6958,0,0.003425000002607703,0
6959,1,0.7488639950752258,1
6960,0,0.12582899630069733,0
6961,1,0.9926649928092957,1
6962,0,0.41665899753570557,0
6963,0,0.0354899987578392,0
6964,1,0.9942139983177185,1
6965,1,0.9923959970474243,1
6966,0,0.0295219998806715,0
6967,1,0.9995880126953125,1
6968,1,0.8329100012779236,1
6969,0,0.015893999487161636,0
6970,0,0.6736130118370056,1
6971,0,0.7308760285377502,1
6972,0,0.10239599645137787,0
6973,1,0.9992259740829468,1
6974,1,0.9947940111160278,1
6975,0,0.0006189999985508621,0
6976,0,0.008981999941170216,0
6977,0,0.9711959958076477,1
6978,1,0.9897119998931885,1
6979,1,0.997767984867096,1
6980,0,0.005694999825209379,0
6981,1,0.9971659779548645,1
6982,1,0.5365980267524719,1
6983,1,0.9949290156364441,1
6984,0,0.30017098784446716,0
6985,0,0.030262000858783722,0
6986,1,0.9992889761924744,1
6987,1,0.722491979598999,1
6988,0,0.013748000375926495,0
6989,0,0.0019369999645277858,0
6990,0,0.29795899987220764,0
6991,0,0.0008960000122897327,0
6992,0,0.004277000203728676,0
6993,0,0.0198379997164011,0
6994,0,0.24762099981307983,0
6995,0,0.0049149999395012856,0
6996,1,0.9927039742469788,1
6997,1,0.9946799874305725,1
6998,1,0.1463399976491928,0
6999,1,0.9964900016784668,1
7000,1,0.4357680082321167,0
7001,1,0.9986600279808044,1
7002,0,0.007973000407218933,0
7003,0,0.004091999959200621,0
7004,1,0.9970999956130981,1
7005,0,0.024128999561071396,0
7006,1,0.9990839958190918,1
7007,1,0.5070509910583496,1
7008,0,0.001310999970883131,0
7009,1,0.7943810224533081,1
7010,1,0.9931679964065552,1
7011,0,0.07756000012159348,0
7012,0,0.0025420000310987234,0
7013,0,0.055674999952316284,0
7014,1,0.9923170208930969,1
7015,0,0.021748000755906105,0
7016,0,0.0013050000416114926,0
7017,1,0.9897059798240662,1
7018,1,0.9744309782981873,1
7019,1,0.22852499783039093,0
7020,0,0.015394000336527824,0
7021,1,0.9886969923973083,1
7022,0,0.005204000044614077,0
7023,0,0.12727899849414825,0
7024,1,0.551118016242981,1
7025,0,0.0008720000041648746,0
7026,1,0.994172990322113,1
7027,1,0.9983559846878052,1
7028,0,0.0012150000547990203,0
7029,1,0.9973660111427307,1
7030,1,0.9901490211486816,1
7031,1,0.993956983089447,1
7032,1,0.9499469995498657,1
7033,1,0.9135180115699768,1
7034,0,0.021769000217318535,0
7035,1,0.9947140216827393,1
7036,1,0.9732080101966858,1
7037,0,0.06785000115633011,0
7038,1,0.9922080039978027,1
7039,1,0.9994639754295349,1
7040,1,0.9989759922027588,1
7041,0,0.004604999907314777,0
7042,1,0.8276410102844238,1
7043,0,0.027194000780582428,0
7044,0,0.02885800041258335,0
7045,0,0.41373300552368164,0
7046,0,0.3044250011444092,0
7047,1,0.9923920035362244,1
7048,1,0.9986249804496765,1
7049,0,0.03144900128245354,0
7050,0,0.35314399003982544,0
7051,0,0.2779240012168884,0
7052,1,0.9832879900932312,1
7053,0,0.04374000057578087,0
7054,1,0.9571570158004761,1
7055,1,0.8653950095176697,1
7056,1,0.5733460187911987,1
7057,1,0.9922329783439636,1
7058,1,0.9973400235176086,1
7059,0,0.000859999970998615,0
7060,0,0.017419999465346336,0
7061,1,0.9986400008201599,1
7062,0,0.00954500027000904,0
7063,0,0.0014380000066012144,0
7064,0,0.0007880000048317015,0
7065,1,0.9013379812240601,1
7066,1,0.9844359755516052,1
7067,1,0.9843980073928833,1
7068,0,0.0025160000659525394,0
7069,1,0.9490140080451965,1
7070,1,0.9703850150108337,1
7071,1,0.9948139786720276,1
7072,1,0.9913409948348999,1
7073,0,0.0007479999912902713,0
7074,0,0.07513199746608734,0
7075,1,0.9028739929199219,1
7076,0,0.06799899786710739,0
7077,1,0.9968699812889099,1
7078,1,0.85868901014328,1
7079,0,0.014414999634027481,0
7080,1,0.10134200006723404,0
7081,1,0.996999979019165,1
7082,1,0.11196500062942505,0
7083,0,0.10886400192975998,0
7084,0,0.011730000376701355,0
7085,1,0.995015025138855,1
7086,0,0.020136000588536263,0
7087,0,0.0038449999410659075,0
7088,0,0.0044479998759925365,0
7089,0,0.08022899925708771,0
7090,1,0.7763910293579102,1
7091,1,0.9838250279426575,1
7092,0,0.7192149758338928,1
7093,1,0.9980400204658508,1
7094,0,0.0011759999906644225,0
7095,1,0.9924629926681519,1
7096,1,0.9967889785766602,1
7097,1,0.9970229864120483,1
7098,1,0.8236870169639587,1
7099,0,0.5033419728279114,1
7100,0,0.021902000531554222,0
7101,0,0.0026779999025166035,0
7102,0,0.004925999790430069,0
7103,1,0.9902290105819702,1
7104,1,0.994051992893219,1
7105,0,0.06431499868631363,0
7106,1,0.9796350002288818,1
7107,1,0.8299239873886108,1
7108,1,0.9094060063362122,1
7109,0,0.026360999792814255,0
7110,1,0.9991490244865417,1
7111,0,0.457845002412796,0
7112,1,0.9122380018234253,1
7113,0,0.3577440083026886,0
7114,1,0.9923980236053467,1
7115,1,0.19973300397396088,0
7116,0,0.034290000796318054,0
7117,1,0.9603539705276489,1
7118,1,0.9992089867591858,1
7119,1,0.9943349957466125,1
7120,1,0.9991120100021362,1
7121,0,0.04875800013542175,0
7122,0,0.029947999864816666,0
7123,1,0.3533099889755249,0
7124,0,0.007927999831736088,0
7125,0,0.011454000137746334,0
7126,1,0.3340489864349365,0
7127,1,0.8885999917984009,1
7128,1,0.9920949935913086,1
7129,1,0.9590579867362976,1
7130,0,0.11017200350761414,0
7131,1,0.9944649934768677,1
7132,0,0.0012420000275596976,0
7133,1,0.9929819703102112,1
7134,0,0.021960999816656113,0
7135,1,0.9815149903297424,1
7136,0,0.009461999870836735,0
7137,0,0.18874399363994598,0
7138,0,0.005752999801188707,0
7139,0,0.007031000219285488,0
7140,1,0.8639439940452576,1
7141,1,0.9710500240325928,1
7142,1,0.5171710252761841,1
7143,1,0.9973649978637695,1
7144,1,0.996632993221283,1
7145,0,0.008569000288844109,0
7146,0,0.019680999219417572,0
7147,1,0.9258800148963928,1
7148,0,0.00823500007390976,0
7149,1,0.992326021194458,1
7150,0,0.0018980000168085098,0
7151,1,0.9663379788398743,1
7152,0,0.005007000174373388,0
7153,1,0.9949600100517273,1
7154,1,0.7775049805641174,1
7155,0,0.009816000238060951,0
7156,0,0.8923180103302002,1
7157,0,0.008070000447332859,0
7158,0,0.17429199814796448,0
7159,1,0.9358749985694885,1
7160,1,0.15946200489997864,0
7161,1,0.9952549934387207,1
7162,0,0.0011980000417679548,0
7163,1,0.9941040277481079,1
7164,1,0.3554530143737793,0
7165,0,0.006730999797582626,0
7166,1,0.9927700161933899,1
7167,1,0.49323099851608276,0
7168,0,0.01717199943959713,0
7169,0,0.006957000121474266,0
7170,1,0.27320900559425354,0
7171,1,0.9486619830131531,1
7172,0,0.07369600236415863,0
7173,0,0.005568999797105789,0
7174,1,0.9921630024909973,1
7175,1,0.8573409914970398,1
7176,0,0.008848999626934528,0
7177,1,0.9961190223693848,1
7178,1,0.9993299841880798,1
7179,1,0.9236850142478943,1
7180,0,0.10705099999904633,0
7181,0,0.0070409998297691345,0
7182,1,0.17912200093269348,0
7183,1,0.994342029094696,1
7184,1,0.9956719875335693,1
7185,1,0.9726729989051819,1
7186,0,0.0013940000208094716,0
7187,1,0.31363099813461304,0
7188,1,0.93743497133255,1
7189,1,0.9670119881629944,1
7190,0,0.059241000562906265,0
7191,1,0.9950259923934937,1
7192,0,0.002377999946475029,0
7193,0,0.013218999840319157,0
7194,1,0.8749169707298279,1
7195,1,0.9804369807243347,1
7196,0,0.0003480000013951212,0
7197,0,0.01525100041180849,0
7198,0,0.06904599815607071,0
7199,1,0.9917889833450317,1
7200,0,0.004172000102698803,0
7201,0,0.03625499829649925,0
7202,1,0.5351150035858154,1
7203,0,0.012048999778926373,0
7204,1,0.9971470236778259,1
7205,1,0.9911569952964783,1
7206,0,0.028054000809788704,0
7207,0,0.0668639987707138,0
7208,1,0.9957590103149414,1
7209,0,0.006395999807864428,0
7210,0,0.001643999945372343,0
7211,0,0.00033599999733269215,0
7212,1,0.5557870268821716,1
7213,0,0.011404000222682953,0
7214,1,0.9496600031852722,1
7215,1,0.9987810254096985,1
7216,1,0.993552029132843,1
7217,1,0.9954130053520203,1
7218,0,0.012640000320971012,0
7219,1,0.8008999824523926,1
7220,0,0.1844639927148819,0
7221,1,0.40468600392341614,0
7222,1,0.9791589975357056,1
7223,0,0.007435999810695648,0
7224,1,0.9949650168418884,1
7225,1,0.9816089868545532,1
7226,0,0.011037000454962254,0
7227,1,0.9991999864578247,1
7228,1,0.6560750007629395,1
7229,0,0.0036329999566078186,0
7230,1,0.998108983039856,1
7231,0,0.004530000034719706,0
7232,1,0.8097000122070312,1
7233,0,0.006773000117391348,0
7234,1,0.8815529942512512,1
7235,0,0.0676949992775917,0
7236,1,0.9874759912490845,1
7237,0,0.07694099843502045,0
7238,0,0.002535999985411763,0
7239,1,0.9961429834365845,1
7240,1,0.5519160032272339,1
7241,0,0.0022440000902861357,0
7242,1,0.9967269897460938,1
7243,1,0.9098259806632996,1
7244,0,0.007836000062525272,0
7245,0,0.08141300082206726,0
7246,0,0.0007029999978840351,0
7247,1,0.9883319735527039,1
7248,1,0.7354620099067688,1
7249,0,0.0008640000014565885,0
7250,1,0.9785130023956299,1
7251,1,0.9820899963378906,1
7252,0,0.004871999844908714,0
7253,1,0.9301919937133789,1
7254,1,0.9584829807281494,1
7255,1,0.9826779961585999,1
7256,0,0.04067299887537956,0
7257,0,0.01695599965751171,0
7258,1,0.9946730136871338,1
7259,1,0.8851619958877563,1
7260,0,0.9214019775390625,1
7261,1,0.9986109733581543,1
7262,0,0.010945999994874,0
7263,1,0.9794290065765381,1
7264,1,0.9915069937705994,1
7265,1,0.9726799726486206,1
7266,1,0.9981939792633057,1
7267,0,0.008667999878525734,0
7268,1,0.9815089702606201,1
7269,1,0.9964460134506226,1
7270,0,0.0004419999895617366,0
7271,0,0.010160000063478947,0
7272,1,0.9978449940681458,1
7273,1,0.91839599609375,1
7274,1,0.08938399702310562,0
7275,1,0.8306859731674194,1
7276,1,0.9530900120735168,1
7277,0,0.05959799885749817,0
7278,1,0.9884830117225647,1
7279,1,0.06137000024318695,0
7280,1,0.9962959885597229,1
7281,0,0.001883000019006431,0
7282,1,0.9575920104980469,1
7283,0,0.014023000374436378,0
7284,0,0.0008319999906234443,0
7285,0,0.017037000507116318,0
7286,1,0.9826949834823608,1
7287,0,0.023744000121951103,0
7288,1,0.9613019824028015,1
7289,0,0.020438000559806824,0
7290,0,0.004116999916732311,0
7291,1,0.9240710139274597,1
7292,1,0.6713330149650574,1
7293,1,0.9958660006523132,1
7294,0,0.010975000448524952,0
7295,0,0.005739999935030937,0
7296,1,0.9960389733314514,1
7297,0,0.1301169991493225,0
7298,1,0.9546030163764954,1
7299,1,0.9960770010948181,1
7300,1,0.9432700276374817,1
7301,1,0.9862930178642273,1
7302,0,0.008249999955296516,0
7303,1,0.983053982257843,1
7304,0,0.0014530000044032931,0
7305,1,0.9996349811553955,1
7306,0,0.009076000191271305,0
7307,0,0.7267079949378967,1
7308,0,0.022059999406337738,0
7309,1,0.9845920205116272,1
7310,1,0.9897059798240662,1
7311,0,0.022081999108195305,0
7312,0,0.0016959999920800328,0
7313,1,0.9900490045547485,1
7314,1,0.9903460144996643,1
7315,0,0.004222999792546034,0
7316,1,0.9548879861831665,1
7317,0,0.012401999905705452,0
7318,0,0.002696000039577484,0
7319,0,0.0003380000125616789,0
7320,0,0.020002000033855438,0
7321,1,0.9967330098152161,1
7322,1,0.9651870131492615,1
7323,0,0.1868010014295578,0
7324,0,0.04244200140237808,0
7325,0,0.0026340000331401825,0
7326,0,0.17671899497509003,0
7327,0,0.01284400001168251,0
7328,1,0.7592920064926147,1
7329,0,0.20652000606060028,0
7330,0,0.0025949999690055847,0
7331,0,0.002383999992161989,0
7332,1,0.1405310034751892,0
7333,0,0.02682800032198429,0
7334,0,0.012008000165224075,0
7335,0,0.028363000601530075,0
7336,1,0.9966999888420105,1
7337,0,0.0676570013165474,0
7338,0,0.0012730000307783484,0
7339,1,0.005683000199496746,0
7340,1,0.979777991771698,1
7341,0,0.07711800187826157,0
7342,1,0.984067976474762,1
7343,0,0.001914000022225082,0
7344,1,0.9863860011100769,1
7345,0,0.0006680000224150717,0
7346,0,0.23338399827480316,0
7347,1,0.998013973236084,1
7348,1,0.361844003200531,0
7349,1,0.9790570139884949,1
7350,0,0.01769299991428852,0
7351,0,0.29126301407814026,0
7352,0,0.0012779999524354935,0
7353,0,0.0009069999796338379,0
7354,1,0.9714679718017578,1
7355,1,0.9882779717445374,1
7356,0,0.005570999812334776,0
7357,0,0.32832199335098267,0
7358,0,0.016899000853300095,0
7359,1,0.9420949816703796,1
7360,0,0.007120999973267317,0
7361,0,0.19319599866867065,0
7362,1,0.9849600195884705,1
7363,1,0.9630810022354126,1
7364,0,0.039861999452114105,0
7365,0,0.000990999978967011,0
7366,0,0.011854000389575958,0
7367,0,0.013762000016868114,0
7368,1,0.9236639738082886,1
7369,1,0.9481430053710938,1
7370,1,0.977865993976593,1
7371,1,0.9979709982872009,1
7372,0,0.03437099978327751,0
7373,1,0.9906070232391357,1
7374,0,0.017913000658154488,0
7375,0,0.020262999460101128,0
7376,0,0.022110000252723694,0
7377,1,0.9864749908447266,1
7378,1,0.9697960019111633,1
7379,0,0.03152899816632271,0
7380,1,0.9982079863548279,1
7381,1,0.9995030164718628,1
7382,0,0.030517999082803726,0
7383,0,0.015185000374913216,0
7384,1,0.9947400093078613,1
7385,0,0.007122000213712454,0
7386,0,0.006264999974519014,0
7387,0,0.01627499982714653,0
7388,0,0.002203000010922551,0
7389,1,0.9943659901618958,1
7390,0,0.006519999820739031,0
7391,1,0.9988229870796204,1
7392,1,0.9549700021743774,1
7393,0,0.010230000130832195,0
7394,1,0.9985020160675049,1
7395,0,0.008661000058054924,0
7396,1,0.9721729755401611,1
7397,1,0.021637000143527985,0
7398,1,0.6922129988670349,1
7399,0,0.008596000261604786,0
7400,0,0.004619999788701534,0
7401,1,0.7974590063095093,1
7402,1,0.9756270051002502,1
7403,0,0.023910999298095703,0
7404,1,0.9297810196876526,1
7405,1,0.9955099821090698,1
7406,0,0.003768000053241849,0
7407,1,0.49374398589134216,0
7408,0,0.18111799657344818,0
7409,1,0.9637539982795715,1
7410,0,0.0035800000187009573,0
7411,1,0.9715610146522522,1
7412,0,0.001373999984934926,0
7413,1,0.9989640116691589,1
7414,1,0.9889670014381409,1
7415,0,0.06526800245046616,0
7416,1,0.9977549910545349,1
7417,1,0.010784000158309937,0
7418,1,0.9982669949531555,1
7419,1,0.9957910180091858,1
7420,0,0.967411994934082,1
7421,0,0.13391299545764923,0
7422,0,0.016295000910758972,0
7423,1,0.9915300011634827,1
7424,1,0.9665340185165405,1
7425,0,0.032269999384880066,0
7426,1,0.9890580177307129,1
7427,1,0.8852760195732117,1
7428,0,0.010710000060498714,0
7429,0,0.0030169999226927757,0
7430,0,0.6544100046157837,1
7431,1,0.9576190114021301,1
7432,0,0.0029440000653266907,0
7433,0,0.0024709999561309814,0
7434,0,0.09683699905872345,0
7435,0,0.0033009999897331,0
7436,1,0.7546759843826294,1
7437,0,0.010169999673962593,0
7438,1,0.9162219762802124,1
7439,1,0.9981880187988281,1
7440,1,0.9352790117263794,1
7441,1,0.9992420077323914,1
7442,0,0.04162900149822235,0
7443,1,0.9549360275268555,1
7444,1,0.9887809753417969,1
7445,1,0.9649999737739563,1
7446,0,0.005530999973416328,0
7447,0,0.33132699131965637,0
7448,0,0.541176974773407,1
7449,1,0.9229660034179688,1
7450,0,0.016262000426650047,0
7451,0,0.004141999874264002,0
7452,1,0.9991840124130249,1
7453,1,0.9852409958839417,1
7454,1,0.9978089928627014,1
7455,1,0.9143890142440796,1
7456,1,0.9990580081939697,1
7457,0,0.001500000013038516,0
7458,1,0.9468889832496643,1
7459,0,0.002945000072941184,0
7460,1,0.9913139939308167,1
7461,1,0.755702018737793,1
7462,0,0.5985090136528015,1
7463,1,0.9954749941825867,1
7464,1,0.942887008190155,1
7465,1,0.9860510230064392,1
7466,1,0.9936619997024536,1
7467,0,0.029462000355124474,0
7468,1,0.8201559782028198,1
7469,1,0.985617995262146,1
7470,0,0.003128000069409609,0
7471,0,0.028687000274658203,0
7472,0,0.0002410000015515834,0
7473,1,0.9950129985809326,1
7474,1,0.9982979893684387,1
7475,1,0.9976980090141296,1
7476,0,0.005745000205934048,0
7477,0,0.0009459999855607748,0
7478,1,0.4424319863319397,0
7479,0,0.018825000151991844,0
7480,0,0.0024800000246614218,0
7481,1,0.9743850231170654,1
7482,1,0.9825659990310669,1
7483,0,0.011707999743521214,0
7484,0,0.001104000024497509,0
7485,1,0.9917100071907043,1
7486,0,0.0016199999954551458,0
7487,1,0.9992960095405579,1
7488,1,0.9162110090255737,1
7489,0,0.001762000028975308,0
7490,1,0.6424530148506165,1
7491,0,0.001120000029914081,0
7492,0,0.0005660000024363399,0
7493,0,0.006666999775916338,0
7494,0,0.007584999781101942,0
7495,1,0.9829789996147156,1
7496,0,0.0012029999634250998,0
7497,0,0.5121610164642334,1
7498,1,0.9923920035362244,1
7499,1,0.9958699941635132,1
7500,0,0.0007120000082068145,0
7501,0,0.00039000000106170774,0
7502,0,0.9760349988937378,1
7503,0,0.006093999836593866,0
7504,1,0.9884690046310425,1
7505,1,0.9832810163497925,1
7506,0,0.03065899945795536,0
7507,1,0.438167005777359,0
7508,0,0.006719999946653843,0
7509,1,0.32277899980545044,0
7510,1,0.9991689920425415,1
7511,1,0.9955940246582031,1
7512,1,0.9975579977035522,1
7513,0,0.020363999530673027,0
7514,1,0.9292010068893433,1
7515,0,0.014245999976992607,0
7516,1,0.9504730105400085,1
7517,1,0.9133539795875549,1
7518,1,0.9912350177764893,1
7519,1,0.8984419703483582,1
7520,0,0.01592100039124489,0
7521,0,0.830892026424408,1
7522,0,0.024769999086856842,0
7523,1,0.9430500268936157,1
7524,1,0.998740017414093,1
7525,1,0.9805819988250732,1
7526,0,0.0507970005273819,0
7527,0,0.013406000100076199,0
7528,0,0.0022499999031424522,0
7529,1,0.9872890114784241,1
7530,1,0.4404039978981018,0
7531,0,0.013069000095129013,0
7532,0,0.02456199936568737,0
7533,1,0.7824649810791016,1
7534,0,0.000666000007186085,0
7535,0,0.9899740219116211,1
7536,0,0.0067900000140070915,0
7537,1,0.9927769899368286,1
7538,0,0.005878999829292297,0
7539,0,0.01631700061261654,0
7540,0,0.10742200165987015,0
7541,0,0.02194800041615963,0
7542,0,0.005014999769628048,0
7543,1,0.9997029900550842,1
7544,0,0.016966000199317932,0
7545,1,0.9877349734306335,1
7546,0,0.06345000118017197,0
7547,0,0.005206999834626913,0
7548,0,0.018869999796152115,0
7549,0,0.002245000097900629,0
7550,0,0.0012229999992996454,0
7551,0,0.010840999893844128,0
7552,1,0.9777160286903381,1
7553,1,0.9970250129699707,1
7554,0,0.008050000295042992,0
7555,1,0.9603260159492493,1
7556,1,0.9787729978561401,1
7557,0,0.01169199962168932,0
7558,0,0.00381199992261827,0
7559,0,0.014642000198364258,0
7560,1,0.9060069918632507,1
7561,1,0.984080970287323,1
7562,0,0.003911999985575676,0
7563,0,0.0059910002164542675,0
7564,0,0.019155999645590782,0
7565,0,0.03895900025963783,0
7566,1,0.9528329968452454,1
7567,0,0.0028429999947547913,0
7568,0,0.0029810001142323017,0
7569,0,0.0029509998857975006,0
7570,1,0.9711650013923645,1
7571,0,0.9341409802436829,1
7572,0,0.033376000821590424,0
7573,0,0.3833320140838623,0
7574,1,0.9770820140838623,1
7575,0,0.35950401425361633,0
7576,1,0.9990599751472473,1
7577,0,0.7012959718704224,1
7578,1,0.7171580195426941,1
7579,1,0.9953929781913757,1
7580,1,0.9188380241394043,1
7581,0,0.23617999255657196,0
7582,0,0.0011520000407472253,0
7583,0,0.013086999766528606,0
7584,1,0.7543709874153137,1
7585,1,0.9990760087966919,1
7586,1,0.9588189721107483,1
7587,0,0.014821999706327915,0
7588,1,0.8359060287475586,1
7589,0,0.0042130001820623875,0
7590,0,0.01745299994945526,0
7591,0,0.10146799683570862,0
7592,1,0.9745039939880371,1
7593,1,0.999023973941803,1
7594,0,0.0013790000230073929,0
7595,0,0.27180999517440796,0
7596,0,0.009200000204145908,0
7597,0,0.04562800005078316,0
7598,1,0.6931710243225098,1
7599,0,0.05816999822854996,0
7600,0,0.019953999668359756,0
7601,0,0.000299000006634742,0
7602,0,0.0039900001138448715,0
7603,1,0.9972749948501587,1
7604,1,0.9917179942131042,1
7605,1,0.7905740141868591,1
7606,0,0.000547999981790781,0
7607,0,0.013388000428676605,0
7608,0,0.005055000074207783,0
7609,1,0.9985349774360657,1
7610,1,0.9835109710693359,1
7611,1,0.9903640151023865,1
7612,1,0.9955959916114807,1
7613,1,0.9903609752655029,1
7614,1,0.999131977558136,1
7615,1,0.8723530173301697,1
7616,1,0.9974539875984192,1
7617,0,0.847940981388092,1
7618,0,0.00381499994546175,0
7619,0,0.027312999591231346,0
7620,0,0.2613700032234192,0
7621,1,0.9866849780082703,1
7622,1,0.9935460090637207,1
7623,0,0.0031759999692440033,0
7624,1,0.9935359954833984,1
7625,1,0.9951599836349487,1
7626,1,0.9922999739646912,1
7627,0,0.013717000372707844,0
7628,0,0.018045000731945038,0
7629,1,0.9940829873085022,1
7630,1,0.9623000025749207,1
7631,1,0.9907039999961853,1
7632,0,0.0031580000650137663,0
7633,1,0.9774379730224609,1
7634,0,0.0010079999919980764,0
7635,1,0.9957280158996582,1
7636,1,0.8403909802436829,1
7637,0,0.001547000021673739,0
7638,1,0.998786985874176,1
7639,1,0.9955880045890808,1
7640,1,0.9870669841766357,1
7641,1,0.07130400091409683,0
7642,1,0.9980720281600952,1
7643,0,0.003973999992012978,0
7644,1,0.9963629841804504,1
7645,1,0.9937610030174255,1
7646,0,0.49468401074409485,0
7647,0,0.3576650023460388,0
7648,1,0.9960560202598572,1
7649,0,0.01761000044643879,0
7650,0,0.00241199997253716,0
7651,0,0.07997799664735794,0
7652,0,0.0029559999238699675,0
7653,0,0.0048340000212192535,0
7654,1,0.9668999910354614,1
7655,0,0.003022999968379736,0
7656,1,0.9792810082435608,1
7657,1,0.9962350130081177,1
7658,0,0.011068999767303467,0
7659,1,0.9352080225944519,1
7660,1,0.9974449872970581,1
7661,0,0.003240999998524785,0
7662,1,0.9981030225753784,1
7663,1,0.9986649751663208,1
7664,0,0.20066100358963013,0
7665,0,0.007830999791622162,0
7666,0,0.5943359732627869,1
7667,0,0.22449900209903717,0
7668,0,0.004490000195801258,0
7669,0,0.009514999575912952,0
7670,1,0.9988870024681091,1
7671,0,0.35151898860931396,0
7672,0,0.0020830000285059214,0
7673,0,0.033789001405239105,0
7674,0,0.004929000046104193,0
7675,0,0.07839599996805191,0
7676,1,0.7393980026245117,1
7677,1,0.9905930161476135,1
7678,0,0.06818000227212906,0
7679,0,0.6659770011901855,1
7680,0,0.38415300846099854,0
7681,0,0.0027489999774843454,0
7682,1,0.9731450080871582,1
7683,0,0.0005639999872073531,0
7684,0,0.002891999902203679,0
7685,1,0.9906820058822632,1
7686,1,0.9920380115509033,1
7687,1,0.9706739783287048,1
7688,1,0.5138720273971558,1
7689,1,0.9979220032691956,1
7690,1,0.9940090179443359,1
7691,0,0.005185999907553196,0
7692,1,0.9762340188026428,1
7693,0,0.05552000179886818,0
7694,0,0.0019239999819546938,0
7695,0,0.8681619763374329,1
7696,1,0.9974259734153748,1
7697,1,0.9901859760284424,1
7698,1,0.9832720160484314,1
7699,1,0.9370279908180237,1
7700,1,0.9984560012817383,1
7701,1,0.9943519830703735,1
7702,0,0.06132600083947182,0
7703,1,0.999809980392456,1
7704,1,0.4257749915122986,0
7705,1,0.42394599318504333,0
7706,1,0.9992020130157471,1
7707,0,0.9046630263328552,1
7708,1,0.8060550093650818,1
7709,1,0.8721179962158203,1
7710,0,0.013931999914348125,0
7711,0,0.2743450105190277,0
7712,0,0.003469000104814768,0
7713,0,0.2629449963569641,0
7714,0,0.008919999934732914,0
7715,1,0.8186399936676025,1
7716,1,0.22522799670696259,0
7717,1,0.9828029870986938,1
7718,0,0.11571700125932693,0
7719,1,0.9896720051765442,1
7720,1,0.4759100079536438,0
7721,1,0.9954969882965088,1
7722,0,0.0071749999187886715,0
7723,0,0.7300789952278137,1
7724,1,0.1018809974193573,0
7725,0,0.0017239999724552035,0
7726,0,0.018976999446749687,0
7727,0,0.038589999079704285,0
7728,1,0.9784070253372192,1
7729,1,0.9743099808692932,1
7730,1,0.9972280263900757,1
7731,1,0.5713289976119995,1
7732,1,0.9898149967193604,1
7733,1,0.9720829725265503,1
7734,0,0.06611599773168564,0
7735,0,0.0038530000019818544,0
7736,0,0.003082999959588051,0
7737,1,0.7921990156173706,1
7738,0,0.005144000053405762,0
7739,0,0.001247999956831336,0
7740,0,0.005166999995708466,0
7741,0,0.0053900000639259815,0
7742,1,0.6625909805297852,1
7743,0,0.2269050031900406,0
7744,0,0.004360000137239695,0
7745,1,0.9976239800453186,1
7746,0,0.0017209999496117234,0
7747,1,0.9923509955406189,1
7748,1,0.9709889888763428,1
7749,1,0.5897380113601685,1
7750,1,0.9954609870910645,1
7751,1,0.9656209945678711,1
7752,1,0.9955319762229919,1
7753,1,0.9926720261573792,1
7754,0,0.003845999948680401,0
7755,1,0.9943370223045349,1
7756,1,0.9963039755821228,1
7757,0,0.004904999863356352,0
7758,1,0.9997559785842896,1
7759,0,0.05857099965214729,0
7760,0,0.20494399964809418,0
7761,1,0.9941059947013855,1
7762,1,0.09039600193500519,0
7763,1,0.9889879822731018,1
7764,1,0.893642008304596,1
7765,0,0.03446299955248833,0
7766,1,0.9984449744224548,1
7767,1,0.3560110032558441,0
7768,1,0.9961389899253845,1
7769,0,0.010560999624431133,0
7770,0,0.1189119964838028,0
7771,1,0.9769619703292847,1
7772,0,0.006666999775916338,0
7773,0,0.10865200310945511,0
7774,1,0.9316809773445129,1
7775,0,0.005419999826699495,0
7776,0,0.007627999875694513,0
7777,1,0.7922689914703369,1
7778,0,0.05686400085687637,0
7779,1,0.9982619881629944,1
7780,1,0.9540969729423523,1
7781,0,0.7876129746437073,1
7782,0,0.18871399760246277,0
7783,1,0.9586570262908936,1
7784,1,0.9877099990844727,1
7785,1,0.9941880106925964,1
7786,1,0.9870839715003967,1
7787,1,0.9920610189437866,1
7788,0,0.07642699778079987,0
7789,0,0.0024790000170469284,0
7790,0,0.0017359999474138021,0
7791,1,0.9671859741210938,1
7792,0,0.6882650256156921,1
7793,1,0.9872159957885742,1
7794,0,0.056758999824523926,0
7795,0,0.8580679893493652,1
7796,0,0.004726000130176544,0
7797,0,0.6085529923439026,1
7798,0,0.5332220196723938,1
7799,0,0.0026740001048892736,0
7800,0,0.04296499863266945,0
7801,1,0.9428229928016663,1
7802,1,0.9967150092124939,1
7803,0,0.30919599533081055,0
7804,0,0.9831230044364929,1
7805,1,0.9991499781608582,1
7806,1,0.5338630080223083,1
7807,1,0.9994419813156128,1
7808,0,0.11727099865674973,0
7809,1,0.701475977897644,1
7810,0,0.0014220000011846423,0
7811,0,0.009368999861180782,0
7812,0,0.0015239999629557133,0
7813,1,0.9804580211639404,1
7814,0,0.06966199725866318,0
7815,1,0.992347002029419,1
7816,0,0.002778999973088503,0
7817,0,0.0017160000279545784,0
7818,1,0.9945949912071228,1
7819,1,0.79966801404953,1
7820,0,0.0004440000047907233,0
7821,1,0.86490797996521,1
7822,1,0.9991440176963806,1
7823,0,0.003863000078126788,0
7824,1,0.8522890210151672,1
7825,1,0.9929350018501282,1
7826,1,0.9298610091209412,1
7827,1,0.1628890037536621,0
7828,0,0.003223000094294548,0
7829,0,0.005282000172883272,0
7830,0,0.003900999901816249,0
7831,0,0.0022219999227672815,0
7832,0,0.060102999210357666,0
7833,1,0.9907739758491516,1
7834,1,0.99857097864151,1
7835,1,0.977217972278595,1
7836,1,0.9984660148620605,1
7837,1,0.5459169745445251,1
7838,0,0.01140700001269579,0
7839,0,0.02513599954545498,0
7840,1,0.9964780211448669,1
7841,0,0.012583999894559383,0
7842,0,0.053495001047849655,0
7843,0,0.11813700199127197,0
7844,0,0.009483999572694302,0
7845,0,0.0922589972615242,0
7846,0,0.014736000448465347,0
7847,1,0.9390869736671448,1
7848,1,0.9945390224456787,1
7849,0,0.014038999564945698,0
7850,1,0.9233180284500122,1
7851,0,0.02813499979674816,0
7852,0,0.016016999259591103,0
7853,0,0.005348000209778547,0
7854,0,0.001420999993570149,0
7855,0,0.0019409999949857593,0
7856,1,0.9677799940109253,1
7857,0,0.160629004240036,0
7858,0,0.004342000000178814,0
7859,0,0.007947999984025955,0
7860,1,0.9294319748878479,1
7861,1,0.924992024898529,1
7862,0,0.014348000288009644,0
7863,1,0.8482660055160522,1
7864,1,0.9976189732551575,1
7865,1,0.9945480227470398,1
7866,0,0.015690000727772713,0
7867,1,0.986283004283905,1
7868,0,0.02381099946796894,0
7869,1,0.9902529716491699,1
7870,1,0.9985349774360657,1
7871,0,0.00595800019800663,0
7872,0,0.0050760000012815,0
7873,1,0.9004719853401184,1
7874,1,0.1908160001039505,0
7875,1,0.9990540146827698,1
7876,1,0.9970489740371704,1
7877,1,0.06479799747467041,0
7878,0,0.007124000228941441,0
7879,0,0.0009159999899566174,0
7880,1,0.9963809847831726,1
7881,0,0.021276000887155533,0
7882,0,0.8863009810447693,1
7883,0,0.0015820000553503633,0
7884,1,0.7065550088882446,1
7885,0,0.7886340022087097,1
7886,1,0.9903609752655029,1
7887,0,0.3982200026512146,0
7888,0,0.6825910210609436,1
7889,1,0.6029599905014038,1
7890,0,0.0020230000372976065,0
7891,0,0.032896000891923904,0
7892,1,0.9858130216598511,1
7893,0,0.053697001188993454,0
7894,1,0.9831690192222595,1
7895,1,0.9986580014228821,1
7896,0,0.0016720000421628356,0
7897,1,0.9927459955215454,1
7898,1,0.9959579706192017,1
7899,0,0.004819999914616346,0
7900,0,0.10764800012111664,0
7901,1,0.9965909719467163,1
7902,0,0.0016090000281110406,0
7903,1,0.9925079941749573,1
7904,1,0.9069110155105591,1
7905,1,0.7152270078659058,1
7906,0,0.10212399810552597,0
7907,0,0.0073529998771846294,0
7908,1,0.9761239886283875,1
7909,0,0.03763800114393234,0
7910,1,0.9949290156364441,1
7911,1,0.882286012172699,1
7912,0,0.09410099685192108,0
7913,1,0.9978920221328735,1
7914,0,0.00035700001171790063,0
7915,1,0.9860450029373169,1
7916,1,0.9829890131950378,1
7917,1,0.9092839956283569,1
7918,1,0.9907770156860352,1
7919,1,0.9977869987487793,1
7920,1,0.9980120062828064,1
7921,1,0.9649549722671509,1
7922,0,0.029110999777913094,0
7923,1,0.9880549907684326,1
7924,1,0.9971920251846313,1
7925,0,0.002885000081732869,0
7926,1,0.9973670244216919,1
7927,1,0.9903830289840698,1
7928,0,0.0002859999949578196,0
7929,1,0.9964759945869446,1
7930,1,0.9823309779167175,1
7931,1,0.9639310240745544,1
7932,0,0.0013429999817162752,0
7933,1,0.998652994632721,1
7934,0,0.930961012840271,1
7935,0,0.04620800167322159,0
7936,1,0.9930830001831055,1
7937,1,0.9918400049209595,1
7938,0,0.033424001187086105,0
7939,0,0.36753299832344055,0
7940,1,0.9963039755821228,1
7941,1,0.9847229719161987,1
7942,1,0.8731920123100281,1
7943,1,0.9257789850234985,1
7944,0,0.5235710144042969,1
7945,1,0.9990370273590088,1
7946,0,0.008799999952316284,0
7947,0,0.05341099947690964,0
7948,1,0.00712500000372529,0
7949,0,0.6138489842414856,1
7950,0,0.002518000081181526,0
7951,1,0.9976649880409241,1
7952,0,0.00863299984484911,0
7953,0,0.009157000109553337,0
7954,1,0.9989879727363586,1
7955,0,0.004236999899148941,0
7956,0,0.0015739999944344163,0
7957,0,0.005690999794751406,0
7958,1,0.9217789769172668,1
7959,0,0.017764000222086906,0
7960,1,0.9813849925994873,1
7961,1,0.9951840043067932,1
7962,0,0.02375200018286705,0
7963,0,0.000686999992467463,0
7964,1,0.9803040027618408,1
7965,1,0.998212993144989,1
7966,1,0.9931309819221497,1
7967,1,0.8700659871101379,1
7968,0,0.0015399999683722854,0
7969,1,0.9639109969139099,1
7970,0,0.0030090000946074724,0
7971,0,0.1444530040025711,0
7972,0,0.002781999995931983,0
7973,1,0.9948379993438721,1
7974,1,0.9332979917526245,1
7975,1,0.9773960113525391,1
7976,0,0.00493700010702014,0
7977,1,0.9871140122413635,1
7978,1,0.7716040015220642,1
7979,0,0.012416999787092209,0
7980,0,0.0006639999919570982,0
7981,1,0.990693986415863,1
7982,0,0.010298999957740307,0
7983,0,0.007668000180274248,0
7984,0,0.014278000220656395,0
7985,1,0.9955660104751587,1
7986,0,0.7622920274734497,1
7987,0,0.0030320000369101763,0
7988,0,0.0006399999838322401,0
7989,0,0.367343008518219,0
7990,0,0.0007699999841861427,0
7991,0,0.01603499986231327,0
7992,0,0.19860699772834778,0
7993,1,0.8955900073051453,1
7994,1,0.4659610092639923,0
7995,0,0.001585999969393015,0
7996,1,0.9746350049972534,1
7997,0,0.004031999967992306,0
7998,0,0.004046999849379063,0
7999,0,0.006347000133246183,0
8000,0,0.263808012008667,0
8001,1,0.9804480075836182,1
8002,1,0.9279339909553528,1
8003,0,0.0022169998846948147,0
8004,1,0.9973599910736084,1
8005,1,0.9499279856681824,1
8006,0,0.005803000181913376,0
8007,1,0.9971359968185425,1
8008,0,0.003140999935567379,0
8009,0,0.0030539999715983868,0
8010,0,0.9707980155944824,1
8011,1,0.9963849782943726,1
8012,1,0.9958990216255188,1
8013,0,0.009562999941408634,0
8014,1,0.9349899888038635,1
8015,0,0.017285000532865524,0
8016,1,0.9794999957084656,1
8017,0,0.0507659986615181,0
8018,0,0.12619400024414062,0
8019,0,0.010255999863147736,0
8020,0,0.11219500005245209,0
8021,0,0.22968900203704834,0
8022,0,0.014682999812066555,0
8023,0,0.04228699952363968,0
8024,1,0.997111976146698,1
8025,0,0.011111999861896038,0
8026,1,0.9697440266609192,1
8027,0,0.014871999621391296,0
8028,1,0.9995329976081848,1
8029,0,0.02138799987733364,0
8030,0,0.0469370000064373,0
8031,0,0.007379999849945307,0
8032,1,0.993025004863739,1
8033,1,0.33643099665641785,0
8034,0,0.0019990000873804092,0
8035,1,0.9939799904823303,1
8036,0,0.025008000433444977,0
8037,0,0.031610000878572464,0
8038,0,0.0018970000091940165,0
8039,0,0.012736000120639801,0
8040,1,0.9964050054550171,1
8041,1,0.9954119920730591,1
8042,1,0.9986129999160767,1
8043,0,0.0012489999644458294,0
8044,0,0.010400000028312206,0
8045,0,0.009809999726712704,0
8046,1,0.9807149767875671,1
8047,1,0.3033309876918793,0
8048,0,0.001285000005736947,0
8049,1,0.9905080199241638,1
8050,0,0.014008999802172184,0
8051,0,0.8206740021705627,1
8052,1,0.9990360140800476,1
8053,0,0.011739999987185001,0
8054,0,0.0032709999941289425,0
8055,0,0.044589001685380936,0
8056,1,0.9979850053787231,1
8057,1,0.9708880186080933,1
8058,1,0.98294997215271,1
8059,0,0.004650999791920185,0
8060,0,0.009383000433444977,0
8061,1,0.9886299967765808,1
8062,0,0.006628999952226877,0
8063,1,0.9963499903678894,1
8064,0,0.026355000212788582,0
8065,1,0.9524930119514465,1
8066,1,0.994504988193512,1
8067,1,0.8775420188903809,1
8068,0,0.007143999915570021,0
8069,0,0.021157000213861465,0
8070,0,0.003684000112116337,0
8071,1,0.9975259900093079,1
8072,0,0.027821000665426254,0
8073,0,0.13406099379062653,0
8074,0,0.0019180000526830554,0
8075,0,0.25995999574661255,0
8076,0,0.09099599719047546,0
8077,1,0.9802230000495911,1
8078,0,0.39316898584365845,0
8079,1,0.962024986743927,1
8080,1,0.9131619930267334,1
8081,1,0.997901976108551,1
8082,1,0.99652498960495,1
8083,0,0.8931490182876587,1
8084,1,0.9995980262756348,1
8085,1,0.8496140241622925,1
8086,0,0.12279199808835983,0
8087,1,0.9643440246582031,1
8088,1,0.14307500422000885,0
8089,0,0.002964999992400408,0
8090,0,0.07931499928236008,0
8091,0,0.06228400021791458,0
8092,1,0.9996399879455566,1
8093,1,0.9653699994087219,1
8094,1,0.5582489967346191,1
8095,0,0.04890799894928932,0
8096,0,0.0016189999878406525,0
8097,0,0.03247600048780441,0
8098,1,0.9884070158004761,1
8099,1,0.9991260170936584,1
8100,0,0.017263999208807945,0
8101,1,0.9602280259132385,1
8102,0,0.020980000495910645,0
8103,1,0.9949139952659607,1
8104,0,0.0049299998208880424,0
8105,0,0.004217000212520361,0
8106,1,0.9974330067634583,1
8107,0,0.01574300043284893,0
8108,0,0.005452999845147133,0
8109,1,0.8185579776763916,1
8110,1,0.9889749884605408,1
8111,0,0.017430000007152557,0
8112,0,0.0008859999943524599,0
8113,0,0.03091599978506565,0
8114,0,0.005776999983936548,0
8115,1,0.998212993144989,1
8116,1,0.9861909747123718,1
8117,1,0.9949550032615662,1
8118,1,0.9977849721908569,1
8119,1,0.8057690262794495,1
8120,1,0.9045590162277222,1
8121,1,0.6097109913825989,1
8122,0,0.002839999971911311,0
8123,1,0.7458069920539856,1
8124,1,0.9163439869880676,1
8125,1,0.12011999636888504,0
8126,0,0.000994000001810491,0
8127,0,0.011415000073611736,0
8128,0,0.022717999294400215,0
8129,0,0.006386000197380781,0
8130,1,0.9081180095672607,1
8131,1,0.8240780234336853,1
8132,0,0.028108999133110046,0
8133,1,0.9947980046272278,1
8134,0,0.001962000038474798,0
8135,0,0.0023010000586509705,0
8136,0,0.007000999990850687,0
8137,1,0.9946410059928894,1
8138,0,0.004215000197291374,0
8139,1,0.9955049753189087,1
8140,1,0.9979649782180786,1
8141,1,0.8813599944114685,1
8142,0,0.0017269999952986836,0
8143,1,0.9991899728775024,1
8144,1,0.9951450228691101,1
8145,0,0.0010849999962374568,0
8146,1,0.9711009860038757,1
8147,0,0.00660100020468235,0
8148,1,0.9725639820098877,1
8149,0,0.0011190000222995877,0
8150,1,0.9721829891204834,1
8151,0,0.005503000225871801,0
8152,1,0.9921309947967529,1
8153,1,0.9143549799919128,1
8154,0,0.018472999334335327,0
8155,0,0.11494600027799606,0
8156,0,0.04275500029325485,0
8157,0,0.003094000043347478,0
8158,1,0.9675279855728149,1
8159,0,0.02500399947166443,0
8160,1,0.8016470074653625,1
8161,0,0.6793460249900818,1
8162,0,0.0025530001148581505,0
8163,0,0.012106000445783138,0
8164,0,0.005809000227600336,0
8165,1,0.9901440143585205,1
8166,1,0.9937459826469421,1
8167,0,0.005282999947667122,0
8168,1,0.9923279881477356,1
8169,0,0.013021999970078468,0
8170,0,0.03629399836063385,0
8171,1,0.9988970160484314,1
8172,0,0.001858999952673912,0
8173,0,0.07569999992847443,0
8174,1,0.9980170130729675,1
8175,0,0.039236001670360565,0
8176,0,0.018366999924182892,0
8177,0,0.0014700000174343586,0
8178,0,0.17613700032234192,0
8179,1,0.9545069932937622,1
8180,1,0.9810709953308105,1
8181,1,0.9990159869194031,1
8182,0,0.0012600000482052565,0
8183,1,0.9780809879302979,1
8184,1,0.9990410208702087,1
8185,0,0.5644279718399048,1
8186,1,0.604108989238739,1
8187,1,0.9974600076675415,1
8188,0,0.04306599870324135,0
8189,1,0.9662359952926636,1
8190,1,0.8630769848823547,1
8191,1,0.4702880084514618,0
8192,1,0.9987630248069763,1
8193,0,0.00965300016105175,0
8194,0,0.10081499814987183,0
8195,0,0.06923499703407288,0
8196,0,0.0036009999457746744,0
8197,0,0.8304499983787537,1
8198,0,0.03861600160598755,0
8199,1,0.6724140048027039,1
8200,0,0.002428000094369054,0
8201,0,0.2109069973230362,0
8202,1,0.9876989722251892,1
8203,1,0.9836609959602356,1
8204,0,0.01218399964272976,0
8205,1,0.998121976852417,1
8206,1,0.9994270205497742,1
8207,0,0.20667000114917755,0
8208,0,0.02039399929344654,0
8209,1,0.9956390261650085,1
8210,1,0.9724220037460327,1
8211,1,0.8559560179710388,1
8212,1,0.9989740252494812,1
8213,0,0.0005540000274777412,0
8214,1,0.9515669941902161,1
8215,0,0.03272699937224388,0
8216,0,0.029046999290585518,0
8217,0,0.0029490001033991575,0
8218,1,0.9598289728164673,1
8219,1,0.9199879765510559,1
8220,1,0.9957730174064636,1
8221,0,0.3754599988460541,0
8222,0,0.0017130000051110983,0
8223,0,0.004904999863356352,0
8224,0,0.004887999966740608,0
8225,0,0.03639400005340576,0
8226,0,0.02942200005054474,0
8227,1,0.9506739974021912,1
8228,1,0.9835709929466248,1
8229,1,0.14544999599456787,0
8230,0,0.022691000252962112,0
8231,0,0.001998000079765916,0
8232,0,0.0049959998577833176,0
8233,1,0.9187089800834656,1
8234,0,0.005200000014156103,0
8235,0,0.0018649999983608723,0
8236,0,0.032701000571250916,0
8237,1,0.9990910291671753,1
8238,1,0.9970290064811707,1
8239,0,0.019217999652028084,0
8240,0,0.3740299940109253,0
8241,1,0.8781470060348511,1
8242,0,0.03685300052165985,0
8243,0,0.6041470170021057,1
8244,1,0.8642529845237732,1
8245,1,0.7533910274505615,1
8246,0,0.019595999270677567,0
8247,1,0.9927260279655457,1
8248,1,0.9040409922599792,1
8249,1,0.9927970170974731,1
8250,0,0.005375999957323074,0
8251,1,0.24153999984264374,0
8252,0,0.0013569999719038606,0
8253,1,0.9142429828643799,1
8254,0,0.8808249831199646,1
8255,1,0.42006000876426697,0
8256,0,0.011978000402450562,0
8257,0,0.0487620010972023,0
8258,0,0.008617999963462353,0
8259,0,0.0028460000175982714,0
8260,0,0.00406099995598197,0
8261,1,0.8586739897727966,1
8262,0,0.19028399884700775,0
8263,0,0.0601780004799366,0
8264,1,0.6861940026283264,1
8265,0,0.0032820000778883696,0
8266,0,0.01460300013422966,0
8267,1,0.8314509987831116,1
8268,0,0.004784000106155872,0
8269,0,0.0032510000746697187,0
8270,1,0.9786099791526794,1
8271,1,0.9929959774017334,1
8272,1,0.34751901030540466,0
8273,0,0.5005249977111816,1
8274,0,0.002104999963194132,0
8275,0,0.003111999947577715,0
8276,0,0.5658469796180725,1
8277,1,0.9993029832839966,1
8278,1,0.8888800144195557,1
8279,0,0.00034500000765547156,0
8280,1,0.1493149995803833,0
8281,0,0.0022430000826716423,0
8282,1,0.9982140064239502,1
8283,0,0.005431000143289566,0
8284,1,0.9966009855270386,1
8285,0,0.505545973777771,1
8286,0,0.017782000824809074,0
8287,1,0.9989050030708313,1
8288,1,0.9994339942932129,1
8289,0,0.066941998898983,0
8290,1,0.9903830289840698,1
8291,0,0.004215000197291374,0
8292,0,0.008696000091731548,0
8293,0,0.008156999945640564,0
8294,0,0.005429999902844429,0
8295,0,0.01435799989849329,0
8296,0,0.5893790125846863,1
8297,1,0.997452974319458,1
8298,1,0.7671369910240173,1
8299,0,0.0041589997708797455,0
8300,1,0.994521975517273,1
8301,1,0.9915779829025269,1
8302,0,0.0023399998899549246,0
8303,1,0.692421019077301,1
8304,1,0.9994530081748962,1
8305,1,0.9870489835739136,1
8306,0,0.007577999960631132,0
8307,1,0.9959589838981628,1
8308,1,0.976144015789032,1
8309,1,0.7645679712295532,1
8310,0,0.005123000126332045,0
8311,1,0.7422810196876526,1
8312,0,0.3954859972000122,0
8313,0,0.24355599284172058,0
8314,1,0.9791529774665833,1
8315,0,0.02429799921810627,0
8316,0,0.004449000116437674,0
8317,0,0.008868999779224396,0
8318,0,0.005956000182777643,0
8319,1,0.9148210287094116,1
8320,0,0.040915001183748245,0
8321,0,0.003533999901264906,0
8322,0,0.0004400000034365803,0
8323,0,0.019805999472737312,0
8324,0,0.0077840001322329044,0
8325,0,0.00023799999326001853,0
8326,0,0.10444699972867966,0
8327,1,0.9973170161247253,1
8328,0,0.08664499968290329,0
8329,0,0.07712899893522263,0
8330,1,0.9960799813270569,1
8331,1,0.9893040060997009,1
8332,0,0.02243800088763237,0
8333,1,0.9984130263328552,1
8334,0,0.004267000127583742,0
8335,0,0.051899999380111694,0
8336,0,0.26955199241638184,0
8337,0,0.005907000042498112,0
8338,0,0.01984499953687191,0
8339,0,0.01972300000488758,0
8340,1,0.9873790144920349,1
8341,0,0.0026340000331401825,0
8342,1,0.9673119783401489,1
8343,1,0.9744259715080261,1
8344,0,0.01534700021147728,0
8345,1,0.8357369899749756,1
8346,1,0.9961280226707458,1
8347,1,0.9419770240783691,1
8348,0,0.026257000863552094,0
8349,0,0.023489000275731087,0
8350,0,0.052615001797676086,0
8351,1,0.9980019927024841,1
8352,1,0.9891290068626404,1
8353,1,0.9947959780693054,1
8354,1,0.980059027671814,1
8355,0,0.01032899972051382,0
8356,0,0.002067999914288521,0
8357,0,0.020718999207019806,0
8358,0,0.0013119999784976244,0
8359,1,0.982729971408844,1
8360,1,0.9396880269050598,1
8361,0,0.12136200070381165,0
8362,0,0.002759000053629279,0
8363,0,0.006039999891072512,0
8364,1,0.17386400699615479,0
8365,1,0.9413310289382935,1
8366,1,0.8941779732704163,1
8367,1,0.23041799664497375,0
8368,0,0.26731500029563904,0
8369,0,0.004530000034719706,0
8370,0,0.02165300026535988,0
8371,1,0.5270659923553467,1
8372,0,0.03965799883008003,0
8373,1,0.5212609767913818,1
8374,1,0.9431689977645874,1
8375,0,0.16822800040245056,0
8376,1,0.9992280006408691,1
8377,1,0.9558460116386414,1
8378,1,0.9702399969100952,1
8379,0,0.018877999857068062,0
8380,0,0.016548000276088715,0
8381,1,0.9677919745445251,1
8382,1,0.926048994064331,1
8383,0,0.02761399932205677,0
8384,0,0.023221999406814575,0
8385,1,0.9551399946212769,1
8386,1,0.9605559706687927,1
8387,0,0.1957090049982071,0
8388,1,0.9725469946861267,1
8389,0,0.020527999848127365,0
8390,0,0.006639000028371811,0
8391,1,0.7668970227241516,1
8392,1,0.9973880052566528,1
8393,0,0.0007660000119358301,0
8394,0,0.07584299892187119,0
8395,0,0.001567999948747456,0
8396,0,0.05298199877142906,0
8397,1,0.5310159921646118,1
8398,0,0.0007060000207275152,0
8399,0,0.03776000067591667,0
8400,1,0.9081829786300659,1
8401,1,0.9989510178565979,1
8402,1,0.9939479827880859,1
8403,1,0.997393012046814,1
8404,0,0.06958100199699402,0
8405,0,0.0014979999978095293,0
8406,1,0.9805459976196289,1
8407,0,0.027039000764489174,0
8408,0,0.053282998502254486,0
8409,0,0.7173929810523987,1
8410,1,0.9994919896125793,1
8411,1,0.9993039965629578,1
8412,0,0.008589000441133976,0
8413,0,0.005677000153809786,0
8414,1,0.7669469714164734,1
8415,0,0.001281999982893467,0
8416,0,0.1642249971628189,0
8417,1,0.9964579939842224,1
8418,1,0.9938179850578308,1
8419,0,0.006175999995321035,0
8420,0,0.0027439999394118786,0
8421,1,0.017909999936819077,0
8422,0,0.0034209999721497297,0
8423,1,0.9981840252876282,1
8424,1,0.035898998379707336,0
8425,1,0.8377389907836914,1
8426,1,0.9980829954147339,1
8427,0,0.00203399988822639,0
8428,0,0.002597999991849065,0
8429,0,0.0012150000547990203,0
8430,1,0.9821149706840515,1
8431,0,0.9460960030555725,1
8432,1,0.9092199802398682,1
8433,1,0.9632729887962341,1
8434,0,0.01282500009983778,0
8435,0,0.006045000161975622,0
8436,0,0.006692999973893166,0
8437,0,0.006099999882280827,0
8438,0,0.02151400037109852,0
8439,1,0.9958400130271912,1
8440,1,0.9937379956245422,1
8441,1,0.5627419948577881,1
8442,1,0.998924970626831,1
8443,0,0.011483999900519848,0
8444,1,0.996612012386322,1
8445,0,0.0028170000296086073,0
8446,1,0.8338779807090759,1
8447,0,0.007654999848455191,0
8448,0,0.0009180000051856041,0
8449,0,0.000838999985717237,0
8450,1,0.7197139859199524,1
8451,0,0.07281100004911423,0
8452,1,0.9544469714164734,1
8453,1,0.6220759749412537,1
8454,0,0.04253999888896942,0
8455,1,0.9956420063972473,1
8456,0,0.0014260000316426158,0
8457,0,0.008892999961972237,0
8458,1,0.04642900079488754,0
8459,0,0.0015539999585598707,0
8460,0,0.001639000023715198,0
8461,1,0.18956400454044342,0
8462,1,0.9985970258712769,1
8463,1,0.8106449842453003,1
8464,1,0.8644710183143616,1
8465,0,0.0032679999712854624,0
8466,1,0.990772008895874,1
8467,0,0.012683999724686146,0
8468,1,0.9956120252609253,1
8469,1,0.4752829968929291,0
8470,1,0.9955840110778809,1
8471,1,0.9823700189590454,1
8472,0,0.983178973197937,1
8473,0,0.004925999790430069,0
8474,1,0.9967600107192993,1
8475,0,0.007449000142514706,0
8476,0,0.06548099964857101,0
8477,1,0.9912189841270447,1
8478,1,0.9993550181388855,1
8479,0,0.005270000081509352,0
8480,1,0.6388800144195557,1
8481,0,0.0124080004170537,0
8482,0,0.3272530138492584,0
8483,0,0.005778999999165535,0
8484,1,0.49546900391578674,0
8485,1,0.8699089884757996,1
8486,1,0.9918519854545593,1
8487,0,0.026451999321579933,0
8488,0,0.0006329999887384474,0
8489,1,0.8370559811592102,1
8490,0,0.17090100049972534,0
8491,0,0.0005290000117383897,0
8492,0,0.01958099938929081,0
8493,1,0.8641700148582458,1
8494,0,0.027739999815821648,0
8495,1,0.8375250101089478,1
8496,0,0.12185800075531006,0
8497,1,0.9995110034942627,1
8498,1,0.9972509741783142,1
8499,1,0.9934470057487488,1
8500,1,0.718733012676239,1
8501,1,0.9961199760437012,1
8502,1,0.9868209958076477,1
8503,0,0.0012000000569969416,0
8504,1,0.12650300562381744,0
8505,0,0.013042000122368336,0
8506,1,0.9975669980049133,1
8507,1,0.9966769814491272,1
8508,0,0.026700999587774277,0
8509,0,0.9912019968032837,1
8510,1,0.15073400735855103,0
8511,1,0.9962480068206787,1
8512,0,0.0019499999471008778,0
8513,1,0.9960439801216125,1
8514,1,0.931672990322113,1
8515,1,0.9968029856681824,1
8516,1,0.9986370205879211,1
8517,1,0.7594940066337585,1
8518,0,0.02104800008237362,0
8519,1,0.9947789907455444,1
8520,1,0.9377589821815491,1
8521,1,0.7779660224914551,1
8522,1,0.9960139989852905,1
8523,0,0.018345000222325325,0
8524,1,0.8982890248298645,1
8525,0,0.12808099389076233,0
8526,1,0.9394109845161438,1
8527,1,0.9945930242538452,1
8528,1,0.10147900134325027,0
8529,0,0.11356300115585327,0
8530,1,0.9972339868545532,1
8531,0,0.0003819999983534217,0
8532,0,0.021733000874519348,0
8533,0,0.41692501306533813,0
8534,1,0.9941210150718689,1
8535,0,0.00827800016850233,0
8536,1,0.9953809976577759,1
8537,1,0.9701300263404846,1
8538,0,0.0038819999899715185,0
8539,1,0.9830600023269653,1
8540,0,0.007842999882996082,0
8541,0,0.005009000189602375,0
8542,0,0.03920299932360649,0
8543,1,0.8980810046195984,1
8544,1,0.9419010281562805,1
8545,0,0.0008340000058524311,0
8546,0,0.041457001119852066,0
8547,0,0.009480999782681465,0
8548,1,0.9884830117225647,1
8549,0,0.004935999866575003,0
8550,1,0.9990460276603699,1
8551,1,0.9860759973526001,1
8552,0,0.010618999600410461,0
8553,1,0.8388739824295044,1
8554,0,0.01375299971550703,0
8555,0,0.01882999949157238,0
8556,1,0.972590982913971,1
8557,0,0.009096000343561172,0
8558,1,0.9948220252990723,1
8559,0,0.0019359999569132924,0
8560,1,0.3288150131702423,0
8561,0,0.00040499999886378646,0
8562,1,0.9301390051841736,1
8563,0,0.005022000055760145,0
8564,0,0.00999400019645691,0
8565,1,0.9851130247116089,1
8566,1,0.9834650158882141,1
8567,0,0.8329660296440125,1
8568,0,0.007923999801278114,0
8569,0,0.0012509999796748161,0
8570,1,0.9897879958152771,1
8571,0,0.009642000310122967,0
8572,0,0.15829700231552124,0
8573,1,0.3751460015773773,0
8574,1,0.9969930052757263,1
8575,0,0.0017030000453814864,0
8576,1,0.9897549748420715,1
8577,0,0.00443200021982193,0
8578,1,0.9845340251922607,1
8579,1,0.9700779914855957,1
8580,1,0.8957800269126892,1
8581,0,0.061041999608278275,0
8582,0,0.004019000101834536,0
8583,1,0.7533919811248779,1
8584,0,0.0016380000161007047,0
8585,0,0.004540000110864639,0
8586,0,0.49886399507522583,0
8587,0,0.02371699921786785,0
8588,0,0.0070420000702142715,0
8589,1,0.9947839975357056,1
8590,1,0.9989950060844421,1
8591,1,0.9096609950065613,1
8592,0,0.07480700314044952,0
8593,0,0.0028899998869746923,0
8594,0,0.0009850000496953726,0
8595,0,0.21595199406147003,0
8596,0,0.00444599986076355,0
8597,1,0.9414880275726318,1
8598,0,0.00875299982726574,0
8599,0,0.04830799996852875,0
8600,1,0.9940379858016968,1
8601,0,0.016721999272704124,0
8602,0,0.05351300165057182,0
8603,1,0.6160230040550232,1
8604,0,0.02457199990749359,0
8605,1,0.4156840145587921,0
8606,1,0.6219239830970764,1
8607,0,0.4301370084285736,0
8608,1,0.9979360103607178,1
8609,0,0.7719370126724243,1
8610,1,0.9732180237770081,1
8611,0,0.015564000234007835,0
8612,1,0.6442800164222717,1
8613,1,0.9988139867782593,1
8614,1,0.9384220242500305,1
8615,0,0.9478340148925781,1
8616,0,0.6364859938621521,1
8617,1,0.9995269775390625,1
8618,0,0.9874719977378845,1
8619,0,0.0007609999738633633,0
8620,1,0.9903519749641418,1
8621,0,0.11925700306892395,0
8622,1,0.9695919752120972,1
8623,1,0.9351289868354797,1
8624,0,0.02917500026524067,0
8625,1,0.9792240262031555,1
8626,1,0.4148780107498169,0
8627,0,0.01716499961912632,0
8628,0,0.0016980000073090196,0
8629,1,0.9977049827575684,1
8630,0,0.0034469999372959137,0
8631,1,0.9908409714698792,1
8632,1,0.8618190288543701,1
8633,1,0.9915810227394104,1
8634,0,0.001348000019788742,0
8635,1,0.9901059865951538,1
8636,0,0.0010659999679774046,0
8637,1,0.999472975730896,1
8638,0,0.026357000693678856,0
8639,0,0.0066720000468194485,0
8640,1,0.9393100142478943,1
8641,0,0.014364000409841537,0
8642,1,0.631767988204956,1
8643,1,0.962090015411377,1
8644,1,0.9841880202293396,1
8645,0,0.005561999976634979,0
8646,0,0.0014690000098198652,0
8647,0,0.2623150050640106,0
8648,0,0.40852299332618713,0
8649,1,0.9968469738960266,1
8650,0,0.5697810053825378,1
8651,0,0.0015610000118613243,0
8652,0,0.0009980000322684646,0
8653,1,0.9944810271263123,1
8654,0,0.006521999835968018,0
8655,1,0.9996079802513123,1
8656,0,0.9415420293807983,1
8657,0,0.8278859853744507,1
8658,1,0.9937049746513367,1
8659,0,0.00021899999410379678,0
8660,1,0.9926379919052124,1
8661,1,0.9988059997558594,1
8662,0,0.28887900710105896,0
8663,0,0.013271000236272812,0
8664,1,0.9229140281677246,1
8665,0,0.010197999887168407,0
8666,1,0.9982810020446777,1
8667,1,0.9984959959983826,1
8668,0,0.06220899894833565,0
8669,1,0.9989910125732422,1
8670,0,0.13833799958229065,0
8671,1,0.013759000226855278,0
8672,1,0.9967529773712158,1
8673,1,0.8694549798965454,1
8674,0,0.08901099860668182,0
8675,1,0.9913049936294556,1
8676,1,0.43578898906707764,0
8677,1,0.9910470247268677,1
8678,1,0.9900559782981873,1
8679,1,0.9912840127944946,1
8680,0,0.09011299908161163,0
8681,1,0.9850490093231201,1
8682,0,0.02880599908530712,0
8683,1,0.992160975933075,1
8684,0,0.0021150000393390656,0
8685,0,0.3844029903411865,0
8686,0,0.14541099965572357,0
8687,1,0.961143970489502,1
8688,1,0.9447029829025269,1
8689,1,0.8615400195121765,1
8690,0,0.001062000053934753,0
8691,0,0.11242599785327911,0
8692,1,0.8298900127410889,1
8693,1,0.08651799708604813,0
8694,0,0.021622000262141228,0
8695,1,0.962922990322113,1
8696,0,0.8322029709815979,1
8697,0,0.0022559999488294125,0
8698,1,0.9662290215492249,1
8699,0,0.21234500408172607,0
8700,0,0.059654999524354935,0
8701,0,0.08077000081539154,0
8702,1,0.9754840135574341,1
8703,0,0.004530000034719706,0
8704,0,0.0394040010869503,0
8705,1,0.9972289800643921,1
8706,0,0.1604599952697754,0
8707,0,0.016762999817728996,0
8708,0,0.00027200000477023423,0
8709,1,0.9882580041885376,1
8710,1,0.9981949925422668,1
8711,0,0.006666999775916338,0
8712,0,0.0020129999611526728,0
8713,1,0.9987459778785706,1
8714,0,0.054336998611688614,0
8715,0,0.09198799729347229,0
8716,1,0.9807490110397339,1
8717,1,0.9684420228004456,1
8718,0,0.0040420000441372395,0
8719,1,0.7591850161552429,1
8720,0,0.020617999136447906,0
8721,0,0.002827000105753541,0
8722,1,0.9913520216941833,1
8723,1,0.9816759824752808,1
8724,1,0.8126149773597717,1
8725,0,0.0030499999411404133,0
8726,0,0.020580999553203583,0
8727,0,0.0439319983124733,0
8728,0,0.02325800061225891,0
8729,1,0.9091209769248962,1
8730,1,0.01281800027936697,0
8731,1,0.993241012096405,1
8732,1,0.9946879744529724,1
8733,1,0.8627300262451172,1
8734,1,0.9944850206375122,1
8735,0,0.32902899384498596,0
8736,1,0.9515479803085327,1
8737,0,0.00024300000222865492,0
8738,1,0.9224249720573425,1
8739,1,0.996874988079071,1
8740,1,0.9996219873428345,1
8741,1,0.9993450045585632,1
8742,1,0.9989209771156311,1
8743,0,0.036139000207185745,0
8744,0,0.38425999879837036,0
8745,1,0.9938510060310364,1
8746,0,0.0010600000387057662,0
8747,0,0.00031599999056197703,0
8748,0,0.011459999717772007,0
8749,1,0.9981889724731445,1
8750,0,0.0005890000029467046,0
8751,1,0.9570450186729431,1
8752,1,0.7939149737358093,1
8753,0,0.0012379999971017241,0
8754,1,0.986735999584198,1
8755,0,0.22597700357437134,0
8756,0,0.009775999933481216,0
8757,1,0.8112180233001709,1
8758,0,0.0023419999051839113,0
8759,1,0.9872980117797852,1
8760,1,0.9843339920043945,1
8761,0,0.005694999825209379,0
8762,1,0.312593013048172,0
8763,0,0.032947998493909836,0
8764,1,0.9980630278587341,1
8765,0,0.001474000047892332,0
8766,0,0.018358999863266945,0
8767,1,0.8791639804840088,1
8768,1,0.37565499544143677,0
8769,0,0.01882999949157238,0
8770,1,0.2377289980649948,0
8771,1,0.9980300068855286,1
8772,0,0.002219999907538295,0
8773,0,0.0015699999639764428,0
8774,1,0.9652600288391113,1
8775,0,0.08379700034856796,0
8776,0,0.001972000114619732,0
8777,1,0.22610099613666534,0
8778,0,0.007681000046432018,0
8779,1,0.9967780113220215,1
8780,0,0.04197400063276291,0
8781,0,0.005183999892324209,0
8782,0,0.06666699796915054,0
8783,0,0.0030479999259114265,0
8784,1,0.9994969964027405,1
8785,1,0.9442459940910339,1
8786,1,0.872435986995697,1
8787,1,0.996537983417511,1
8788,1,0.8997719883918762,1
8789,1,0.9997349977493286,1
8790,1,0.9974550008773804,1
8791,0,0.09451700001955032,0
8792,1,0.9976249933242798,1
8793,0,0.4016459882259369,0
8794,0,0.0115769999101758,0
8795,1,0.99338698387146,1
8796,1,0.9983900189399719,1
8797,0,0.058681000024080276,0
8798,0,0.011396000161767006,0
8799,0,0.00022899999748915434,0
8800,0,0.21083100140094757,0
8801,0,0.18183399736881256,0
8802,1,0.9824950098991394,1
8803,1,0.19316299259662628,0
8804,0,0.0064119999296963215,0
8805,0,0.036834001541137695,0
8806,1,0.9885889887809753,1
8807,1,0.9755520224571228,1
8808,1,0.9072250127792358,1
8809,0,0.3352859914302826,0
8810,1,0.9751430153846741,1
8811,0,0.004544000141322613,0
8812,1,0.9827330112457275,1
8813,1,0.9998070001602173,1
8814,1,0.9964579939842224,1
8815,1,0.9681990146636963,1
8816,0,0.010929999873042107,0
8817,0,0.0015480000292882323,0
8818,0,0.020912999287247658,0
8819,1,0.9988070130348206,1
8820,0,0.07183100283145905,0
8821,0,0.26294299960136414,0
8822,0,0.005363000091165304,0
8823,0,0.001892999978736043,0
8824,0,0.009232999756932259,0
8825,0,0.08630300313234329,0
8826,1,0.9392930269241333,1
8827,0,0.08524800091981888,0
8828,0,0.03089899942278862,0
8829,1,0.9925220012664795,1
8830,1,0.9983459711074829,1
8831,0,0.016471000388264656,0
8832,0,0.006663000211119652,0
8833,0,0.0017920000245794654,0
8834,0,0.08757399767637253,0
8835,1,0.8456090092658997,1
8836,0,0.00317199993878603,0
8837,0,0.0029090000316500664,0
8838,1,0.19617299735546112,0
8839,1,0.4011859893798828,0
8840,0,0.0757950022816658,0
8841,0,0.007919000461697578,0
8842,0,0.4138149917125702,0
8843,1,0.9920179843902588,1
8844,0,0.033831000328063965,0
8845,0,0.004656999837607145,0
8846,1,0.8492969870567322,1
8847,1,0.9884700179100037,1
8848,1,0.9970390200614929,1
8849,1,0.9337720274925232,1
8850,1,0.98232501745224,1
8851,0,0.0009289999725297093,0
8852,0,0.0032939999364316463,0
8853,0,0.1529970020055771,0
8854,0,0.20057199895381927,0
8855,0,0.0751190036535263,0
8856,0,0.05914999917149544,0
8857,1,0.9939150214195251,1
8858,0,0.0026519999373704195,0
8859,1,0.9649959802627563,1
8860,1,0.995818018913269,1
8861,0,0.4243600070476532,0
8862,1,0.9283869862556458,1
8863,1,0.7166209816932678,1
8864,0,0.015142999589443207,0
8865,0,0.014134000055491924,0
8866,1,0.6332899928092957,1
8867,0,0.018408000469207764,0
8868,0,0.0014600000577047467,0
8869,1,0.9285309910774231,1
8870,1,0.9715870022773743,1
8871,0,0.19936899840831757,0
8872,1,0.9520459771156311,1
8873,1,0.9862750172615051,1
8874,1,0.8815529942512512,1
8875,0,0.03384900093078613,0
8876,1,0.9982609748840332,1
8877,0,0.0031510000117123127,0
8878,1,0.9628440141677856,1
8879,1,0.9642419815063477,1
8880,0,0.893746018409729,1
8881,1,0.9924229979515076,1
8882,0,0.0005089999758638442,0
8883,0,0.0021460000425577164,0
8884,0,0.13384400308132172,0
8885,0,0.00675999978557229,0
8886,0,0.014960999600589275,0
8887,0,0.0025649999734014273,0
8888,1,0.9991639852523804,1
8889,0,0.6180239915847778,1
8890,0,0.0014819999923929572,0
8891,1,0.9744330048561096,1
8892,1,0.9907619953155518,1
8893,0,0.013844000175595284,0
8894,0,0.0476359985768795,0
8895,1,0.9847040176391602,1
8896,0,0.008031999692320824,0
8897,0,0.0068270000629127026,0
8898,0,0.0014019999653100967,0
8899,1,0.033514998853206635,0
8900,0,0.07037899643182755,0
8901,1,0.9882150292396545,1
8902,1,0.9964230060577393,1
8903,1,0.9985139966011047,1
8904,1,0.9993529915809631,1
8905,1,0.9811829924583435,1
8906,0,0.062164001166820526,0
8907,0,0.0013749999925494194,0
8908,0,0.0039820000529289246,0
8909,1,0.980006992816925,1
8910,1,0.19243000447750092,0
8911,1,0.9963979721069336,1
8912,0,0.05287599936127663,0
8913,1,0.9974899888038635,1
8914,1,0.973550021648407,1
8915,0,0.006295999977737665,0
8916,1,0.9731640219688416,1
8917,0,0.0624920018017292,0
8918,0,0.007757999934256077,0
8919,1,0.9828190207481384,1
8920,1,0.9648889899253845,1
8921,0,0.0011470000026747584,0
8922,0,0.0036140000447630882,0
8923,0,0.014161000028252602,0
8924,1,0.7048799991607666,1
8925,0,0.45892998576164246,0
8926,1,0.9968770146369934,1
8927,1,0.20011000335216522,0
8928,1,0.810696005821228,1
8929,0,0.013143000192940235,0
8930,0,0.1769459992647171,0
8931,1,0.4635480046272278,0
8932,0,0.7106959819793701,1
8933,0,0.011781999841332436,0
8934,1,0.8613929748535156,1
8935,0,0.004786999896168709,0
8936,1,0.9603189826011658,1
8937,0,0.006041999906301498,0
8938,0,0.003321999916806817,0
8939,1,0.4972139894962311,0
8940,1,0.9942899942398071,1
8941,0,0.041978999972343445,0
8942,0,0.002778999973088503,0
8943,1,0.6900309920310974,1
8944,1,0.9906780123710632,1
8945,0,0.003607999999076128,0
8946,0,0.0002739999908953905,0
8947,1,0.9771530032157898,1
8948,1,0.9919329881668091,1
8949,0,0.005309999920427799,0
8950,1,0.9773470163345337,1
8951,1,0.9923520088195801,1
8952,1,0.9815660119056702,1
8953,1,0.9970179796218872,1
8954,0,0.15902000665664673,0
8955,0,0.3400450050830841,0
8956,0,0.011222000233829021,0
8957,1,0.9961559772491455,1
8958,1,0.9989320039749146,1
8959,1,0.973691999912262,1
8960,0,0.017107000574469566,0
8961,1,0.880029022693634,1
8962,1,0.991694986820221,1
8963,0,0.007966999895870686,0
8964,0,0.003611000021919608,0
8965,1,0.9990149736404419,1
8966,0,0.009145000018179417,0
8967,0,0.005566000007092953,0
8968,0,0.002463999902829528,0
8969,0,0.0011690000537782907,0
8970,1,0.6694669723510742,1
8971,0,0.10254299640655518,0
8972,1,0.9990010261535645,1
8973,1,0.9995869994163513,1
8974,1,0.9969260096549988,1
8975,1,0.9958299994468689,1
8976,0,0.004881999921053648,0
8977,0,0.03339700028300285,0
8978,0,0.002177000045776367,0
8979,0,0.05072199925780296,0
8980,0,0.006376999896019697,0
8981,1,0.9617409706115723,1
8982,1,0.9962760210037231,1
8983,0,0.005042000208050013,0
8984,1,0.8679800033569336,1
8985,1,0.9919630289077759,1
8986,1,0.9864720106124878,1
8987,0,0.03360699862241745,0
8988,1,0.9916549921035767,1
8989,0,0.1501619964838028,0
8990,0,0.0015020000282675028,0
8991,0,0.014512999914586544,0
8992,0,0.002355000004172325,0
8993,0,0.02397800050675869,0
8994,1,0.9985719919204712,1
8995,1,0.8758699893951416,1
8996,1,0.06859800219535828,0
8997,0,0.014318999834358692,0
8998,0,0.014267999678850174,0
8999,1,0.9420650005340576,1
9000,0,0.7323439717292786,1
9001,1,0.9972289800643921,1
9002,0,0.013182999566197395,0
9003,1,0.9944589734077454,1
9004,0,0.03073599934577942,0
9005,1,0.935903012752533,1
9006,1,0.9897549748420715,1
9007,1,0.7516459822654724,1
9008,0,0.010146000422537327,0
9009,1,0.9943699836730957,1
9010,1,0.995639979839325,1
9011,1,0.7320830225944519,1
9012,1,0.9986749887466431,1
9013,0,0.012311000376939774,0
9014,1,0.8082579970359802,1
9015,0,0.534263014793396,1
9016,0,0.5482320189476013,1
9017,0,0.002877000020816922,0
9018,1,0.969756007194519,1
9019,1,0.9992960095405579,1
9020,0,0.035989999771118164,0
9021,1,0.5227609872817993,1
9022,0,0.006289000157266855,0
9023,0,0.029309000819921494,0
9024,1,0.9995480179786682,1
9025,0,0.12564599514007568,0
9026,0,0.0007249999907799065,0
9027,0,0.006901999935507774,0
9028,1,0.9860270023345947,1
9029,1,0.9998059868812561,1
9030,1,0.4165840148925781,0
9031,1,0.9861249923706055,1
9032,0,0.0033889999613165855,0
9033,1,0.9940789937973022,1
9034,0,0.015562999993562698,0
9035,1,0.9983760118484497,1
9036,0,0.9525449872016907,1
9037,1,0.9700270295143127,1
9038,0,0.005386999808251858,0
9039,0,0.24267199635505676,0
9040,0,0.0009280000231228769,0
9041,0,0.020881999284029007,0
9042,1,0.9580050110816956,1
9043,0,0.01002500019967556,0
9044,0,0.0002469999890308827,0
9045,1,0.817188024520874,1
9046,0,0.021289000287652016,0
9047,1,0.9983770251274109,1
9048,0,0.253805011510849,0
9049,1,0.9982249736785889,1
9050,0,0.010115000419318676,0
9051,1,0.8638359904289246,1
9052,1,0.6932889819145203,1
9053,0,0.023628000169992447,0
9054,0,0.15584999322891235,0
9055,1,0.9108960032463074,1
9056,0,0.012273999862372875,0
9057,0,0.009577999822795391,0
9058,0,0.0032420000061392784,0
9059,0,0.0018980000168085098,0
9060,0,0.002486000070348382,0
9061,0,0.002767999889329076,0
9062,0,0.025022000074386597,0
9063,0,0.00092299998505041,0
9064,1,0.9993540048599243,1
9065,1,0.9947080016136169,1
9066,0,0.07740499824285507,0
9067,1,0.980434000492096,1
9068,0,0.0070940000005066395,0
9069,1,0.6765509843826294,1
9070,1,0.17378899455070496,0
9071,1,0.5194050073623657,1
9072,1,0.9969300031661987,1
9073,0,0.37776198983192444,0
9074,0,0.0037090000696480274,0
9075,1,0.9898660182952881,1
9076,1,0.9592769742012024,1
9077,0,0.0023980000987648964,0
9078,0,0.08863899856805801,0
9079,1,0.9437050223350525,1
9080,1,0.8664969801902771,1
9081,1,0.9988009929656982,1
9082,1,0.9732459783554077,1
9083,0,0.0011810000287368894,0
9084,1,0.9654150009155273,1
9085,1,0.9933170080184937,1
9086,0,0.0015810000477358699,0
9087,0,0.002867999952286482,0
9088,1,0.5801190137863159,1
9089,0,0.042155999690294266,0
9090,0,0.030671000480651855,0
9091,1,0.9991629719734192,1
9092,1,0.998108983039856,1
9093,1,0.9966350197792053,1
9094,1,0.9925379753112793,1
9095,0,0.08924899995326996,0
9096,0,0.002812999999150634,0
9097,0,0.005549999885261059,0
9098,1,0.9716740250587463,1
9099,1,0.9653210043907166,1
9100,1,0.656361997127533,1
9101,1,0.9566410183906555,1
9102,0,0.036334000527858734,0
9103,0,0.014705999754369259,0
9104,0,0.0018850000342354178,0
9105,0,0.0009590000263415277,0
9106,1,0.05520100146532059,0
9107,1,0.9937809705734253,1
9108,1,0.9790400266647339,1
9109,1,0.9879590272903442,1
9110,0,0.0011020000092685223,0
9111,1,0.9866390228271484,1
9112,1,0.9968000054359436,1
9113,1,0.975396990776062,1
9114,0,0.9727200269699097,1
9115,0,0.00937000010162592,0
9116,1,0.9995480179786682,1
9117,1,0.8952909708023071,1
9118,1,0.9861180186271667,1
9119,1,0.9805160164833069,1
9120,1,0.1988230049610138,0
9121,1,0.6622409820556641,1
9122,1,0.9975559711456299,1
9123,0,0.009738000109791756,0
9124,1,0.9956099987030029,1
9125,1,0.9888420104980469,1
9126,1,0.99863201379776,1
9127,0,0.00970499962568283,0
9128,0,0.004869000054895878,0
9129,1,0.9985160231590271,1
9130,0,0.0013470000121742487,0
9131,1,0.9926530122756958,1
9132,0,0.019140999764204025,0
9133,1,0.9945459961891174,1
9134,0,0.0017320000333711505,0
9135,1,0.9993640184402466,1
9136,0,0.9821400046348572,1
9137,0,0.11471900343894958,0
9138,0,0.1422400027513504,0
9139,1,0.9454699754714966,1
9140,0,0.0009500000160187483,0
9141,0,0.031252000480890274,0
9142,1,0.9994959831237793,1
9143,1,0.9242510199546814,1
9144,0,0.005266000051051378,0
9145,1,0.9515920281410217,1
9146,0,0.00459699984639883,0
9147,1,0.9964879751205444,1
9148,1,0.9918490052223206,1
9149,0,0.062049999833106995,0
9150,0,0.0021210000850260258,0
9151,1,0.9942089915275574,1
9152,1,0.992688000202179,1
9153,0,0.9833760261535645,1
9154,1,0.5160260200500488,1
9155,1,0.9740399718284607,1
9156,1,0.44547200202941895,0
9157,0,0.004596000071614981,0
9158,1,0.95067298412323,1
9159,1,0.9449599981307983,1
9160,0,0.08792299777269363,0
9161,0,0.06966699659824371,0
9162,0,0.0012130000395700336,0
9163,0,0.012590000405907631,0
9164,0,0.0016980000073090196,0
9165,0,0.010327000170946121,0
9166,0,0.0652410015463829,0
9167,1,0.8463119864463806,1
9168,1,0.9832540154457092,1
9169,1,0.9500399827957153,1
9170,1,0.22587400674819946,0
9171,1,0.9968000054359436,1
9172,0,0.13233999907970428,0
9173,1,0.9854369759559631,1
9174,1,0.97878497838974,1
9175,0,0.0013970000436529517,0
9176,1,0.9712889790534973,1
9177,1,0.9975829720497131,1
9178,1,0.10942500084638596,0
9179,1,0.41461899876594543,0
9180,0,0.9236909747123718,1
9181,1,0.967415988445282,1
9182,1,0.9114090204238892,1
9183,1,0.8799350261688232,1
9184,1,0.959509015083313,1
9185,0,0.33529800176620483,0
9186,1,0.9843900203704834,1
9187,0,0.06622400134801865,0
9188,1,0.9922379851341248,1
9189,1,0.9990220069885254,1
9190,0,0.02601799927651882,0
9191,1,0.9864420294761658,1
9192,0,0.05402100086212158,0
9193,0,0.005123999901115894,0
9194,0,0.023003999143838882,0
9195,1,0.9991210103034973,1
9196,0,0.0009379999828524888,0
9197,0,0.0003319999959785491,0
9198,1,0.9826040267944336,1
9199,0,0.05098100006580353,0
9200,1,0.998183012008667,1
9201,0,0.05263499915599823,0
9202,1,0.9891369938850403,1
9203,0,0.003309000050649047,0
9204,1,0.9981359839439392,1
9205,0,0.1088080033659935,0
9206,0,0.005260000005364418,0
9207,0,0.001256000017747283,0
9208,0,0.03361000120639801,0
9209,0,0.012968000024557114,0
9210,1,0.9965519905090332,1
9211,0,0.02012600004673004,0
9212,1,0.24130499362945557,0
9213,0,0.008511999621987343,0
9214,0,0.08108299970626831,0
9215,1,0.9980810284614563,1
9216,0,0.0007179999956861138,0
9217,1,0.8752899765968323,1
9218,0,0.01787799969315529,0
9219,1,0.0812930017709732,0
9220,1,0.15606500208377838,0
9221,1,0.9883720278739929,1
9222,0,0.0046270000748336315,0
9223,1,0.6849610209465027,1
9224,1,0.9983940124511719,1
9225,1,0.9914849996566772,1
9226,0,0.029850000515580177,0
9227,0,0.11304999887943268,0
9228,1,0.9958750009536743,1
9229,0,0.0018840000266209245,0
9230,0,0.0031469999812543392,0
9231,0,0.005106000229716301,0
9232,0,0.004399999976158142,0
9233,1,0.9842020273208618,1
9234,0,0.010408000089228153,0
9235,0,0.23054200410842896,0
9236,0,0.008755000308156013,0
9237,0,0.022043999284505844,0
9238,1,0.9982990026473999,1
9239,0,0.0042050001211464405,0
9240,0,0.0011620000004768372,0
9241,1,0.9922999739646912,1
9242,1,0.06398200243711472,0
9243,0,0.006262999959290028,0
9244,0,0.05852599814534187,0
9245,0,0.026914000511169434,0
9246,1,0.9976779818534851,1
9247,1,0.999442994594574,1
9248,1,0.691552996635437,1
9249,1,0.9939510226249695,1
9250,0,0.08347799628973007,0
9251,1,0.9963089823722839,1
9252,0,0.27636900544166565,0
9253,1,0.9800519943237305,1
9254,0,0.0021899999119341373,0
9255,0,0.06787800043821335,0
9256,1,0.049125999212265015,0
9257,0,0.003240999998524785,0
9258,0,0.042883001267910004,0
9259,0,0.4246459901332855,0
9260,1,0.9985049962997437,1
9261,0,0.09526800364255905,0
9262,0,0.0006270000012591481,0
9263,1,0.9795709848403931,1
9264,0,0.1469009965658188,0
9265,0,0.001690999954007566,0
9266,1,0.9989489912986755,1
9267,1,0.9938989877700806,1
9268,1,0.9972429871559143,1
9269,1,0.9966040253639221,1
9270,0,0.003664999967440963,0
9271,1,0.9459850192070007,1
9272,0,0.01744600012898445,0
9273,0,0.004635999910533428,0
9274,1,0.9979640245437622,1
9275,1,0.9982500076293945,1
9276,1,0.9413210153579712,1
9277,1,0.9979860186576843,1
9278,1,0.9757999777793884,1
9279,0,0.0036559998989105225,0
9280,0,0.08791299909353256,0
9281,0,0.026045000180602074,0
9282,1,0.9976130127906799,1
9283,1,0.9940339922904968,1
9284,0,0.005045999772846699,0
9285,1,0.9701020121574402,1
9286,1,0.9980220198631287,1
9287,1,0.5592060089111328,1
9288,0,0.00583299994468689,0
9289,1,0.5455099940299988,1
9290,1,0.9819679856300354,1
9291,0,0.026969999074935913,0
9292,0,0.027845000848174095,0
9293,0,0.014946999959647655,0
9294,1,0.8712999820709229,1
9295,1,0.9535679817199707,1
9296,1,0.9464799761772156,1
9297,0,0.020584000274538994,0
9298,0,0.10977400094270706,0
9299,1,0.9996880292892456,1
9300,0,0.011260000057518482,0
9301,0,0.0013889999827370048,0
9302,1,0.994940996170044,1
9303,1,0.990339994430542,1
9304,0,0.07232099771499634,0
9305,1,0.9955090284347534,1
9306,0,0.11450599879026413,0
9307,0,0.0003260000084992498,0
9308,1,0.9983710050582886,1
9309,1,0.9992920160293579,1
9310,0,0.0013920000055804849,0
9311,0,0.0002880000101868063,0
9312,0,0.012225000187754631,0
9313,0,0.04976100102066994,0
9314,1,0.9939389824867249,1
9315,0,0.01927199959754944,0
9316,0,0.25507500767707825,0
9317,0,0.34619900584220886,0
9318,1,0.996999979019165,1
9319,0,0.0056050000712275505,0
9320,0,0.02383599989116192,0
9321,1,0.9479140043258667,1
9322,0,0.18342000246047974,0
9323,1,0.9977740049362183,1
9324,1,0.9816790223121643,1
9325,0,0.001996000064536929,0
9326,0,0.0035349999088793993,0
9327,1,0.9948469996452332,1
9328,0,0.0008699999889358878,0
9329,0,0.0030869999900460243,0
9330,1,0.995527982711792,1
9331,1,0.9602310061454773,1
9332,0,0.15925200283527374,0
9333,1,0.986519992351532,1
9334,1,0.9986709952354431,1
9335,1,0.9907910227775574,1
9336,0,0.0026539999525994062,0
9337,0,0.02391500025987625,0
9338,1,0.46550700068473816,0
9339,0,0.023801999166607857,0
9340,1,0.190077006816864,0
9341,0,0.0069670001976192,0
9342,0,0.37091800570487976,0
9343,0,0.019968999549746513,0
9344,0,0.0036810000892728567,0
9345,1,0.49653199315071106,0
9346,0,0.7270740270614624,1
9347,0,0.009122000075876713,0
9348,1,0.9886209964752197,1
9349,1,0.9984560012817383,1
9350,0,0.010067000053822994,0
9351,1,0.897849977016449,1
9352,0,0.04480399936437607,0
9353,0,0.010348999872803688,0
9354,0,0.012144000269472599,0
9355,1,0.9873639941215515,1
9356,0,0.011130999773740768,0
9357,1,0.9173960089683533,1
9358,1,0.9004300236701965,1
9359,1,0.13612000644207,0
9360,0,0.002583000110462308,0
9361,1,0.997763991355896,1
9362,1,0.7560909986495972,1
9363,0,0.009197000414133072,0
9364,1,0.9853990077972412,1
9365,0,0.002380999969318509,0
9366,1,0.8705459833145142,1
9367,0,0.001227000029757619,0
9368,1,0.9912559986114502,1
9369,0,0.0015589999966323376,0
9370,1,0.991159975528717,1
9371,1,0.9982830286026001,1
9372,0,0.012009999714791775,0
9373,1,0.9994639754295349,1
9374,1,0.9846019744873047,1
9375,1,0.9931390285491943,1
9376,0,0.0011409999569877982,0
9377,0,0.3095040023326874,0
9378,1,0.9984380006790161,1
9379,1,0.9666000008583069,1
9380,1,0.9960910081863403,1
9381,1,0.9952030181884766,1
9382,0,0.011711000464856625,0
9383,1,0.9905040264129639,1
9384,1,0.9889649748802185,1
9385,0,0.0010000000474974513,0
9386,0,0.3748199939727783,0
9387,1,0.9987149834632874,1
9388,1,0.9983689785003662,1
9389,0,0.04181699827313423,0
9390,0,0.008212000131607056,0
9391,1,0.99822598695755,1
9392,0,0.04157400131225586,0
9393,0,0.005286999978125095,0
9394,0,0.01964399963617325,0
9395,0,0.0255110003054142,0
9396,0,0.006883000023663044,0
9397,1,0.9819290041923523,1
9398,1,0.5914080142974854,1
9399,1,0.9657350182533264,1
9400,0,0.28847000002861023,0
9401,0,0.0018599999602884054,0
9402,1,0.9452260136604309,1
9403,1,0.09348700195550919,0
9404,1,0.9981250166893005,1
9405,0,0.0003480000013951212,0
9406,0,0.8171460032463074,1
9407,1,0.9986479878425598,1
9408,0,0.018495000898838043,0
9409,0,0.006907000206410885,0
9410,0,0.012467999942600727,0
9411,0,0.0009110000100918114,0
9412,0,0.004815000109374523,0
9413,1,0.9983369708061218,1
9414,0,0.0007399999885819852,0
9415,1,0.604354977607727,1
9416,1,0.9641129970550537,1
9417,1,0.8700670003890991,1
9418,0,0.010046999901533127,0
9419,0,0.0019490000559017062,0
9420,1,0.9813169836997986,1
9421,0,0.007414999883621931,0
9422,0,0.0009369999752379954,0
9423,0,0.7296169996261597,1
9424,1,0.9837070107460022,1
9425,0,0.05701199918985367,0
9426,0,0.0023819999769330025,0
9427,1,0.9874250292778015,1
9428,1,0.9987630248069763,1
9429,1,0.9689369797706604,1
9430,0,0.00980400014668703,0
9431,1,0.9956769943237305,1
9432,0,0.42157500982284546,0
9433,1,0.8879079818725586,1
9434,0,0.05687899887561798,0
9435,1,0.8162819743156433,1
9436,1,0.9930639863014221,1
9437,1,0.9973400235176086,1
9438,0,0.18439599871635437,0
9439,0,0.00774399982765317,0
9440,0,0.07917000353336334,0
9441,1,0.995934009552002,1
9442,0,0.009344000369310379,0
9443,0,0.0758650004863739,0
9444,0,0.03737900033593178,0
9445,1,0.952269971370697,1
9446,1,0.5246229767799377,1
9447,0,0.0013940000208094716,0
9448,0,0.049421001225709915,0
9449,0,0.010905999690294266,0
9450,1,0.962024986743927,1
9451,0,0.003541999962180853,0
9452,0,0.0028180000372231007,0
9453,1,0.968442976474762,1
9454,1,0.8853560090065002,1
9455,1,0.9984689950942993,1
9456,0,0.055282000452280045,0
9457,0,0.4427089989185333,0
9458,1,0.8011109828948975,1
9459,1,0.9624189734458923,1
9460,1,0.9883049726486206,1
9461,0,0.04415300115942955,0
9462,0,0.0056409998796880245,0
9463,0,0.0016540000215172768,0
9464,1,0.4395970106124878,0
9465,1,0.991828978061676,1
9466,0,0.6866840124130249,1
9467,0,0.006907999981194735,0
9468,0,0.21953600645065308,0
9469,0,0.016248000785708427,0
9470,1,0.9986060261726379,1
9471,0,0.08728700131177902,0
9472,0,0.02964700013399124,0
9473,1,0.884460985660553,1
9474,1,0.045827001333236694,0
9475,1,0.5601639747619629,1
9476,1,0.9900010228157043,1
9477,1,0.9981899857521057,1
9478,0,0.29924601316452026,0
9479,0,0.8459839820861816,1
9480,0,0.004978999961167574,0
9481,0,0.0003169999981764704,0
9482,0,0.004941000137478113,0
9483,1,0.9939090013504028,1
9484,1,0.9940490126609802,1
9485,1,0.22975300252437592,0
9486,1,0.9523389935493469,1
9487,1,0.8774960041046143,1
9488,0,0.01775299943983555,0
9489,0,0.11945900321006775,0
9490,1,0.818947970867157,1
9491,0,0.03894900158047676,0
9492,1,0.9941409826278687,1
9493,1,0.9506199955940247,1
9494,1,0.6943259835243225,1
9495,1,0.8409559726715088,1
9496,1,0.9900230169296265,1
9497,0,0.022419000044465065,0
9498,1,0.999638020992279,1
9499,1,0.9463019967079163,1
9500,1,0.9980940222740173,1
9501,1,0.9956259727478027,1
9502,1,0.9920639991760254,1
9503,0,0.015382999554276466,0
9504,0,0.00152299995534122,0
9505,1,0.9806420207023621,1
9506,0,0.0015219999477267265,0
9507,0,0.003957000095397234,0
9508,0,0.0019340000580996275,0
9509,1,0.9938399791717529,1
9510,0,0.08665700256824493,0
9511,1,0.9901180267333984,1
9512,0,0.02251799963414669,0
9513,0,0.0207349993288517,0
9514,0,0.0037090000696480274,0
9515,1,0.9888070225715637,1
9516,0,0.007534999866038561,0
9517,0,0.0007529999711550772,0
9518,0,0.0006329999887384474,0
9519,0,0.10697399824857712,0
9520,0,0.6243870258331299,1
9521,1,0.9989680051803589,1
9522,1,0.9917420148849487,1
9523,1,0.9978460073471069,1
9524,1,0.9986299872398376,1
9525,1,0.9163249731063843,1
9526,0,0.00712500000372529,0
9527,0,0.013516999781131744,0
9528,1,0.8060449957847595,1
9529,0,0.04773600026965141,0
9530,0,0.0021329999435693026,0
9531,1,0.9941549897193909,1
9532,1,0.9983620047569275,1
9533,0,0.39830800890922546,0
9534,1,0.9987599849700928,1
9535,1,0.9924479722976685,1
9536,0,0.04438399896025658,0
9537,0,0.010002000257372856,0
9538,1,0.88400799036026,1
9539,0,0.09498699754476547,0
9540,1,0.9842140078544617,1
9541,1,0.9954620003700256,1
9542,0,0.028880000114440918,0
9543,1,0.9818919897079468,1
9544,1,0.9963200092315674,1
9545,1,0.9841939806938171,1
9546,0,0.0014329999685287476,0
9547,1,0.971996009349823,1
9548,1,0.9938849806785583,1
9549,1,0.9938570261001587,1
9550,1,0.955124020576477,1
9551,1,0.9749760031700134,1
9552,0,0.011939999647438526,0
9553,1,0.9312300086021423,1
9554,0,0.0009280000231228769,0
9555,1,0.9922829866409302,1
9556,0,0.2632730007171631,0
9557,1,0.998216986656189,1
9558,1,0.9914100170135498,1
9559,0,0.06066500023007393,0
9560,0,0.10537900030612946,0
9561,1,0.988959014415741,1
9562,0,0.00020500000391621143,0
9563,1,0.980476975440979,1
9564,0,0.47019198536872864,0
9565,0,0.022235000506043434,0
9566,1,0.998045027256012,1
9567,1,0.9612579941749573,1
9568,1,0.9989629983901978,1
9569,1,0.9970750212669373,1
9570,1,0.9974409937858582,1
9571,0,0.0029380000196397305,0
9572,0,0.01028599962592125,0
9573,1,0.997651994228363,1
9574,0,0.00897200033068657,0
9575,0,0.0047889999113976955,0
9576,0,0.1336580067873001,0
9577,1,0.9931859970092773,1
9578,0,0.10558599978685379,0
9579,0,0.0008430000161752105,0
9580,1,0.99692702293396,1
9581,0,0.06128000095486641,0
9582,0,0.08815400302410126,0
9583,1,0.9974719882011414,1
9584,1,0.9991809725761414,1
9585,1,0.9706540107727051,1
9586,0,0.003774000098928809,0
9587,1,0.9856320023536682,1
9588,0,0.06541299819946289,0
9589,1,0.45624399185180664,0
9590,1,0.12582799792289734,0
9591,0,0.05347499996423721,0
9592,1,0.921904981136322,1
9593,1,0.9951149821281433,1
9594,1,0.9599810242652893,1
9595,1,0.9964380264282227,1
9596,1,0.1930059939622879,0
9597,0,0.0018230000277981162,0
9598,1,0.8512740135192871,1
9599,0,0.030737999826669693,0
9600,0,0.00056900002527982,0
9601,0,0.013442999683320522,0
9602,1,0.9182689785957336,1
9603,0,0.09745500236749649,0
9604,0,0.034800998866558075,0
9605,0,0.08133900165557861,0
9606,0,0.11877799779176712,0
9607,0,0.26667100191116333,0
9608,1,0.9807929992675781,1
9609,0,0.03138500079512596,0
9610,1,0.9933909773826599,1
9611,0,0.006616999860852957,0
9612,1,0.9765589833259583,1
9613,0,0.010799000039696693,0
9614,1,0.9850879907608032,1
9615,0,0.011597000062465668,0
9616,0,0.0013699999544769526,0
9617,0,0.5245779752731323,1
9618,0,0.0014489999739453197,0
9619,1,0.9695990085601807,1
9620,0,0.0018939999863505363,0
9621,1,0.9242330193519592,1
9622,1,0.6944429874420166,1
9623,1,0.9966480135917664,1
9624,1,0.9674959778785706,1
9625,1,0.7284740209579468,1
9626,0,0.04428499937057495,0
9627,1,0.998386025428772,1
9628,0,0.0027970001101493835,0
9629,1,0.9996510148048401,1
9630,1,0.9988139867782593,1
9631,0,0.02781200036406517,0
9632,1,0.9972190260887146,1
9633,0,0.004296000115573406,0
9634,1,0.9983220100402832,1
9635,1,0.993349015712738,1
9636,0,0.002919000107795,0
9637,1,0.9980769753456116,1
9638,1,0.6668000221252441,1
9639,0,0.6187220215797424,1
9640,0,0.02274000085890293,0
9641,1,0.996740996837616,1
9642,1,0.978410005569458,1
9643,0,0.05769500136375427,0
9644,0,0.13023599982261658,0
9645,0,0.05071600154042244,0
9646,1,0.824633002281189,1
9647,1,0.001491999952122569,0
9648,1,0.9996960163116455,1
9649,1,0.9994360208511353,1
9650,1,0.1598149985074997,0
9651,0,0.006434999871999025,0
9652,1,0.922989010810852,1
9653,0,0.04073899984359741,0
9654,0,0.9455789923667908,1
9655,1,0.9954019784927368,1
9656,1,0.5585960149765015,1
9657,0,0.14150699973106384,0
9658,0,0.0014750000555068254,0
9659,0,0.25249800086021423,0
9660,0,0.006823000032454729,0
9661,0,0.0017989999614655972,0
9662,1,0.9748139977455139,1
9663,1,0.9996659755706787,1
9664,0,0.0016769999638199806,0
9665,0,0.1436309963464737,0
9666,1,0.9830340147018433,1
9667,0,0.009932000190019608,0
9668,1,0.9943959712982178,1
9669,1,0.9211090207099915,1
9670,0,0.007861999794840813,0
9671,1,0.4837470054626465,0
9672,1,0.9947739839553833,1
9673,1,0.8020380139350891,1
9674,1,0.9943050146102905,1
9675,1,0.31754499673843384,0
9676,0,0.015325999818742275,0
9677,1,0.52708899974823,1
9678,0,0.002454000059515238,0
9679,0,0.0001849999971454963,0
9680,1,0.9987390041351318,1
9681,0,0.014529000036418438,0
9682,1,0.9963819980621338,1
9683,0,0.09556300193071365,0
9684,1,0.9545779824256897,1
9685,1,0.9987109899520874,1
9686,0,0.7847859859466553,1
9687,1,0.9218590259552002,1
9688,0,0.006984999869018793,0
9689,0,0.008345999754965305,0
9690,1,0.7609410285949707,1
9691,0,0.004360000137239695,0
9692,1,0.9979079961776733,1
9693,0,0.0038620000705122948,0
9694,1,0.7024719715118408,1
9695,0,0.1127220019698143,0
9696,0,0.013505999930202961,0
9697,0,0.00535999983549118,0
9698,1,0.9975540041923523,1
9699,0,0.01089600007981062,0
9700,0,0.002460000105202198,0
9701,1,0.9643570184707642,1
9702,1,0.9939860105514526,1
9703,0,0.0023240000009536743,0
9704,1,0.9949679970741272,1
9705,0,0.012892000377178192,0
9706,0,0.0015539999585598707,0
9707,0,0.014791999943554401,0
9708,1,0.1390099972486496,0
9709,0,0.032099999487400055,0
9710,1,0.9938840270042419,1
9711,1,0.999206006526947,1
9712,0,0.0166849996894598,0
9713,1,0.9765809774398804,1
9714,1,0.9663090109825134,1
9715,1,0.996392011642456,1
9716,1,0.9809030294418335,1
9717,0,0.004755000118166208,0
9718,1,0.9954720139503479,1
9719,0,0.5178099870681763,1
9720,0,0.508105993270874,1
9721,1,0.9950129985809326,1
9722,1,0.9876239895820618,1
9723,0,0.0005590000073425472,0
9724,1,0.9922379851341248,1
9725,1,0.4505079984664917,0
9726,0,0.028780000284314156,0
9727,0,0.0181099995970726,0
9728,0,0.0037670000456273556,0
9729,1,0.9676399827003479,1
9730,1,0.9980729818344116,1
9731,0,0.03708399832248688,0
9732,0,0.01680999994277954,0
9733,0,0.004474999848753214,0
9734,0,0.032037001103162766,0
9735,0,0.06294199824333191,0
9736,0,0.7653849720954895,1
9737,0,0.006810999941080809,0
9738,1,0.9981989860534668,1
9739,1,0.991195023059845,1
9740,1,0.9540709853172302,1
9741,0,0.03453800082206726,0
9742,0,0.0034439999144524336,0
9743,0,0.003874999936670065,0
9744,0,0.006146000232547522,0
9745,1,0.9587889909744263,1
9746,1,0.9974830150604248,1
9747,0,0.06432700157165527,0
9748,0,0.011556999757885933,0
9749,1,0.9790890216827393,1
9750,1,0.9864519834518433,1
9751,1,0.9777439832687378,1
9752,0,0.12835200130939484,0
9753,1,0.9924939870834351,1
9754,0,0.06120999902486801,0
9755,1,0.880918025970459,1
9756,0,0.0035570000763982534,0
9757,0,0.046337999403476715,0
9758,0,0.003163000103086233,0
9759,0,0.005379999987781048,0
9760,1,0.05341599881649017,0
9761,1,0.9979739785194397,1
9762,1,0.05771400034427643,0
9763,0,0.0036899999249726534,0
9764,0,0.004304999951273203,0
9765,1,0.9872999787330627,1
9766,0,0.31404200196266174,0
9767,0,0.018129000440239906,0
9768,1,0.8757460117340088,1
9769,1,0.22359299659729004,0
9770,0,0.006376999896019697,0
9771,0,0.04777099937200546,0
9772,1,0.7553420066833496,1
9773,1,0.9952629804611206,1
9774,0,0.03605400025844574,0
9775,1,0.9950820207595825,1
9776,1,0.9962249994277954,1
9777,1,0.9992340207099915,1
9778,0,0.0026519999373704195,0
9779,0,0.025676999241113663,0
9780,1,0.9975590109825134,1
9781,1,0.9973589777946472,1
9782,0,0.0009580000187270343,0
9783,0,0.00030899999546818435,0
9784,0,0.16864900290966034,0
9785,0,0.045566000044345856,0
9786,0,0.0030169999226927757,0
9787,0,0.08785899728536606,0
9788,1,0.9967229962348938,1
9789,1,0.8126279711723328,1
9790,0,0.060499999672174454,0
9791,1,0.9845349788665771,1
9792,0,0.007261000107973814,0
9793,0,0.004728999920189381,0
9794,0,0.019200000911951065,0
9795,1,0.9923229813575745,1
9796,1,0.9951159954071045,1
9797,0,0.007681999821215868,0
9798,1,0.9941369891166687,1
9799,1,0.7719950079917908,1
9800,0,0.10161899775266647,0
9801,0,0.035576000809669495,0
9802,0,0.022391999140381813,0
9803,1,0.9867950081825256,1
9804,0,0.42131099104881287,0
9805,1,0.9918969869613647,1
9806,0,0.0026499999221414328,0
9807,1,0.9801669716835022,1
9808,0,0.8228970170021057,1
9809,1,0.9925289750099182,1
9810,1,0.9904670119285583,1
9811,0,0.0006089999806135893,0
9812,1,0.17918799817562103,0
9813,0,0.004889999981969595,0
9814,0,0.002466999925673008,0
9815,1,0.12580299377441406,0
9816,1,0.9930300116539001,1
9817,0,0.0022319999989122152,0
9818,0,0.0007800000021234155,0
9819,1,0.9936140179634094,1
9820,0,0.009788000024855137,0
9821,1,0.9985569715499878,1
9822,1,0.8568130135536194,1
9823,0,0.6235899925231934,1
9824,1,0.9989339709281921,1
9825,0,0.4581170082092285,0
9826,0,0.005750000011175871,0
9827,1,0.9119200110435486,1
9828,1,0.9991340041160583,1
9829,0,0.6099879741668701,1
9830,1,0.9972119927406311,1
9831,0,0.023267000913619995,0
9832,0,0.1840589940547943,0
9833,1,0.9876859784126282,1
9834,1,0.8247190117835999,1
9835,0,0.013450000435113907,0
9836,0,0.7602229714393616,1
9837,0,0.8385339975357056,1
9838,0,0.00699200015515089,0
9839,0,0.0042420001700520515,0
9840,0,0.21650199592113495,0
9841,0,0.08161299675703049,0
9842,1,0.9778199791908264,1
9843,1,0.9938099980354309,1
9844,1,0.9412779808044434,1
9845,0,0.006047000177204609,0
9846,0,0.14840200543403625,0
9847,1,0.9782800078392029,1
9848,1,0.9917359948158264,1
9849,0,0.006982000079005957,0
9850,0,0.00800000037997961,0
9851,0,0.0011269999668002129,0
9852,0,0.00355900009162724,0
9853,1,0.9943100214004517,1
9854,0,0.10190500319004059,0
9855,1,0.9917939901351929,1
9856,1,0.9987599849700928,1
9857,1,0.992592990398407,1
9858,0,0.001820000004954636,0
9859,1,0.9625470042228699,1
9860,1,0.9652969837188721,1
9861,1,0.9645479917526245,1
9862,1,0.9837149977684021,1
9863,1,0.9955220222473145,1
9864,1,0.9983909726142883,1
9865,1,0.9994189739227295,1
9866,1,0.9990299940109253,1
9867,1,0.08753299713134766,0
9868,0,0.029014000669121742,0
9869,1,0.995576024055481,1
9870,0,0.010982000268995762,0
9871,0,0.16664600372314453,0
9872,1,0.14283700287342072,0
9873,0,0.1054840013384819,0
9874,1,0.9217690229415894,1
9875,1,0.9943829774856567,1
9876,0,0.1276939958333969,0
9877,0,0.16314199566841125,0
9878,0,0.0065100002102553844,0
9879,1,0.9206330180168152,1
9880,1,0.9879930019378662,1
9881,0,0.003872999921441078,0
9882,0,0.044704001396894455,0
9883,1,0.14135399460792542,0
9884,1,0.9658290147781372,1
9885,1,0.9706429839134216,1
9886,0,0.007879000157117844,0
9887,1,0.9580979943275452,1
9888,1,0.9276840090751648,1
9889,1,0.38006898760795593,0
9890,1,0.8878070116043091,1
9891,1,0.9781230092048645,1
9892,1,0.8156459927558899,1
9893,1,0.9804229736328125,1
9894,1,0.9821670055389404,1
9895,0,0.00986700039356947,0
9896,0,0.0030320000369101763,0
9897,0,0.014298000372946262,0
9898,1,0.9945610165596008,1
9899,1,0.9858400225639343,1
9900,0,0.9903519749641418,1
9901,0,0.004253999795764685,0
9902,0,0.003384999930858612,0
9903,1,0.9834160208702087,1
9904,1,0.9955599904060364,1
9905,1,0.9927539825439453,1
9906,0,0.007710999809205532,0
9907,1,0.13472899794578552,0
9908,1,0.9856250286102295,1
9909,0,0.07565800100564957,0
9910,0,0.0031840000301599503,0
9911,1,0.985256016254425,1
9912,1,0.38433000445365906,0
9913,1,0.9789900183677673,1
9914,0,0.26970401406288147,0
9915,0,0.001446999958716333,0
9916,0,0.012382999993860722,0
9917,1,0.9969959855079651,1
9918,0,0.06958799809217453,0
9919,1,0.9968270063400269,1
9920,1,0.9979950189590454,1
9921,0,0.005357000045478344,0
9922,0,0.026034999638795853,0
9923,1,0.9757400155067444,1
9924,0,0.014468000270426273,0
9925,1,0.9642580151557922,1
9926,1,0.9880610108375549,1
9927,0,0.021886000409722328,0
9928,0,0.009425000287592411,0
9929,0,0.14098000526428223,0
9930,0,0.0039900001138448715,0
9931,0,0.04799399897456169,0
9932,1,0.9639289975166321,1
9933,0,0.002406999934464693,0
9934,1,0.9719460010528564,1
9935,0,0.010125000029802322,0
9936,1,0.9988830089569092,1
9937,1,0.9916819930076599,1
9938,1,0.9679960012435913,1
9939,1,0.8961399793624878,1
9940,0,0.003834000090137124,0
9941,0,0.02260500006377697,0
9942,1,0.9686700105667114,1
9943,0,0.0013549999566748738,0
9944,1,0.9946159720420837,1
9945,0,0.0005460000247694552,0
9946,0,0.0030930000357329845,0
9947,0,0.0004830000107176602,0
9948,0,0.24549500644207,0
9949,1,0.254613995552063,0
9950,0,0.004052000120282173,0
9951,1,0.995058000087738,1
9952,0,0.0007570000016130507,0
9953,0,0.0012540000025182962,0
9954,0,0.36983099579811096,0
9955,1,0.9916700124740601,1
9956,0,0.17337800562381744,0
9957,0,0.5307250022888184,1
9958,0,0.07093100249767303,0
9959,1,0.9911069869995117,1
9960,1,0.999409019947052,1
9961,1,0.9849330186843872,1
9962,0,0.006219999864697456,0
9963,0,0.0024190000258386135,0
9964,1,0.9927610158920288,1
9965,0,0.0059380000457167625,0
9966,1,0.9872180223464966,1
9967,0,0.0034799999557435513,0
9968,0,0.004360999912023544,0
9969,1,0.8343549966812134,1
9970,0,0.027473999187350273,0
9971,0,0.07027900218963623,0
9972,1,0.992143988609314,1
9973,1,0.9976040124893188,1
9974,1,0.9990910291671753,1
9975,1,0.9984099864959717,1
9976,1,0.9990670084953308,1
9977,1,0.9922289848327637,1
9978,1,0.9949160218238831,1
9979,1,0.9754809737205505,1
9980,1,0.8313909769058228,1
9981,0,0.06921400129795074,0
9982,1,0.9957090020179749,1
9983,0,0.005241000093519688,0
9984,1,0.9847419857978821,1
9985,0,0.12558899819850922,0
9986,1,0.9830189943313599,1
9987,1,0.9987099766731262,1
9988,0,0.0044639999978244305,0
9989,0,0.011567999608814716,0
9990,0,0.27386701107025146,0
9991,0,0.048448000103235245,0
9992,0,0.0013200000394135714,0
9993,0,0.060357000678777695,0
9994,1,0.36528700590133667,0
9995,0,0.015425000339746475,0
9996,0,0.07758600264787674,0
9997,1,0.9783819913864136,1
9998,1,0.9996809959411621,1
9999,1,0.9966740012168884,1
